Nome,Marca,EAN,Preço,Preço com desconto,Valor do desconto,Porcentagem de desconto
Amoxicilina 500mg com 21 Cápsulas - Cimed,CIMED,7896523208107,26.49,18.68,7.809999999999999,29.5
Amoxicilina 250mg Suspensão de Uso Oral 150ml - Cimed,CIMED,7896523208473,26.49,24.77,1.7199999999999989,6.5
Azitromicina 500mg com 5 Comprimidos - Cimed,CIMED,7896523226811,41.89,7.61,34.28,81.8
Levofloxacino 500mg com 10 Comprimidos - Cimed,CIMED,7896523213415,108.39,9.11,99.28,91.6
Valsartana 160mg com 30 Comprimidos - Cimed,CIMED,7896523200118,60.58,28.43,32.15,53.1
Mesilato de Doxazosina 2mg com 30 Comprimidos - Cimed,CIMED,7896523227108,32.45,8.06,24.39,75.2
Omeprazol 20mg 56 cápsulas - Cimed,CIMED,7896523227191,38.49,5.99,32.5,84.4
Glimepirida 4mg com 30 Comprimidos - Cimed,CIMED,7896523210940,48.69,6.37,42.32,86.9
Cloridrato de Fluoxetina 20mg com 28 Cápsulas - Cimed,CIMED,7896523227122,49.09,5.15,43.940000000000005,89.5
Maleato de Enalapril 10mg com 30 Comprimidos - Cimed,CIMED,7896523210759,18.99,3.67,15.319999999999999,80.7
Cetoconazol + Diproprianato de Betametasona + Sulfato de Neomicina Creme 30g - Cimed,CIMED,7896523208855,26.39,7.06,19.330000000000002,73.2
Glibenclamida 5mg com 30 Comprimidos - Cimed,CIMED,7896523213989,14.49,1.69,12.8,88.3
Narix Spray - 50ml,CIMED,7896523222783,10.9,8.44,2.460000000000001,22.6
Lavitan Testo Femme com 30 Comprimidos - Cimed,CIMED,7897947601253,29.99,16.18,13.809999999999999,46.0
Probenxil 50mg c/20 cpr,CIMED,7896523201641,9.82,4.79,5.03,51.2
Cimelide 100mg com 12 Comprimidos - Cimed,CIMED,7896523206110,26.89,6.46,20.43,76.0
Pomada Pasta D'água - Cimed - 100g,CIMED,7896523219691,26.64,15.93,10.71,40.2
Sinvastatina 40mg com 30 Comprimidos - Cimed,CIMED,7896523215273,57.83,9.4,48.43,83.7
Esomeprazol Magnésio 20mg com 28 Comprimidos - Cimed,CIMED,7896523201368,115.49,32.45,83.03999999999999,71.9
Domperidona 10mg com 60 Comprimidos - Cimed,CIMED,7896523201061,36.52,9.75,26.770000000000003,73.3
Valsartana 80mg com 30 Comprimidos - Cimed,CIMED,7896523200002,57.91,17.71,40.199999999999996,69.4
Bromoprida Gotas 20ml - Cimed,CIMED,7896523226859,20.86,4.01,16.85,80.8
Mirtazapina 30mg com 30 Comprimidos - Cimed,CIMED,7896523200286,141.24,44.37,96.87,68.6
Pantoprazol 20mg com 28 Comprimidos - Cimed,CIMED,7896523214351,61.09,4.68,56.410000000000004,92.3
Cloridrato de Fexofenadina 60mg com 10 Comprimidos - Cimed,CIMED,7896523220239,25.59,16.49,9.100000000000001,35.6
Cetoconazol Shampoo 100ml - Cimed,CIMED,7896523208022,30.59,13.75,16.84,55.1
"Levonorgestrel 1,5mg com 1 Comprimidos - Cimed",CIMED,7896523200361,15.25,2.38,12.870000000000001,84.4
Simeticona 125mg 10 Cápsulas - Cimed,CIMED,7896523226675,15.24,3.56,11.68,76.6
Maleato Dexclorfeniramina + Betametasona 120ml - Cimed,CIMED,7896523207988,23.05,10.99,12.06,52.3
Diclofenaco Potássico 50mg com 20 Comprimidos - Cimed,CIMED,7896523214092,14.49,3.4,11.09,76.5
Cloridrato de Fexofenadina 180mg com 10 Comprimidos - Cimed,CIMED,7898075317863,72.99,16.45,56.53999999999999,77.5
Nitrato de Miconazol Creme - 28g,CIMED,7896523201399,19.59,7.63,11.96,61.1
Atorvastatina Cálcica 10mg com 30 Comprimidos - Cimed,CIMED,7898075315395,64.69,10.33,54.36,84.0
Fosfato Sódico de Prednisolona 3mg 60ml - Cimed,CIMED,7896523226873,17.59,14.38,3.209999999999999,18.2
Tadalafila 20mg com 4 Comprimidos - Cimed,CIMED,7896523227443,86.49,4.04,82.44999999999999,95.3
"Nevralpro 11,6mg/g Gel Bisnaga com 60g - Cimed",CIMED,7896523228563,20.59,6.99,13.6,66.1
Ressaliv com Gás Lata Sabor Citrus - 269ml,CIMED,7897947617759,10.49,10.49,0.0,0.0
Ressaliv com Gás Lata Sabor Tangerina - 269ml,CIMED,7897947617766,10.49,10.49,0.0,0.0
Magnazia com 20 Comprimidos Mastigáveis - Cimed,CIMED,7898075318235,16.96,15.57,1.3900000000000006,8.2
Xantimed com 30 Comprimidos - Cimed,CIMED,7897947601802,10.99,10.99,0.0,0.0
Vitamina D 7.000UI com 8 Comprimidos - Cimed,CIMED,7896523200385,18.9,9.9,8.999999999999998,47.6
Alergomine 2mg com 20 Comprimidos - Cimed,CIMED,7896523201870,19.19,17.01,2.1799999999999997,11.4
Lavitan Creatina com 100 Cápsulas - Cimed,CIMED,7897947616769,66.29,66.29,0.0,0.0
"Lavitan Mass Sabor Chocolate - 2,560kg",CIMED,7897947617100,90.99,90.99,0.0,0.0
Lavitan BCAA com 100 Cápsulas - Cimed,CIMED,7897947616776,45.49,45.49,0.0,0.0
Lavitan L-Glutamina - 120g,CIMED,7897947616783,40.29,40.29,0.0,0.0
Paracetamol 750mg 20 comprimidos - Cimed Genérico,CIMED,7896523201726,6.25,5.49,0.7599999999999998,12.2
Ressaliv Sabor Abacaxi - 10ml,CIMED,7897947617490,1.5,1.5,0.0,0.0
DERMAFEME CALM SAB FR 100ML,CIMED,7897947601437,27.73,25.1,2.629999999999999,9.5
MILIMETRIC GEL DE LIMPEZA BG 100G,CIMED,7897947616806,32.9,32.9,0.0,0.0
Suplemento Vitamínico Lavitan Sênior 50+ com 60 comprimidos - Cimed,CIMED,7897947600928,32.9,32.9,0.0,0.0
Kit Lavitan Patati Patata com Leve 3 Pague 2 - Cimed,CIMED,7897947617452,53.49,44.79,8.700000000000003,16.3
Succinato de Metoprolol 25mg com 30 Comprimidos - Cimed,CIMED,7896523201528,29.39,18.66,10.73,36.5
Succinato de Metropolol 50mg com 30 Ccomprimidos - Cimed,CIMED,7896523201535,56.39,19.19,37.2,66.0
Vitamina D 50.000UI com 8 Comprimidos - Cimed,CIMED,7896523200453,126.49,22.9,103.59,81.9
Dipirona Sódica 1g com 10 Comprimidos - Cimed,CIMED,7896523201887,25.39,8.99,16.4,64.6
Vitamina D 50.000UI com 4 Comprimidos - Cimed,CIMED,7896523200446,35.9,11.79,24.11,67.2
Lavitan Colágeno Verisol + Ácido Hialurônico em Pó 300g - Cimed,CIMED,7897947601871,99.9,87.21,12.690000000000012,12.7
Ressaliv Pré com 10 Comprimidos - Cimed,CIMED,7897947601895,5.9,5.9,0.0,0.0
Lavitan Cranberry com 30 Cápsulas - Cimed,CIMED,7897947601871,32.99,32.19,0.8000000000000043,2.4
Atorvastatina Cálcica 20mg com 30 Comprimidos - Cimed,CIMED,7896523201085,64.69,15.18,49.51,76.5
Domperidona 10mg com 30 Comprimidos - Cimed,CIMED,7896523201054,20.25,7.09,13.16,65.0
Cloridrato de Sertralina 100mg com 30 Comprimidos - Cimed,CIMED,7896523201764,178.35,16.67,161.68,90.7
Dexmine Xarope 120ml - Cimed,CIMED,7896523206714,32.09,13.81,18.28,57.0
Hidratante Labial Carmed Fini Beijos - 10g,CIMED,7897947601857,29.9,23.9,6.0,20.1
Hidratante Labial Carmed Fini Dentadura - 10g,CIMED,7897947601864,29.9,23.9,6.0,20.1
Hidratante Labial Carmed Fini Banana - 10g,CIMED,7897947601840,29.9,23.9,6.0,20.1
Maleato de Dexclorfeniramina 2mg com 20 Comprimidos - Cimed,CIMED,7896523201863,14.78,4.19,10.59,71.7
Oxalato de Escitalopram 20mg com 30 Comprimidos - Cimed,CIMED,7896523200972,86.59,14.11,72.48,83.7
Esomeprazol Magnésio 40mg com 28 Comprimidos - Cimed,CIMED,7896523201382,241.59,54.29,187.3,77.5
Creme de Arnica Cimed - 60g,CIMED,7897947603783,13.65,12.6,1.0500000000000007,7.7
Leite de Magnésia Suspensão Oral Hortelã 120ml - Cimed,CIMED,7896523201450,9.9,7.69,2.21,22.3
"Xarope Cimetosse 13,33mg 120ml - Cimed",CIMED,7896523228150,18.9,17.55,1.3499999999999979,7.1
Succinato de Metoprolol 100mg com 30 Comprimidos - Cimed,CIMED,7896523201542,76.79,29.76,47.03,61.2
Fumarato de Quetiapina 25mg com 30 Comprimidos - Cimed,CIMED,7896523200996,84.29,6.52,77.77000000000001,92.3
Leite de Magnésia Suspensão Oral 120ml - Cimed,CIMED,7896523201436,9.9,7.45,2.45,24.7
Aceviton Imunidade 200mg Sabor Caramelo com 20ml - Cimed,CIMED,7897947600553,10.49,7.33,3.16,30.1
Aceclofenaco 100mg com 12 Comprimidos - Cimed,CIMED,7896523227092,41.87,9.92,31.949999999999996,76.3
"Lavitan Melatonina 0,21mg com 90 Comprimidos Sabor Maracujá - Cimed",CIMED,7897947601161,27.9,23.55,4.349999999999998,15.6
Lavitan A-Z Mulher com 30 Comprimidos - Cimed,CIMED,7897947601703,19.9,14.56,5.339999999999998,26.8
Lavitan Melatonina Morango com 30 Comprimidos - Cimed,CIMED,7897947601512,15.9,12.99,2.91,18.3
Lavitan A-Z Original com 30 Comprimidos - Cimed,CIMED,7897947601697,19.9,14.53,5.369999999999999,27.0
"Lavitan Melatonina Maracujá 0,21mg com 30 Compimidos - Cimed",CIMED,7897947601505,15.9,14.27,1.6300000000000008,10.3
"Lavitan Melatonina 0,21mg com 90 Comprimidos Sabor Morango - Cimed",CIMED,7897947601147,27.9,23.62,4.279999999999998,15.3
Valsartana 320mg com 30 Comprimidos - Cimed,CIMED,7896523200101,68.33,42.31,26.019999999999996,38.1
Lavitan Cabelos e Barba com 60 Cápsulas - Cimed,CIMED,7897947614758,29.9,23.79,6.109999999999999,20.4
K-Med Fire and Ice Gel 40g com 2 Unidades - Cimed,CIMED,7896523223674,40.27,33.36,6.910000000000004,17.2
Lavitan Ômega 3 Mais com 90 Cápsulas - Cimed,CIMED,7897947612600,58.99,32.99,26.0,44.1
Lavitan Viron Marca Peruana com 60 Cápsulas - Cimed,CIMED,7897947601048,33.9,30.42,3.479999999999997,10.3
Lavitan Melatonina Morango com 150 Comprimidos Mastigáveis - Cimed,CIMED,7897947601154,32.9,28.54,4.359999999999999,13.3
Voxx Pré Treino com10 Comprimidos Efervecentes - Cimed,CIMED,7897947600997,32.49,24.99,7.5000000000000036,23.1
Lavitan X Bio Complex com 30 Comprimidos - Cimed,CIMED,7897947601079,99.9,54.9,45.00000000000001,45.0
Aceviton 1g com 10 Comprimidos Efervescentes - Cimed,CIMED,7897947616271,10.99,7.31,3.6800000000000006,33.5
Sosseg 260mg c/20 cpr,CIMED,7896523227412,20.69,11.77,8.920000000000002,43.1
Magnazia Pastilha - 30 Unidades,CIMED,7898075310192,21.2,16.04,5.16,24.3
Omeprazol 20mg com 28 Cápsulas - Cimed,CIMED,7896523227184,26.69,5.22,21.470000000000002,80.4
Magnazia Pastilha - 10 Unidades,CIMED,7898075310048,5.83,4.7,1.13,19.4
Aceviton Imunidade com 60 Comprimidos Mastigáveis - Cimed,CIMED,7897947600836,29.77,19.04,10.73,36.0
Acnezil masc facial p/cravos sache 8g,CIMED,7897947616240,8.97,5.67,3.3000000000000007,36.8
Cimegripe Rub - 30g,CIMED,7897947600065,25.87,17.9,7.970000000000002,30.8
Lavitan Vitamina - D 30ml - Cimed,CIMED,7897947600775,21.9,17.98,3.919999999999998,17.9
Lavitan Tônico Tradicional com 400ml - Cimed,CIMED,7897947600737,18.99,14.6,4.389999999999999,23.1
Aceviton 1g com 30 Comprimidos Efervescentes - Cimed,CIMED,7897947616288,38.87,20.59,18.279999999999998,47.0
Paracetamol Gotas 15ml - Cimed,CIMED,7896523201467,12.29,3.83,8.459999999999999,68.8
Aceviton Zinco Sabor Laranja com 10 Comprimidos Efervescentes - Cimed,CIMED,7897947616325,18.9,9.9,8.999999999999998,47.6
Ciflogex Pastilha Sabor Cereja com 12 Unidades - Cimed,CIMED,7896523216461,21.39,16.9,4.490000000000002,21.0
Ciflogex Colutório Spray com 30ml - Cimed,CIMED,7896523206288,30.49,13.02,17.47,57.3
Sedamed c/10 cpr  (cart cx c/100),CIMED,7896523224411,12.95,2.99,9.959999999999999,76.9
Lavitan A-Z Mulher com 60 Comprimidos - Cimed,CIMED,7897947606500,29.9,19.62,10.279999999999998,34.4
Tadalafila 5mg com 30 Comprimidos - Cimed,CIMED,7896523227450,138.94,8.44,130.5,93.9
Pomada Sulfato de Neomicina + Bacitracina Zíncica 15g - Cimed,CIMED,7896523209142,11.79,5.08,6.709999999999999,56.9
Nimesulida Gotas 15ml - Cimed,CIMED,7896523211268,24.86,6.37,18.49,74.4
Finasterida 5mg com 30 Comprimidos - Cimed,CIMED,7896523227559,115.89,18.64,97.25,83.9
Aciclovir 200mg com 30 Comprimidos - Cimed,CIMED,7896523216621,112.89,15.52,97.37,86.3
Óleo Mineral 100% - Cimed - 100ml,CIMED,7896523224435,19.9,10.91,8.989999999999998,45.2
Cetoconazol 200mg com 10 Comprimidos - Cimed,CIMED,7896523210728,30.04,7.54,22.5,74.9
Hemofiss Pomada - 30g,CIMED,7896523213828,26.9,17.62,9.279999999999998,34.5
Frenotosse Xarope Mel - 120ml,CIMED,7896523207407,23.59,9.99,13.6,57.7
Probenxil Gel - 60g,CIMED,7896523201627,20.59,7.54,13.05,63.4
Aceviton Zinco Laranja com 30 Comprimidos Efervescentes - Cimed,CIMED,7897947616332,44.9,27.26,17.639999999999997,39.3
Fexx 180mg com 10 comprimidos - Cimed,CIMED,7898075317955,76.27,19.18,57.089999999999996,74.9
Loratamed D Xarope com 60ml - Cimed,CIMED,7896523200491,26.34,16.62,9.719999999999999,36.9
Fexx 120mg com 10 Comprimidos - Cimed,CIMED,7898075317962,53.56,19.17,34.39,64.2
MassageOne Gel - 60g,CIMED,7897947611405,24.9,11.54,13.36,53.7
Lavitan Cabelos e Unhas com 60 Cápsulas - Cimed,CIMED,7897947612891,39.9,22.94,16.959999999999997,42.5
Lavitan A-Z Original com 60 Comprimidos - Cimed,CIMED,7897947606517,29.9,19.31,10.59,35.4
Lavitan Memória com 60 Comprimidos - Cimed,CIMED,7897947612358,39.9,23.34,16.56,41.5
Lavitan Cálcio D3 com 60 Comprimidos - Cimed,CIMED,7896523200453,29.9,21.31,8.59,28.7
Magnazia Suspensão de Uso Oral - 240ml,CIMED,7898075311854,25.9,15.07,10.829999999999998,41.8
Hedera Xarope Sabor Cereja 7mg - 100ml,CIMED,7896523200057,45.63,13.68,31.950000000000003,70.0
Lavitan Infantil Tutti-Frutti com 60 Comprimidos Mastigáveis - Cimed,CIMED,7897947614338,39.9,24.51,15.389999999999997,38.6
Lavitan Infantil Xarope Sabor Laranja com 240ml - Cimed,CIMED,7897947611764,39.9,24.18,15.719999999999999,39.4
Lavitan Infantil com 60 Comprimidos - Cimed,CIMED,7897947601499,39.9,24.82,15.079999999999998,37.8
Lavitan Infantil Xarope Sabor Tutti-frutti com 240ml - Cimed,CIMED,7897947614673,39.9,21.62,18.279999999999998,45.8
Sedamed 30mg + 300mg + 30mg - 20 Comprimidos,CIMED,7896523209173,26.89,6.99,19.9,74.0
Sedamed c/4 cpr,CIMED,7896523200354,4.69,0.99,3.7,78.9
Waryz 450/50mg c/60 cpr,CIMED,7896523200248,134.69,46.12,88.57,65.8
Colujet Pasta com 10g - Cimed,CIMED,7896523210858,16.6,9.79,6.810000000000002,41.0
Alergomine Xarope - 120ml,CIMED,7896523209425,19.19,17.01,2.1799999999999997,11.4
"Diad 1,5mg com 1 Comprimidos - Cimed",CIMED,7896523216812,22.19,3.99,18.200000000000003,82.0
Lavitan Cdz Mais Imunidade com 16 Comprimidos Efervescentes - Cimed,CIMED,7897947600409,45.37,22.18,23.189999999999998,51.1
Dimetigass Gotas - 15ml,CIMED,7896523212524,8.25,4.37,3.88,47.0
Ibuprofeno Gotas 100mg 20ml - Cimed,CIMED,7896523227566,19.69,9.99,9.700000000000001,49.3
Acebrofilina Xarope Adulto 120ml - Cimed,CIMED,7896523209111,37.09,17.74,19.350000000000005,52.2
Ambroxmel Xarope Adulto com 120ml - Cimed,CIMED,7896523207681,26.49,17.68,8.809999999999999,33.3
Ambroxmel Xarope Pediátrico - 120ml,CIMED,7896523207667,24.99,14.36,10.629999999999999,42.5
Cimegripe 400mg + 4mg + 4mg com 20 Cápsulas - Cimed,CIMED,7896523200576,27.89,12.99,14.9,53.4
Cimegripe em Gotas com 20ml - Cimed,CIMED,7896523206295,24.29,10.9,13.389999999999999,55.1
Ciflogex Pastilha Sabor Menta-Limão com 12 Unidades - Cimed,CIMED,7896523216447,21.39,16.9,4.490000000000002,21.0
Ciflogex Colutório Spray Sabor Mel com 30ml - Cimed,CIMED,7896523206271,30.49,13.55,16.939999999999998,55.6
Ciflogex Pastilha Sabor Menta-Limão Diet com 12 Unidades - Cimed,CIMED,7896523206806,23.79,17.33,6.460000000000001,27.2
Ciflogex Pastilha Sabor Mel-Limão com 12 Unidades - Cimed,CIMED,7896523216478,21.39,16.9,4.490000000000002,21.0
Ciflogex Pastilha Sabor Laranja com 12 Unidades - Cimed,CIMED,7896523216454,21.39,16.9,4.490000000000002,21.0
Ginkomed 80mg c/30 cpr,CIMED,7896523206479,32.69,20.4,12.29,37.6
Teste de Gravidez Gravtest Easy - Cimed,CIMED,7898075310383,27.16,3.96,23.2,85.4
Hidrat 10% loc 150ml,CIMED,7897947603950,36.84,31.71,5.130000000000003,13.9
Lidopass Pomada com 25g - Cimed,CIMED,7898075310901,22.26,10.17,12.090000000000002,54.3
Loratamed 10mg com 12 comprimidos - Cimed,CIMED,7896523202822,21.19,4.89,16.3,76.9
Loratamed Xarope com 100ml - Cimed,CIMED,7896523202204,26.29,14.78,11.51,43.8
Narix Solução de Uso Nasal - 30ml,CIMED,7896523202600,9.89,3.49,6.4,64.7
Valerimed 50mg com 20 Comprimidos - Cimed,CIMED,7896523206547,25.89,12.84,13.05,50.4
Acebrofilina Xarope Pediátrico120ml - Cimed,CIMED,7896523209128,24.28,16.45,7.830000000000002,32.2
Captopril 25mg com 30 Comprimidos - Cimed,CIMED,7896523209845,13.89,1.81,12.08,87.0
Cloridrato de Ambroxol Xarope Adulto 120ml - Cimed,CIMED,7896523207636,26.73,10.62,16.11,60.3
Hepamed Sabor Abacaxi com 10ml - Cimed,CIMED,7897947613614,2.0,1.2,0.8,40.0
Kuramed Sept - 30ml,CIMED,7896523214252,15.54,9.02,6.52,42.0
Nevralgex com 10 Comprimidos - Cimed,CIMED,7896523224459,7.37,4.25,3.12,42.3
Frusalt Pó Efervescente com 100g - Cimed,CIMED,7896523219608,26.73,17.22,9.510000000000002,35.6
Frusalt po efev sache c/5g,CIMED,7896523219646,1.39,1.01,0.3799999999999999,27.3
Alergomine Creme com 30g - Cimed,CIMED,7896523209715,15.52,12.9,2.619999999999999,16.9
Nitrato de Miconazol Loção - 30ml,CIMED,7896523227627,17.59,7.15,10.44,59.4
Kit Redúbio Shake Baunilha Chocolate e Morango com 630g - Cimed,CIMED,7897947616196,51.58,38.49,13.089999999999996,25.4
Maleato de Enalapril 20mg com 30 Comprimidos - Cimed,CIMED,7896523210773,34.29,4.3,29.99,87.5
Hedera Xarop 7mg com 100ml - Cimed,CIMED,7896523223193,43.62,13.81,29.809999999999995,68.3
Atorvastatina Cálcica 40mg com 30 Comprimidos - Cimed,CIMED,7896523201078,117.36,21.92,95.44,81.3
Diclofenaco Dietilamônio 60g - Cimed,CIMED,7896523207803,18.39,6.99,11.4,62.0
Diclofenaco Resinato Gotas 20ml - Cimed,CIMED,7896523211855,18.09,4.97,13.120000000000001,72.5
Cloridrato de Ciclobenzaprina 10mg com 30 Comprimidos - Cimed,CIMED,7896523214658,27.29,7.6,19.689999999999998,72.2
Mesilato de Doxazosina 4mg com 30 Comprimidos - Cimed,CIMED,7896523227115,64.21,17.87,46.33999999999999,72.2
Anlodipino 10mg com 30 Comprimidos - Cimed,CIMED,7896523213590,35.59,3.38,32.21,90.5
Cloridrato de Fexofenadina 120mg com 10 Comprimidos - Cimed,CIMED,7896523220291,44.19,15.14,29.049999999999997,65.7
Pomada Maleato de Dexclorfeniramina com 30g - Cimed,CIMED,7898075310000,13.45,7.52,5.93,44.1
Aciclovir Creme 10g - Cimed,CIMED,7897947617063,28.99,4.45,24.54,84.6
Loratadina Cimed 10mg com 12 Comprimidos - Cimed,CIMED,7896523227573,20.19,3.15,17.040000000000003,84.4
Rosuvastatina Cálcica 20mg com 30 Comprimidos - Cimed,CIMED,7896523226774,228.39,16.0,212.39,93.0
Simeticona Gotas - 15ml,CIMED,7896523212319,11.24,3.02,8.22,73.1
Glimepirida 2mg com 30 Comprimidos - Cimed,CIMED,7896523210926,33.09,5.1,27.990000000000002,84.6
Hemofiss pom 30g c/10 aplic,CIMED,7896523200606,42.69,23.45,19.24,45.1
Sigma-Clav BD 400mg Suspensão 70ml - Sigma Pharma,SIGMA PHARMA RX,7894916501477,63.61,54.7,8.909999999999997,14.0
Ceclor 250mg 100ml - Sigma Pharma,SIGMA PHARMA RX,7894916505130,120.51,93.35,27.16000000000001,22.5
Ceclor Líquido 375mg 100ml - Sigma Pharma,SIGMA PHARMA RX,7894916505147,163.69,126.94,36.75,22.5
Azi Comprimido 1000mg com 1 Comprimido - Sigma Pharma,SIGMA PHARMA RX,7894916500586,42.22,39.69,2.530000000000001,6.0
Azi Suspensão Oral 600mg + Flaconete Diluente - Sigma Pharma,SIGMA PHARMA RX,7894916503358,34.51,32.44,2.0700000000000003,6.0
Azi Suapensão Oral 900mg com Flaconete de 12ml de Diluent - Sigma Pharma,SIGMA PHARMA RX,7894916500593,69.12,64.97,4.150000000000006,6.0
Azi Ssupensão Oral 1500 200/5ml - Sigma Pharma,SIGMA PHARMA RX,7894916500609,78.65,73.93,4.719999999999999,6.0
Proflox 500mg com10 Comprimidos - Sigma Pharma,SIGMA PHARMA RX,7894916502320,43.45,40.84,2.6099999999999994,6.0
Sigma-Clav BD 875/125mg com 14 Comprimidos - Sigma Pharma,SIGMA PHARMA RX,7894916503198,102.0,87.72,14.280000000000001,14.0
Proflox 500mg com 14 Comprimidos - Sigma Pharma,SIGMA PHARMA RX,7894916501927,49.68,46.7,2.979999999999997,6.0
Ceclor BD 750mg com 14 Comprimidos - Sigma Pharma,SIGMA PHARMA RX,7894916503914,221.49,176.34,45.150000000000006,20.4
Sigma-Clav BD 875/125mg com 20 Comprimidos - Sigma Pharma,SIGMA PHARMA RX,7894916508537,124.6,107.16,17.439999999999998,14.0
Esogastro IBP 500/500/20mg 28 + 14 + 42 Comprimidos - Sigma Pharma,SIGMA PHARMA RX,7894916510202,329.93,268.39,61.54000000000002,18.7
Ceclor BD 500mg com 10 Comprimidos - Sigma Pharma,SIGMA PHARMA RX,7894916505673,105.38,90.63,14.75,14.0
Esogastro IBP 500mg com 14 Blister + 14 Comprimidos - Sigma Pharma,SIGMA PHARMA RX,7894916512558,445.75,346.2,99.55000000000001,22.3
Clabat 500mg com 20 Comprimidos - Sigma Pharma,SIGMA PHARMA RX,7894916515337,190.21,163.58,26.629999999999995,14.0
Esomex 20mg com 56 Comprimidos - Sigma Pharma,SIGMA PHARMA RX,7894916514019,194.05,170.76,23.29000000000002,12.0
Miogesic Lis 5mg + 125mg com 30 Comprimidos - Sigma Pharma,SIGMA PHARMA RX,7896004789491,60.46,52.0,8.46,14.0
BRASART 160MG C/60 COMP,SIGMA PHARMA RX,7894916517805,90.33,74.92,15.409999999999997,17.1
"LEFOR 2,5MG C/30 COMP",SIGMA PHARMA RX,7896004789545,59.29,45.22,14.07,23.7
"LEFOR 5,0MG C/30 COMP",SIGMA PHARMA RX,7896004789576,115.16,87.65,27.50999999999999,23.9
"LINADIB DUO 2,5+850MG C/60 COMP",SIGMA PHARMA RX,7896004787558,162.86,132.22,30.640000000000015,18.8
Linadib 5mg com 60 Ccomprimidos - Ems,SIGMA PHARMA RX,7896004787534,291.6,233.22,58.380000000000024,20.0
Linadib 5mg com 30 Ccomprimidos - Ems,SIGMA PHARMA RX,7896004787527,162.86,131.64,31.220000000000027,19.2
Arpejo 15mg com 30 Comprimidos - Sigma Pharma,SIGMA PHARMA RX,7894916517829,317.86,228.93,88.93,28.0
Arpejo 10mg com 30 Comprimidos - Sigma Pharma,SIGMA PHARMA RX,7894916517812,183.63,140.84,42.78999999999999,23.3
Tpragesic 10mg com 30 Comprimidos - Sigma Pharma,SIGMA PHARMA RX,7894916516457,93.91,85.43,8.47999999999999,9.0
Multigrip com 4 Comprimidos - Sigma Pharma,SIGMA PHARMA RX,7896472520237,7.3,6.42,0.8799999999999999,12.1
Niki com 30 Comprimidos - Sigma Pharna,SIGMA PHARMA RX,7894916516785,81.73,69.47,12.260000000000005,15.0
Niki com 90 Comprimidos - Sigma Pharma,SIGMA PHARMA RX,7894916516808,195.95,195.95,0.0,0.0
Rohydorm 2mg com 30 Comprimidos - Sigma Pharma,SIGMA PHARMA RX,7894916516655,51.14,38.3,12.840000000000003,25.1
Patz SL 10mg com 30 Comprimidos - Sigma Pharma,SIGMA PHARMA RX,7894916515290,147.22,112.21,35.010000000000005,23.8
Xakilis 5mg com 60 Comprimidos - Sigma Pharma,SIGMA PHARMA RX,7896004785660,292.37,248.51,43.860000000000014,15.0
"Xakilis 2,5mg com 20 Comprimidos - Sigma Pharma",SIGMA PHARMA RX,7896004785639,97.02,82.47,14.549999999999997,15.0
"Xakilis 2,5mg com 60 Comprimidos - Sigma Pharma",SIGMA PHARMA RX,7896004785646,292.37,248.51,43.860000000000014,15.0
Xakilis 5mg com 20 Comprimidos - Sigma Pharma,SIGMA PHARMA RX,7896004785653,97.02,82.47,14.549999999999997,15.0
Bexai 35mg com 10 Cápsulas - Sigma Pharma,SIGMA PHARMA RX,7894916517461,75.51,64.18,11.329999999999998,15.0
Konduz 75mg com 56 Cápsulas - Sigma Pharma,SIGMA PHARMA RX,7894916516198,96.11,96.11,0.0,0.0
Rohydorm 1mg com 30 Comprimidos - Sigma Pharma,SIGMA PHARMA RX,7894916516648,28.24,21.19,7.049999999999997,25.0
Konduz 35mg com 28 Cápsulas - Sigma Pharma,SIGMA PHARMA RX,7894916515641,76.48,56.72,19.760000000000005,25.8
Vynaxa 10mg com 30 Comprimidos - Sigmas Pharma,SIGMA PHARMA RX,7894916515764,50.82,41.42,9.399999999999999,18.5
Patz SL 10mg com 20 Comprimidos - Sigma Pharma,SIGMA PHARMA RX,7894916515276,98.14,69.29,28.849999999999994,29.4
Vynaxa 20mg com 28 Comprimidos - Sigma Pharma,SIGMA PHARMA RX,7894916515825,43.8,37.23,6.57,15.0
Esomex 40mg com 56 Comprimidos - Sigma Pharma,SIGMA PHARMA RX,7896004759432,392.74,345.61,47.129999999999995,12.0
Vynaxa 15mg com 28 Comprimidos - Sigma Pharma,SIGMA PHARMA RX,7894916515795,43.8,36.7,7.099999999999994,16.2
Migraliv com 12 Comprimidos - Sigma Pharma,SIGMA PHARMA RX,7896004760995,21.57,18.33,3.240000000000002,15.0
Patz SL 5mg com 60 Comprimidos - Sigma Pharma,SIGMA PHARMA RX,7894916515979,197.22,154.28,42.94,21.8
"Artoglico Pó para Solução de Uso Oral 1,5g - Sigma Pharma",SIGMA PHARMA RX,7894916503488,153.99,110.25,43.74000000000001,28.4
Artemidis 35 com 21 Comprimidos - Sigma Pharma,SIGMA PHARMA RX,7894916502962,22.84,16.53,6.309999999999999,27.6
Clo 25mg com 20 Comprimidos - Sigma Pharma,SIGMA PHARMA RX,7894916503037,37.84,27.07,10.770000000000003,28.5
Clo 75mg com 20 Comprimidos - Sigma Pharma,SIGMA PHARMA RX,7894916503051,57.43,42.65,14.780000000000001,25.7
Clo 10mg com 20 Comprimidos - Sigma Pharma,SIGMA PHARMA RX,7894916503044,16.99,14.09,2.8999999999999986,17.1
Daforin Gotas Frasco com 20ml - Sigma Pharma,SIGMA PHARMA RX,7894916201353,69.66,51.0,18.659999999999997,26.8
Daforin 20mg com 30 Comprimidos - Sigma Pharma,SIGMA PHARMA RX,7894916203524,92.25,68.87,23.379999999999995,25.3
Deflaimmun 6mg com 20 Comprimidos - Sigma Pharma,SIGMA PHARMA RX,7894916502856,53.58,45.54,8.04,15.0
Deposteron Injetável com 3 Ampolas - Sigma Pharma,SIGMA PHARMA RX,7894916202671,278.63,217.29,61.34,22.0
Euprostatin 2mg com 30 Comprimidos - Sigma Pharma,SIGMA PHARMA RX,7894916505215,46.99,36.25,10.740000000000002,22.9
Gabaneurin 300mg com 30 Comprimidos - Sigma Pharma,SIGMA PHARMA RX,7894916503556,97.82,73.67,24.14999999999999,24.7
Gabaneurin 400mg com 30 Comprimidos - Sigma Pharma,SIGMA PHARMA RX,7894916503563,125.01,97.46,27.55000000000001,22.0
Gynazole 1 Creme Vaginal com 1 Aplicador - Sigma Pharma,SIGMA PHARMA RX,7894916501804,101.43,87.23,14.200000000000003,14.0
Indux 50mg com 10 Comprimidos - Sigma Pharma,SIGMA PHARMA RX,7894916501408,75.79,64.42,11.370000000000005,15.0
Itraspor 100mg com 4 Cápsulas - Sigma Pharma,SIGMA PHARMA RX,7894916501095,38.0,32.3,5.700000000000003,15.0
Isordil 10mg com 30 Comprimidos - Sigma Pharma,SIGMA PHARMA RX,7894916550086,13.41,9.88,3.5299999999999994,26.3
Isordil Sublingual 5mg com 30 Comprimidos - Sigma Pharma,SIGMA PHARMA RX,7894916550031,14.05,10.65,3.4000000000000004,24.2
Itraspor 100mg com 15 Cápsulas - Sigma Pharma,SIGMA PHARMA RX,7894916500777,91.19,77.51,13.679999999999993,15.0
Lanz 30mg com 28 Cápsulas - Sigma Pharma,SIGMA PHARMA RX,7894916503082,136.78,116.26,20.519999999999996,15.0
"Malena HCT 20/12,5mg com 30 Comprimidos - Sigma Pharma",SIGMA PHARMA RX,7894916503747,38.87,28.92,9.949999999999996,25.6
Micropil 30 com 21 Comprimidos - Sigma Pharma,SIGMA PHARMA RX,7894916503792,30.29,21.95,8.34,27.5
Micropil com 21 Comprimidos - Sigma Pharma,SIGMA PHARMA RX,7894916206419,40.38,29.39,10.990000000000002,27.2
Multigrip com 20 Cápsulas - Sigma Pharma,SIGMA PHARMA RX,7896472501823,28.22,24.27,3.9499999999999993,14.0
Neutrofer 500mg com 30 Comprimidos - Sigma Pharma,SIGMA PHARMA RX,7894916500272,91.66,77.91,13.75,15.0
Neutrofer 300mg com 30 Comprimidos - Sigma Pharma,SIGMA PHARMA RX,7894916500333,61.57,52.33,9.240000000000002,15.0
Neutrofer 150mg com 30 Comprimidos - Sigma Pharma,SIGMA PHARMA RX,7894916500548,35.15,29.88,5.27,15.0
Neutrofer Gotas 30ml - Sigma Pharma,SIGMA PHARMA RX,7894916500296,64.18,54.55,9.63000000000001,15.0
Neutrofer Fólico com 30 Comprimidos - Sigma Pharma,SIGMA PHARMA RX,7894916500425,46.68,39.68,7.0,15.0
Neutrofer Fólico Gotas 30ml - Sigma Pharma,SIGMA PHARMA RX,7894916501736,64.0,54.4,9.600000000000001,15.0
Osteoform 70mg com 4 Comprimidos - Sigma Pharma,SIGMA PHARMA RX,7894916501729,77.36,57.22,20.14,26.0
Penvir Labial 5g - Sigma Pharma,SIGMA PHARMA RX,7896004786858,60.61,51.52,9.089999999999996,15.0
Penvir 125mg com 10 Comprimidos - Sigma Pharma,SIGMA PHARMA RX,7894916500364,120.52,92.28,28.239999999999995,23.4
Propranolol 40mg com 30 Comprimidos - Sigma Pharma,SIGMA PHARMA RX,7894916550055,16.45,12.05,4.399999999999999,26.7
Propranolol 10mg com 30 Comprimidos - Sigma Pharma,SIGMA PHARMA RX,7894916550048,10.3,7.77,2.530000000000001,24.6
Propranolol 80mg com 30 Comprimidos - Sigma Pharma,SIGMA PHARMA RX,7894916550062,26.71,20.76,5.949999999999999,22.3
Risedross 35mg com 4 Comprimidos - Sigma Pharma,SIGMA PHARMA RX,7894916505178,77.36,57.84,19.519999999999996,25.2
Rohydorm 2mg com 20 Comprimidos - Sigma Pharma,SIGMA PHARMA RX,7894916501255,34.09,25.08,9.010000000000005,26.4
Sinvalip 20mg 30 Comprimidos - Sigma Pharma,SIGMA PHARMA RX,7894916206860,56.85,43.43,13.420000000000002,23.6
Sinvalip 10mg com 30 Comprimidos - Sigma Pharma,SIGMA PHARMA RX,7894916206853,25.63,20.2,5.43,21.2
Sinvalip 40mg 30 Comprimidos Revestidos - Sigma Pharma,SIGMA PHARMA RX,7894916206877,119.17,96.99,22.180000000000007,18.6
Somalgin Cardio 200 com 32 Comprimidos - Sigma Pharma,SIGMA PHARMA RX,7894916503419,31.51,24.31,7.200000000000003,22.8
Somalgin Cardio 325 com 32 Comprimidos - Sigma Pharma,SIGMA PHARMA RX,7894916207546,46.63,35.41,11.220000000000006,24.1
Sucrafilm 2g com 20 Flaconetes - Sigma Pharma,SIGMA PHARMA RX,7894916500746,117.36,99.76,17.599999999999994,15.0
Tenadren 40/25mg com 30 Comprimidos - Sigma Pharma,SIGMA PHARMA RX,7894916550116,15.65,11.24,4.41,28.2
"Tenadren 40/12,5mg com 30 Comprimidos - Sigma Pharma",SIGMA PHARMA RX,7894916503389,15.18,11.09,4.09,26.9
Tenadren 80/25mg com 30 Comprimidos - Sigma Pharma,SIGMA PHARMA RX,7894916550123,27.59,20.48,7.109999999999999,25.8
Toragesic 10mg com 10 Comprimidos Sublinguais - Sigma Pharma,SIGMA PHARMA RX,7894916501415,49.39,33.07,16.32,33.0
Toragesic 20mg Gotas 10ml - Sigma Pharma,SIGMA PHARMA RX,7894916501668,74.49,63.32,11.169999999999995,15.0
Tropinal com 20 Comprimidos - Sigma Pharma,SIGMA PHARMA RX,7894916208154,26.25,23.1,3.1499999999999986,12.0
Tropinal Solução 15ml - Sigma Pharma,SIGMA PHARMA RX,7894916208833,28.27,24.88,3.3900000000000006,12.0
Sucrafilm 1g com 30 Comprimidos - Sigma Pharma,SIGMA PHARMA RX,7894916500869,76.73,65.22,11.510000000000005,15.0
Brasart 160mg com 30 Comprimidos - Sigma Pharma,SIGMA PHARMA RX,7894916507936,50.15,38.2,11.949999999999996,23.8
Brasart 320mg com 30 Comprimidos - Sigma Pharma,SIGMA PHARMA RX,7894916507950,66.29,50.46,15.830000000000005,23.9
Brasart 80mg com 30 Comprimidos - Sigma Pharma,SIGMA PHARMA RX,7894916507912,52.84,40.02,12.82,24.3
Lipistat 10mg com 60 Comprimidos - Sigma Pharma,SIGMA PHARMA RX,7894916508162,159.89,119.57,40.31999999999999,25.2
Concardio 5mg com 30 Comprimidos - Sigma Pharma,SIGMA PHARMA RX,7894916508513,102.12,86.8,15.320000000000007,15.0
"Concardio 1,25mg com 30 Comprimidos - Sigma Pharma",SIGMA PHARMA RX,7894916508490,77.65,44.77,32.88,42.3
Concardio 10mg com 30 Comprimidos - Sigma Pharma,SIGMA PHARMA RX,7894916508520,123.88,105.3,18.58,15.0
"Concardio 2,5mg com 30 Comprimidos - Sigma Pharma",SIGMA PHARMA RX,7894916508506,87.7,74.55,13.150000000000006,15.0
Dalyne com 21 Comprimidos - Sigma Pharma,SIGMA PHARMA RX,7894916508988,71.42,50.03,21.39,29.9
Contracep Injetável 150mg com 1 Ampola - Sigma Pharma,SIGMA PHARMA RX,7894916502900,33.15,23.32,9.829999999999998,29.7
Lipistat 40mg com 30 Comprimidos - Sigma Pharma,SIGMA PHARMA RX,7894916507356,223.17,179.75,43.41999999999999,19.5
Bupium 150mg com 30 Comprimidos - Sigma Pharma,SIGMA PHARMA RX,7894916507981,118.89,95.4,23.489999999999995,19.8
Brasart HCT 160 + 25mg com 30 Comprimidos - Sigma Pharma,SIGMA PHARMA RX,7894916508360,104.65,78.11,26.540000000000006,25.4
"Brasart HCT 160 + 12,5mg com 30 Comprimidos - Sigma Pharma",SIGMA PHARMA RX,7894916508353,90.63,70.19,20.439999999999998,22.6
Bupium 150mg com 60 Comprimidos - Sigma Pharma,SIGMA PHARMA RX,7894916507998,190.17,149.69,40.47999999999999,21.3
Bonecal D 600mg com 60 Comprimidos - Sigma Pharma,SIGMA PHARMA RX,7894916508155,82.2,69.87,12.329999999999998,15.0
Esomex 20mg com 28 Comprimidos - Sigma Pharma,SIGMA PHARMA RX,7894916508964,154.75,131.54,23.210000000000008,15.0
Escilex 10mg com 30 Comprimidos - Sigma Pharma,SIGMA PHARMA RX,7894916507738,125.79,98.97,26.820000000000007,21.3
Esomex 40mg com 28 Comprimidos - Sigma Pharma,SIGMA PHARMA RX,7894916508971,258.77,219.95,38.81999999999999,15.0
Escilex 20mg com 30 Comprimidos - Sigma Pharma,SIGMA PHARMA RX,7894916507752,238.62,202.83,35.78999999999999,15.0
Cymbi 60mg com 30 Cápsulas - Sigma Pharma,SIGMA PHARMA RX,7894916509350,206.2,175.27,30.92999999999998,15.0
Escilex 10mg com 60 Comprimidos - Sigma Pharma,SIGMA PHARMA RX,7894916509190,201.21,155.33,45.879999999999995,22.8
Cymbi 30mg com 30 Cápsulas - Sigma Pharma,SIGMA PHARMA RX,7894916509343,109.6,93.16,16.439999999999998,15.0
Daforin 20mg com 60 Comprimidos - Sigma Pharma,SIGMA PHARMA RX,7894916509497,162.91,120.42,42.489999999999995,26.1
Patz SL 5mg com 30 Comprimidos - Sigma Pharma,SIGMA PHARMA RX,7894916512992,147.22,125.14,22.08,15.0
Toragesic 10mg com 20 Comprimidos Sublinguais - Sigma Pharma,SIGMA PHARMA RX,7894916516013,49.39,49.39,0.0,0.0
Dalyne com 63 Comprimidos - Sigma Pharma,SIGMA PHARMA RX,7894916509831,182.55,117.53,65.02000000000001,35.6
Brasart BCC 160 + 5mg com 60 Comprimidos - Sigma Pharma,SIGMA PHARMA RX,7894916510103,201.38,149.19,52.19,25.9
Brasart BCC 320 + 5mg com 30 Comprimidos - Sigma Pharma,SIGMA PHARMA RX,7894916509329,120.34,86.12,34.22,28.4
Brasart BCC 160 + 5mg com 30 Comprimidos - Sigma Pharma,SIGMA PHARMA RX,7894916509305,112.52,85.7,26.819999999999993,23.8
Risedross 35mg com 12 Comprimidos - Sigma Pharma,SIGMA PHARMA RX,7894916509541,238.18,157.5,80.68,33.9
Daforin 10mg com 20 Comprimidos - Sigma Pharma,SIGMA PHARMA RX,7894916203517,45.07,34.75,10.32,22.9
Niki com 24 Comprimidos - Sigma Pharma,SIGMA PHARMA RX,7894916510271,70.49,59.92,10.569999999999993,15.0
Brasart HCT 320 + 25mg com 30 Comprimidos - Sigma Pharma,SIGMA PHARMA RX,7894916508377,104.65,82.08,22.570000000000007,21.6
Queropax 25mg com 30 Comprimidos - Sigma Pharma,SIGMA PHARMA RX,7894916509503,86.61,68.79,17.819999999999993,20.6
"Brasart HCT 80 + 12,5mg com 30 Comprimidos - Sigma Pharma",SIGMA PHARMA RX,7894916508346,90.63,69.92,20.709999999999994,22.9
Niki com 72 Comprimidos - Sigma Pharma,SIGMA PHARMA RX,7894916510288,180.1,153.09,27.00999999999999,15.0
Escilex 15mg com 30 Comprimidos - Sigma Pharma,SIGMA PHARMA RX,7894916509626,151.67,98.3,53.36999999999999,35.2
Brasart BCC 320 + 10mg com 30 Comprimidos - Sigma Pharma,SIGMA PHARMA RX,7894916509336,132.99,109.35,23.640000000000015,17.8
Orlipid 120mg com 42 Comprimidos - Sigma Pharma,SIGMA PHARMA RX,7894916508285,237.99,202.29,35.70000000000002,15.0
Orlipid 120mg com 84 Comprimidos - Sigma Pharma,SIGMA PHARMA RX,7894916508292,380.75,323.64,57.110000000000014,15.0
Micropil com 63 Comprimidos - Sigma Pharma,SIGMA PHARMA RX,7896004754123,82.63,63.44,19.189999999999998,23.2
"Brasart HCTt 320 + 12,5mg com 30 Comprimidos - Sigma Pharma",SIGMA PHARMA RX,7894916509084,97.01,74.55,22.460000000000008,23.2
Penvir 500mg com 21 Comprimidos - Sigma Pharma,SIGMA PHARMA RX,7894916500371,676.1,543.1,133.0,19.7
Cymbi 60mg com 60 Cápsulas - Sigma Pharma,SIGMA PHARMA RX,7894916512008,349.04,296.68,52.360000000000014,15.0
Somalgin Cardio 100mg com 60 Comprimidos - Sigma Pharma,SIGMA PHARMA RX,7894916512022,49.68,36.9,12.780000000000001,25.7
Cymbi 30mg com 60 Cápsulas - Sigma Pharma,SIGMA PHARMA RX,7894916512015,185.54,157.71,27.829999999999984,15.0
Imense 100mg com 30 Comprimidos - Sigma Pharma,SIGMA PHARMA RX,7894916512442,156.45,132.98,23.47,15.0
Imense 50mg com 30 Comprimidos - Sigma Pharma,SIGMA PHARMA RX,7894916512466,142.11,120.79,21.320000000000007,15.0
"Brasart HCT 160 + 12,5mg com 90 Comprimidos - Sigma Pharma",SIGMA PHARMA RX,7894916512480,212.91,164.46,48.44999999999999,22.8
Niki com 28 Comprimidos - Sigma Pharma,SIGMA PHARMA RX,7894916510554,81.74,69.48,12.259999999999991,15.0
"Concardio 2,5mg com 100 Comprimidos - Sigma Pharma",SIGMA PHARMA RX,7894916512510,230.73,230.73,0.0,0.0
Risedross 150mg com 1 Comprimido - Sigma Pharma,SIGMA PHARMA RX,7894916512565,210.46,143.56,66.9,31.8
Impere 5mg com 30 Comprimidos - Sigma Pharma,SIGMA PHARMA RX,7894916512718,152.22,114.98,37.239999999999995,24.5
Concardio 5mg com 100 Comprimidos - Sigma Pharma,SIGMA PHARMA RX,7894916512503,252.2,252.2,0.0,0.0
Impere 10mg com 30 Comprimidos - Sigma Pharma,SIGMA PHARMA RX,7894916512725,182.45,140.71,41.73999999999998,22.9
Bupium XL 150mg com 60 Comprimidos - Sigma Pharma,SIGMA PHARMA RX,7894916513173,231.55,196.82,34.73000000000002,15.0
Bupium XL 150mg com 30 Comprimidos - Sigma Pharma,SIGMA PHARMA RX,7894916513166,144.7,123.0,21.69999999999999,15.0
Imense 100mg com 60 Comprimidos - Sigma Pharma,SIGMA PHARMA RX,7894916513029,250.29,212.75,37.53999999999999,15.0
Bramicar 80mg com 30 Comprimidos - Sigma Pharma,SIGMA PHARMA RX,7894916508940,105.05,77.13,27.92,26.6
Bramicar 40mg com 30 Comprimidos - Sigma Pharma,SIGMA PHARMA RX,7894916508933,105.05,79.28,25.769999999999996,24.5
Neovangy MR 35mg com 60 Comprimidos - Sigma Pharma,SIGMA PHARMA RX,7894916513326,140.03,103.87,36.16,25.8
Bupium XL 300mg com 60 Comprimidos - Sigma Pharma,SIGMA PHARMA RX,7894916513197,291.13,247.46,43.66999999999999,15.0
Nivux 100mg + 20mg 2BL com 12 Comprimidos - Sigma Pharma,SIGMA PHARMA RX,7894916513661,71.28,53.2,18.08,25.4
Neovangy 35mg com 30 Comprimidos - Sigma Pharma,SIGMA PHARMA RX,7894916513302,77.6,58.39,19.209999999999994,24.8
Somalgin Cardio 81 com 60 Comprimidos - Sigma Pharma,SIGMA PHARMA RX,7894916512107,32.11,23.51,8.599999999999998,26.8
Restitue 40mg com 30 Comprimidos - Sigma Pharma,SIGMA PHARMA RX,7894916512923,75.34,57.84,17.5,23.2
Koli D3 7.000UI com 10 Comprimidos - Sigma Pharma,SIGMA PHARMA RX,7894916514064,32.3,20.73,11.569999999999997,35.8
Koli D3 50.000ui com 4 Comprimidos - Sigma Pharma,SIGMA PHARMA RX,7894916512145,85.0,64.03,20.97,24.7
Koli D3 7.000ui com 30 Comprimidos - Sigma Pharma,SIGMA PHARMA RX,7894916514071,78.89,55.53,23.36,29.6
Restitue 40mg com 60 Comprimidos - Sigma Pharma,SIGMA PHARMA RX,7894916514637,126.52,104.47,22.049999999999997,17.4
Bupium XL 300mg com 30 Comprimidos - Sigma Pharma,SIGMA PHARMA RX,7894916513180,182.18,154.85,27.330000000000013,15.0
Osteoform 70mg com 8 Comprimidos - Sigma Pharma,SIGMA PHARMA RX,7894916503983,154.71,123.9,30.810000000000002,19.9
"Bramicar HCT 80/12,5mg com 60 Comprimidos - Sigma Pharma",SIGMA PHARMA RX,7894916513135,205.38,156.87,48.50999999999999,23.6
Brasart BCC 320 + 5mg com 60 Comprimidos - Sigma Pharma,SIGMA PHARMA RX,7894916509299,216.63,175.72,40.91,18.9
Enavo ODT 4mg com 10 Comprimidos - Sigma Pharma,SIGMA PHARMA RX,7894916516303,30.77,26.15,4.620000000000001,15.0
Arpejo Gotas com 30ml - Sigma Pharma,SIGMA PHARMA RX,7894916517829,461.92,353.53,108.39000000000004,23.5
Enavo ODT 8mg com 10 Comprimidos - Sigma Pharma,SIGMA PHARMA RX,7894916516310,56.97,48.42,8.549999999999997,15.0
Gaudy 24mg com 28 Cápsulas - Sigma Pharma,SIGMA PHARMA RX,7894916514736,269.35,188.79,80.56000000000003,29.9
Gaudy 16mg com 28 Cápsulas - Sigma Pharma,SIGMA PHARMA RX,7894916514729,244.87,165.0,79.87,32.6
Patz SL 5mg com 20 Comprimidos - Sigma Pharma,SIGMA PHARMA RX,7894916515559,98.14,83.42,14.719999999999999,15.0
Bexai 35mg com 20 Comprimidos - Sigma Pharma,SIGMA PHARMA RX,7894916514903,139.29,118.4,20.889999999999986,15.0
"Bramicar HCT 40/12,5mg com 30 Comprimidos - Sigma Pharma",SIGMA PHARMA RX,7894916510004,119.98,87.74,32.24000000000001,26.9
"Bramicar HCT 80/12,5mg com 30 Comprimidos - Sigma Pharma",SIGMA PHARMA RX,7894916510011,119.98,89.57,30.41000000000001,25.3
Subtrax 800mg + 160mg com 10 Comprimidos - Eurofarma,EUROFARMA RX,7891317005191,26.29,24.71,1.5799999999999983,6.0
Astro 500mg com 5 Comprimidos - Eurofarma,EUROFARMA RX,7891317420840,41.32,36.36,4.960000000000001,12.0
Astro 600mg com 1 Frasco com pó para Suspensão de Uso Oral + 1 Flaconete - Eurofarma,EUROFARMA RX,7891317412692,55.24,48.61,6.630000000000003,12.0
Astro 500mg com 3 Comprimidos - Eurofarma,EUROFARMA RX,7891317412708,24.8,21.82,2.9800000000000004,12.0
"Astro 900mg Sspensão de Uso Oral  22,5ml - Eurofarma",EUROFARMA RX,7891317436148,78.67,69.23,9.439999999999998,12.0
Trok G Pomada 30g - Eurofarma,EUROFARMA RX,7891317452933,33.03,31.05,1.9800000000000004,6.0
Tamiram 500mg com 10 Comprimidos - Eurofarma,EUROFARMA RX,7891317003739,175.96,154.84,21.120000000000005,12.0
Tamiram 500mg com 7 Comprimidos - Eurofarma,EUROFARMA RX,7891317003715,123.22,108.43,14.789999999999992,12.0
Trok G Creme 30g - Eurofarma,EUROFARMA RX,7891317452650,33.03,31.05,1.9800000000000004,6.0
Sinot Clav 875 +125mg com 14 Comprimidos - Eurofarma,EUROFARMA RX,7891317421748,120.55,106.08,14.469999999999999,12.0
Sinot Clav 875 + 125mg com 20 Comprimidos - Eurofarma,EUROFARMA RX,7891317421755,166.02,146.1,19.920000000000016,12.0
Sinot Clav 457mg/5ml Suspensão 70ml - Eurofarma,EUROFARMA RX,7891317469238,82.92,72.97,9.950000000000003,12.0
Sinot 400mg/5ml Suspensão 100ml - Eurofarma,EUROFARMA RX,7891317435462,41.29,38.81,2.479999999999997,6.0
Sinot 875mg com 14 Comprimidos - Eurofarma,EUROFARMA RX,7891317435431,57.51,54.06,3.4499999999999957,6.0
Astro 500mg com 2 Comprimidos - Eurofarma,EUROFARMA RX,7891317420833,16.53,14.55,1.9800000000000004,12.0
Astro 1500mg Suspensão de Uso Oral - Eurofarma,EUROFARMA RX,7891317451752,78.67,69.23,9.439999999999998,12.0
Tamiram 750mg com 5 Comprimidos - Eurofarma,EUROFARMA RX,7891317485313,127.28,112.01,15.269999999999996,12.0
Praiva 400mg com 7 Comprimidos - Eurofarma,EUROFARMA RX,7891317124458,219.48,188.75,30.72999999999999,14.0
Foritus 500mg com 14 Comprimidos - Eurofarma,EUROFARMA RX,7891317191658,55.24,51.93,3.3100000000000023,6.0
Tamiram 750mg com 7 Comprimidos - Eurofarma,EUROFARMA RX,7891317485320,178.28,156.89,21.390000000000015,12.0
Praiva 400mg com 5 Comprimidos - Eurofarma,EUROFARMA RX,7891317124465,165.19,142.06,23.129999999999995,14.0
Lemont 10mg + 5mg com 14 Comprimidos - Eurofarma,EUROFARMA RX,7891317017521,123.49,97.21,26.28,21.3
Carbolitium 300mg com 90 Comprimidos - Eurofarma,EUROFARMA RX,7891317013615,80.69,62.89,17.799999999999997,22.1
Alta D 15000UI com 10 Cápsulas - Eurofarma,EUROFARMA RX,7891317026011,118.46,100.69,17.769999999999996,15.0
Motraz 100mg com 30 Comprimidos - Eurofarma,EUROFARMA RX,7899640809684,64.08,49.21,14.869999999999997,23.2
MELOCOX ODT 15MG C/10 COMP,EUROFARMA RX,7891317011598,45.95,40.44,5.510000000000005,12.0
VORIC 10MG C/10 COMP SUBL,EUROFARMA RX,7891317028824,33.23,26.56,6.669999999999998,20.1
VORIC 10MG C/20 COMP SUBL,EUROFARMA RX,7891317028831,66.45,55.29,11.160000000000004,16.8
Motraz 50mg com 60 Comprimidos - Eurofarma,EUROFARMA RX,7899640809677,64.08,49.45,14.629999999999995,22.8
Lemont 10mg + 5mg com 7 Comprimidos - Eurofarma,EUROFARMA RX,7891317017514,61.74,48.75,12.990000000000002,21.0
Reuplaq 400mg com 30 Comprimidos - Eurofarma,EUROFARMA RX,7891317010041,105.34,92.7,12.64,12.0
Sonic 100mg com 30 Comprimidos - Sonic,EUROFARMA RX,7891317011284,64.08,50.05,14.030000000000001,21.9
BetaTrinta Injeção com 6 Ampolas - Eurofarma,EUROFARMA RX,7891317013660,154.96,136.36,18.599999999999994,12.0
Alta D 7000ui com 30 Cápsulas - Eurofarma,EUROFARMA RX,7891317026004,88.07,74.86,13.209999999999994,15.0
Sonic 50mg com 60 Comprimidos - Eurofarma,EUROFARMA RX,7891317011277,64.08,49.74,14.339999999999996,22.4
"Molièri 3mg + 0,02mg com 30 Comprimidos - Eurofarma",EUROFARMA RX,7891317023362,71.2,52.98,18.220000000000006,25.6
"Molièri 3mg + 0,03mg com 28 Comprimidos - Eurofarma",EUROFARMA RX,7891317020392,71.2,52.91,18.290000000000006,25.7
Bedoze 5mg/ml com 2 Ampolas de 1ml cada - Eurofarma,EUROFARMA RX,7891317026554,40.5,34.43,6.07,15.0
Desve 50mg - 60 Comprimidos,EUROFARMA RX,7891317007225,137.3,105.97,31.330000000000013,22.8
Dixil 50mg/ml Spray 50ml - Eurofarma,EUROFARMA RX,7891317025205,69.41,61.08,8.329999999999998,12.0
Piemonte 4mg com 30 Sachês - Eurofarma,EUROFARMA RX,7891317154301,86.73,73.72,13.010000000000005,15.0
Dexalgen NF 3 Ampolas 2ml/3 Ampolas 1ml - Eurofarma,EUROFARMA RX,7891317010751,52.59,46.28,6.310000000000002,12.0
Suganon 5mg com 30 Comprimidos - Eurofarma,EUROFARMA RX,7891317005641,161.73,125.8,35.92999999999999,22.2
Amalfi 20mg com 30 Cápsulas - Eurofarma,EUROFARMA RX,7891317018559,128.12,110.18,17.939999999999998,14.0
Carbolitium 300mg com 60 Comprimidos - Eurofarma,EUROFARMA RX,7891317013608,59.9,49.09,10.809999999999995,18.0
Carbolitium CR 450mg com 60 Comprimidos - Eurofarma,EUROFARMA RX,7891317027940,129.32,111.25,18.069999999999993,14.0
Naire 20mg com 15 Comprimidos - Eurofarma,EUROFARMA RX,7891317011390,66.28,58.33,7.950000000000003,12.0
Naire 20mg com 30 Comprimidos - Eurofarma,EUROFARMA RX,7891317011383,132.6,116.69,15.909999999999997,12.0
Musculare 10mg com 15 Comprimidos - Eurofarma,EUROFARMA RX,7891317432362,22.84,20.1,2.7399999999999984,12.0
Neo B 5000mcg + 100mg + 100mg com 60 Comprimidos - Eurofarma,EUROFARMA RX,7891317009618,165.45,133.25,32.19999999999999,19.5
"Artico 1,5+1,2g Pó Maracujá com 30 Saches - Eurofarma",EUROFARMA RX,7891317009304,246.82,186.09,60.72999999999999,24.6
"Artico 1,5 + 1,2g Pó Guaraná com 30 Saches - Eurofarma",EUROFARMA RX,7891317009342,246.82,188.88,57.94,23.5
Pietra ED 2mg com 90 Comprimidos - Eurofarma,EUROFARMA RX,7891317020651,162.93,124.02,38.91000000000001,23.9
"Ventus 0,5mg/g 17.5ml - Eurofarma",EUROFARMA RX,7891317010386,67.67,59.55,8.120000000000005,12.0
Esc 20mg com 60 Comprimidos - Eurofarma,EUROFARMA RX,7891317010485,236.88,183.99,52.889999999999986,22.3
Desve 100mg com 60 Comprimidos - Eurofarma,EUROFARMA RX,7891317007232,160.18,127.62,32.56,20.3
Esc ODT 20mg com 30 Comprimidos - Eurofarma,EUROFARMA RX,7891317011475,191.07,147.4,43.66999999999999,22.9
Esc ODT 15mg com 30 Comprimidos - Eurofarma,EUROFARMA RX,7891317011468,151.92,118.08,33.83999999999999,22.3
Esc ODT 10mg com 30 Comprimidos - Eurofarma,EUROFARMA RX,7891317011451,102.52,82.2,20.319999999999993,19.8
Esc ODT 5mg com 30 Comprimisso - Eurofarma,EUROFARMA RX,7891317011444,61.97,49.31,12.659999999999997,20.4
Bup XL 300mg com 30 Comprimidos - Eurofarma,EUROFARMA RX,7891317010218,132.4,104.04,28.36,21.4
Bup XL150mg com 30 Comprimidos - Eurofarma,EUROFARMA RX,7891317010201,105.6,83.08,22.519999999999996,21.3
Turno 10mg com 30 Comprimidos - Eurofarma,EUROFARMA RX,7891317006075,45.77,35.57,10.200000000000003,22.3
Rivaxa 10mg com 30 Comprimidos - Eurofarma,EUROFARMA RX,7891317017699,46.62,35.99,10.629999999999995,22.8
Rivaxa 15mg com 30 Comprimidos - Eurofarma,EUROFARMA RX,7891317017712,45.77,35.44,10.330000000000005,22.6
Rivaxa 20mg com 30 Comprimidos - Eurofarma,EUROFARMA RX,7891317017729,45.77,35.3,10.470000000000006,22.9
Mtor 1g - 90 Comprimidos,EUROFARMA RX,7891317010898,299.9,299.9,0.0,0.0
Attenze 10mg com 30 Comprimidos - Eurofarma,EUROFARMA RX,7891317010287,45.63,36.26,9.370000000000005,20.5
Iban 150mg com 1 Comprimido - Eurofarma,EUROFARMA RX,7891317007614,56.86,44.25,12.61,22.2
Ebastel 10mg com 30 Comprimidos - Eurofarma,EUROFARMA RX,7891317010478,198.03,174.27,23.75999999999999,12.0
Venlaxin 75mg com 60 Cápsulas - Eurofarma,EUROFARMA RX,7891317013585,201.13,157.28,43.849999999999994,21.8
"Gésico 37,5mg + 325mg com 10 Comprimidos - Eurofarma",EUROFARMA RX,7891317158224,37.29,29.11,8.18,21.9
Venlaxin 150mg com 60 Cápsulas - Eurofarma,EUROFARMA RX,7891317013592,271.87,212.32,59.55000000000001,21.9
Ruva 10mg com 30 Comprimidos - Eurofarma,EUROFARMA RX,7891317005863,54.91,42.84,12.069999999999993,22.0
Preni 5mg com 10 Comprimidos - Eurofarma,EUROFARMA RX,7891317004071,10.96,9.64,1.3200000000000003,12.0
Ruva 20mg com 30 Comprimidos - Eurofarma,EUROFARMA RX,7891317005832,95.25,65.59,29.659999999999997,31.1
Holmes 20mg com 30 Comprimidos - Eurofarma,EUROFARMA RX,7891317922580,48.72,37.27,11.449999999999996,23.5
Holmes 40mg com 30 Comprimidos - Eurofarma,EUROFARMA RX,7891317922535,51.22,39.96,11.259999999999998,22.0
Ruva 5mg com 30 Comprimidos - Eurofarma,EUROFARMA RX,7891317005801,42.83,33.12,9.71,22.7
Limiar 150mg com 30 Cápsulas - Eurofarma,EUROFARMA RX,7891317139629,99.99,71.59,28.39999999999999,28.4
Limiar 75mg com 30 Cápsulas - Eurofarma,EUROFARMA RX,7891317139544,65.13,50.6,14.529999999999994,22.3
Preni Solução Oral 60ml - Eurofarma,EUROFARMA RX,7891317004217,27.64,24.32,3.3200000000000003,12.0
"Gesico Duo 37,5mg + 35mg com 20 Comprimidos - Eurofarma",EUROFARMA RX,7891317158255,65.03,53.63,11.399999999999999,17.5
Duomo HP 2/5mg com 60 Cápsulas - Eurofarma,EUROFARMA RX,7891317485764,196.3,154.86,41.44,21.1
Gesico 50mg com 10 Cápsulas - Eurofarma,EUROFARMA RX,7891317009069,52.17,44.87,7.300000000000004,14.0
Turno SL 5mg com 30 Comprimidos - Eurofarma,EUROFARMA RX,7891317004583,75.87,58.64,17.230000000000004,22.7
Esc 15mg com 30 Comprimidos - Eurofarma,EUROFARMA RX,7891317004255,132.09,102.97,29.120000000000005,22.0
Alta D 50.000ui com 4 Cápsulas - Eurofarma,EUROFARMA RX,7891317016432,94.71,80.5,14.209999999999994,15.0
Amato 25mg com 60 Comprimidos - Eurofarma,EUROFARMA RX,7891317443375,60.14,46.67,13.469999999999999,22.4
Altiva 120mg com 10 comprimidos - Eurofarma,EUROFARMA RX,7891317003173,56.81,49.99,6.82,12.0
Amato 50mg com 60 Comprimidos - Eurofarma,EUROFARMA RX,7891317443382,120.3,93.0,27.299999999999997,22.7
Amato 100mg com 60 Comprimidos - Eurofarma,EUROFARMA RX,7891317443399,243.17,187.94,55.22999999999999,22.7
Altiva 180mg com 10 Comprimidos - Eurofarma,EUROFARMA RX,7891317003180,86.72,76.31,10.409999999999997,12.0
Betatrinta Injeção com1 Ampola - Eurofarma,EUROFARMA RX,7891317103323,30.14,26.52,3.620000000000001,12.0
Bup 150mg com 30 Comprimidos - Eurofarma,EUROFARMA RX,7891317438937,154.82,118.73,36.08999999999999,23.3
Bup 150mg com 60 Comprimidos - Eurofarma,EUROFARMA RX,7891317438944,298.75,228.49,70.25999999999999,23.5
Carbolitium CR 450mg com 30 Comprimidos - Eurofarma,EUROFARMA RX,7891317027988,71.22,58.58,12.64,17.7
Digesan com 20 Cápsulas - Sanofi,EUROFARMA RX,7897595901798,54.11,45.99,8.119999999999997,15.0
Digesan Pediátrico Gotas 20ml - Sanofi,EUROFARMA RX,7897595901767,47.3,40.21,7.089999999999996,15.0
Ebastel 10mg com 10 Comprimidos - Eurofarma,EUROFARMA RX,7891317005351,73.56,56.87,16.690000000000005,22.7
Ebastel Xarope 1mg com 60ml - Eurofarma,EUROFARMA RX,7891317000547,75.45,66.4,9.049999999999997,12.0
Duomo 2mg com 30 Comprimidos - Eurofarma,EUROFARMA RX,7891317455569,42.32,32.52,9.799999999999997,23.2
Melocox 15mg com 10 Comprimidos - Eurofarma,EUROFARMA RX,7891317439033,50.74,44.65,6.090000000000003,12.0
Melocox Injetável 15mg com 5 Ampolas - Eurofarma,EUROFARMA RX,7891317438975,53.17,46.79,6.380000000000003,12.0
Musculare 10mg com 30 Comprimidos - Eurofarma,EUROFARMA RX,7891317432386,45.7,40.22,5.480000000000004,12.0
Musculare 5mg com 30 Comprimidos - Eurofarma,EUROFARMA RX,7891317432461,41.02,36.1,4.920000000000002,12.0
Musculare 5mg com 15 Comprimidos - Eurofarma,EUROFARMA RX,7891317432447,20.5,18.04,2.460000000000001,12.0
Noex 50mcg com 200 Doses - Eurofarma,EUROFARMA RX,7891317460518,77.89,66.21,11.680000000000007,15.0
Noex 32mcg com 120 Doses - Eurofarma,EUROFARMA RX,7891317460532,44.76,38.05,6.710000000000001,15.0
Noex 100mcg com 100 Doses - Eurofarma,EUROFARMA RX,7891317464004,77.89,66.21,11.680000000000007,15.0
Noex 64mg com 120 Doses - Eurofarma,EUROFARMA RX,7891317460495,79.19,67.31,11.879999999999995,15.0
Paco 500mg + 30mg com 12 Comprimidos - Eurofarma,EUROFARMA RX,7891317000035,32.91,28.96,3.9499999999999957,12.0
Pantocal 40mg com 28 Comprimidos - Eurofarma,EUROFARMA RX,7891317017484,203.52,172.99,30.53,15.0
Pantocal 20mg com 28 Comprimidos - Eurofarma,EUROFARMA RX,7891317498764,115.42,98.11,17.310000000000002,15.0
Pondera 10mg com 20 Comprimidos - Eurofarma,EUROFARMA RX,7891317421526,70.96,54.88,16.07999999999999,22.7
Pondera 25mg com 20 Comprimidos - Eurofarma,EUROFARMA RX,7891317421595,145.24,111.83,33.41000000000001,23.0
Pondera 40mg com 20 Comprimidos - Eurofarma,EUROFARMA RX,7891317421618,290.4,222.07,68.32999999999998,23.5
Pondera 30mg com 30 Comprimidos - Eurofarma,EUROFARMA RX,7891317008529,326.49,253.04,73.45000000000002,22.5
Pondera 20mg com 30 Comprimidos - Eurofarma,EUROFARMA RX,7891317006938,213.21,165.39,47.82000000000002,22.4
Pondera 15mg com 20 Comprimidos - Eurofarma,EUROFARMA RX,7891317421557,70.97,55.26,15.71,22.1
Primera 20mcg com 21 Comprimidos - Eurofarma,EUROFARMA RX,7891317177645,43.38,32.17,11.21,25.8
Primera 30mcg com 21 Comprimidos - Eurofarma,EUROFARMA RX,7891317177676,43.38,30.55,12.830000000000002,29.6
Proflam 100mg com 12 Comprimidos - Eurofarma,EUROFARMA RX,7891317411923,77.35,65.75,11.599999999999994,15.0
Proflam Creme com 30g - Eurofarma,EUROFARMA RX,7891317412661,49.88,42.4,7.480000000000004,15.0
Selene com 63 Drágeas - Eurofarma,EUROFARMA RX,7891317465650,73.5,54.83,18.67,25.4
Selene com 21 Drágeas - Eurofarma,EUROFARMA RX,7891317465667,35.58,26.45,9.129999999999999,25.7
Sibus 10mg com 30 Comprimidos - Eurofarma,EUROFARMA RX,7891317481650,55.45,43.76,11.690000000000005,21.1
Tamisa 20mcg com 21 Comprimidos - Eurofarma,EUROFARMA RX,7891317465049,38.32,28.61,9.71,25.3
Tamisa 30mcg com 21 Comprimidos - Eurofarma,EUROFARMA RX,7891317009717,38.32,28.5,9.82,25.6
Tamisa 20mg com 63 Comprimidos - Eurofarma,EUROFARMA RX,7891317465032,91.1,67.85,23.25,25.5
Tamisa 30mg com 63 Comprimidos - Eurofarma,EUROFARMA RX,7891317009724,91.1,66.16,24.939999999999998,27.4
Trok-N Pomada 10g - Eurofarma,EUROFARMA RX,7891317412555,20.76,18.27,2.490000000000002,12.0
Trok Pomada 30g - Eurofarma,EUROFARMA RX,7891317025540,40.36,34.31,6.049999999999997,15.0
Trok N Creme 10g - Eurofarma,EUROFARMA RX,7891317412531,21.82,19.2,2.620000000000001,12.0
Trok Pomada 10g - Eurofarma,EUROFARMA RX,7891317025533,19.72,17.35,2.3699999999999974,12.0
Trok-N Pomada 30g - Eurofarma,EUROFARMA RX,7891317445744,41.9,35.62,6.280000000000001,15.0
Trok Creme Bisnaga com 10g - Eurofarma,EUROFARMA RX,7891317025564,20.29,17.86,2.4299999999999997,12.0
Trok Creme 30g - Eurofarma,EUROFARMA RX,7891317025571,40.36,34.31,6.049999999999997,15.0
Trok N Creme 30g - Eurofarma,EUROFARMA RX,7891317445737,41.9,35.62,6.280000000000001,15.0
"Versa 40mg/0,4ml com 2 Seringas - Eurofarma",EUROFARMA RX,7891317487317,163.38,125.35,38.03,23.3
Versa 20mg com 2 Seringas - Eurofarma,EUROFARMA RX,7891317487294,84.05,62.95,21.099999999999994,25.1
Zart 50mg com 30 Comprimidos - Eurofarma,EUROFARMA RX,7891317425869,14.0,4.9,9.1,65.0
Zina 5mg com 10 Comprimidos - Eurofarma,EUROFARMA RX,7891317457211,56.88,50.05,6.830000000000005,12.0
"Zart H 50/12,5mg com 30 Comprimidos - Eurofarma",EUROFARMA RX,7891317451417,53.25,41.51,11.740000000000002,22.0
Zart H 100 + 25mg com 30 Comprimidos Revestidos - Eurofarma,EUROFARMA RX,7891317451400,94.71,72.98,21.72999999999999,22.9
Domperix 10mg com 30 Comprimidos - Eurofarma,EUROFARMA RX,7891317455040,30.52,26.86,3.66,12.0
Primera 30mcg com 63 Comprimidos - Eurofarma,EUROFARMA RX,7891317177683,91.14,68.7,22.439999999999998,24.6
Heimer 10mg com 60 Comprimidos - Eurofarma,EUROFARMA RX,7891317472061,87.3,66.34,20.959999999999994,24.0
Riss 2mg com 30 Comprimidos - Eurofarma,EUROFARMA RX,7891317448745,58.35,45.2,13.149999999999999,22.5
Fagico 4mg Solução Oral Gotas 20ml - Eurofarma,EUROFARMA RX,7891317466824,29.38,25.85,3.5299999999999976,12.0
Riss 1mg com 30 Comprimidos - Eurofarma,EUROFARMA RX,7891317448714,58.35,45.71,12.64,21.7
"Versa 60mg/0,6ml com 2 Seringas - Eurofarma",EUROFARMA RX,7891317487331,248.92,186.71,62.20999999999998,25.0
Tamisa 30mcg Sem Parar com 28 Comprimidos - Eurofarma,EUROFARMA RX,7891317009748,49.77,36.83,12.940000000000005,26.0
Primera 20mcg com 63 Comprimidos - Eurofarma,EUROFARMA RX,7891317177652,91.14,67.35,23.790000000000006,26.1
Riss 3mg com 30 Comprimidos - Eurofarma,EUROFARMA RX,7891317448783,58.35,44.58,13.770000000000003,23.6
Tamisa 30mcg Sem Parar com 84 Comprimidos - Eurofarma,EUROFARMA RX,7891317009755,121.48,89.72,31.760000000000005,26.1
Piemonte 4mg com 30 Comprimidos - Eurofarma,EUROFARMA RX,7891317477202,74.57,63.38,11.18999999999999,15.0
Piemonte 5mg com 30 Comprimidos - Eurofarma,EUROFARMA RX,7891317477172,74.57,63.38,11.18999999999999,15.0
Gina Pomada 40g com 7 Aplicadores - Eurofarma,EUROFARMA RX,7891317489595,48.04,41.31,6.729999999999997,14.0
"Molieri 30 3/0,03mg com 21 Comprimidos - Eurofarma",EUROFARMA RX,7891317010119,71.2,53.68,17.520000000000003,24.6
Duomo HP 2/5mg com 30 Cápsulas - Eurofarma,EUROFARMA RX,7891317485801,160.9,125.53,35.370000000000005,22.0
Plaq 75mg com 30 Comprimidos - Eurofarma,EUROFARMA RX,7891317496760,67.5,51.76,15.740000000000002,23.3
Esc 20mg com 30 Comprimidos - Eurofarma,EUROFARMA RX,7891317476649,166.14,127.64,38.499999999999986,23.2
Esc 10mg com 30 Comprimidos - Eurofarma,EUROFARMA RX,7891317476588,85.42,65.86,19.560000000000002,22.9
Vast 40mg com 30 Comprimidos - Eurofarma,EUROFARMA RX,7891317489731,185.79,144.16,41.629999999999995,22.4
Vast 20mg com 30 Comprimidos - Eurofarma,EUROFARMA RX,7891317489700,92.9,72.13,20.77000000000001,22.4
Vast 10mg com 30 Comprimidos - Eurofarma,EUROFARMA RX,7891317489663,92.9,72.59,20.310000000000002,21.9
"Stub 0,4mg com 30 Cápsulas - Eurofarma",EUROFARMA RX,7898146826867,140.3,109.0,31.30000000000001,22.3
Betina 24mg com 30 Cápsulas - Eurofarma,EUROFARMA RX,7891317478964,38.9,30.7,8.2,21.1
Betina 16mg com 30 Cápsulas - Eurofarma,EUROFARMA RX,7891317478919,29.03,23.0,6.030000000000001,20.8
"Holmes H 40mg + 12,5mg com 30 Comprimidos - Eurofarma",EUROFARMA RX,7891317124281,85.71,66.77,18.939999999999998,22.1
"Holmes H 20mg + 12,5mg com 30 Comprimidos - Eurofarma",EUROFARMA RX,7891317124182,75.27,58.76,16.509999999999998,21.9
Antrofi 10mg Creme Vaginal com 20 Aplicadores - Eurofarma,EUROFARMA RX,7891317490133,98.91,87.04,11.86999999999999,12.0
Vartaz 160mg com 30 Comprimidos - Eurofarma,EUROFARMA RX,7891317121983,58.15,44.23,13.920000000000002,23.9
Holmes H 40mg + 25mg com 30 Comprimidos - Eurofarma,EUROFARMA RX,7891317124236,85.71,67.1,18.61,21.7
Crevagin Creme Vaginal 40g com 7 Aplicadores - Eurofarma,EUROFARMA RX,7891317136468,51.19,45.05,6.140000000000001,12.0
"Molieri 20 3 + 0,02mg com 24 Comprimidos - Eurofarma",EUROFARMA RX,7891317013158,71.2,53.02,18.18,25.5
Quet XR 50mg com 30 Comprimidos - Eurofarma,EUROFARMA RX,7891317134334,173.01,135.17,37.84,21.9
Pietra ED 2mg com 30 Comprimidos - Eurofarma,EUROFARMA RX,7891317140533,67.88,51.86,16.019999999999996,23.6
Paco 500mg + 30mg com 24 Comprimidos - Eurofarma,EUROFARMA RX,7891317000042,59.78,52.61,7.170000000000002,12.0
Sibus 15mg com 60 Cápsulas - Eurofarma,EUROFARMA RX,7891317475222,103.43,81.35,22.080000000000013,21.3
Tunta 300mg com 30 Cápsulas - Eurofarma,EUROFARMA RX,7891317143084,101.75,79.08,22.67,22.3
Vartaz 80mg com 30 Comrimidos - Eurofarma,EUROFARMA RX,7891317121945,58.15,45.7,12.449999999999996,21.4
Tada 5mg com 30 Comprimidos - Eurofarma,EUROFARMA RX,7891317129781,239.95,203.96,35.98999999999998,15.0
"Pisa 0,75mg com 30 Comprimidos - Eurofarma",EUROFARMA RX,7891317134006,178.56,138.13,40.43000000000001,22.6
"Pisa Libersação Prolongada 0,375mg com 30 Comprimidos - Eurofarma",EUROFARMA RX,7891317133948,95.32,73.18,22.139999999999986,23.2
Venlaxin 150mg com 30 Cápsulas - Eurofarma,EUROFARMA RX,7891317472337,167.91,131.03,36.879999999999995,22.0
"Venlaxin 37,5mg com 30 Comprimidos - Eurofarma",EUROFARMA RX,7891317465346,50.56,39.13,11.43,22.6
Venlaxin 75mg com 30 Cápsulas - Eurofarma,EUROFARMA RX,7891317472375,118.49,92.55,25.939999999999998,21.9
Pergo 120ml - Eurofarma,EUROFARMA RX,7891317191672,50.39,44.34,6.049999999999997,12.0
Lugano 12mcg + 250mcg com 60 Cápsulas - Eurofarma,EUROFARMA RX,7891317132392,99.98,78.87,21.11,21.1
Lugano 12mcg + 250mcg com 60 Cápsulas + Inalador - Eurofarma,EUROFARMA RX,7891317132453,126.18,97.06,29.120000000000005,23.1
Piemonte 10mg com 30 Comprimidos - Eurofarma,EUROFARMA RX,7891317140885,74.57,63.38,11.18999999999999,15.0
Esc 20mg Uso Oral15ml - Eurofarma,EUROFARMA RX,7891317191665,97.86,74.94,22.92,23.4
Paco 500 + 30mg com 36 Comprimidos - Eurofarma,EUROFARMA RX,7891317000134,78.25,68.86,9.39,12.0
Vartaz 320mg com 30 Comprimidos - Eurofarma,EUROFARMA RX,7891317122027,58.15,44.78,13.369999999999997,23.0
Quet 25mg com 30 Comprimidos - Eurofarma,EUROFARMA RX,7891317191689,52.57,42.13,10.439999999999998,19.9
Dexfer 100mg Uso Oral 30ml - Eurofarma,EUROFARMA RX,7891317000721,57.12,45.92,11.199999999999996,19.6
Desve 50mg com 30 Comprimidos - Eurofarma,EUROFARMA RX,7891317000608,83.91,63.9,20.009999999999998,23.8
Desve 100mg com 30 Comprimidos - Eurofarma,EUROFARMA RX,7891317000653,91.55,70.32,21.230000000000004,23.2
Alta D 1.000UI com 30 Comprimidos - Eurofarma,EUROFARMA RX,7891317025984,32.02,27.22,4.800000000000004,15.0
Coques 200mg com 10 Cápsulas - Eurofarma,EUROFARMA RX,7891317137557,44.75,39.38,5.369999999999997,12.0
Don 10mg com 30 Comprimidos - Eurofarma,EUROFARMA RX,7891317197506,97.59,75.81,21.78,22.3
Don 5mg com 30 Comprimidos - Eurofarma,EUROFARMA RX,7891317197483,97.59,75.75,21.840000000000003,22.4
Esio 20mg com 28 Comprimidos - Eurofarma,EUROFARMA RX,7891317123543,92.72,71.72,21.0,22.6
Esio 40mg com 28 Comprimidos - Eurofarma,EUROFARMA RX,7891317123604,193.86,152.58,41.28,21.3
Quet 100mg com 30 Comprimidos - Eurofarma,EUROFARMA RX,7891317191696,135.47,109.97,25.5,18.8
Azox 100ml - Eurofarma,EUROFARMA RX,7891317172749,62.82,55.28,7.539999999999999,12.0
Azox Suspensão de Uso Oral 45ml + Seringa - Eurofarma,EUROFARMA RX,7891317172732,30.28,26.65,3.6300000000000026,12.0
Versa 40mg com 6 Seringas - Eurofarma,EUROFARMA RX,7891317118228,490.1,378.32,111.78000000000003,22.8
Esc 10mg com 60 Comprimidos - Eurofarma,EUROFARMA RX,7891317476663,127.41,98.66,28.75,22.6
Bicerto 150mg com10 Comprimidos - Eurofarma,EUROFARMA RX,7891317001964,52.75,46.42,6.329999999999998,12.0
Dexfer 10mg Uso Oral 100ml - Eurofarma,EUROFARMA RX,7891317000806,28.09,21.77,6.32,22.5
"Tamisa 15 0,060mg com 28 Comprimidos - Eurofarma",EUROFARMA RX,7891317003067,29.13,22.03,7.099999999999998,24.4
Gesico Retard 100mg com 10 Comprimidos - Eurofarma,EUROFARMA RX,7891317003128,94.67,72.53,22.14,23.4
"Leg 0,5mg Xarooe 60ml - Eurofarma",EUROFARMA RX,7891317488710,49.26,43.35,5.909999999999997,12.0
Prysma 2mg com 20 Comprimidos - Eurofarma,EUROFARMA RX,7891317024277,89.09,71.32,17.77000000000001,19.9
Prysma 3mg com 20 Comprimidos - Eurofarma,EUROFARMA RX,7891317024284,89.09,71.34,17.75,19.9
Alta D 7.000ui com 4 Cápsulas - Eurofarma,EUROFARMA RX,7891317016418,19.7,16.75,2.9499999999999993,15.0
Dexfer 400mg com 30 Comprimidos - Eurofarma,EUROFARMA RX,7891317000660,66.9,54.2,12.700000000000003,19.0
Hormus Injeção Ampola 4ml - Eurofarma,EUROFARMA RX,7891317028749,547.65,420.44,127.20999999999998,23.2
Alta D 15000ui com 4 Cápsulas - Eurofarma,EUROFARMA RX,7891317016425,58.38,49.62,8.760000000000005,15.0
Pondera XR 25mg com 30 Comprimidos - Eurofarma,EUROFARMA RX,7891317002879,144.56,112.73,31.83,22.0
"Pondera XR 12,5mg com 30 Comprimidos - Eurofarma",EUROFARMA RX,7891317002862,94.92,74.24,20.680000000000007,21.8
Duomo 4mg com 30 Comprimidos - Eurofarma,EUROFARMA RX,7891317003029,65.42,49.72,15.700000000000003,24.0
Leg 5mg com 10 Comprimidos - Eurofarma,EUROFARMA RX,7891317488765,61.09,53.76,7.330000000000005,12.0
Perivasc 1000mg com 30 Comprimidos - Eurofarma,EUROFARMA RX,7891317004965,155.23,131.95,23.28,15.0
Trimusk 125/50/300/30mg com 15 Comprimidos - Eurofarma,EUROFARMA RX,7891317005931,24.79,23.3,1.4899999999999984,6.0
"Mamades 0,75mg com 28 Comprimidos - Eurofarma",EUROFARMA RX,7891317180621,42.32,30.97,11.350000000000001,26.8
Preni 20mg com 10 Comprimidos - Eurofarma,EUROFARMA RX,7891317004095,28.22,24.83,3.3900000000000006,12.0
Preni 40mg com 7 Comprimidos - Eurofarma,EUROFARMA RX,7891317004101,64.42,56.69,7.730000000000004,12.0
Preni 5mg com 20 Comprimidos - Eurofarma,EUROFARMA RX,7891317004088,21.84,19.22,2.620000000000001,12.0
Dorto 150mg com 1 Comprimido - Eurofarma,EUROFARMA RX,7891317002060,76.48,59.67,16.810000000000002,22.0
Vendexla 100mg com 30 Comprimidos - Eurofarma,EUROFARMA RX,7891317016067,138.74,106.32,32.420000000000016,23.4
Vendexla 50mg com 30 Comprimidos - Eurofarma,EUROFARMA RX,7891317016098,103.13,79.37,23.75999999999999,23.0
Antara 250mg com 30 Comprimidos - Eurofarma,EUROFARMA RX,7891317029302,50.97,39.97,11.0,21.6
"Amora 2 + 0,03mg com 21 Comprimidos - Eurofarma",EUROFARMA RX,7891317004040,47.72,35.49,12.229999999999997,25.6
Quet XR 200mg com 30 Comprimidos - Eurofarma,EUROFARMA RX,7891317029159,430.78,329.37,101.40999999999997,23.5
Quet XR 300mg com 30 Comprimidos - Eurofarma,EUROFARMA RX,7891317029197,510.11,389.51,120.60000000000002,23.6
Azitromicina 500mg com 5 Comprimidos - EMS Genérico,EMS GENERICO,7896004762227,55.05,9.08,45.97,83.5
azitromicina 900mg Suspensão de Uso Oral 22.5ml - EMS Genérico,EMS GENERICO,7896004715964,87.63,32.61,55.019999999999996,62.8
Cefalexina 500mg com 10 Comprimidos - EMS Genérico,EMS GENERICO,7896004704692,37.95,11.79,26.160000000000004,68.9
Cefadroxila 500mg com 8 Cápsulas - EMS Genérico,EMS GENERICO,7896004703275,63.43,18.78,44.65,70.4
Amoxicilina 500mg com 30 Cápsulas - EMS Genérico,EMS GENERICO,7896004718996,57.92,37.56,20.36,35.2
Amoxicilina 250mg Suspensão de Uso Oral 150ml - EMS Genérico,EMS GENERICO,7896004700458,30.48,27.94,2.539999999999999,8.3
Cefalexina 250mg Ssupensão de Uso Oral 100ml - EMS Genérico,EMS GENERICO,7896004704364,64.2,28.69,35.510000000000005,55.3
Amoxicilina + Clavulanato de Potássio 875mg com 12 Comprimidos - EMS Genérico,EMS GENERICO,7896004719580,163.81,42.87,120.94,73.8
Amoxicilina + Clavulanato de Potássio 500mg com 12 Comprimidos - EMS Genérico,EMS GENERICO,7896004703404,100.3,36.71,63.589999999999996,63.4
Amoxicilina 400mg Suspensão de Uso Oral 100ml - EMS Genérico,EMS GENERICO,7896004704593,47.1,17.87,29.23,62.1
Triancinolona Acetonida + Sulfato de Neomicina + Gramicidina + Nistatina Creme 30g - EMS Genérico,EMS GENERICO,7896004708744,39.55,12.94,26.61,67.3
Amoxicilina + Clavulanato de Potássio 875mg com 14 Comprimidos - EMS Genérico,EMS GENERICO,7896004719597,172.93,57.01,115.92000000000002,67.0
Amoxicilina 875mg com 14 Comprimidos - EMS Genérico,EMS GENERICO,7896004706382,70.31,20.4,49.910000000000004,71.0
Amoxicilina + Clavulanato Potássio 250mg 75ml - EMS Genérico,EMS GENERICO,7896004703428,97.89,39.63,58.26,59.5
Triancinolona Acetonida + Sulfato de Neomicina + Gramicidina + Nistatina Pomada 30g - EMS Genérico,EMS GENERICO,7896004708751,39.55,22.96,16.589999999999996,41.9
Amoxicilina + Clavulanato de Potássio 457mg 70ml - EMS Genérico,EMS GENERICO,7896004720746,100.48,40.03,60.45,60.2
Amoxicilina 500mg com 21 Cápsulas - EMS Genérico,EMS GENERICO,7896004700427,37.53,22.93,14.600000000000001,38.9
Ampicilina 500mg com 12 Comprimidos - EMS Genérico,EMS GENERICO,7896004715742,33.11,11.11,22.0,66.4
Azitromicina 600mg Sspensão de Uso Oral 15ml - EMS Genérico,EMS GENERICO,7896004715971,71.18,28.73,42.45,59.6
Benzoilmetronidazol Suspensão de Uso Oral 120ml - EMS Genérico,EMS GENERICO,7896004702049,16.77,14.54,2.2300000000000004,13.3
Claritromicina 250mg Suspensão de Uso Oral 60ml - EMS Genérico,EMS GENERICO,7896004703497,144.45,91.29,53.15999999999998,36.8
Diproprianato de Betametasona + Gentamicina Creme 30g - EMS Genérico,EMS GENERICO,7896004711690,30.48,10.3,20.18,66.2
Sulfametoxazol + Trimetoprima Suspensão de Uso Oral 100ml - EMS Genérico,EMS GENERICO,7896004703732,17.9,7.49,10.409999999999998,58.2
Amoxicilina + Clavulanato de Potássio 500mg com 18 Comprimidos - EMS Genérico,EMS GENERICO,7896004703411,150.06,63.12,86.94,57.9
Ampicilina 500mg com 24 Comprimidos - EMS Genérico,EMS GENERICO,7896004715759,72.15,26.0,46.150000000000006,64.0
Amoxicilina + Clavulanato de Potássio 875mg com 20 Comprimidos - EMS Genérico,EMS GENERICO,7896004759609,108.62,76.59,32.03,29.5
"Azitromicina 1500mg Suspensão de Uso Oral 37,5ml - EMS Genérico",EMS GENERICO,7896004759678,43.24,36.92,6.32,14.6
"Cloridrato de Tramadol + Paracetamol 37,5 + 325mg com 30 Comprimidos - EMS Genérico",EMS GENERICO,7896004787343,68.78,36.26,32.52,47.3
Omeprazol 20mg com 28 Cápsulas - Ems Genérico,EMS GENERICO,7896004701967,30.22,4.82,25.4,84.1
Olanzapina 5mg com 30 Comprimidos - EMS,EMS GENERICO,7896004759807,118.01,62.96,55.050000000000004,46.6
"Cloridrato de Tramadol + Paracetamol 37,5 + 325mg com 10 Comprimidos - EMS Genérico",EMS GENERICO,7896004787329,27.5,16.58,10.920000000000002,39.7
"Cloridrato de Tramadol + Paracetamol 37,5 + 325mg com 20 Comprimidos - EMS Genérico",EMS GENERICO,7896004787336,50.44,30.43,20.009999999999998,39.7
"Cloridrato de Tansulosina 0,4mg com 20 Comprimidos - EMS Genérico",EMS GENERICO,7896004752112,93.84,15.78,78.06,83.2
Alg Acetofenida + Enantato de Estradiol Ampola Injetável - EMS Genérico,EMS GENERICO,7896004713618,15.55,15.55,0.0,0.0
"Atenolol + Clortalidona 50/12,5mg com 30 Comprimidos - EMS Genérico",EMS GENERICO,7896004709130,38.9,9.47,29.43,75.7
"Cloridrato de Amilorida + Hidroclorotiazida 2,5/25 com 30 Comprimidos - EMS Genérico",EMS GENERICO,7896004710860,13.12,11.9,1.2199999999999989,9.3
Desloratadina Xarope 60ml - EMS Genérico,EMS GENERICO,7896004726403,40.17,14.62,25.550000000000004,63.6
Ciclopirox Olamina Solução de Uso Dermatológico 15ml - EMS Genérico,EMS GENERICO,7896004727233,32.33,13.57,18.759999999999998,58.0
"Cloridrat de Oximetazolina 0,50mg 30ml - EMS Genérico",EMS GENERICO,7896004713724,16.98,5.85,11.13,65.5
Cloridrato de Lidocaina Pomada 25g - EMS Genérico,EMS GENERICO,7896004722467,17.71,13.36,4.350000000000001,24.6
"Cloridrato de Oximetazolina 0,25mg 20ml - EMS Genérico",EMS GENERICO,7896004713717,11.82,10.8,1.0199999999999996,8.6
Diclofenato Potássico 50mg com 20 Comprimidos - EMS Genérico,EMS GENERICO,7896004701820,25.58,5.51,20.07,78.5
"Clortalidona 12,5mg com 60 Comprimidos - EMS Genérico",EMS GENERICO,7896004706375,19.59,19.59,0.0,0.0
Clortalidona 50mg com 30 Comprimidos - EMS Genérico,EMS GENERICO,7896004705583,26.24,21.95,4.289999999999999,16.3
Maleato de Dexclorfeniramina Creme 30g - Ems Genérico,EMS GENERICO,7896004720784,14.96,10.21,4.75,31.8
Paracetamol + Cloridrato de Pseudoefedrina com 24 Comprimidos - EMS Genérico,EMS GENERICO,7896004722337,14.25,14.25,0.0,0.0
"Alprazolam 0,5mg com 30 Comprimidos - EMS Genérico",EMS GENERICO,7896004718804,14.67,4.45,10.219999999999999,69.7
Piroxicam 20mg com 10 Cápsulas - Ems Genérico,EMS GENERICO,7896004705088,21.4,7.16,14.239999999999998,66.5
Cloridrat de Amitriptilina 75mg com 30 Comprimidos - EMS Genérico,EMS GENERICO,7896004709567,67.57,21.36,46.209999999999994,68.4
Captopril 25mg com 30 Comprimidos - EMS Genérico,EMS GENERICO,7896004704326,14.21,2.97,11.24,79.1
Esomeprazol Magnésico 40mg 28 comprimidos - EMS,EMS GENERICO,7896004742076,301.03,59.18,241.84999999999997,80.3
Lisina + Ciclobenzaprina 125/5mg com 15 Comprimidos - EMS Genérico,EMS GENERICO,7896004756875,34.94,23.07,11.869999999999997,34.0
Tadalafila 20mg com 1 Comprimidos - EMS Genérico,EMS GENERICO,7896004749655,30.59,2.23,28.36,92.7
Succinato de Desvenlanfaxina 50mg com 30 Comprimidos - EMS Genérico,EMS GENERICO,7896004751009,143.23,34.45,108.77999999999999,75.9
Cloridrato de Donepezila10mg com 30 Comprimidos - Ems Genérico,EMS GENERICO,7896004768298,169.54,42.47,127.07,74.9
Aripiprazol 15mg com 30 Comprimidos - EMS,EMS GENERICO,7896004747637,329.74,83.83,245.91000000000003,74.6
Cloridrato de Fexofenadina 120mg com 10 Comprimidos - EMS,EMS GENERICO,7896004777535,48.33,12.64,35.69,73.8
Rivaroxabana 10mg com 10 Comprimidos - EMS Genérico,EMS GENERICO,7896004766980,82.37,14.31,68.06,82.6
Cilostazol 100mg com 60 Comprimidos - EMS Genérico,EMS GENERICO,7896004761305,55.28,32.75,22.53,40.8
Acido Ursodesoxicólico 150mg com 30 Comprimidos - EMS Genérico,EMS GENERICO,7896004780184,91.78,46.65,45.13,49.2
"Olmesartana Medoxomila + Hidroclorotiazida 40 + 12,5mg com 30 Comprimidos - EMS Genérico",EMS GENERICO,7896004750347,64.89,28.18,36.71,56.6
Olmesartana Medoxomila + Hidroclorotiazida 40+25mg com 30 Comprimidos - EMS Genérico,EMS GENERICO,7896004750354,64.89,27.01,37.879999999999995,58.4
Celecoxibe 200mg com 10 Cápsulas - EMS Genérico,EMS GENERICO,7896004747880,45.8,10.82,34.98,76.4
Mirtazapina 15mg com 30 Comprimidos - EMS Genérico,EMS GENERICO,7896004758114,73.17,34.09,39.08,53.4
Diclofenaco Sódico 100mg com 10 Comprimidos - EMS Genérico,EMS GENERICO,7896004706665,31.64,8.35,23.29,73.6
"Maleato de Timolol 0,5% 5ml - EMS Genérico",EMS GENERICO,7896004715711,14.0,5.65,8.35,59.6
Esomeprazol Magnésio 20mg com 28 Comprimidos - EMS Genérico,EMS GENERICO,7896004742069,144.01,30.46,113.54999999999998,78.8
Clotrimazol 10mg Creme Vaginal 35g - EMS Genérico,EMS GENERICO,7896004711423,55.53,16.09,39.44,71.0
Espironolactona 50mg com 30 Comrpimidos - EMS Genérico,EMS GENERICO,7896004711034,43.74,24.05,19.69,45.0
Tadalafila 5mg com 30 Comprimidos - EMS Genérico,EMS GENERICO,7896004749624,92.2,17.28,74.92,81.3
Acido Mefenâmico 500mg com 24 Comprimidos - EMS Genérico,EMS GENERICO,7896004720869,27.26,15.44,11.820000000000002,43.4
Acetilcisteína Xarope Adulto 120ml - EMS,EMS GENERICO,7896004713366,44.56,16.65,27.910000000000004,62.6
"Cloridrato de Amilorida + Hidroclorotiazida 5,0/50 com 30 Comprimidos - EMS Genérico",EMS GENERICO,7896004711454,21.93,17.63,4.300000000000001,19.6
Cloridrato de Lidocaina Pomada 25g Laranja - EMS Genérico,EMS GENERICO,7896004722474,16.92,12.78,4.140000000000002,24.5
Clortalidona 25mg com 60 Comprimidos - EMS Genérico,EMS GENERICO,7896004706368,34.42,31.98,2.4400000000000013,7.1
Dipirona Monoidratada 100ml - EMS,EMS GENERICO,7896004715674,17.75,14.26,3.49,19.7
Simeticona + Metilbrometo Homatropina 20ml - EMS Genérico,EMS GENERICO,7896004708669,16.82,16.82,0.0,0.0
Diproprianato de Betametasona Creme 30g - EMS Genérico,EMS GENERICO,7896004711850,32.73,23.65,9.079999999999998,27.7
Diclofenato de Colestiramina 70mg com 20 Comprimidos - EMS Genérico,EMS GENERICO,7896004711546,44.9,14.63,30.269999999999996,67.4
Espironolactona 100mg com 30 Comprimidos - EMS Genérico,EMS GENERICO,7896004716138,47.87,30.78,17.089999999999996,35.7
Hidrocortisona Pomada 30g - EMS Genérico,EMS GENERICO,7896004719283,31.04,22.57,8.469999999999999,27.3
Fenofibrato 200mg com 30 Cápsulas - EMS Genérico,EMS GENERICO,7896004723365,116.72,71.64,45.08,38.6
Nistatina Suspensão de Uso Oral 50ml - EMS Genérico,EMS GENERICO,7896004702032,37.02,12.98,24.040000000000003,64.9
Losartana Potássica 100mg com 30 Comprimidos - EMS Genérico,EMS GENERICO,7896004722870,47.27,17.6,29.67,62.8
Metildopa 500mg com 30 Comprimidos - EMS Genérico,EMS GENERICO,7896004703473,53.94,48.99,4.949999999999996,9.2
Metildopa 250mg com 30 Comprimidos - EMS Genérico,EMS GENERICO,7896004703480,28.96,28.96,0.0,0.0
Acido Tranexâmico 250mg com 12 Comprimidos - EMS Genérico,EMS GENERICO,7896004723020,51.67,48.15,3.520000000000003,6.8
Dexametasona Elixir 120ml - EMS Genérico,EMS GENERICO,7896004703565,18.65,10.78,7.869999999999999,42.2
Maleato de Dexclorfeniramina + Betametasona 120ml - EMS Genérico,EMS GENERICO,7896004704623,22.07,22.07,0.0,0.0
Fumarato de Quetiapina 200mg com 30 Comprimidos - EMS Genérico,EMS GENERICO,7896004730387,276.72,39.2,237.52000000000004,85.8
Dexametasona 4mg com 10 Comprimidos - EMS Genérico,EMS GENERICO,7896004712147,15.18,7.83,7.35,48.4
Cloridrato de Terbinafina Creme 20g - EMS,EMS GENERICO,7896004701035,35.56,16.92,18.64,52.4
Diclofenaco de Colestiramina 70mg com 14 Comprimidos - EMS Genérico,EMS GENERICO,7896004711539,33.03,10.66,22.37,67.7
"Fumarato de Bisoprolol 2,5mg com 30 Comprimidos - EMS Genérico",EMS GENERICO,7896004722177,88.86,30.63,58.230000000000004,65.5
Cloridrato de Pioglitazona 30mg com 15 Comprimidos - EMS Genérico,EMS GENERICO,7896004731704,77.8,38.61,39.19,50.4
Atorvastatina Cálcica 80mg com 30 Comprimidos - EMS Genérico,EMS GENERICO,7896004729459,292.41,76.75,215.66000000000003,73.8
Ácido Acetilsalicílico 100mg 30 Comprimidos - EMS,EMS GENERICO,7896004710891,11.59,7.51,4.08,35.2
Cloridrato de Pioglitazona 15mg com 15 Comprimidos - EMS Genérico,EMS GENERICO,7896004731698,73.57,48.65,24.919999999999995,33.9
Cloridrato de Trazodona 50mg com 60 Comprimidos - EMS Genérico,EMS GENERICO,7896004752211,77.44,16.64,60.8,78.5
Cloridrato de Duloxetina 30mg com 30 Cápsulas - EMS Genérico,EMS GENERICO,7896004754949,147.08,49.53,97.55000000000001,66.3
Orlistate 120mg com 42 Cápsulas - EMS Genérico,EMS GENERICO,7896004737218,194.92,70.56,124.35999999999999,63.8
Ezetimiba 10mg com 30 Comprimidos - EMS Genérico,EMS GENERICO,7896004746937,89.29,26.94,62.35000000000001,69.8
Budesonida 64mcg Spray Nasal 120ml - EMS Genérico,EMS GENERICO,7896004758275,46.39,32.83,13.560000000000002,29.2
Budesonida 32mcg Spray Nasal 120ml - EMS Genérico,EMS GENERICO,7896004758268,27.33,22.29,5.039999999999999,18.4
Cloridrato de Metilfenidato 10mg com 30 Comprimidos - EMS Genérico,EMS GENERICO,7896004754154,32.29,20.9,11.39,35.3
Sulfato de Hidroxicloroquina 400mg com 30 Comprimidos - EMS Genérico,EMS GENERICO,7896004763576,91.89,68.23,23.659999999999997,25.7
Gliclazida 30mg com 60 Comprimidos - EMS Genérico,EMS GENERICO,7896004724577,49.49,21.26,28.23,57.0
Cloridrato de Fluoxetina 10mg com 28 Cápsulas - EMS Genérico,EMS GENERICO,7896004720432,42.14,15.89,26.25,62.3
Olmesartana + Anlodipino 20 + 5mg com 30 Comprimidos - Ems Genérico,EMS GENERICO,7896004750644,54.23,54.23,0.0,0.0
Olmesartana + Anlodipino 40mg + 10mg com 30 Comprimidos - EMS Genérico,EMS GENERICO,7896004750620,61.31,37.1,24.21,39.5
Pregabalina 150 mg com 30 Cápsulas - EMS,EMS GENERICO,7896004772868,149.48,16.43,133.04999999999998,89.0
Tartarato de Brimonidina 2mg/ml 5ml - EMS,EMS GENERICO,7896004726854,71.32,18.19,53.129999999999995,74.5
"Olmesartana HCT 20+12,5mg com 30 Comrpimidos - EMS",EMS GENERICO,7896004750330,56.98,23.26,33.72,59.2
"Acetato De Clormadinona + Etinilestradiol 2mg + 0,03mg -  Ems",EMS GENERICO,7896004781761,37.98,16.54,21.439999999999998,56.5
Bilastina 20mg com 30 Comprimidos - EMS,EMS GENERICO,7896004784083,76.27,31.05,45.22,59.3
Cloridrato de Donepezila 5mg com 30 Comprimidos - Ems generico,EMS GENERICO,7896004768212,159.91,16.69,143.22,89.6
Cloridrato de Donepezila+Cloridrato de Memantina 10 + 20mg - 30 Comprimidos,EMS GENERICO,7896004781310,129.5,77.11,52.39,40.5
Cilostazol 50mg com 60 Comprimidos - EMS Genérico,EMS GENERICO,7896004771762,27.54,18.82,8.719999999999999,31.7
Cilostazol 100mg c/30 cpr - EMS,EMS GENERICO,7896004761299,39.36,28.11,11.25,28.6
Bilastina 20mg 15 comprimidos - EMS,EMS GENERICO,7896004784076,42.34,32.9,9.440000000000005,22.3
Dienogeste 2mg 30 comprimidos - EMS,EMS GENERICO,7896004779713,55.34,24.02,31.320000000000004,56.6
Acido Ursodesoxicólico 300mg com 30 Comprimidos - EMS Genérico,EMS GENERICO,7896004780191,181.42,112.51,68.90999999999998,38.0
Rivaroxabana 20mg com 30 Comprimidos - EMS Genérico,EMS GENERICO,7896004780511,230.59,11.3,219.29,95.1
Maleato de Dexclorfeniramina 120ml - Ems Genérico,EMS GENERICO,7896004704999,20.44,6.73,13.71,67.1
Celecoxibe 200mg com 30 Cápsulas - EMS Genérico,EMS GENERICO,7896004747897,126.63,34.08,92.55,73.1
Dipirona Monoidratada com 10 Comprimidos - EMS,EMS GENERICO,7896004782546,20.06,9.9,10.159999999999998,50.6
Simeticona 125mg 10 cápsulas - Ems Genérico,EMS GENERICO,7896004708652,18.77,4.99,13.78,73.4
Cetoconazol Shampoo 100ml - EMS,EMS GENERICO,7896004700984,62.33,24.99,37.34,59.9
"Carvedilol 6,25mg com 30 Comprimidos - EMS Genérico",EMS GENERICO,7896004731285,53.89,8.51,45.38,84.2
Aciclovir Creme 10gr - EMS Genérico,EMS GENERICO,7896004771199,28.96,10.31,18.65,64.4
Cetoconazol + Betametasona + Neomicina Creme 30g - EMS Genérico,EMS GENERICO,7896004705606,28.81,16.79,12.02,41.7
Rivaroxabana 20mg com 28 Comprimidos - EMS Genérico,EMS GENERICO,7896004767062,220.65,11.12,209.53,95.0
Hemitartarato de Zolpidem 10mg com 30 Comprimidos - EMS Genérico,EMS GENERICO,7896004767130,72.25,7.78,64.47,89.2
Rivaroxabana 15mg com 28 Comprimidos - EMS Genérico,EMS GENERICO,7896004767024,220.65,16.16,204.49,92.7
"Carvedilol 3,125mg com 30 Comprimidos - EMS Genérico",EMS GENERICO,7896004731261,46.33,7.29,39.04,84.3
Paracetamol Gotas 15ml - Ems Genérico,EMS GENERICO,7896004700038,11.3,4.66,6.640000000000001,58.8
Pentoxifilina 400mg com 20 Comprimidos - EMS Genérico,EMS GENERICO,7896004700953,58.2,42.22,15.980000000000004,27.5
"Drospirenona + Etinilestradipo 3mg + 0,02mg com 24 + 4 Comprimidos - EMS Genérico",EMS GENERICO,7896004773117,68.13,21.94,46.19,67.8
Glimepirida 2mg c/30 cpr - EMS,EMS GENERICO,7896004711225,43.28,12.65,30.630000000000003,70.8
Diclofenaco Resinato Gotas 20ml - EMS Genérico,EMS GENERICO,7896004703381,18.19,5.63,12.560000000000002,69.0
Oxalato de Escitalopram 15mg com 30 Comprimidos - EMS Genérico,EMS GENERICO,7896004747002,172.57,21.47,151.1,87.6
Acetato de Triancinolona Pomada 10g - EMS Genérico,EMS GENERICO,7896004712048,15.91,5.58,10.33,64.9
Acetato de Dexametasona Creme 10g - EMS Genérico,EMS GENERICO,7896004721903,12.65,5.04,7.61,60.2
Acetilcisteína 600mg 16 Envelopes - EMS,EMS GENERICO,7896004713342,62.93,32.9,30.03,47.7
Acetilcisteína 200mg EMS - 16 Envelopes,EMS GENERICO,7896004708706,32.63,21.31,11.320000000000004,34.7
"Alprazolam 0,25mg com 30 Comprimidos - EMS Genérico",EMS GENERICO,7896004718811,16.17,6.01,10.160000000000002,62.8
Atenolol 50mg com 30 Comprimidos - EMS Genérico,EMS GENERICO,7896004705873,17.86,5.63,12.23,68.5
Betametasona Elixir 120ml - EMS Genérico,EMS GENERICO,7896004704616,25.26,8.55,16.71,66.2
Bezafibrato 200mg com 20 Comprimidos - EMS Genérico,EMS GENERICO,7896004710525,38.34,32.54,5.800000000000004,15.1
Carbocisteina Xarope Pediátrico 100ml - EMS Genérico,EMS GENERICO,7896004700564,22.79,8.77,14.02,61.5
Cetoconazol Creme 30g - EMS,EMS GENERICO,7896004718460,27.18,9.52,17.66,65.0
Cetoconazol + Betametasona Creme 30g - EMS Genérico,EMS GENERICO,7896004705125,30.59,10.66,19.93,65.2
Cetoconazo l+ Betametasona Pomada 30g - EMS Genérico,EMS GENERICO,7896004705118,29.99,10.87,19.119999999999997,63.8
Cloridrato de Bromexina Xarope Infantil 120ml - EMS,EMS GENERICO,7896004720241,15.11,11.05,4.059999999999999,26.9
Cloridrato de Amitriptilina 25mg com 30 Comprimidos - EMS Genérico,EMS GENERICO,7896004727776,21.19,7.83,13.360000000000001,63.0
Cloridrato de Ambroxol Xarope Infantil 120ml - EMS,EMS GENERICO,7896004706276,19.07,12.87,6.200000000000001,32.5
Clonazepam Gotas 20ml - Ems Genérico,EMS GENERICO,7896004712932,17.07,7.69,9.379999999999999,55.0
Cloridrato de Tramadol 50mg com 10 Comprimidos - EMS Genérico,EMS GENERICO,7896004711744,31.45,11.43,20.02,63.7
Clotrimazol Creme Dermatológico 20g - EMS,EMS GENERICO,7896004718453,15.84,8.93,6.91,43.6
Deflazacorte 6mg com 20 Comprimidos - EMS Genérico,EMS GENERICO,7896004709307,59.46,37.93,21.53,36.2
Deflazacorte 30mg com 10 Comprimidos - EMS Genérico,EMS GENERICO,7896004709291,142.05,102.15,39.900000000000006,28.1
Desloratadina 5mg com 10 Comprimidos - EMS Genérico,EMS GENERICO,7896004725666,58.01,12.33,45.68,78.7
Diclofenaco Dietilamônio 60g - EMS,EMS GENERICO,7896004705057,15.16,10.99,4.17,27.5
Dipirona Monoidratada 10 Comprimidos- EMS,EMS GENERICO,7896004703398,7.27,3.7,3.5699999999999994,49.1
Dipirona Monoidratada Gotas 20ml - EMS,EMS GENERICO,7896004718446,14.03,5.19,8.84,63.0
Diproprianato de Betametasona + Ácido Salicílico Pomada 30g - EMS Genérico,EMS GENERICO,7896004700656,26.53,8.5,18.03,68.0
Espironolactona 25mg com 30 Comprimidos - EMS Genérico,EMS GENERICO,7896004708942,27.21,13.72,13.49,49.6
Finasterida 1mg com 30 Comprimidos - EMS Genérico,EMS GENERICO,7896004706405,73.19,20.9,52.29,71.4
Glibenclamida 5mg com 30 Comprimdios - EMS Genérico,EMS GENERICO,7896004706474,14.63,2.95,11.68,79.8
Hidróxido de Alumínio - 240ml,EMS GENERICO,7896004701288,18.27,16.22,2.0500000000000007,11.2
Lorazepam 2mg com 20 Comprimidos - EMS Genérico,EMS GENERICO,7896004701462,21.05,5.27,15.780000000000001,75.0
Losartana Potássica 50mg com 30 Comprimidos - EMS Genérico,EMS GENERICO,7896004706795,19.35,3.62,15.73,81.3
Maleato de Enalapril 10mg com 30 Comprimidos - EMS Genérico,EMS GENERICO,7896004700533,22.38,4.3,18.08,80.8
Maleato dexclorferinamina + Betametasona com 20 Comprimidos - EMS Genérico,EMS GENERICO,7896004711485,23.7,12.9,10.799999999999999,45.6
Meloxicam 15mg com 10 Comprimidos - EMS Genérico,EMS GENERICO,7896004710679,37.13,5.29,31.840000000000003,85.8
Nimesulida 100mg com 12 Comprimidos - EMS Genérico,EMS GENERICO,7896004704036,20.02,4.07,15.95,79.7
Omeprazol 40mg com 7 Cápsulas - EMS Genérico,EMS GENERICO,7896004706856,68.32,11.79,56.529999999999994,82.7
Paracetamol + Cafeína 20 comprimidos - Ems Genérico,EMS GENERICO,7896004721323,24.5,13.57,10.93,44.6
Pentoxifilina 400mg com 30 Comprimidos - EMS Genérico,EMS GENERICO,7896004713571,78.58,52.64,25.939999999999998,33.0
Risperidona Gotas 30ml - EMS Genérico,EMS GENERICO,7896004721255,62.8,33.97,28.83,45.9
Atorvastatina Cálcica 20mg com 30 Comprimidos - EMS Genérico,EMS GENERICO,7896004729435,77.49,17.84,59.64999999999999,77.0
Pomada Sulfato de Neomicina + Bacitracina Zíncica 15g - Ems Genérico,EMS GENERICO,7896004715902,12.73,7.06,5.670000000000001,44.5
Furoato de Mometasona Creme 20g - EMS Genérico,EMS GENERICO,7896004715537,38.0,14.63,23.369999999999997,61.5
Hidroquinona + Tretinoína + Acetonida Fluocinolona 30g - EMS Genérico,EMS GENERICO,7896004726533,190.91,128.0,62.91,33.0
Domperidona 10mg com 60 Comprimidos - EMS Genérico,EMS GENERICO,7896004723570,41.69,13.91,27.779999999999998,66.6
Domperidona 10mg com 30 Comprimidos - EMS Genérico,EMS GENERICO,7896004723563,21.99,7.16,14.829999999999998,67.4
Nitrato de Fenticonazol Creme Vaginal  40g - EMS Genérico,EMS GENERICO,7896004728766,55.69,24.34,31.349999999999998,56.3
Maleato de Enalapril 5mg com 30 Comprimidos - EMS Genérico,EMS GENERICO,7896004700526,23.4,5.08,18.32,78.3
Cloridrato de Hidroxizina 25mg com 30 Comprimidos - EMS Genérico,EMS GENERICO,7896004729688,38.08,29.94,8.139999999999997,21.4
Clopidogrel 75mg c/28 cpr - Clopidogrel,EMS GENERICO,7896004738406,70.41,11.11,59.3,84.2
Sinvastatina 40mg com 30 Comprimidos - EMS Genérico,EMS GENERICO,7896004711188,55.77,11.97,43.800000000000004,78.5
Rosuvastatina Cálcica 20mg com 30 Comprimidos - EMS Genérico,EMS GENERICO,7896004728858,173.58,19.84,153.74,88.6
Rosuvastatina Cálcica 10mg com 30 Comprimidos  - EMS Genérico,EMS GENERICO,7896004729640,99.09,17.87,81.22,82.0
Alprazolam 1mg com 30 Comprimidos - EMS Genérico,EMS GENERICO,7896004718828,28.77,4.72,24.05,83.6
Alprazolam 2mg com 30 Comprimidos - EMS Genérico,EMS GENERICO,7896004718842,79.19,9.36,69.83,88.2
Ácido Acetilsalicílico Adulto 500mg com 10 Comprimidos - Ems Genérico,EMS GENERICO,7896004703572,3.4,3.29,0.10999999999999988,3.2
Bromoprida 10mg com 20 Comprimidos - EMS Genérico,EMS GENERICO,7896004727882,28.56,12.49,16.07,56.3
Atorvastatina Cálcica 40mg com 30 Comprimidos - EMS Genérico,EMS GENERICO,7896004729442,148.92,31.99,116.92999999999999,78.5
Fumarato de Bisoprolol 5mg com 30 Comprimidos - EMS Genérico,EMS GENERICO,7896004739588,108.09,35.9,72.19,66.8
"Cloridrato de Naratriptana 2,5mg com 4 Comprimidos - EMS Genérico",EMS GENERICO,7896004733302,16.62,16.62,0.0,0.0
Ácido Acetilsalicílico Infantil EMS - 10 Comprimidos,EMS GENERICO,7896004768380,3.51,2.23,1.2799999999999998,36.5
Alendronato de Sódio 70mg com 4 Comprimidos - EMS Genérico,EMS GENERICO,7896004715322,90.22,4.43,85.78999999999999,95.1
Fluconazol 150mg com 1 Cápsula - EMS Genérico,EMS GENERICO,7896004703336,14.0,2.61,11.39,81.4
Fumarato de Bisoprolol 10mg com 30 Comprimidos - EMS Genérico,EMS GENERICO,7896004739595,123.23,39.0,84.23,68.4
"Fumaratode de Bisoprolol 1,25mg com 30 Comprimidos - EMS Genérico",EMS GENERICO,7896004722160,77.26,30.11,47.150000000000006,61.0
"Indapamida 1,5mg com 30 Comprimidos  - EMS Genérico",EMS GENERICO,7896004728827,36.88,11.63,25.25,68.5
Cloridrato de Bupropiona 150mg com 60 Comprimidos - EMS Genérico,EMS GENERICO,7896004732633,230.48,43.36,187.12,81.2
Lansoprazol 30mg com 28 Cápsulas - EMS Genérico,EMS GENERICO,7896004703633,102.92,46.68,56.24,54.6
Prednisolona 20mg com 10 Comprimidos - EMS Genérico,EMS GENERICO,7896004733234,21.22,10.53,10.69,50.4
Aceclofenaco 100mg com 12  Comprimidos - EMS Genérico,EMS GENERICO,7896004722122,44.35,14.27,30.080000000000002,67.8
Diclofenco Sódico 50mg com 20 Comprimidos - EMS Genérico,EMS GENERICO,7896004742007,27.69,9.02,18.67,67.4
"Tibolona 2,5mg com 30 Comprimidos - EMS Genérico",EMS GENERICO,7896004742199,78.69,29.62,49.06999999999999,62.4
Oxalato de Escitalopram 20mg com 30 Comprimidos - EMS Genérico,EMS GENERICO,7896004731582,139.46,16.62,122.84,88.1
Risedronato Sódico 35mg com 4 Comprimidos - EMS Genérico,EMS GENERICO,7896004728667,208.62,22.69,185.93,89.1
Cloridrato de Duloxetina 60mg com 30 Cápsulas - EMS Genérico,EMS GENERICO,7896004747774,306.09,85.71,220.38,72.0
"Drospirenona + Etinilestradiol 3mg + 0,03mg com 63 Comprimidos - EMS Genérico",EMS GENERICO,7896004755878,129.49,47.61,81.88000000000001,63.2
Citrato de Sildenafila 50mg com 4 Comprimidos - EMS Genérico,EMS GENERICO,7896004730103,16.43,2.39,14.04,85.5
Ezetimiba + Sinvastatina 10/20mg com 30 Comprimidos - EMS Genérico,EMS GENERICO,7896004747057,101.76,70.04,31.72,31.2
Cloridrato de Lercanidipino 10mg com 30 Comprimidos - EMS Genérico,EMS GENERICO,7896004753089,112.25,69.96,42.290000000000006,37.7
Fumarato de Quetiapina 25mg com 30 Comprimidos - EMS Genérico,EMS GENERICO,7896004748214,50.09,9.2,40.89,81.6
Itraconazol 100mg com 4 Cápsulas - EMS Genérico,EMS GENERICO,7896004708058,50.04,7.52,42.519999999999996,85.0
Paracetamol + Codeína 30mg com 24 Comprimidos - EMS Genérico,EMS GENERICO,7896004756424,45.62,25.18,20.439999999999998,44.8
Ezetimiba 10mg com 60 Comprimidos - EMS Genérico,EMS GENERICO,7896004746920,146.29,44.39,101.89999999999999,69.7
Cloridrato de Sertralina 50mg com 30 Comprimidos - EMS Genérico,EMS GENERICO,7896004759845,78.87,13.93,64.94,82.3
Gliclazida 30mg com 30 Comprimidos - EMS Genéricoa,EMS GENERICO,7896004762319,29.53,13.01,16.520000000000003,55.9
Gliclazida 60mg com 30 Comprimidos - EMS Genérico,EMS GENERICO,7896004752730,61.63,24.22,37.410000000000004,60.7
Gliclazida 60mg com 60 Comprimidos - EMS Genérico,EMS GENERICO,7896004762364,111.15,58.89,52.260000000000005,47.0
Anlodipino 10mg com 30 Comprimidos - Ems Genérico,EMS GENERICO,7896004703312,59.62,10.94,48.68,81.7
Succinato de Desvelafaxina 100mg com 30 Comprimidos - EMS Genérico,EMS GENERICO,7896004751016,155.48,43.11,112.36999999999999,72.3
Mefex 500mg com14 Comprimidos - Ache,ACHE RX,7896658034404,172.27,161.93,10.340000000000003,6.0
Mefex 500mg com 10 Comprimidos - Ache,ACHE RX,7896658034398,132.95,124.97,7.97999999999999,6.0
Zirk 500mg com 5 Comprimidos - Ache,ACHE RX,7896658026652,35.71,33.57,2.1400000000000006,6.0
Livepax 750mg com 7 Comprimidos - Ache,ACHE RX,7896658034688,88.48,75.21,13.27000000000001,15.0
Decadron Nasal 20ml - Ache,ACHE RX,7896658003561,42.1,39.57,2.530000000000001,6.0
Colpistatin Creme Vaginal 40g com Aplicações - Ache,ACHE RX,7896658000805,55.82,49.12,6.700000000000003,12.0
Decadron Solução Oftálmica Gotas 5ml - Ache,ACHE RX,7896658003547,17.23,16.2,1.0300000000000011,6.0
Hidrocin Solução Nasal 20ml - Ache,ACHE RX,7896658006395,34.59,32.51,2.0800000000000054,6.0
Novamox 2x 400mg /57mg 70ml - Ache,ACHE RX,7896658002946,86.68,76.28,10.400000000000006,12.0
Novamox 875/125 com 14 Comprimidos - Ache,ACHE RX,7896658002922,125.93,110.82,15.110000000000014,12.0
Novocilin 400mg 100ml - Ache,ACHE RX,7896658004124,47.47,44.62,2.8500000000000014,6.0
Omepramix 7BL com 56 Comprimidos + 28 Cápsulas - Ache,ACHE RX,7896658004360,250.08,212.57,37.51000000000002,15.0
Novamox 2x 400mg 100ml - Ache,ACHE RX,7896658002953,159.73,140.56,19.169999999999987,12.0
Novamox 2x 875/125mg com 20 Comprimidos - Ache,ACHE RX,7896658002939,173.37,152.57,20.80000000000001,12.0
Omepramix 7BL com 56 Comprimidos - Ache,ACHE RX,7896658004308,260.12,221.1,39.02000000000001,15.0
"Adinos Gen 0,5 + 1mg Gel 30g - Ache RX",ACHE RX,7896658011412,51.64,48.54,3.1000000000000014,6.0
Livepax 500mg com 7 Comprimidos - Ache,ACHE RX,7896658022098,119.06,101.2,17.86,15.0
Livepax 500mg com 10 Comprimidos - Ache,ACHE RX,7896658022104,151.14,142.07,9.069999999999993,6.0
Zirk 500mg com 3 Comprimidos - Ache,ACHE RX,7896658026645,21.44,20.15,1.2900000000000027,6.0
Edistride 10mg com 30 Comprimidos - Ache RX,ACHE RX,5000456073240,230.94,230.94,0.0,0.0
Klev 20mg com 28 Comprimidos - Ache,ACHE RX,7896658038952,149.22,126.84,22.379999999999995,15.0
Dispetic 40mg com 60 Comprimidos Liberação Retardada - Ache,ACHE RX,7896658046667,55.74,49.05,6.690000000000005,12.0
Vitalia XR 32mg com 30 Comprimidos de Liberação Prolongada - Ache,ACHE RX,7896658046650,62.21,52.78,9.43,15.2
Dual 30mg com 60 Cápsulas - Ache,ACHE RX,7896658024153,128.15,101.06,27.090000000000003,21.1
Dual 60mg com 60 Cápsulas - Ache,ACHE RX,7896658024207,254.24,199.99,54.25,21.3
Trezete 20mg + 10mg com 60 Comprimidos - Ache,ACHE RX,7896658048012,231.78,189.93,41.849999999999994,18.1
Trezete 10mg + 10mg com 60 Comprimidos - Ache,ACHE RX,7896658047992,163.98,133.65,30.329999999999984,18.5
"Feminique Conti 3 + 0,03mg com 28 Comprimidos - Ache",ACHE RX,7896658040221,63.14,46.42,16.72,26.5
Sany D 5.000UI com 30 Cápsulas - Ache,ACHE RX,7896658036828,81.74,69.48,12.259999999999991,15.0
Sany D 7.000UI com 30 Cápsulas - Ache,ACHE RX,7896658036835,74.68,63.48,11.20000000000001,15.0
Mirtax 5mg - 15 Comprimidos,ACHE RX,7896658008542,17.49,15.39,2.099999999999998,12.0
Deller 100mg - 60 Comprimidos,ACHE RX,7896658039201,156.76,124.31,32.44999999999999,20.7
Deller 50mg - 60 Comprimidos,ACHE RX,7896658039195,134.33,106.18,28.150000000000006,21.0
Montelair 5mg com 60 Comprimidos - Ache,ACHE RX,7896658030291,122.26,103.92,18.340000000000003,15.0
"Volare 40mg 0,4ml Injetável com  2 Seringas - Ache",ACHE RX,7896658037238,168.35,143.1,25.25,15.0
Sany D 10.000ui com 4 Cápsulas - Ache,ACHE RX,7896658036781,25.9,22.79,3.1099999999999994,12.0
Zior 250mg com 14 Comprimidos - Ache,ACHE RX,7896658034015,79.5,67.58,11.920000000000002,15.0
Trezor 10mg com 60 Comprimidos - Ache,ACHE RX,7896658035289,76.5,61.02,15.479999999999997,20.2
Dorene 25mg/ml Uso Oral 60ml - Ache,ACHE RX,7896658038600,82.32,64.69,17.629999999999995,21.4
Osteoban 150mg com 3 Comprimidos,ACHE RX,7896658036019,151.43,123.47,27.960000000000008,18.5
Sany D 7.000ui com 12 Comprimidos - Ache,ACHE RX,7896658036262,39.58,33.64,5.939999999999998,15.0
Etira 500mg com 60 Comprimidos - Ache,ACHE RX,7896658039027,196.98,145.82,51.16,26.0
Klev 10mg com 10 Comprimidos - Ache,ACHE RX,7896658039003,50.79,50.79,0.0,0.0
Sany D 10.000ui com 4 Comprimidos - Ache,ACHE RX,7896658036279,28.42,24.16,4.260000000000002,15.0
Sany D 7.000ui com 8 Cápsulas - Ache,ACHE RX,7896658036859,25.58,21.74,3.84,15.0
Sany D 200ui Gotas com 20ml - Ache,ACHE RX,7896658038723,37.82,33.28,4.539999999999999,12.0
Sany D 200ui Gotas com 10ml - Ache,ACHE RX,7896658038730,19.9,17.51,2.389999999999997,12.0
Kit 3 Pant Sec 50mg/ml 50ml + Válvula Spray - Ache,ACHE RX,7896658038709,217.19,184.61,32.579999999999984,15.0
Pant Sec 50mg/ml 50ml + Válvula Spray - Ache,ACHE RX,7896658038686,85.73,72.87,12.86,15.0
Pant Sec 50mg/ml 50ml Refil - Ache,ACHE RX,7896658038716,72.84,61.91,10.930000000000007,15.0
Kit 2 Pant Sec 50mg/ml 50ml + Válvula Spray - Ache,ACHE RX,7896658038693,144.72,123.01,21.709999999999994,15.0
Exodus 20mg com 60 Comprimidos - Ache,ACHE RX,7896658018091,244.72,194.96,49.75999999999999,20.3
Quetros 25mg com 60 Comprimidos - Ache,ACHE RX,7896658039270,89.64,69.41,20.230000000000004,22.6
Bravan Duo 160/5mg com 30 Comprimidos - Ache,ACHE RX,7896658024955,66.37,58.41,7.960000000000008,12.0
Bravan Duo 320/5mg com 30 Comprimidos - Ache,ACHE RX,7896658024993,98.62,86.79,11.829999999999998,12.0
Bravan Duo 320/10mg com 30 Comprimidos - Ache,ACHE RX,7896658025013,108.99,95.91,13.079999999999998,12.0
Bravan Duo 80/5mg com 30 Comprimidos - Ache,ACHE RX,7896658024931,66.37,58.41,7.960000000000008,12.0
Allestra 15 com 28 Comprimidos - Ache,ACHE RX,7896658035975,28.24,19.42,8.819999999999997,31.2
Cipide 100mg com 60 Comprimidos - Ache,ACHE RX,7896658038587,84.92,68.12,16.799999999999997,19.8
Osteotrat 35mg com 12 Comprimidos - Ache,ACHE RX,7896658038556,224.47,190.8,33.66999999999999,15.0
Famox 20mg com 30 Comprimidos - Ache,ACHE RX,7896658000386,71.73,63.12,8.610000000000007,12.0
Rubia 75mg com 28 Comprimidos - Ache,ACHE RX,7896658034770,37.53,31.9,5.630000000000003,15.0
Rubia 75mg com 84 Comprimidos - Ache,ACHE RX,7896658034787,106.61,90.62,15.989999999999995,15.0
Famox 40mg com 30 Comprimidos - Ache,ACHE RX,7896658000409,107.06,94.21,12.850000000000009,12.0
"Nienza 3,125mg com 30 Comprimidos - Ache",ACHE RX,7896658038259,15.66,13.78,1.8800000000000008,12.0
"Laxime 0,15% Solução Oftálmica 10ml - Ache",ACHE RX,7896658034541,59.62,52.47,7.149999999999999,12.0
Nienza 25mg com 30 Comprimidos - Ache,ACHE RX,7896658038273,30.39,26.74,3.650000000000002,12.0
"Nienza 6,25mg com 30 Comprimidos - Ache",ACHE RX,7896658038266,21.33,18.77,2.5599999999999987,12.0
Nienza 12.5mg com 30 Comprimidos - Ache,ACHE RX,7896658038280,22.33,17.02,5.309999999999999,23.8
Sany D 2.000ui com 60 Cápsulas - Ache,ACHE RX,7896658037948,43.54,37.01,6.530000000000001,15.0
Sany D 2.000ui com 30 Cápsulas - Ache,ACHE RX,7896658037917,24.19,20.56,3.6300000000000026,15.0
Sany D 1.000ui - 30 Cápsulas,ACHE RX,7896658037924,16.53,14.05,2.4800000000000004,15.0
Sany D 1.000ui com 60 Cápsulas - Ache,ACHE RX,7896658037931,29.76,25.3,4.460000000000001,15.0
Diosmin 900mg + 100mg com 30 Comprimidos Revestidos - Ache,ACHE RX,7896658036477,148.7,130.86,17.839999999999975,12.0
Tormiv SL 10mg com 10 Comprimidos Sublinguais - Ache,ACHE RX,7896658038112,38.86,33.03,5.829999999999998,15.0
"Bravan HCT 80mg 12,5mg com 30 Comprimidos - Ache",ACHE RX,7896658018800,75.07,60.63,14.43999999999999,19.2
Tormiv SL 10mg com 20 Comprimidos Sublinguais - Ache,ACHE RX,7896658038129,73.84,62.76,11.080000000000005,15.0
Bravan HCT 160mg 25mg com 30 Comprimidos - Ache,ACHE RX,7896658018787,75.07,58.86,16.209999999999994,21.6
Trezor 40mg com 30 Comprimidos - Ache,ACHE RX,7896658048593,192.7,153.14,39.56,20.5
Sany D 50.000ui com 8 Cápsulas - Ache,ACHE RX,7896658036804,134.58,114.39,20.190000000000012,15.0
Lutab 20mg com 30 Comprimidos - Ache,ACHE RX,7896658035784,221.94,188.65,33.28999999999999,15.0
Vie 10mg com 60 Comprimidos - Ache,ACHE RX,7896658022210,87.27,87.27,0.0,0.0
Betadine Xarope 48mg com 30 Comprimidos - Ache,ACHE RX,7896658030369,86.87,71.3,15.570000000000007,17.9
"Cordarex 2,5mg com 60 Comprimidos - Ache",ACHE RX,7896181927853,74.06,57.55,16.510000000000005,22.3
Divena 40mg com 60 Comprimidos - Ache,ACHE RX,7896658027611,113.58,96.54,17.039999999999992,15.0
Regressa 16mg com 30 Cápsulas - Ache,ACHE RX,7896658029240,216.02,183.62,32.400000000000006,15.0
Gaeso 20mg com 28 Comprimidos Liberação Retardada - Ache,ACHE RX,7896658034466,89.79,68.38,21.41000000000001,23.8
Gaeso 40mg com 28 Comprimidos de Liberação Retardada - Ache,ACHE RX,7896658034435,179.65,144.83,34.81999999999999,19.4
Cefalium One 750mg com 20 Comprimidos - Ache,ACHE RX,7896658036057,28.44,25.03,3.41,12.0
Clopin Duo 75mg+100mg com 30 Comprimidos - Ache,ACHE RX,7896658032431,83.4,66.29,17.11,20.5
Betadine Xarope 32mg com 30 Comprimidos - Ache,ACHE RX,7896658030345,65.06,52.7,12.36,19.0
Nebitah 5mg com 30 Comprimidos - Ache,ACHE RX,7896658035067,51.49,39.71,11.780000000000001,22.9
Sany D 50.000ui com 4 Cápsulas - Ache,ACHE RX,7896658036811,76.65,65.15,11.5,15.0
Domped Gotas 20ml - Ache,ACHE RX,7896658028120,56.53,49.75,6.780000000000001,12.0
Alenia 12/400mg com 60 Comprimidos + Inalador - Ache,ACHE RX,7896181918950,196.68,167.18,29.5,15.0
Allestra 20 com 63 Comprimidos - Ache,ACHE RX,7896658036996,90.49,70.01,20.47999999999999,22.6
Allestra 20 com 21 Comprimidos - Ache,ACHE RX,7896658036989,39.73,30.66,9.069999999999997,22.8
Allestra 30 com 21 Unidades - Ache,ACHE RX,7896658037009,38.79,30.05,8.739999999999998,22.5
Angipress 50mg com 30 Comprimidos - Ache,ACHE RX,7896181916246,37.09,29.33,7.760000000000005,20.9
Artrosil 160 mg com 10 Cápsulas - Ache,ACHE RX,7896658008115,37.3,32.82,4.479999999999997,12.0
Artrolive com 30 Cápsulas - Ache,ACHE RX,7896658004858,122.75,104.34,18.409999999999997,15.0
Artrolive com 90 Cápsulas - Ache,ACHE RX,7896658004391,330.8,281.18,49.620000000000005,15.0
Artrosil 320mg com 10 Comprimidos - Ache,ACHE RX,7896658008122,61.37,54.01,7.359999999999999,12.0
Artrosil 320mg com 20 Cápsulas - Ache,ACHE RX,7896658001871,129.95,114.36,15.58999999999999,12.0
Artrosil 160mg com 20 Comprimidos - Ache,ACHE RX,7896658001864,79.01,69.53,9.480000000000004,12.0
Biomag 10mg com 30 Comprimidos - Ache,ACHE RX,7896658007019,57.6,47.06,10.54,18.3
Biomag 15mg com 30 Comprimidos - Ache,ACHE RX,7896658007040,60.18,48.81,11.369999999999997,18.9
Brondilat Xarope Pediátrico120ml - Ache,ACHE RX,7896658002120,44.64,39.28,5.359999999999999,12.0
Brondilat Xarope Adulto 120ml - Ache,ACHE RX,7896658002113,56.82,50.0,6.82,12.0
Busonid 50mcg Spray 120 Doses 6ml - Ache,ACHE RX,7896181907176,45.5,33.9,11.600000000000001,25.5
Busonid 64mg 120 Doses Nasal 6ml - Ache,ACHE RX,7896181915188,35.58,28.94,6.639999999999997,18.7
Busonid 32mcg 120 Doses 6ml - Ache,ACHE RX,7896181915171,31.01,22.94,8.07,26.0
Busonid 100mg com 120 Doses 6ml - Ache,ACHE RX,7896181913719,91.52,69.35,22.17,24.2
Busonid 400mcg com 60 Comprimidos + Inalador - Ache,ACHE RX,7896181903222,115.19,97.91,17.28,15.0
Busonid 400mcg Cápsulas de Gel em Pó - Ache,ACHE RX,7896181901372,92.33,78.48,13.849999999999994,15.0
Busonid 200mcg Refil com 60 Cápsulas - Ache,ACHE RX,7896181900740,53.1,45.14,7.960000000000001,15.0
Busonid 200mcg Cápsulas em Pó de Uso Inalatório - Ache,ACHE RX,7896181904441,66.3,56.36,9.939999999999998,15.0
Candicort Creme 30g - Ache,ACHE RX,7896658001116,43.58,38.35,5.229999999999997,12.0
Candicor Pomada 30g - Ache,ACHE RX,7896658001123,42.87,37.73,5.140000000000001,12.0
Cefaliv com 12 Comprimidos - Ache,ACHE RX,7896658001079,22.38,16.99,5.390000000000001,24.1
Combiron Folíco com 45 Comprimidos - Ache,ACHE RX,7896658003653,47.91,42.16,5.75,12.0
"Cordarex 2,5mg com 30 Comprimidos - Ache",ACHE RX,7896181901631,37.78,29.83,7.950000000000003,21.0
"Decadron 0,75 mg com 20 Comprimidos - Ache",ACHE RX,7896658003523,14.92,14.02,0.9000000000000004,6.0
"Decadron 0,50 mg com 20 Comprimidos - Ache",ACHE RX,7896658003516,11.99,11.27,0.7200000000000006,6.0
Decadron Injetável 2mg 2 x1ml - Ache,ACHE RX,7896658003172,17.27,16.23,1.0399999999999991,6.0
Decadron Elixir 120ml - Ache,ACHE RX,7896658003554,34.74,30.57,4.170000000000002,12.0
"Decadron Injetável 4mg 1 x 2,5ml - Ache",ACHE RX,7896658003189,21.4,20.12,1.2799999999999976,6.0
Decadron 4 mg com 10 Cápsulas - Ache,ACHE RX,7896658003141,25.06,23.56,1.5,6.0
Depaxan 20mg com 30 Comprimidos - Ache,ACHE RX,7896181914518,143.4,114.49,28.91000000000001,20.2
Digeplus com 30 Cápsulas - Ache,ACHE RX,7896658008023,55.52,48.86,6.660000000000004,12.0
Diosmin com 60 Comprimidos - Ache,ACHE RX,7896658006050,140.89,119.76,21.12999999999998,15.0
Diosmin com 30 Comprimidos - Ache,ACHE RX,7896658006043,66.82,56.8,10.019999999999996,15.0
Diosmin SDU 900/100 com 30 Sachês Sabor Limão - Ache,ACHE RX,7896658011368,188.63,160.34,28.289999999999992,15.0
Exodus 10mg com 60 Comprimidos - Ache,ACHE RX,7896658010187,108.12,85.31,22.810000000000002,21.1
Exodus 10mg com 30 Comprimidos - Ache,ACHE RX,7896658010170,87.07,68.07,19.0,21.8
Famox 40mg com 10 Comprimidos - Ache,ACHE RX,7896658000393,54.08,47.59,6.489999999999995,12.0
Femina com 21 Comprimidos Revestidos - Ache,ACHE RX,7896658006401,43.23,34.26,8.969999999999999,20.7
Fentizol Óvulo 600 mg com 1 Aplicador - Ache,ACHE RX,7896658007309,90.54,79.68,10.86,12.0
Fentizol 2% Creme Vaginal 40g - Ache,ACHE RX,7896658005091,46.66,41.06,5.599999999999994,12.0
Flogo-Rosa com 10 Envelopes - Ache,ACHE RX,7896658005336,55.89,49.18,6.710000000000001,12.0
Leucogen Xarope 120ml - Ache,ACHE RX,7896658002403,114.2,88.42,25.78,22.6
Levoid 75mg com 30 Comprimidos - Ache,ACHE RX,7896658008788,20.81,16.42,4.389999999999997,21.1
Levoid 38mcg com 30 Comprimidos - Ache,ACHE RX,7896658002076,11.85,9.19,2.66,22.4
Levoid 25mg com 30 Comprimidos - Ache,ACHE RX,7896658008740,18.05,14.31,3.74,20.7
Levoid 100mg com 30 Comrpimidos - Ache,ACHE RX,7896658008825,17.43,13.72,3.709999999999999,21.3
Levoid 88mg com 30 Comprimidos - Ache,ACHE RX,7896658008801,26.57,21.11,5.460000000000001,20.5
Levoid 50mg com 30 Comprimidos - Ache,ACHE RX,7896658008764,20.25,15.92,4.33,21.4
Levoid 112mg com 30 Comprimidos - Ache,ACHE RX,7896658008849,33.54,26.64,6.899999999999999,20.6
Levoid 150mg com 30 Comprimidos - Ache,ACHE RX,7896658008887,28.46,21.46,7.0,24.6
Levoid 175mg com 30 Comprimidos - Ache,ACHE RX,7896658003394,35.82,27.12,8.7,24.3
Levoid 200mg com 30 Comprimidos - Ache,ACHE RX,7896658003479,40.75,31.8,8.95,22.0
Levoid 125mg com 30 Comprimidos - Ache,ACHE RX,7896658008863,26.6,20.82,5.780000000000001,21.7
Maxapran 20mg com 28 Comprimidos - Ache,ACHE RX,7896181914174,67.08,52.06,15.019999999999996,22.4
Meritor 2-1000mg com 30 Comprimidos - Ache,ACHE RX,7896658012402,62.91,50.78,12.129999999999995,19.3
Mirtax 10mg com 15 Comprimidos - Ache,ACHE RX,7896658008559,17.49,15.39,2.099999999999998,12.0
Mirtax 5mg com 30 Comprimidos - Ache,ACHE RX,7896658005978,35.08,30.87,4.209999999999997,12.0
Nisulid 100mg com 12 Comprimidos - Ache,ACHE RX,7896658005121,64.53,54.85,9.68,15.0
Nisulid Dispersivel com 12 Comprimidos - Ache,ACHE RX,7896658005084,71.28,60.59,10.689999999999998,15.0
Novacort Pomada 30g - Ache,ACHE RX,7896658000577,45.21,39.78,5.43,12.0
Novacort Creme 30g - Ache,ACHE RX,7896658000560,45.21,39.78,5.43,12.0
Parasin 400mg com 1 Comprimido Mastigável - Ache,ACHE RX,7896658002687,16.99,15.97,1.0199999999999978,6.0
Prelone 120ml - Ache,ACHE RX,7896658009532,54.39,46.23,8.160000000000004,15.0
Prelone 20mg com 10 Comprimidos - Ache,ACHE RX,7896658005145,32.97,29.01,3.9599999999999973,12.0
Prelone 5mg com 20 Comprimidos - Ache,ACHE RX,7896658005763,22.69,19.97,2.7200000000000024,12.0
Prelone Solução Oral 60ml - Ache,ACHE RX,7896658009518,30.7,27.02,3.6799999999999997,12.0
Remilev 250/60mg com 20 Comprimidos - Ache,ACHE RX,7896658004810,75.2,63.92,11.280000000000001,15.0
Soyfemme 150mg - 30 cápsulas,ACHE RX,7896658006005,143.86,112.81,31.05000000000001,21.6
Tandrilax com 15 Comprimidos - Ache,ACHE RX,7896658004704,18.45,16.24,2.210000000000001,12.0
Tandrilax com 30 Comprimidos - Ache,ACHE RX,7896658001666,35.33,31.09,4.239999999999998,12.0
Vertix Gotas 30ml - Ache,ACHE RX,7896658004834,13.69,12.87,0.8200000000000003,6.0
Vertizine D com 20 Comprimidos - Ache,ACHE RX,7896658002700,95.32,81.02,14.299999999999997,15.0
Meritor 4 +1000mg com 30 Comprimidos - Ache,ACHE RX,7896658012419,79.55,67.74,11.810000000000002,14.8
Fentizol Creme Dermatológico Bisnaga 20g - Ache,ACHE RX,7896658003981,43.35,38.15,5.200000000000003,12.0
Adinos 5mg Gel Dermatológico 30g - Ache RX,ACHE RX,7896658002960,43.13,37.95,5.18,12.0
Alenia 6 + 200mcg 60 Cápsulas (Refil) - Ache,ACHE RX,7896181905288,115.83,98.46,17.370000000000005,15.0
Adinos 5mg Gel Dermatológico 15g - Ache RX,ACHE RX,7896658003165,21.57,18.98,2.59,12.0
Alenia 6 +100mcg com 60 Cápsulas + Inalador - Ache,ACHE RX,7896181905271,111.7,94.95,16.75,15.0
Dermomax Creme - 5g,ACHE RX,7896181909088,30.04,26.44,3.599999999999998,12.0
Alenia 6/200mcg com 60 Cápsulas + Inalador - Ache,ACHE RX,7896181905295,132.02,112.22,19.80000000000001,15.0
Zargus 1mg com 30 Comprimidos Revestidos - Ache,ACHE RX,7896181922247,52.16,40.21,11.949999999999996,22.9
Zargus 2mg com 30 Comprimidos - Ache,ACHE RX,7896181922254,52.16,40.33,11.829999999999998,22.7
Zargus 3mg com 30 Comprimidos Revestidos - Ache,ACHE RX,7896181922261,52.16,40.19,11.969999999999999,22.9
Femina com 63 Comprimidos - Ache,ACHE RX,7896658002212,95.06,73.83,21.230000000000004,22.3
Montelair 10mg com 30 Comprimidos - Ache,ACHE RX,7896658014215,76.28,64.84,11.439999999999998,15.0
Quetros 25mg com 30 Comprimidos - Ache,ACHE RX,7896658015168,53.64,42.78,10.86,20.2
Exodus 20mg 15ml - Ache,ACHE RX,7896658018121,100.64,80.47,20.17,20.0
Betadine 16mg com 30 Comprimidos - Ache,ACHE RX,7896658016554,30.07,23.16,6.91,23.0
Betadine 24mg com 30 Comprimidos - Ache,ACHE RX,7896658016585,40.41,32.52,7.8899999999999935,19.5
Cordarex 5mg com 30 Comprimidos - Ache,ACHE RX,7896181901747,37.24,30.07,7.170000000000002,19.3
Fentizol Spray 30ml - Ache,ACHE RX,7896658001390,68.12,59.95,8.170000000000002,12.0
Clopin 75mg com 30 Comprimidos - Ache,ACHE RX,7896658011924,68.13,54.38,13.749999999999993,20.2
Liberaflux 100ml - Ache,ACHE RX,7896658021442,41.5,36.52,4.979999999999997,12.0
Osteoban 150mg com 1 Comprimido - Ache,ACHE RX,7896658019036,55.52,44.05,11.470000000000006,20.7
Trezor 10mg com 30 Comprimidos - Ache,ACHE RX,7896658015380,39.3,30.8,8.499999999999996,21.6
Trezor 20mg com 30 Comprimidos - Ache,ACHE RX,7896658015427,67.56,53.67,13.89,20.6
Dermomax Creme 30g - Ache,ACHE RX,7896181909118,133.54,117.52,16.019999999999996,12.0
Osteotrat 35mg com 4 Comprimidos - Ache,ACHE RX,7896658017247,100.28,85.24,15.040000000000006,15.0
Famox 20mg com 10 Comprimidos - Ache,ACHE RX,7896658000379,34.1,30.01,4.09,12.0
Exodus 15mg com 30 Comprimidos - Ache,ACHE RX,7896658020575,136.54,105.58,30.959999999999994,22.7
Exodus 20mg com 30 Comprimidos - Ache,ACHE RX,7896658018084,169.96,133.34,36.620000000000005,21.5
Axonium 10mg com 30 Comprimidos - Ache,ACHE RX,7896658017704,151.75,118.99,32.760000000000005,21.6
Axonium 5mg com 30 Comprimidos - Ache,ACHE RX,7896658017643,144.41,118.79,25.61999999999999,17.7
Prelone Solução Oral 20ml - Ache,ACHE RX,7896658011276,37.88,33.33,4.550000000000004,12.0
Angipress 25mg com 30 Comprimidos - Ache,ACHE RX,7896181916222,22.93,18.28,4.649999999999999,20.3
"Axonium 2,5mg com 30 Comprimidos - Ache",ACHE RX,7896658017582,72.2,62.09,10.11,14.0
Corus 25mg com 30 Comprimidos - Ache,ACHE RX,7896181920397,51.7,43.95,7.75,15.0
Prelone 5mg com 10 Comprimidos - Ache,ACHE RX,7896658011580,10.38,9.13,1.25,12.0
Diosmin SDU 900/100 com 30 Sachê Abacaxi - Ache,ACHE RX,7896658000911,188.63,160.34,28.289999999999992,15.0
"Corus H 50/12,5mg com 30 Comprimidos - Ache",ACHE RX,7896181900115,74.47,63.3,11.170000000000002,15.0
Corus H 100/25mg com 30 Comprimidos - Ache,ACHE RX,7896181900085,149.48,127.06,22.419999999999987,15.0
Corus 50mg com 30 Comprimidos - Ache,ACHE RX,7896181920410,14.03,4.59,9.44,67.3
Aristab 15mg com 30 Comprimidos - Ache,ACHE RX,7896658016318,356.64,270.45,86.19,24.2
Aristab 10mg com 30 Comprimidos - Ache,ACHE RX,7896658016271,206.01,162.36,43.64999999999998,21.2
Bravan 80mg com 30 Comprimidos - Ache,ACHE RX,7896658016653,48.18,36.78,11.399999999999999,23.7
Bravan 160mg com 30 Comprimidos - Ache,ACHE RX,7896658016677,48.18,38.67,9.509999999999998,19.7
Bravan 320mg com 30 Comprimidos - Ache,ACHE RX,7896658016691,59.22,47.26,11.96,20.2
Cipide 100mg com 30 Comprimidos - Ache,ACHE RX,7896658019562,51.66,40.52,11.139999999999993,21.6
Artrolive 4mg com 30 Sachês - Ache,ACHE RX,7896658021268,227.12,193.05,34.06999999999999,15.0
Motore 250mg com 60 Cápsulas - Ache,ACHE RX,7896658020988,164.06,139.45,24.610000000000014,15.0
Motore 250mg com 120 Cápsulas - Ache,ACHE RX,7896658020995,265.88,226.0,39.879999999999995,15.0
Ekson 200/50mg com 30 Comprimidos - Ache,ACHE RX,7896658020605,122.22,107.55,14.670000000000002,12.0
Donila 5mg com 30 Comprimidos - Ache,ACHE RX,7896658014604,62.68,53.28,9.399999999999999,15.0
Valpi 500mg com 30 Comprimidos - Ache,ACHE RX,7896658033872,72.48,57.71,14.770000000000003,20.4
Donila 10mg com 30 Comprimidos - Ache,ACHE RX,7896658014567,62.68,53.28,9.399999999999999,15.0
Dorene 150mg com 30 Cápsulas - Ache,ACHE RX,7896658015779,197.09,144.18,52.91,26.8
Quetros 100mg com 30 Comprimidos - Ache,ACHE RX,7896658015212,143.06,114.15,28.909999999999997,20.2
Aristab 10mg com 10 Comprimidos - Ache,ACHE RX,7896658016264,88.61,67.55,21.060000000000002,23.8
Montelair 5mg com 30 Comprimidos - Ache,ACHE RX,7896658023354,76.28,64.84,11.439999999999998,15.0
Adipept 40mg com 28 Comprimidos - Ache RX,ACHE RX,7896658021732,55.82,49.12,6.700000000000003,12.0
Resist 500mg com 30 Cápsulas - Ache,ACHE RX,7896658024627,67.8,57.63,10.169999999999995,15.0
Alenia 12/400mcg com 60 Cápsulas - Ache,ACHE RX,7896181918943,149.14,126.77,22.36999999999999,15.0
Vidmax 25mg c/60 cpr,ACHE RX,7896658009631,54.3,41.81,12.489999999999995,23.0
Vidmax 50mg c/60 cpr,ACHE RX,7896658009662,110.75,79.69,31.060000000000002,28.0
Donila Duo 10mg + 20mg com 30 Comprimidos - Ache,ACHE RX,7896658022944,231.33,169.76,61.57000000000002,26.6
Dual 30mg com 30 Comprimidos - Ache,ACHE RX,7896658024146,70.5,55.15,15.350000000000001,21.8
"Dastene 0,5mg com 30 Cápsulas - Ache",ACHE RX,7896658024887,122.75,95.36,27.39,22.3
Zyad 20mg com 2 Comprimidos - Biolab,ACHE RX,7896658025532,69.41,59.0,10.409999999999997,15.0
Donila Duo 10mg + 5mg com 7 Comprimidos - Ache,ACHE RX,7896658022876,37.97,37.97,0.0,0.0
Vidmax 100mg c/60 cpr,ACHE RX,7896658009693,214.13,166.97,47.16,22.0
Montelair 4mg com 30 Comprimidos - Ache,ACHE RX,7896658023323,76.28,64.84,11.439999999999998,15.0
Pant Solução Capilar 50ml - Ache,ACHE RX,7896658026904,76.25,64.81,11.439999999999998,15.0
Sany D 1000ui com 30 Comprimidos - Ache,ACHE RX,7896658028311,41.75,35.49,6.259999999999998,15.0
Sany D 7.000ui com 8 Comprimidos - Ache,ACHE RX,7896658028366,35.41,30.1,5.309999999999995,15.0
Sany D 2.000ui com 30 Comprimidos - Ache,ACHE RX,7896658028328,60.81,51.69,9.120000000000005,15.0
Avide 100mg com 9 Cápsulas - Ache,ACHE RX,7896658026195,55.85,49.15,6.700000000000003,12.0
Dual 60mg com 30 Comprimidos - Ache,ACHE RX,7896658024191,140.41,109.21,31.200000000000003,22.2
"Untral 2,5mg com 30 Cápsulas - Ache",ACHE RX,7896658027055,144.4,122.74,21.66000000000001,15.0
Leucogen 80mg com 30 Cápsulas - Ache,ACHE RX,7896658029028,161.81,126.12,35.69,22.1
Foxis 200mg com 30 Cápsulas - Ache,ACHE RX,7896658028113,112.96,97.15,15.809999999999988,14.0
Foxis 200mg com 10 Cápsulas Cápsulas - Ache,ACHE RX,7896658028083,42.23,37.16,5.07,12.0
Resist 500mg com 90 Cápsulas - Ache,ACHE RX,7896658026508,175.39,149.08,26.309999999999974,15.0
Irritratil 200mg com 30 Cápsulas - Ache,ACHE RX,7898569763732,87.01,76.57,10.440000000000012,12.0
Allestra 30 com 63 Comprimidos - Ache,ACHE RX,7896658036965,90.33,68.9,21.429999999999993,23.7
Oxotron 60mg com 15 Comprimidos - Ache,ACHE RX,7896658030192,38.81,32.99,5.82,15.0
Sany D 50.000ui com 4 Comprimidos - Ache,ACHE RX,7896658029707,88.67,75.37,13.299999999999997,15.0
Biomag 15mg com 60 Comprimidos - Ache,ACHE RX,7896658031892,106.37,87.1,19.27000000000001,18.1
Trezor 5mg com 30 Comprimidos - Ache,ACHE RX,7896658026065,33.54,26.44,7.099999999999998,21.2
Deller 50mg com 30 Comprimidos - Ache,ACHE RX,7896658029561,86.91,68.33,18.58,21.4
Zolfest D 10mg com 20 Comprimidos - Biolab,ACHE RX,7896658025525,74.67,63.47,11.200000000000003,15.0
Kalist 2mg com 28 Comprimidos - Ache,ACHE RX,7896658027703,63.76,45.15,18.61,29.2
Oxotron 60mg com 30 Comprimidos - Ache,ACHE RX,7896658030208,77.6,65.96,11.64,15.0
Montelair 10mg com 60 Comprimidos - Ache,ACHE RX,7896658030277,122.26,103.92,18.340000000000003,15.0
Deller 100mg com 30 Comprimidos - Ache,ACHE RX,7896658029608,100.17,78.79,21.379999999999995,21.3
Zyad Diário 5mg com 30 Comprimidos - Biolab,ACHE RX,7896658034220,91.24,77.55,13.689999999999998,15.0
Dorene Tabs 75mg com 30 Cápsulas - Ache,ACHE RX,7896658022371,75.2,63.92,11.280000000000001,15.0
Dorene Tabs 150mg com 30 Cápsulas - Ache,ACHE RX,7896658022456,109.05,84.95,24.099999999999994,22.1
Regressa 8mg com 30 Cápsulas - Ache,ACHE RX,7896658029233,178.65,151.85,26.80000000000001,15.0
Tolrest 25mg com 30 Comprimidos - Ache,ACHE RX,7896181916437,59.83,46.46,13.369999999999997,22.3
Etira 500mg com 30 Comprimidos - Ache,ACHE RX,7896658029318,103.61,83.46,20.150000000000006,19.4
Regressa 24mg com 30 Cápsulas - Ache,ACHE RX,7896658029257,239.63,203.69,35.94,15.0
Etira 1000mg com 30 Comprimidos - Ache,ACHE RX,7896658029356,203.14,158.76,44.379999999999995,21.8
Traum Retard 100mg com 10 Comprimidos - Ache,ACHE RX,7896181929178,94.6,80.41,14.189999999999998,15.0
Etira Uso Oral 100ml - Ache,ACHE RX,7896658029394,97.51,83.86,13.650000000000006,14.0
Pant Solução Capilar 50ml com 3 Unidades - Ache,ACHE RX,7896658035340,168.78,143.46,25.319999999999993,15.0
Biomag 10mg com 60 Cápsulas - Ache,ACHE RX,7896658031885,118.54,93.63,24.91000000000001,21.0
Trezor 20mg com 60 Comprimidos - Ache,ACHE RX,7896658035272,129.44,104.93,24.50999999999999,18.9
Trezete 10/10mg com 30 Comprimidos - Ache,ACHE RX,7896658027123,90.65,72.63,18.02000000000001,19.9
Trezete 20/10mg com 30 Comprimidos - Ache,ACHE RX,7896658027130,128.17,103.18,24.98999999999998,19.5
"Untral 2,5mg com 90 Cápsulas - Ache",ACHE RX,7896658027079,289.98,246.48,43.50000000000003,15.0
Aristab Xarope 150ml - Ache,ACHE RX,7896658035432,208.07,164.82,43.25,20.8
"Bravan HCT 160mg 12,5mg com 30 Comprimidos - Ache",ACHE RX,7896658018763,75.07,57.04,18.029999999999994,24.0
Pant Solução Capilar 50ml Refil - Ache,ACHE RX,7896658034978,63.52,53.99,9.530000000000001,15.0
Ekson 100/25mg com 30 Comprimidos - Ache,ACHE RX,7896658033582,54.61,48.06,6.549999999999997,12.0
Nautex 8mg com 10 Comprimidos - Ache,ACHE RX,7896658034237,66.92,56.88,10.04,15.0
Divena 40mg com 30 Comprimidos - Ache,ACHE RX,7896658027604,69.12,58.75,10.370000000000005,15.0
Macrodantina 100mg com 40 Cápsulas - Hypera,HYPERA,7896094920453,23.94,22.5,1.4400000000000013,6.0
Diprogenta Creme 30g - Hypera,HYPERA,7891142142290,50.84,43.72,7.1200000000000045,14.0
Diprogenta Pomada 30g - Hypera,HYPERA,7891142142283,52.83,45.43,7.399999999999999,14.0
Macrodantina 100mg com 28 Cápsulas - Hypera,HYPERA,7891142165770,16.8,15.79,1.0100000000000016,6.0
Quadriderm Creme 20g - Hypera,HYPERA,7891142180766,59.87,56.28,3.5899999999999963,6.0
Quadriderm Pomada 20g - Hypera,HYPERA,7891142180773,60.07,56.47,3.6000000000000014,6.0
Deriva C Micro Gel 30g - Hypera,HYPERA,7897473205772,50.41,47.39,3.019999999999996,6.0
Adacne Gel de Uso Dermatológico 45g - Hypera,HYPERA,7897473205741,80.42,75.59,4.829999999999998,6.0
Garasone Uso Otológico/Oftálmico 20ml - Hypera,HYPERA,7891142202833,31.56,29.67,1.889999999999997,6.0
Melatonum Complete com 30 Cápsulas - Hypera,HYPERA,7896094929548,53.9,50.51,3.3900000000000006,6.3
Rinosoro Spray Nasal XT Sic 3% com 50ml - Hypera,HYPERA,7896094928541,38.21,33.62,4.590000000000003,12.0
Persur 5mg com 30 Comprimidos - Hypera,HYPERA,7896094928251,285.69,222.87,62.81999999999999,22.0
Rinosoro Alto Volume 15 Sachês + Frasco de 120ml - Hypera,HYPERA,7896094930391,54.17,46.04,8.130000000000003,15.0
FoQ XR 36mg com 30 Comprimidos - Hypera,HYPERA,7896094927827,297.81,239.61,58.19999999999999,19.5
Alektos 20mg com 20 Comprimidos - Hypera,HYPERA,7896094927551,70.51,59.93,10.580000000000005,15.0
Addera + Move 2.000UI com 30 Sachês - Hypera,HYPERA,7896094927667,95.71,67.42,28.289999999999992,29.6
Addera Max Cal com 30 Comprimidos - Hypera,HYPERA,7896094928572,103.41,87.9,15.509999999999991,15.0
"RINOSORO XT SIC 0,9% SPRAY NASAL 50ML",HYPERA,7896094929210,36.68,32.28,4.399999999999999,12.0
CORISTINA D CONGEST C/12 COMP,HYPERA,7896094930230,25.59,21.75,3.84,15.0
Picbam 5mg com 60 Comprimidos - Hypera,HYPERA,7896714291857,277.79,277.79,0.0,0.0
MELATONUM MAX SABOR MENTA 30ML,HYPERA,7896094928985,68.99,61.16,7.829999999999998,11.3
Addera Max com 30 Comprimidos - Hypera,HYPERA,7891142982537,75.78,64.41,11.370000000000005,15.0
Tamarine Fibras Max Laranja com 10 Sachês - Hypera,HYPERA,7896094927483,41.99,36.47,5.520000000000003,13.1
Tamarine Fibras Max com 10 Sachês - Hypera,HYPERA,7896094927452,41.99,33.17,8.82,21.0
Apracur Duo com 6 Comprimidos - Hypera,HYPERA,7896094919068,7.99,7.03,0.96,12.0
Aviv 50mg com 60 Comprimidos - Hypera,HYPERA,7896094927131,130.43,101.92,28.510000000000005,21.9
Addera+Imunidade Max com 30 Comprimidos - Hypera,HYPERA,7891142982544,112.22,95.39,16.83,15.0
Ecoxe 60mg com 14 Comprimidos - Hypera,HYPERA,7896714292069,124.64,107.19,17.450000000000003,14.0
Ecoxe 60mg com 7 Comprimidos - Hypera,HYPERA,7896714292052,62.51,53.76,8.75,14.0
Diprospan Injetável com 6 Ampolas de 1ml - Hypera,HYPERA,7891142982582,237.81,202.14,35.670000000000016,15.0
Eparema com 10 Drágeas - Hypera,HYPERA,7896094927889,21.45,18.88,2.5700000000000003,12.0
Gastrol Abacaxi com 6 Envelopes - Hypera,HYPERA,7896094928459,17.11,17.11,0.0,0.0
Diprospan Injetável 6 Ampolas 1ml - Hypera,HYPERA,7896714291901,100.13,100.13,0.0,0.0
Gastrol Laranja com 6 Envelopes - Hypera,HYPERA,7896094928466,17.11,17.11,0.0,0.0
"Picbam 2,5mg com 60 Comprimidos - Hypera",HYPERA,7896714291895,277.79,277.79,0.0,0.0
Picbam 5mg com 20 Comprimidos - Hypera,HYPERA,7896714291864,100.13,100.13,0.0,0.0
Buscofem 200ml - Hypera,HYPERA,7896094925915,29.9,25.42,4.479999999999997,15.0
Biotônico Fontoura Sabor Tutti-Frutti com 60 Cápsulas - Hypera,HYPERA,7896094929340,30.99,24.62,6.369999999999997,20.6
Biotônico Fontoura Sabor Morango com 60 Cápsulas - Hypera,HYPERA,7896094929333,30.99,24.99,6.0,19.4
Creme Prevenção de Assaduras Hypera Nebacetin Baby - 30g,HYPERA,7896094929036,14.99,12.74,2.25,15.0
Coledue 10mg com 30 Cápsulas - Hypera,HYPERA,7896094920927,66.3,52.57,13.729999999999997,20.7
Creme Regeneração de Assaduras Nebacetin Baby - 30g,HYPERA,7896094929081,26.99,22.94,4.049999999999997,15.0
Bifilac Lipid com 30 Cápsulas - Mantecorp,HYPERA,7891142982681,102.99,89.24,13.75,13.4
Bifilac Mind com 30 Cápsulas - Mantecorp,HYPERA,7891142982681,129.99,84.69,45.30000000000001,34.8
Descon Xarope 120ml - Mantecorp,HYPERA,7896094929371,20.36,17.31,3.0500000000000007,15.0
Predsim 10mg com 10 Comprimidos - Hypera,HYPERA,7891142982889,21.36,18.8,2.5599999999999987,12.0
Coristina D Congest - 120ml,HYPERA,7891142982971,20.36,17.31,3.0500000000000007,15.0
Buscopan Pediátrico 10mg/ml em Gotas com 20ml - Hypera,HYPERA,7896094928176,25.38,21.57,3.8099999999999987,15.0
"Extrato Cannabis Sativa 79,4mg/ml - 10 ml",HYPERA,7896714292304,922.46,765.28,157.18000000000006,17.0
"Extrato Cannabis Sativa 160,3mg/ml - 10 ml",HYPERA,7891142982513,595.82,466.7,129.12000000000006,21.7
Ecoxe 90mg com 14 Comprimidos - Hypera,HYPERA,7896714292113,138.94,119.49,19.450000000000003,14.0
Ecoxe 90mg com 7 Comprimidos - Hypera,HYPERA,7896714292045,70.2,60.37,9.830000000000005,14.0
Xarope Benetosse Hedera 15mg/ml - 100ml,HYPERA,7896094928527,32.89,27.96,4.93,15.0
Aviv 100mg com 30 Comprimidos - Hypera,HYPERA,7896094920736,86.96,65.71,21.25,24.4
Aviv 50mg com 30 Comprimidos - Hypera,HYPERA,7896094920729,79.73,63.32,16.410000000000004,20.6
Coledue-R 10/20mg com 30 Cápsulas - Hypera,HYPERA,7896094921276,109.56,86.46,23.10000000000001,21.1
Coledue-R 10/10mg com 30 Cápsulas - Hypera,HYPERA,7896094921269,76.69,61.0,15.689999999999998,20.5
Coledue-R 10/5mg com 30 Cápsulas - Hypera,HYPERA,7896094921252,67.08,53.7,13.379999999999995,19.9
Artroflan 150mg com 60 Comprimidos - Hypera,HYPERA,7896094918436,256.67,195.49,61.18000000000001,23.8
Lisador Cólica 10mg + 250mg - 20 Comprimidos,HYPERA,7896094928732,25.18,21.4,3.780000000000001,15.0
Benegrip Multi Febre e Dor Gotas com 15ml - Hypera,HYPERA,7896094928169,21.38,18.17,3.2099999999999973,15.0
Eparema Laranja Flaconete com 10ml - Hypera,HYPERA,7896094922358,4.17,3.54,0.6299999999999999,15.1
"Ivevi 2,5mg - 28 Comprimidos",HYPERA,7896094921511,231.14,196.47,34.66999999999999,15.0
Merthiolate Cicatrix Creme - 30ml,HYPERA,7896094919037,24.99,23.03,1.9599999999999973,7.8
Benegrip Multi Noite 800mg + 20mg + 4mg com 12 Comprimidos - Hypera,HYPERA,7896094927780,27.29,23.2,4.09,15.0
Benegrip Multi Dia 800mg + 20mg com 12 Comprimidos - Hypera,HYPERA,7896094927797,27.29,23.2,4.09,15.0
Buscopan Composto 10mg + 250mg com 4 Comprimidos - Hypera,HYPERA,7896094922242,6.4,5.44,0.96,15.0
Epocler Todo Dia - 30 Comprimido,HYPERA,7896094927537,15.9,12.72,3.1799999999999997,20.0
Epocler Todo Dia - 60 Comprimido,HYPERA,7896094927544,27.9,21.73,6.169999999999998,22.1
Ammy 4mg com 24+4 Comprimidos - Hypera,HYPERA,7896094928664,128.57,98.95,29.61999999999999,23.0
Buscofem Hot com 2 Adesivos - Hypera,HYPERA,7896094927032,24.18,18.9,5.280000000000001,21.8
Ondif 4mg com 10 Strips - Hypera,HYPERA,7896094921870,46.48,39.51,6.969999999999999,15.0
Suplemento Alimentar Curc - 30 Comprimidos,HYPERA,7896094927278,159.99,132.82,27.170000000000016,17.0
Ondif 8mg com 10 Strips - Hypera,HYPERA,7896006214687,87.59,74.45,13.14,15.0
Colflex Curcuma - 30 Comprimidos,HYPERA,7896094927223,248.9,248.9,0.0,0.0
Curc 400mg - 60 Comprimidos,HYPERA,7896094927261,269.99,248.1,21.890000000000015,8.1
Vitamina D Vitasay D3 2000ui - 90 Comprimidos,HYPERA,7896094926011,49.99,49.99,0.0,0.0
Colágeno Colflex Muscular Hidrolisado Sabor Laranja com 30 Sachês - Hypera,HYPERA,7896094927339,269.0,223.53,45.47,16.9
Suplemento Alimentar Vitasay Imune D Tripla Ação com 20 Comprimidos - Hypera,HYPERA,7896094999336,26.99,25.16,1.8299999999999983,6.8
Blumel Imune Kids - 30 Uni,HYPERA,7896714290218,34.9,29.38,5.52,15.8
Vitasay Imune C Sabor Laranja - 20 Comprimidos Efervescentes,HYPERA,7896094925021,20.49,20.49,0.0,0.0
M-Lix Creme 1mg - 20g,HYPERA,7896094920002,47.49,41.79,5.700000000000003,12.0
Neosaldina Dip 1g com 20 Comprimidos - Hypera,HYPERA,7896094926547,33.95,21.9,12.050000000000004,35.5
Lacto Purga 5mg - 12 Comprimidos,HYPERA,7896094999497,9.54,8.67,0.8699999999999992,9.1
Coristina D Pro 400mg + 4mg + 4mg com 16 Comprimidos - Hypera,HYPERA,7891142982100,40.88,34.75,6.130000000000003,15.0
Suplemento Alimentar Vitasay Imune D Tripla Ação com 10 Comprimidos - Hypera,HYPERA,7896094999329,11.99,2.95,9.04,75.4
Suplemento Alimentar Vitasay A-Z Mulher com 30 Comprimidos - Hypera,HYPERA,7896094926059,28.9,24.15,4.75,16.4
Suplemento Alimentar Vitasay A-Z Homem com 30 Comprimidos - Hypera,HYPERA,7896094926080,28.9,27.74,1.1600000000000001,4.0
Coristina D Pro 400mg + 4mg + 4mg com 4 Comprimidos - Hypera,HYPERA,7891142982179,12.7,10.8,1.8999999999999986,15.0
Coristina D Pro 400mg + 4mg + 4mg com 8 Comprimidos - Hypera,HYPERA,7891142982155,24.03,20.43,3.6000000000000014,15.0
Lipanon Retard 250mg com 60 Cápsulas - Hypera,HYPERA,7896094917637,258.96,208.33,50.62999999999997,19.6
Vitasay Melatonina Sabor Laranja - 90 Comprimidos,HYPERA,7896094925816,26.69,26.69,0.0,0.0
Buscofem 400mg com 20 Cápsulas - Hypera,HYPERA,7896094999954,56.7,41.9,14.800000000000004,26.1
Addera + Muscular 2.000ui com 30 Sachês - Hypera,HYPERA,7891142981172,279.29,184.9,94.39000000000001,33.8
Addera + Imunidade Kids 600ui - 75ml,HYPERA,7891142207388,95.31,81.01,14.299999999999997,15.0
Alivium Gotas 200mg com 20ml - Hypera,HYPERA,7891142205490,58.92,50.08,8.840000000000003,15.0
Escabin Pro 4% Emulsão Capilar - 100ml,HYPERA,7896094920248,37.58,35.33,2.25,6.0
Rinosoro Alto Volume com 30 Sachês - Hypera,HYPERA,7896094925885,79.17,67.29,11.879999999999995,15.0
Melatonum Gotas - 30ml,HYPERA,7896094925397,53.9,51.33,2.5700000000000003,4.8
Bifilac Sii - 30 cápsulas,HYPERA,7891142981196,136.9,134.72,2.180000000000007,1.6
Vabam 20mg com 30 Comprimidos - GSK,HYPERA,7896094926653,181.5,154.28,27.22,15.0
Vabam 15mg com 30 Comprimidos - GSK,HYPERA,7896094926622,181.5,154.28,27.22,15.0
Vabam 10mg com 30 Comprimidos - GSK,HYPERA,7896094926592,194.47,194.47,0.0,0.0
Neosaldina Dip 1g com 10 Comprimidos - Hypera,HYPERA,7896094999558,20.49,13.9,6.589999999999998,32.2
Neosaldina Dip 1g com 4 Comprimidos - Hypera,HYPERA,7896094999565,8.69,4.99,3.6999999999999993,42.6
Maracugina PI 420mg com 20 Comprimidos - Hypera,HYPERA,7896094907119,37.88,32.2,5.68,15.0
Colflex Hialu - 30 Comprimidos,HYPERA,7896094921498,223.0,223.0,0.0,0.0
Ofolato D 2.000ui - 30 Comprimidos,HYPERA,7896094919495,89.9,89.9,0.0,0.0
Amplium G 30 + 20mg Creme 40g com 7 Aplicadores - Hypera,HYPERA,7897322714257,40.98,36.06,4.919999999999995,12.0
Bluemel Imune Kids Sabor Mel - 60ml,HYPERA,7896714275253,24.9,21.46,3.4399999999999977,13.8
Addera D3 60.000ui com 2 Cápsulas - Hypera,HYPERA,7891142206404,82.94,70.5,12.439999999999998,15.0
Addera D3 4.000ui com 30 Cápsulas - Hypera,HYPERA,7891142206305,77.69,66.04,11.649999999999991,15.0
Addera D3 14.000ui com 4 Cápsulas - Hypera,HYPERA,7891142206329,72.86,61.93,10.93,15.0
Vitasay 50+ Serenne - 60 cápsulas,HYPERA,7896094920583,70.9,57.96,12.940000000000005,18.3
Bifilac Geflora - 7 Cápsulas,HYPERA,7891142206732,69.9,60.82,9.080000000000005,13.0
Bifilac Geflora - 14 Sticks,HYPERA,7891142206718,82.9,71.27,11.63000000000001,14.0
Pratium Gotas com 15ml - Hypera,HYPERA,7891142137135,35.89,31.58,4.310000000000002,12.0
Amome 50mcg spray com 120 Doses de Suspensão de Uso Nasal - Hypera,HYPERA,7896094921375,68.83,64.7,4.1299999999999955,6.0
Addera Cal 2.000UI com 90 Comprimidos - Hypera,HYPERA,7896094921139,219.34,186.44,32.900000000000006,15.0
Alektos Xarope Pediátrico120ml - Hypera,HYPERA,7896094925137,88.12,74.9,13.219999999999999,15.0
Amome 50mcg Spray com 60 Doses - Hypera,HYPERA,7896094921382,49.41,46.45,2.9599999999999937,6.0
Addera Cal 1.000UI com 90 Comprimidos - Hypera,HYPERA,7896094921160,197.63,167.99,29.639999999999986,15.0
Addera Vitaminas com 30 Comprimidos - Hypera,HYPERA,7896094919341,95.71,60.91,34.8,36.4
Addera Imunidade com 30 Comprimidos - Hypera,HYPERA,7896094919310,95.71,63.9,31.809999999999995,33.2
Benegrip Imuno Energy com 10 Comprimidos Efervescentes - Hypera,HYPERA,7896094921948,19.9,12.9,6.999999999999998,35.2
Ofolato D 1.000ui - 30 Comprimidos,HYPERA,7896094919464,87.9,86.13,1.7700000000000102,2.0
Ofolato D 1.000ui - 90 Comprimidos,HYPERA,7896094919457,182.9,172.28,10.620000000000005,5.8
Lune SL 5mg com 30 Comprimidos - Hypera,HYPERA,7896094920545,79.35,58.15,21.199999999999996,26.7
Rinosoro Jet XT Spray Infantil com 100ml - Hypera,HYPERA,7896094920033,64.95,51.9,13.050000000000004,20.1
Estomazil abacaxi 5g com 6 Envelopes - Hypera,HYPERA,7896094921207,14.71,12.5,2.210000000000001,15.0
Apracur Duo 500mg + 2mg + 30mg com 12 Comprimidos - Hypera,HYPERA,7896094919044,14.39,12.66,1.7300000000000004,12.0
Apracur Duo 500mg + 2mg + 30mg com 20 Comprimidos - Hypera,HYPERA,7896094919631,23.0,20.24,2.7600000000000016,12.0
Addera D3 Gotas 400ui com 10ml - Hypera,HYPERA,7896094920507,124.32,92.36,31.959999999999994,25.7
Addera D3 Gotas 132ui com 20ml - Hypera,HYPERA,7896094920521,99.84,84.86,14.980000000000004,15.0
Vitasay 50+ Vitaly - 60 Cápsulas,HYPERA,7896094920569,42.9,37.9,5.0,11.7
Maracugina PI 840mg com 20 Comprimidos - Hypera,HYPERA,7896094918894,57.41,48.8,8.61,15.0
Merthiolate Spray - 30ml,HYPERA,7896094917354,27.55,23.42,4.129999999999999,15.0
Mioflex-A com 30 Comprimidos - Hypera,HYPERA,7897322714479,65.62,57.75,7.8700000000000045,12.0
Gestamax Plus com 60 Cápsulas - Hypera,HYPERA,7896094927285,112.9,112.9,0.0,0.0
Estomazil Sem Sabor 5g com 6 Envelopes  - Hypera,HYPERA,7896094921214,14.71,12.5,2.210000000000001,15.0
Gestamax Plus com 30 Cápsulas - Hypera,HYPERA,7896094920644,74.9,74.9,0.0,0.0
Atroveran Dip 1g com 10 Comprimidos - Hypera,HYPERA,7896094915374,16.47,15.48,0.9899999999999984,6.0
Apraz 1mg com 30 Comprimidos - Hypera,HYPERA,7891142115959,93.38,73.3,20.08,21.5
AAS Protect 100mg com 30 Comprimidos - Hypera,HYPERA,7896094928046,23.16,19.01,4.149999999999999,17.9
Albocresil - 6 Óvulos,HYPERA,7896094922013,25.63,22.55,3.0799999999999983,12.0
Albocresil Gel - 50g,HYPERA,7896094922020,39.57,34.82,4.75,12.0
Albocresil - 12ml,HYPERA,7896094922006,39.85,35.07,4.780000000000001,12.0
Alivium 100mg em Gotas com 20ml - Hypera,HYPERA,7891142115492,49.07,33.74,15.329999999999998,31.2
Alivium 50mg em Gotas com 30ml - Hypera,HYPERA,7891142115478,47.58,40.44,7.140000000000001,15.0
Alivium Suspensão Oral com 100ml - Hypera,HYPERA,7891142115508,65.08,55.32,9.759999999999998,15.0
Apraz 2mg com 30 Comprimidos - Hypera,HYPERA,7891142115973,156.84,123.09,33.75,21.5
"Apraz 0,5mg com 30 Comprimidos - Hypera",HYPERA,7891142115935,52.48,41.21,11.269999999999996,21.5
Apracur 1mg + 100mg + 50mg - 6 comprimidos,HYPERA,7891104193087,12.19,10.36,1.83,15.0
Aturgyl AD Spray 15ml - Hypera,HYPERA,7896094928039,18.93,17.79,1.1400000000000006,6.0
Benegrip 500mg + 30mg + 2mg com 6 Comprimidos - Hypera,HYPERA,7896094903036,14.2,12.07,2.129999999999999,15.0
Biotônico Fontoura N com 400ml - Hypera,HYPERA,7896094903067,37.9,37.74,0.1599999999999966,0.4
Buscopan Composto 10mg + 250mg com 20 Comprimidos - Hypera,HYPERA,7896094921399,25.99,16.79,9.2,35.4
Buscopan 10mg com 20 Drágeas - Hypera,HYPERA,7896094921429,23.57,20.03,3.539999999999999,15.0
Buscofem 400mg com 2 Cápsulas - Hypera,HYPERA,7896094921320,6.99,4.99,2.0,28.6
Buscofem 400mg - 10 Cápsulas,HYPERA,7896094921344,32.31,22.9,9.410000000000004,29.1
Buscoduo - 20 comprimidos,HYPERA,7896094921412,34.45,29.28,5.170000000000002,15.0
Cafilisador 500mg + 65mg com 16 Comprimidos - Hypera,HYPERA,7897322706528,46.92,41.29,5.630000000000003,12.0
Calminex Ice Aerossol - 170g,HYPERA,7891142118080,85.92,73.03,12.89,15.0
Celestone Injetável 4 mg com 1 Ampola - Hypera,HYPERA,7891142128546,11.75,11.05,0.6999999999999993,6.0
Celestamine Xarope 120 ml - Hypera,HYPERA,7896094929371,69.4,58.99,10.410000000000004,15.0
Celestone Injeção Soluspan - Hypera,HYPERA,7891142128638,32.21,28.34,3.870000000000001,12.0
Celestone 2mg com 10 Comprimidos - Hypera,HYPERA,7891142128096,30.11,26.5,3.6099999999999994,12.0
"Celestone 0,5 mg com 20 Comprimidos - Hypera",HYPERA,7891142128133,22.24,19.57,2.669999999999998,12.0
Celestamine Gotas 20ml - Hypera,HYPERA,7891142126153,57.84,49.16,8.680000000000007,15.0
Celestone Elixir 120 ml - Hypera,HYPERA,7891142128249,48.48,42.66,5.82,12.0
Cizax 5mg com 10 Comprimidos - Hypera,HYPERA,7891142128744,19.92,15.88,4.040000000000001,20.3
Digedrat 200mg com 60 Cápsulas - Hypera,HYPERA,7896094904996,263.53,263.53,0.0,0.0
Diprosone Creme 30g - Hypera,HYPERA,7891142141279,54.6,46.41,8.190000000000005,15.0
Diprosone Uso Dermatológico 30ml - Hypera,HYPERA,7891142141286,53.77,45.7,8.07,15.0
Diprosalic Pomada 30g - Hypera,HYPERA,7891142142214,44.81,38.09,6.719999999999999,15.0
Diprospan Injeção com 1 Seringa - Hypera,HYPERA,7891142142252,48.15,40.93,7.219999999999999,15.0
Diprosone Pediátrico 30g - Hypera,HYPERA,7891142141293,57.06,48.5,8.560000000000002,15.0
Dramin b6 com 30 Comprimidos - Hypera,HYPERA,7896094999978,25.38,21.57,3.8099999999999987,15.0
Doril 500mg + 30mg com 6 Comprimidos - Hypera,HYPERA,7896094901254,12.18,10.35,1.83,15.0
Epocler Abacaxi - 1 Flaconete,HYPERA,7896094903289,4.27,3.15,1.1199999999999997,26.2
Eparema Líquido com 200ml - Hypera,HYPERA,7896094922150,74.89,63.66,11.230000000000004,15.0
Eparema com 20 Drágeas - Hypera,HYPERA,7896094922167,41.79,36.78,5.009999999999998,12.0
Engov - 6 Comprimidos,HYPERA,7896094903104,9.99,7.69,2.3,23.0
Eparema Tradicional Flaconete com 10ml - Hypera,HYPERA,7896094922181,4.68,3.98,0.6999999999999997,15.0
Fluir Refil com 60 Cápsulas - Hypera,HYPERA,7891142156235,113.91,90.21,23.700000000000003,20.8
Fluir Refil com 30 Cápsulas - Hypera,HYPERA,7891142156211,74.71,58.82,15.889999999999993,21.3
Fluir com 30 Cápsulas + Inalador - Hypera,HYPERA,7891142156020,88.57,70.02,18.549999999999997,20.9
Gelol Pomada - 20g,HYPERA,7896094901582,26.33,23.17,3.1599999999999966,12.0
Gelol Aerossol - 60ml,HYPERA,7896094901612,48.87,41.54,7.329999999999998,15.0
Gastrol - 10 Pastilhas,HYPERA,7896622302805,10.8,9.18,1.620000000000001,15.0
Gastrol - 20 pastilhas,HYPERA,7896622300443,20.86,17.94,2.919999999999998,14.0
Hexomedine Spray 50 ml - Hypera,HYPERA,7896094928053,72.09,63.44,8.650000000000006,12.0
Hidantal com 25 Comprimidos - Hypera,HYPERA,7896094928084,15.65,12.42,3.2300000000000004,20.6
Humectol D com 20 Comprimidos - Hypera,HYPERA,7891104193353,18.16,17.07,1.0899999999999999,6.0
Lacto Purga - 6 Comprimidos,HYPERA,7896094903234,5.86,4.98,0.8799999999999999,15.0
Lipanon 250mg com 30 Comprimidos - Hypera,HYPERA,7897322705415,139.29,109.04,30.249999999999986,21.7
Lisador 500mg + 5mg + 10mg com 8 Comprimidos - Hypera,HYPERA,7897322701752,22.9,19.47,3.4299999999999997,15.0
Lisador 500mg + 5mg + 10mg com 4 Comprimidos - Hypera,HYPERA,7897322706320,11.87,10.09,1.7799999999999994,15.0
Lisador 500mg + 5mg + 10mg com 16 Comprimidos - Hypera,HYPERA,7897322702209,44.98,38.23,6.75,15.0
Magnopyrol com 10ml - Hypera,HYPERA,7897322701486,23.57,20.74,2.830000000000002,12.0
Maxsulid com 10 Comprimidos - Hypera,HYPERA,7897322701738,48.55,41.27,7.279999999999994,15.0
Melhoral com 8 Comprimidos - Hypera,HYPERA,7896094921146,13.41,11.4,2.01,15.0
Melhoral Infantil com 8 Comprimidos - Hypera,HYPERA,7896094915053,10.19,8.66,1.5299999999999994,15.0
Merthiolate - 30ml,HYPERA,7896094901148,27.55,24.24,3.3100000000000023,12.0
Merthiolate Spray - 45ml,HYPERA,7896094901155,49.84,42.36,7.480000000000004,15.0
Mioflex-A com 12 Comprimidos - Hypera,HYPERA,7897322714462,26.33,23.17,3.1599999999999966,12.0
Neosaldina com 20 Drágeas - Hypera,HYPERA,7896094921979,33.95,21.9,12.050000000000004,35.5
Nenê Dent N Gel com 10g - Hypera,HYPERA,7896094922129,21.85,20.54,1.3100000000000023,6.0
Nenê Dent N Gotas com 10ml - Hypera,HYPERA,7896094922112,21.85,20.54,1.3100000000000023,6.0
Nebacetin Pomada - 15g,HYPERA,7896094922105,26.23,23.08,3.150000000000002,12.0
Naturetti Geleia Sabor Ameixa Sem Açúcar - 130g,HYPERA,7891058013141,83.35,70.85,12.5,15.0
Naturetti - 16 Cápsulas,HYPERA,7896714292168,66.6,58.61,7.989999999999995,12.0
Neosaldina em Gotas com 15ml - Hypera,HYPERA,7896641804663,43.11,36.64,6.469999999999999,15.0
Neosaldina com 4 Drágeas - Hypera,HYPERA,7896641805653,8.69,6.29,2.3999999999999995,27.6
Oximax 400ug com 30 Cápsulas Refil - Hypera,HYPERA,7891142115799,87.19,66.18,21.00999999999999,24.1
Oximax 400ug com 30 Cápsulas + Inalador - Hypera,HYPERA,7891142115775,110.87,88.19,22.680000000000007,20.5
Peridal 10mg com 60 Comprimidos - Hypera,HYPERA,7896714274652,52.03,44.23,7.800000000000004,15.0
Peridal 10mg com 30 Comprimidos - Hypera,HYPERA,7896714274645,27.31,23.21,4.099999999999998,15.0
Polaramine Creme com 30g - Hypera,HYPERA,7891142171191,24.09,20.48,3.6099999999999994,15.0
Polaramine 2mg - 20 Comprimidos,HYPERA,7891142171719,28.98,25.5,3.4800000000000004,12.0
"Polaramine 2,8mg - 20ml",HYPERA,7891142171061,42.29,35.95,6.339999999999996,15.0
Polaramine - 120ml,HYPERA,7891142171757,35.4,30.44,4.959999999999997,14.0
Polaramine 6mg - 12 drágeas,HYPERA,7891142171733,35.88,30.86,5.020000000000003,14.0
Predsim 20mg com 10 Comprimidos - Hypera,HYPERA,7891142177056,38.94,34.27,4.669999999999995,12.0
Predsim 5mg com 20 Comprimidos - Hypera,HYPERA,7891142177049,26.74,23.53,3.2099999999999973,12.0
Predsim Solução Oral 60ml - Hypera,HYPERA,7891142177162,36.3,31.94,4.359999999999996,12.0
Predsim Solução Oral 100ml - Hypera,HYPERA,7891142177155,62.65,53.25,9.399999999999999,15.0
Predsim 5mg com 10 Comprimidos - Hypera,HYPERA,7891142982889,13.31,11.71,1.5999999999999996,12.0
Predsim Gotas 20ml - Hypera,HYPERA,7891142177124,44.78,39.41,5.3700000000000045,12.0
Rinosoro Solução de Uso Nasal com 30ml - Hypera,HYPERA,7897322702032,22.48,19.11,3.370000000000001,15.0
Rinosoro SIC Spray com 50ml - Hypera,HYPERA,7897322704593,34.24,30.13,4.110000000000003,12.0
Rinosoro SIC Spray Infantil com 50ml - Hypera,HYPERA,7897322706658,35.28,31.05,4.23,12.0
Rinosoro SIC Spray - 50ml,HYPERA,7897322704944,34.24,30.13,4.110000000000003,12.0
Sulpan com 20 Cápsulas - Hypera,HYPERA,7896094928114,43.17,34.08,9.090000000000003,21.1
Tamarine 6mg - 20 cápsulas,HYPERA,7896179850040,92.44,78.57,13.870000000000005,15.0
Venalot - 30 comprimidos,HYPERA,7896094921177,74.0,62.9,11.100000000000001,15.0
Venalot - 60 comprimidos,HYPERA,7896094922143,133.7,113.65,20.049999999999983,15.0
Dramin B6 Solução Oral Pediátrico 30ml - Hypera,HYPERA,7896094922075,24.21,21.3,2.91,12.0
Adacne 1mg Gel de Uso Dermatológico 30g - Hypera,HYPERA,7897473201637,54.13,46.01,8.120000000000005,15.0
Milgamma 150mg com 30 Drágeas - Hypera,HYPERA,7891142130822,93.97,77.52,16.450000000000003,17.5
Pepsamar 230mg com 10 Comprimidos Mastigáveis - Hypera,HYPERA,7896714292137,7.77,6.6,1.17,15.1
Deriva Micro 1mg Gel 30g - Hypera,HYPERA,7897473204270,112.02,95.22,16.799999999999997,15.0
Dramin 25mg com 10 Cápsulas em Gel - Hypera,HYPERA,7896094922068,20.62,18.15,2.4700000000000024,12.0
Alektos 20mg com 30 Comprimidos - Hypera,HYPERA,7896094922037,135.0,107.79,27.209999999999994,20.2
Dramin 50mg com 10 Cápsulas em Gel - Hypera,HYPERA,7896094999411,20.62,17.9,2.7200000000000024,13.2
Lacto Purga 5mg - 16 Comprimidos,HYPERA,7896094904118,12.78,11.92,0.8599999999999994,6.7
Ad-Til Gotas 20ml - Hypera,HYPERA,7896094925144,22.82,20.08,2.740000000000002,12.0
Doril 500mg + 30mg com 20 Comprimidos - Hypera,HYPERA,7896094904675,33.99,29.91,4.080000000000002,12.0
Neosaldina com 30 Drágeas - Hypera,HYPERA,7896094999992,43.89,25.9,17.990000000000002,41.0
Eparema Guaraná Flaconete com 10ml - Hypera,HYPERA,7896094922198,4.67,3.97,0.6999999999999997,15.0
Halobex Creme 30g - Hypera,HYPERA,7897473206403,22.34,19.66,2.6799999999999997,12.0
Estomazil Abacaxi com 10 Pastilhas - Hypera,HYPERA,7896094903777,9.38,7.97,1.410000000000001,15.0
Benegrip 500mg + 30mg + 2mg com 20 Comprimidos - Hypera,HYPERA,7896094904682,42.54,36.16,6.380000000000003,15.0
AAS Infantil 100mg com 30 Comprimidos - Hypera,HYPERA,7896094928107,25.54,21.71,3.8299999999999983,15.0
AAS Infantil 100mg com 120 Comprimidos - Hypera,HYPERA,7896094928091,90.76,77.15,13.61,15.0
Calminex Ice Aerossol - 60g,HYPERA,7891142118073,53.69,45.64,8.049999999999997,15.0
Epocler Abacaxi - 12 Flaconete,HYPERA,7896094903272,46.24,39.3,6.940000000000005,15.0
Rinosoro Jet Spray com 100ml - Hypera,HYPERA,7897322709376,49.8,36.9,12.899999999999999,25.9
Predsim 40mg com 7 Comprimidos - Hypera,HYPERA,7891142177216,66.43,56.47,9.960000000000008,15.0
Colflex Bio Colágeno 40mg - 30 Cápsulas,HYPERA,7896094916807,130.99,121.23,9.760000000000005,7.5
Neosaldina com 10 Drágeas - Hypera,HYPERA,7896094921993,18.99,12.69,6.299999999999999,33.2
Addera D3 7.000ui com 4 Comprimidos - Hypera,HYPERA,7897322709468,41.51,35.28,6.229999999999997,15.0
Addera D3 50000ui com 4 Comprimidos - Hypera,HYPERA,7897322709529,134.02,113.92,20.10000000000001,15.0
Tamarine 12mg - 20 Cápsulas,HYPERA,7896094906594,95.89,81.51,14.379999999999995,15.0
Epocler Abacaxi - 6 Flaconete,HYPERA,7896094909182,23.6,20.06,3.5400000000000027,15.0
Estomazil Abacaxi com 20 Pastilhas - Hypera,HYPERA,7896094903753,17.65,16.59,1.0599999999999987,6.0
Engov - 24 Comprimidos,HYPERA,7896094907324,28.98,21.9,7.080000000000002,24.4
Doril Enxaqueca 250mg + 250mg 65mg com 4 Comprimidos - Hypera,HYPERA,7896094906310,10.4,8.84,1.5600000000000005,15.0
"Benegrip Multi 13,30mg + 0,33mg + 0,13mg com Frasco 240ml - Hypera",HYPERA,7896094905825,40.16,34.14,6.019999999999996,15.0
Nesina 25mg com 30 Comprimidos - Hypera,HYPERA,7896094922433,174.05,126.99,47.06000000000002,27.0
Estomazil Sem Sabor em Sachê de 5g - Hypera,HYPERA,7896094914414,3.37,2.29,1.08,32.0
Lisador 500mg + 5mg + 10mg com 24 Comprimidos - Hypera,HYPERA,7897322707211,60.74,51.63,9.11,15.0
Estomazil Guaraná em Sachê de 5g - Hypera,HYPERA,7896094914353,3.37,2.29,1.08,32.0
"Nesina 12,5mg com 30 Comprimidos - Hypera",HYPERA,7896094922136,160.86,123.75,37.110000000000014,23.1
Buclina com 30 Comprimidos - Hypera,HYPERA,7896094928077,20.78,19.53,1.25,6.0
Doril Enxaqueca 250mg + 250mg + 65mg com 18 Comprimidos - Hypera,HYPERA,7896094908529,41.7,35.45,6.25,15.0
Deciprax 10mg com 30 Comprimidos - Hypera,HYPERA,7897322710761,122.19,92.96,29.230000000000004,23.9
Tamarine Fibras em Pó Sem Sabor - 250g,HYPERA,7897322714271,107.9,86.3,21.60000000000001,20.0
Diprospan Hypak 1 Seringa x 1ml - Hypera,HYPERA,7891142142351,55.55,47.22,8.329999999999998,15.0
Estomazil Abacaxi com 100g - Hypera,HYPERA,7896094927858,26.77,18.9,7.870000000000001,29.4
Addera D3 50000ui com 4 Cápsulas em Gel - Hypera,HYPERA,7897322709758,135.31,115.01,20.299999999999997,15.0
Addera d3 7000 ui gel c/4 caps,HYPERA,7897322709727,41.51,35.28,6.229999999999997,15.0
"Nesina Met 12,5 + 850mg com 60 Comprimidos - Hypera",HYPERA,7896094999527,181.66,139.37,42.28999999999999,23.3
Lacrilax - 15ml,HYPERA,7896094906051,62.47,53.1,9.369999999999997,15.0
Tamarine Fibras em Pó Sem Sabor - 10 Sachês,HYPERA,7897322714288,41.69,34.85,6.839999999999996,16.4
Gel Hidratante Intravaginal Lubrinat 30g + 10 Aplicadores,HYPERA,7896094917477,84.9,84.9,0.0,0.0
Estomazil Sem Sabor com 100g - Hypera,HYPERA,7896094927841,26.77,18.9,7.870000000000001,29.4
Addera D3 7.000ui com 10 Comprimidos - Hypera,HYPERA,7897322709475,86.49,73.52,12.969999999999999,15.0
Addera D3 7.000ui com 10 Cápsulas em Gel - Hypera,HYPERA,7897322709734,86.49,73.52,12.969999999999999,15.0
Estomazil Abacaxi em Sachê de 5g - Hypera,HYPERA,7896094914155,3.37,2.29,1.08,32.0
Alivium 600mg com 10 Cápsulas - Hypera,HYPERA,7891142115126,45.59,40.12,5.470000000000006,12.0
Alivium 400mg com 10 Cápsulas - Hypera,HYPERA,7891142201638,29.96,18.9,11.060000000000002,36.9
Alivium 400mg com 8 Cápsulas - Hypera,HYPERA,7891142201621,24.67,15.9,8.770000000000001,35.5
Nesina Pio 25mg + 30mg com 30 Comprimidos - Hypera,HYPERA,7896094999510,259.88,198.56,61.31999999999999,23.6
Benegrip 500mg + 30mg + 2mg com 12 Comprimidos - Hypera,HYPERA,7896094915107,27.65,23.5,4.149999999999999,15.0
"Nesina Met 12,5 + 1000mg com 60 Comprimidos - Hypera",HYPERA,7896094922426,181.66,140.66,41.0,22.6
Tamarine Fibras Sabor Morango - 30 Gomas,HYPERA,7897322714325,79.9,79.9,0.0,0.0
Addera D3 7000ui com 30 Comprimidos - Hypera,HYPERA,7897322709482,165.58,140.74,24.840000000000003,15.0
Ofolato com 30 Comprimidos - Hypera,HYPERA,7896094916203,74.99,74.99,0.0,0.0
Tamarine Geleia Zero Açúcar - 250g,HYPERA,7897322709802,121.49,103.27,18.22,15.0
Tamarine Geleia Zero Açúcar - 150g,HYPERA,7897322709789,90.57,76.98,13.58999999999999,15.0
Lisador Dip 1g com 10 Comprimidos - Hypera,HYPERA,7896094916227,23.89,16.9,6.990000000000002,29.3
Biotônico Fontoura Sabor Uva com 400ml - Hypera,HYPERA,7896094915732,37.9,36.69,1.2100000000000009,3.2
Biotônico Fontoura Sabor Morango com 400ml - Hypera,HYPERA,7896094915060,37.9,37.21,0.6899999999999977,1.8
Addera D3 50.000ui com 10 Comprimidos - Hypera,HYPERA,7897322709536,282.25,239.91,42.34,15.0
Addera D3 10.000ui com 10 Comprimidos - Hypera,HYPERA,7897322709505,114.22,97.09,17.129999999999995,15.0
Lisador Dip 1g com 4 Comprimidos - Hypera,HYPERA,7896094916289,10.31,8.76,1.5500000000000007,15.0
Velunid 500mg com 30 Comprimidos - Hypera,HYPERA,7891142202178,82.03,65.98,16.049999999999997,19.6
Lisador Dip 1g com 20 Comprimidos - Hypera,HYPERA,7896094916234,42.98,37.82,5.159999999999997,12.0
Maracugina PI com 150ml - Hypera,HYPERA,7896094918924,55.65,47.3,8.350000000000001,15.0
Novotram 50mg com 10 Cápsulas - Hypera,HYPERA,7896094915886,62.58,53.82,8.759999999999998,14.0
Addera D3 10.000ui com 10 Cápsulas em Gel - Hypera,HYPERA,7897322709994,114.22,97.09,17.129999999999995,15.0
Alivium 400mg com 3 Cápsulas - Hypera,HYPERA,7891142203410,9.88,6.9,2.9800000000000004,30.2
Addera D3 10.000ui com 4 Cápsulas em Gel - Hypera,HYPERA,7897322709987,64.76,55.05,9.710000000000008,15.0
Addera D3 50.000ui com 10 Cápsulas em Gel - Hypera,HYPERA,7897322709765,282.25,239.91,42.34,15.0
Blumel Hedera Xarope Infantil 15mg - 100ml,HYPERA,7896714274799,36.4,28.46,7.939999999999998,21.8
Nesina Pio 25mg + 15mg com 30 Comprimidos - Hypera,HYPERA,7896094999534,262.44,203.45,58.99000000000001,22.5
Predsim 40mg com 10 Comprimidos - Hypera,HYPERA,7891142177209,89.37,75.96,13.41000000000001,15.0
Alivium 400mg com 20 Cápsulas - Hypera,HYPERA,7891142203434,54.7,46.5,8.200000000000003,15.0
Predsim 20mg com 20 Comprimidos - Hypera,HYPERA,7891142200143,71.65,60.9,10.750000000000007,15.0
Ofolato com 90 Comprimidos - Hypera,HYPERA,7896094917408,159.9,158.52,1.3799999999999955,0.9
Tamarine Fibras Kids Sabor Morango - 240ml,HYPERA,7896094916524,60.9,60.9,0.0,0.0
Gelol Gel Massageador - 60g,HYPERA,7896094916890,41.79,31.14,10.649999999999999,25.5
Rinosoro Jet Spray Infantil com 100ml - Hypera,HYPERA,7896094917385,49.8,36.9,12.899999999999999,25.9
Addera D3 2.000ui com 30 Cápsulas - Hypera,HYPERA,7896094917712,59.9,55.42,4.479999999999997,7.5
Rinosoro XT com 30ml - Hypera,HYPERA,7896094917002,26.93,25.31,1.620000000000001,6.0
Addera D3 5.000ui com 30 Comprimidos - Hypera,HYPERA,7897322709970,124.45,105.78,18.67,15.0
Fluviral Noite com 20 Comprimidos - Hypera,HYPERA,7896094916845,42.53,37.43,5.100000000000001,12.0
Fluviral Dia com 20 Comprimidos - Hypera,HYPERA,7896094918610,42.53,37.43,5.100000000000001,12.0
Fluviral Noite com 4 Comprimidos - Hypera,HYPERA,7896094916876,12.64,10.74,1.9000000000000004,15.0
Fluviral Dia com 4 Comprimidos - Hypera,HYPERA,7896094915527,11.77,10.0,1.7699999999999996,15.0
Atrofem 400mg com 2 Cápsulas - Hypera,HYPERA,7896094914995,6.98,5.93,1.0500000000000007,15.0
Bifilac - 30 Cápsulas,HYPERA,7891142203113,99.9,93.56,6.340000000000003,6.3
Benegrip Multi Dia 800mg + 20mg com 20 Comprimidos - Hypera,HYPERA,7896094918108,45.13,38.36,6.770000000000003,15.0
Benegrip Multi Noite 800mg + 20mg + 4mg com 4 Comprimidos - Hypera,HYPERA,7896094918122,12.49,10.62,1.870000000000001,15.0
Benegrip Multi Dia 800mg + 20mg com 4 Comprimidos - Hypera,HYPERA,7896094918115,12.49,10.62,1.870000000000001,15.0
Benegrip Multi Noite 800mg + 20mg + 4mg com 20 Comprimidos - Hypera,HYPERA,7896094918139,45.13,38.36,6.770000000000003,15.0
Atroveran Dip 1g com 20 Comprimidos - Hypera,HYPERA,7896094915381,27.3,21.71,5.59,20.5
Emprol XR 25mg com 30 Comprimidos - Hypera,HYPERA,7898577810732,32.87,25.88,6.989999999999998,21.3
Emprol XR 50mg com 30 Comprimidos - Hypera,HYPERA,7898577810770,68.03,54.91,13.120000000000005,19.3
Emprol XR 100mg com 30 Comprimidos - Hypera,HYPERA,7898577810817,108.01,93.53,14.480000000000004,13.4
Gastrol Sabor Limão com 1 Sachê Efervescente - Hypera,HYPERA,7896094918641,3.9,3.32,0.5800000000000001,14.9
Gastrol Sabor Laranja - 1 Sachê Pó Efervescente,HYPERA,7896094918658,3.9,3.32,0.5800000000000001,14.9
Gastrol Sabor Abacaxi - 1 Sachê Pó Efervescente,HYPERA,7896094918665,3.9,3.32,0.5800000000000001,14.9
Addera Cal 2.000UI com 30 Comprimidos - Hypera,HYPERA,7896094921122,109.69,93.24,16.450000000000003,15.0
Addera Cal 1.000UI com 30 Comprimidos - Hypera,HYPERA,7896094921153,98.82,84.0,14.819999999999993,15.0
Vitasay 50+ A-Z Homem+Cafeína - 30 Comprimidos,HYPERA,7896094917965,59.99,58.03,1.9600000000000009,3.3
Vitasay 50 + Imune - 30 Cápsulas,HYPERA,7896094918047,41.99,29.9,12.090000000000003,28.8
Vitasay 50+ AZ Mulher - 30 Comprimidos,HYPERA,7896094917989,54.99,54.99,0.0,0.0
Aipri 15mg com 30 Comprimidos - Hypera,HYPERA,7896094917057,426.88,339.6,87.27999999999997,20.4
Atroveran Dip 1g com 4 Comprimidos - Hypera,HYPERA,7896094915404,6.99,5.94,1.0499999999999998,15.0
Addera d3 50.000ui c/8 cpr,HYPERA,7896094917866,236.66,201.16,35.5,15.0
Tamarine Probium - 30 Cápsulas,HYPERA,7896094917682,94.9,94.9,0.0,0.0
Addera D3 10.000ui com 4 Comprimidos - Hypera,HYPERA,7897322709499,64.76,55.05,9.710000000000008,15.0
Atroveran Dip Gotas com 20ml - Hypera,HYPERA,7896094917460,22.49,21.14,1.3499999999999979,6.0
Addera D3 50000ui com 8 Cápsulas - Hypera,HYPERA,7896094917873,236.66,201.16,35.5,15.0
Rinosoro Jet XT Spray com 100ml - Hypera,HYPERA,7896094917835,64.95,51.9,13.050000000000004,20.1
Lisador Dip em Gotas 500mg com 20ml - Hypera,HYPERA,7896094919396,26.74,25.14,1.5999999999999979,6.0
Artrotop Creme - 50g,HYPERA,7896094918757,53.9,53.9,0.0,0.0
Artroflan 150mg com 40 Comprimidos - Hypera,HYPERA,7896094918436,189.99,147.1,42.890000000000015,22.6
Addera D3 1000ui Gotas 5ml - Hypera,HYPERA,7896094918634,74.48,63.31,11.170000000000002,15.0
Addera D3 Gotas 600ui com 5ml - Hypera,HYPERA,7896094919594,87.21,74.13,13.079999999999998,15.0
Ofolato D Fer 2000ui - 30 Comprimidos,HYPERA,7896094919662,104.49,104.49,0.0,0.0
Colflex Trio - 30 Sachês,HYPERA,7896094920255,199.89,199.89,0.0,0.0
Rizi-M 10/5mg com 14 Comprimidos - Hypera,HYPERA,7891317017514,139.07,116.38,22.689999999999998,16.3
Rizi 5mg com 10 Comprimidos - Hypera,HYPERA,7896094918481,53.63,43.13,10.5,19.6
Rizi 5mg com 30 Comprimidos - Hypera,HYPERA,7896094918474,160.93,130.14,30.79000000000002,19.1
Rizi-M 10/5mg com 7 Comprimidos - Hypera,HYPERA,7896094918511,69.52,57.81,11.709999999999994,16.8
Maxsulid com 30 Comprimidos - Hypera,HYPERA,7896094917897,116.53,99.05,17.480000000000004,15.0
Aviv 100mg c/30 comprimidos,HYPERA,7896094927155,152.19,94.63,57.56,37.8
Quinoflox 500mg com 14 Comprimidos - Biolab,BIOLAB RX,7896241243558,43.51,40.9,2.6099999999999994,6.0
Livalo 2mg com 90 Comprimidos - Biolab,BIOLAB RX,7896112407270,196.54,153.16,43.379999999999995,22.1
Monessa Pós Parto 14g com 30 Sachês - Biolab,BIOLAB RX,7896112406853,252.99,215.04,37.95000000000002,15.0
Doss 15.000ui com 8 Cápsulas - Biolab Avert OTC,BIOLAB RX,7896112403265,64.95,55.21,9.740000000000002,15.0
Solly 5mg com 30 Comprimidos Revestidos - Biolab,BIOLAB RX,7896112407638,112.14,84.12,28.019999999999996,25.0
Extrato de Cannabis Promediol 200mg/ml - 30ml,BIOLAB RX,7898994979821,871.49,871.49,0.0,0.0
BIVOLET 5MG C/90 COMP,BIOLAB RX,7896112406983,150.53,113.4,37.129999999999995,24.7
Flavenos 900 +100mg com 30 Envelopes de 5g Cada - Biolab,BIOLAB RX,7896112407515,165.67,131.12,34.54999999999998,20.9
DOSS 50.000UI C/12 CAPS,BIOLAB RX,7896112400189,145.08,123.32,21.76000000000002,15.0
Tapazol 10mg 100 Comprimidos - Biolab,BIOLAB RX,7896112407102,75.51,59.07,16.440000000000005,21.8
Flavenoss 900 + 100mg com 30 Comprimidos - Biolab,BIOLAB RX,7896112403517,120.34,96.2,24.14,20.1
Dozoito 100mg com 30 Comprimidos - Biolab,BIOLAB RX,7896112402688,109.21,81.77,27.439999999999998,25.1
"Embo 2,5mg - 20 Comprimidos",BIOLAB RX,7896112406402,71.89,56.3,15.590000000000003,21.7
Embo 5mg - 60 Comprimidos,BIOLAB RX,7896112406464,223.92,166.12,57.79999999999998,25.8
Embo 5mg - 20 Comprimidos,BIOLAB RX,7896112406457,75.12,56.68,18.440000000000005,24.5
"Embo 2,5mg - 60 Comprimidos",BIOLAB RX,7896112406419,223.92,169.18,54.73999999999998,24.4
Cronobê Complex IM Injetável - 3 Ampolas de 2ml cada,BIOLAB RX,7896112406501,25.94,22.05,3.8900000000000006,15.0
AtivB 1000mcg com 30 Comprimidos - Biolab,BIOLAB RX,7896112403111,93.5,79.48,14.019999999999996,15.0
Ellura 200mg - 30 Cápsulas,BIOLAB RX,7896112406617,175.39,133.37,42.01999999999998,24.0
Cronobê Complex 100mg + 100mg + 5mg - 30 Comprimidos,BIOLAB RX,7896112406495,93.97,79.87,14.099999999999994,15.0
Provagin Gel Hidratante Intravaginal 30g - Com 10 Aplicadores,BIOLAB RX,7896112402275,78.71,69.26,9.449999999999989,12.0
Livalo 4mg com 60 Comprimidos - Biolab,BIOLAB RX,7896112406242,298.93,224.42,74.51000000000002,24.9
"Cronocor 12,5mg com 30 Comprimidos - Biolab",BIOLAB RX,7896112406044,19.54,14.58,4.959999999999999,25.4
Cronocor 25mg com 30 Comprimidos - Biolab,BIOLAB RX,7896112406075,26.69,19.89,6.800000000000001,25.5
Cronocor 25mg com 60 Comprimidos - Biolab,BIOLAB RX,7896112406082,45.99,36.23,9.760000000000005,21.2
"Cronocor 3,125mg com 30 Comprimidos - Biolab",BIOLAB RX,7896112405986,14.3,10.62,3.6800000000000015,25.7
"Cronocor 6,25mg com 30 Comprimidos - Biolab",BIOLAB RX,7896112406013,19.54,14.52,5.02,25.7
Dacxi 15mg com 28 Comprimidos - Biolab Avert,BIOLAB RX,7896112403623,40.79,35.9,4.890000000000001,12.0
Dacxi 10mg com 30 Comprimidos - Biolab,BIOLAB RX,7896112403579,133.21,117.22,15.990000000000009,12.0
Dacxi 20mg com 28 Comprimidos - Biolab Avert,BIOLAB RX,7896112403630,40.79,40.79,0.0,0.0
Endofer 100mg com 30 Comprimidos - Biolab,BIOLAB RX,7896112406143,55.77,49.08,6.690000000000005,12.0
Endofer 50mg Gotas 30ml - Biolab,BIOLAB RX,7896112406129,35.09,30.88,4.210000000000004,12.0
"Novanlo 2,5mg com 90 Comprimidos - Biolab",BIOLAB RX,7896112422174,143.09,108.16,34.93000000000001,24.4
Novanlo 5mg com 90 Comprimidos - Biolab,BIOLAB RX,7896112422273,285.69,225.47,60.22,21.1
"Cor-select 2,5mg com 60 Comprimidos - Biolab Avert",BIOLAB RX,7898549755634,93.76,79.7,14.060000000000002,15.0
Cogit 16mg com 30 Cápsulas - Biolab,BIOLAB RX,7896112401834,217.24,204.21,13.030000000000001,6.0
Novanlo 5mg c/60 cpr,BIOLAB RX,7896112422235,277.28,205.65,71.62999999999997,25.8
Cogit 8mg com 30 Cápsulas - Biolab,BIOLAB RX,7896112401810,137.7,129.44,8.259999999999991,6.0
Drenison N Pomada 30g - Biolab,BIOLAB RX,7896241252420,44.58,39.23,5.350000000000001,12.0
Bhena 5mg com 30 Comprimidos - Biolab,BIOLAB RX,7896112402480,77.78,68.45,9.329999999999998,12.0
Bhena 10mg com 30 Comprimidos - Biolab,BIOLAB RX,7896112402497,77.78,68.45,9.329999999999998,12.0
"Flux SR 1,5mg com 30 Comprimidos - Biolab",BIOLAB RX,7896112402435,33.84,29.78,4.060000000000002,12.0
Dozoito 50mg com 30 Comprimidos - Biolab,BIOLAB RX,7896112402671,72.83,54.7,18.129999999999995,24.9
Dozoito 25mg com 30 Comprimidos - Biolab,BIOLAB RX,7896112402664,34.7,23.65,11.050000000000004,31.8
Ablok 100mg com 30 Comprimidos - Biolab RX,BIOLAB RX,7896241225530,60.84,44.9,15.940000000000005,26.2
Doss 3000ui com 30 Cápsulas - Biolab,BIOLAB RX,7896112400073,67.83,57.66,10.170000000000002,15.0
Nuit Flash 5mg com 30 Comprimidos - Biolab,BIOLAB RX,7896112402442,54.92,37.56,17.36,31.6
Vonau Flash Menta 8mg com 10 Comprimidos - Biolab,BIOLAB RX,7896112401605,93.77,79.7,14.069999999999993,15.0
Ablok 25mg com 30 Comprimidos - Biolab RX,BIOLAB RX,7896241221853,15.54,3.73,11.809999999999999,76.0
"Ablok Plus 25/12,5 com 30 Comprimidos - Biolab RX",BIOLAB RX,7896241225257,25.54,19.0,6.539999999999999,25.6
"Ablok Plus 50/12,5mg com 30 Comprimidos - Biolab RX",BIOLAB RX,7896241225127,47.18,35.56,11.619999999999997,24.6
Ablok 50mg com 30 Comprimidos - Biolab RX,BIOLAB RX,7896241225523,37.18,28.16,9.02,24.3
Ablok Plus 100/25mg com 30 Comprimidos - Biolab RX,BIOLAB RX,7896241225547,76.1,57.36,18.739999999999995,24.6
Aradois 50mg com 30 Comprimidos - Biolab,BIOLAB RX,7896112486787,56.73,5.9,50.83,89.6
Aradois 25mg com 60 Comprimidos - Biolab,BIOLAB RX,7896241241462,94.18,70.08,24.10000000000001,25.6
Aradois 100mg com 30 Comprimidos - Biolab,BIOLAB RX,7896112427704,148.2,107.98,40.219999999999985,27.1
"Aradois H 50/12,5mg com 60 Comprimidos - Biolab",BIOLAB RX,7896112427933,146.29,124.35,21.939999999999998,15.0
"Aradois H 50/12,5mg com 30 Comprimidos - Biolab",BIOLAB RX,7896112435778,101.79,86.52,15.27000000000001,15.0
Aradois 25mg com 30 Comprimidos - Biolab,BIOLAB RX,7896241241394,55.27,41.82,13.450000000000003,24.3
Cronobe Injeção 5000mg com 2 Ampolas - Biolab,BIOLAB RX,7896112424444,44.2,37.57,6.630000000000003,15.0
Dtn-Fol com 90 Cápsulas - Biolab,BIOLAB RX,7896112407881,173.38,147.37,26.00999999999999,15.0
Drenison N Creme 30g - Biolab,BIOLAB RX,7896241270400,44.27,38.96,5.310000000000002,12.0
Drenison Oclusivo 200cm - Biolab,BIOLAB RX,7896241261248,140.18,119.15,21.03,15.0
Drenison Loção 30ml - Biolab,BIOLAB RX,7896112470458,53.71,47.26,6.450000000000003,12.0
Drenison Pomada 30g - Biolab,BIOLAB RX,7896241252970,46.84,41.22,5.6200000000000045,12.0
Drenison Creme 30g - Biolab,BIOLAB RX,7896241270363,46.5,40.92,5.579999999999998,12.0
Dreniformio Creme 30g - Biolab,BIOLAB RX,7896241256077,43.57,38.34,5.229999999999997,12.0
Gestrelan Cart com 63 Comprimidos - Biolab,BIOLAB RX,7896112403036,45.78,34.84,10.939999999999998,23.9
"Level 0,10/0,2 mg com 21 Comprimidos - Biolab",BIOLAB RX,7896241248287,29.38,19.74,9.64,32.8
Lipless 100mg com 30 Comprimidos - Biolab,BIOLAB RX,7896241248430,119.63,101.69,17.939999999999998,15.0
"Norestin 0,35mg com 35 Comprimidos - Biolab",BIOLAB RX,7896241274903,15.13,10.94,4.190000000000001,27.7
Pantogar com 90 Cápsulas - Biolab,BIOLAB RX,7896112425496,325.45,276.63,48.81999999999999,15.0
Pantogar com 30 Cápsulas - Biolab,BIOLAB RX,7896112425328,113.34,96.34,17.0,15.0
"Pressat 2,5mg com 30 Comprimidos - Biolab",BIOLAB RX,7896112432401,40.73,30.44,10.289999999999996,25.3
Pressat 5mg com 30 Comprimidos - Biolab,BIOLAB RX,7896112477938,78.44,59.56,18.879999999999995,24.1
Press Plus 5/10mg com 30 Cápsulas - Biolab,BIOLAB RX,7896112470830,113.43,96.42,17.010000000000005,15.0
Press Plus 5/20mg com 30 Cápsulas - Biolab,BIOLAB RX,7896112471165,123.83,105.26,18.569999999999993,15.0
Propilracil 100mg 30 Comprimidos - Biolab,BIOLAB RX,7896241279908,33.22,28.24,4.98,15.0
Serenus com 20 Comprimidos - Biolab,BIOLAB RX,7896112480846,62.33,52.98,9.350000000000001,15.0
Stele Creme de Uso Vaginal - 50g,BIOLAB RX,7896112400608,67.17,51.02,16.15,24.0
Suprema 2mg/1mg com 28 Comprimidos - Biolab,BIOLAB RX,7896241265543,49.07,35.66,13.410000000000004,27.3
"Tantin 0,06mg/0,015mg com 28 Comprimidos - Biolab",BIOLAB RX,7896112424123,29.1,19.58,9.520000000000003,32.7
Tapazol 5mg com 100 Comprimidos - Biolab,BIOLAB RX,7896241231616,38.1,28.92,9.18,24.1
Triazol 150mg com 2 Cápsulas - Biolab,BIOLAB RX,7896112493440,56.93,48.39,8.54,15.0
Triazol 150mg com 1 Cápsula - Biolab,BIOLAB RX,7896112492740,34.74,30.57,4.170000000000002,12.0
Vasopril 10mg com 30 Comprimidos - Biolab,BIOLAB RX,7896241293669,39.45,6.69,32.760000000000005,83.0
"Vasopril Plus 20/12,5 com 30 Comprimidos - Biolab",BIOLAB RX,7896241293553,101.08,77.38,23.700000000000003,23.4
Vaslip 20mg com 30 Comprimidos - Biolab,BIOLAB RX,7896241228142,40.04,25.8,14.239999999999998,35.6
Vasopril 20mg com 30 Comprimidos - Biolab,BIOLAB RX,7896112493587,111.54,85.08,26.460000000000008,23.7
Vaslip 10mg com 30 Comprimdos - Biolab,BIOLAB RX,7896241293737,23.62,17.7,5.920000000000002,25.1
"Vasopril Plus 20/12,5 com 60 Comprimidos - Biolab",BIOLAB RX,7896112470311,163.62,125.56,38.06,23.3
Vonau Flash 4mg com 10 Comprimidos - Biolab,BIOLAB RX,7896241296523,47.61,40.47,7.140000000000001,15.0
Vonau Flash 8mg com 10 Comprimidos - Biolab,BIOLAB RX,7896241296400,93.77,79.7,14.069999999999993,15.0
Ecasil-81 81mg com 90 Comprimidos Revestidos - Biolab Avert,BIOLAB RX,7896112416463,51.09,39.22,11.870000000000005,23.2
"Aradois H 50/12,5mg com 90 Comprimidos - Biolab",BIOLAB RX,7896112428015,177.31,150.71,26.599999999999994,15.0
Triazol 150mg com 4 Cápsulas - Biolab,BIOLAB RX,7896112424147,113.86,96.78,17.08,15.0
Xefo 8mg com 20 Comprimidos - Biolab,BIOLAB RX,7896112480709,34.52,30.38,4.140000000000004,12.0
Xefo 8mg com 30 Comprimidos - Biolab,BIOLAB RX,7896112421498,51.7,45.5,6.200000000000003,12.0
"Press Plus 2,5/10mg com 30 Cápsulas - Biolab",BIOLAB RX,7896112470526,75.03,63.78,11.25,15.0
Pressat 10mg com 60 Comprimidos - Biolab,BIOLAB RX,7896112413745,205.32,155.65,49.66999999999999,24.2
Pressat 5mg com 60 Comprimidos - Biolab,BIOLAB RX,7896112413790,108.69,80.92,27.769999999999996,25.5
"Level 0,10/0,2 mg com 63 Comprimidos - Biolab",BIOLAB RX,7896112448358,88.19,61.04,27.15,30.8
Lipless 100mg com 60 Comprimidos - Biolab,BIOLAB RX,7896112416135,169.93,144.44,25.49000000000001,15.0
"Novanlo 2,5mg com 30 Comprimidos - Biolab",BIOLAB RX,7896714292236,77.46,54.95,22.50999999999999,29.1
Aradois 100mg cm 60 Comprimidos - Biolab,BIOLAB RX,7896241228203,194.59,141.16,53.43000000000001,27.5
Novanlo 5mg com 30 Comprimidos - Biolab,BIOLAB RX,7896112422211,150.48,109.1,41.379999999999995,27.5
Epilenil 250mg com 25 Comprimidos - Biolab,BIOLAB RX,7896112426646,30.45,18.69,11.759999999999998,38.6
"Tantin 0,06mg/0,015mg com 84 Comprimidos - Biolab",BIOLAB RX,7896112423294,87.3,62.38,24.919999999999995,28.5
Livalo 2mg com 30 Comprimidos - Biolab,BIOLAB RX,7896112405856,140.53,101.98,38.55,27.4
Lipless 100mg com 90 Comprimidos - Biolab,BIOLAB RX,7896112416142,190.69,162.09,28.599999999999994,15.0
Livalo 4mg com 30 Comprimidos - Biolab,BIOLAB RX,7896112405870,254.82,195.07,59.75,23.4
Vasopril Plus 10/25mg com 30 Comprimidos - Biolab,BIOLAB RX,7896241293751,63.57,47.61,15.96,25.1
Venula com 30 Cápsulas - Biolab,BIOLAB RX,7896112452775,44.27,37.63,6.640000000000001,15.0
Monessa - 90 cápsulas,BIOLAB RX,7898549757133,340.04,289.03,51.01000000000005,15.0
Vaslip 40mg com 30 Comprimidos - Biolab,BIOLAB RX,7896241285022,117.74,87.45,30.289999999999992,25.7
Pantogar com 60 Cápsulas - Biolab,BIOLAB RX,7896112425410,226.68,192.68,34.0,15.0
Press Plus 5/10mg com 60 Cápsulas - Biolab,BIOLAB RX,7896112422525,204.64,173.94,30.69999999999999,15.0
"Pressat 2,5mg com 60 Comprimidos - Biolab",BIOLAB RX,7896112413677,75.65,56.43,19.220000000000006,25.4
Cor-Select 5mg com 30 Comprimidos - Biolab Avert,BIOLAB RX,7898549755726,150.48,127.91,22.569999999999993,15.0
Gestrelan com 21 Comprimidos - Gestrelan,BIOLAB RX,7896112403029,13.24,9.79,3.450000000000001,26.1
"Ablok Plus 50/12,5mg com 60 Comprimidos - Biolab RX",BIOLAB RX,7896112411512,94.39,71.09,23.299999999999997,24.7
Ecasil 81mg com 30 Comprimidos - Biolab Avert,BIOLAB RX,7896112416418,17.04,12.9,4.139999999999999,24.3
Press Plus 5/20mg com 60 Cápsulas - Biolab,BIOLAB RX,7896112400431,222.3,188.96,33.34,15.0
Vasopril Plus 10/25mg com 60 Comprimidos - Biolab,BIOLAB RX,7896112470281,113.54,90.45,23.090000000000003,20.3
Aradois H 100/25mg com 90 Comprimidos - Biolab,BIOLAB RX,7896112427773,223.45,189.93,33.51999999999998,15.0
"Cor-select 2,5mg com 30 Comprimidos - Biolab Avert",BIOLAB RX,7898549755627,77.46,65.84,11.61999999999999,15.0
Doss 7000ui com 12 Cápsulas - Biolab,BIOLAB RX,7896112400134,45.44,38.62,6.82,15.0
Doss 7.000ui com 4 Cápsulas - Biolab,BIOLAB RX,7896112400110,19.74,16.78,2.9599999999999973,15.0
Vasopril 20mg com 60 Comprimidos - Biolab,BIOLAB RX,7896112435532,158.29,118.03,40.25999999999999,25.4
Doss 50000ui com 4 Cápsulas - Biolab,BIOLAB RX,7896112400165,99.0,84.15,14.849999999999994,15.0
Mind 10mg com 30 Comprimidos - Biolab,BIOLAB RX,7896112400585,117.37,99.76,17.61,15.0
Nebilet 5mg com 60 Comprimidos - Biolab,BIOLAB RX,7896112400691,230.23,195.7,34.53,15.0
Sintezys 150mg com 1 Comprimido - Biolab,BIOLAB RX,7898146828953,102.81,76.62,26.189999999999998,25.5
Nebilet 5mg com 30 Comprimidos - Biolab,BIOLAB RX,7896112400684,156.25,132.81,23.439999999999998,15.0
Venula com 60 Cápsulas - Biolab,BIOLAB RX,7896112452690,88.47,75.2,13.269999999999996,15.0
"Novanlo 2,5mg com 60 Comprimidos - Biolab",BIOLAB RX,7896112422150,146.53,99.9,46.629999999999995,31.8
Noctiden 10mg com 30 Comprimidos - Biolab Avert,BIOLAB RX,7896112401025,111.39,84.22,27.17,24.4
Nebilet 5mg com 90 Comprimidos - Biolab,BIOLAB RX,7896112400707,328.07,278.86,49.20999999999998,15.0
Riscard 500mg com 60 Comprimidos - Biolab,BIOLAB RX,7896112406532,154.17,118.72,35.44999999999999,23.0
"Alozex 0,25mg/ml sol 100ml",BIOLAB RX,7896112401414,216.7,184.2,32.5,15.0
Olanzys 10mg com 30 Comprimidos - Biolab,BIOLAB RX,7898146828403,248.53,211.25,37.28,15.0
Vonau Flash 8mg com 30 Comprimidos - Biolab,BIOLAB RX,7896112401582,229.8,195.33,34.47,15.0
Vonau Flash 4mg com 30 Comprimidos - Biolab,BIOLAB RX,7896112401551,116.71,99.2,17.50999999999999,15.0
"Ablok Plus 25/12,5 com 60 Comprimidos - Biolab RX",BIOLAB RX,7896112411529,51.09,38.39,12.700000000000003,24.9
Doss 7.000ui com 30 Cápsulas - Biolab,BIOLAB RX,7896112400141,104.15,88.53,15.620000000000005,15.0
Doss 50.000ui com 8 Cápsulas - Biolab,BIOLAB RX,7896112400172,152.82,114.54,38.27999999999999,25.0
Elidel Creme 15g - Biolab,BIOLAB RX,7898560663482,250.22,188.88,61.34,24.5
Sintezys 150mg com 3 Comprimidos - Biolab,BIOLAB RX,7896112402305,132.44,103.28,29.159999999999997,22.0
Empak 300mg com 30 Cápsulas - Biolab,BIOLAB RX,7896112401902,83.32,63.07,20.249999999999993,24.3
Bivolet 5mg com 30 Comprimidos - Biolab,BIOLAB RX,7896112402107,61.06,47.37,13.690000000000005,22.4
Agud 500mg + 30mg com 12 Comprimidos - Biolab,BIOLAB RX,7899551309259,31.73,27.92,3.8099999999999987,12.0
Cefalexina 500mg 10 Comprimidos - Germed,GERMED GENERICO,7896004755496,29.82,9.34,20.48,68.7
Amoxicilina+clav potássio 875mg 20 cpr - Germed,GERMED GENERICO,7896004784304,108.62,77.88,30.74000000000001,28.3
Amoxicilina + Clavulanato de Potássio 457mg 70ml - Germed Genérico,GERMED GENERICO,7896004720210,102.29,67.8,34.49000000000001,33.7
Cefalexina 1g com 8 Comprimidos - Germed Genérico,GERMED GENERICO,7896004712598,94.1,36.88,57.21999999999999,60.8
Tobramicina Colírio 5ml - Germed Genérico,GERMED GENERICO,7896004726151,23.65,14.53,9.12,38.6
Amoxicilina 400mg Suspensão de Uso Oral 100ml - Germed Genérico,GERMED GENERICO,7896004709116,47.1,24.61,22.490000000000002,47.7
Rifamicina Spray 20ml - Germed Genérico,GERMED GENERICO,7896004710433,25.11,25.11,0.0,0.0
Valerato de Betametasona + Sulfato de Gentamicina + Tolnaftato + Clioquin Creme 20g - Germed Genéric,GERMED GENERICO,7896004714004,31.22,10.69,20.53,65.8
Diproprianato de Betametasona + Gentamicina  Creme 30g - Germed Genérico,GERMED GENERICO,7896004711720,30.35,8.23,22.12,72.9
Amoxicilina 500mg com 21 Cápsulas - Germed Genérico,GERMED GENERICO,7896004702223,36.72,20.13,16.59,45.2
Valerato de Betametasona + Sulfato de Gentamicina + Tolnaftato + Clioquin Pomada 20g - Germed Genéri,GERMED GENERICO,7896004713991,35.25,9.95,25.3,71.8
Amoxicilina + Clavulanato de Potássio 875mg com 14 Comprimidos - Germed Genérico,GERMED GENERICO,7896004719610,165.48,58.32,107.16,64.8
Azitromicina 1g com 1 Comprimido1 - Germed Genérico,GERMED GENERICO,7896004715278,34.35,17.12,17.23,50.2
Amoxicilina 250mg Suspensão de Uso Oral 150ml - Germed Genérico,GERMED GENERICO,7896004702216,30.48,22.7,7.780000000000001,25.5
Nimesulida 100 mg com 12 Comprimidos - Germed Genérico,GERMED GENERICO,7896004714035,20.02,2.79,17.23,86.1
Valerato de Betametasona Creme 30gr - Germed Genérico,GERMED GENERICO,7896004708881,27.61,9.95,17.66,64.0
Aceclofenaco Creme 30g - Germed Genérico,GERMED GENERICO,7896004716541,30.16,29.58,0.5800000000000018,1.9
"Cloridrato de Tramadol + Paracetamol 37, 5 +325mg com 30 Ccomprimidos - Germed Genérico",GERMED GENERICO,7896004787350,68.78,58.44,10.340000000000003,15.0
"CLOR TRAMADOL+PARACETAMOL 37,5+325MG C/10 COMP",GERMED GENERICO,7896004748795,27.5,22.1,5.399999999999999,19.6
Dipirona Monoidratada 1g 10 Comprimidos - Germed,GERMED GENERICO,7896004783857,20.06,9.65,10.409999999999998,51.9
Tadalafila 20mg com 4 Comprimidos - Germed Genérico,GERMED GENERICO,7896004749730,33.01,5.42,27.589999999999996,83.6
Clonazepam Gotas 20ml - Germed Genérico,GERMED GENERICO,7896004712925,16.93,7.67,9.26,54.7
Ivermectina 6mg com 4 Comprimidos - Germed Genérico,GERMED GENERICO,7896004777801,35.17,8.46,26.71,75.9
Cetoprofeno 150mg com 10 Comprimidos - Germed Genérico,GERMED GENERICO,7896004752594,49.16,12.28,36.879999999999995,75.0
"Cloridrato de Tansulosina 0,4mg com 30 Comprimidos - Germed Genérico",GERMED GENERICO,7896004752129,140.87,28.87,112.0,79.5
Atenolol 50mg com 30 Comprimidos - Germed Genérico,GERMED GENERICO,7896004709031,17.86,2.61,15.25,85.4
Topiramato 50mg com 60 Comprimidos - Germed Genérico,GERMED GENERICO,7896004713052,175.46,23.94,151.52,86.4
Nitrazepam 5mg com 20 Comprimidos - Germed Genérico,GERMED GENERICO,7896004711508,13.84,13.84,0.0,0.0
Maleato de Enalapril 5mg com 30 Comprimidos - Germed Genérico,GERMED GENERICO,7896004710341,23.4,3.6,19.799999999999997,84.6
Algestona Acetofenida + Enantato de Estradiol Ampola Injetável - Germed Genérico,GERMED GENERICO,7896004713625,15.33,15.33,0.0,0.0
Desloratadina 5mg com 30 Comprimidos - Germed Genérico,GERMED GENERICO,7896004743233,76.57,20.06,56.50999999999999,73.8
Propionato de Clobetasol Pomada 30g - Germed Genérico,GERMED GENERICO,7896004712406,24.19,9.11,15.080000000000002,62.3
Clotrimazol + Acetato de Dexametasona Creme 40g - Germed Genérico,GERMED GENERICO,7896004715377,30.39,17.44,12.95,42.6
Ciclopirox Olamina Solução de Uso Dermatológico 15ml - Germed Genérico,GERMED GENERICO,7896004727240,31.72,11.79,19.93,62.8
"Carvedilol 12,5mg com 30 Comprimidos - Germed Genérico",GERMED GENERICO,7896004731391,62.4,4.45,57.949999999999996,92.9
Simeticona + Metilbrometo de Homatropina 20ml - Germed Genérico,GERMED GENERICO,7896004708676,16.82,16.82,0.0,0.0
Cloridrato de Amitriptilina 25mg com 30 Comprimidos - Germed Genérico,GERMED GENERICO,7896004727493,21.68,5.94,15.739999999999998,72.6
Captopril 25mg com 30 Comprimidos - Germed Genérico,GERMED GENERICO,7896004704654,17.36,2.91,14.45,83.2
Diazepam 5mg com 30 Comprimidos - Germed Genérico,GERMED GENERICO,7894916147729,15.8,3.74,12.06,76.3
Cloridrato de Sertralina 100mg com 30 Comprimidos - Germed Genérico,GERMED GENERICO,7896004756677,192.39,16.74,175.64999999999998,91.3
"Drospirenona + Etiniles 3mg + 0,03mg com 63 Comprimidos - Germed Genérico",GERMED GENERICO,7896004755885,129.49,38.99,90.5,69.9
Olmesartana Medoxomila 40mg - 30 Comprimidos,GERMED GENERICO,7896004750309,51.18,26.17,25.009999999999998,48.9
Cloridrato de Pioglitazona 30mg com 30 Comrpimidos - Germed Genérico,GERMED GENERICO,7896004821146,83.98,83.98,0.0,0.0
"Cabergolina 0,5mg Genérico com 2 comprimidos - Germed Genérico",GERMED GENERICO,7896004747453,85.73,28.7,57.03,66.5
Cloridrato de Fexofenadina 180mg com 10 Comprimidos - Germed,GERMED GENERICO,7896004784335,75.59,15.75,59.84,79.2
Cloridrato de Fexofenadina 120mg 10 Comprimidos - Germed,GERMED GENERICO,7898700410488,52.58,9.9,42.68,81.2
Pregabalina 150mg com 30 Cápsulaas - Germed Genérico,GERMED GENERICO,7896004776316,156.33,16.7,139.63000000000002,89.3
"Olmesartana Medoxomila + Hidroclorotiazida 40 + 12,5mg com 30 Comprimidos - Germed Genérico",GERMED GENERICO,7896004750514,64.89,27.44,37.45,57.7
Naproxeno 550mg com 20 comprimidos - Germed Genérico,GERMED GENERICO,7896004775135,58.85,26.64,32.21,54.7
Paracetamol + Codeína 30mg com 12 Comprimidos - Germed Genérico,GERMED GENERICO,7896004712819,22.49,12.46,10.029999999999998,44.6
Naproxeno 550mg 10 comprimidos - Germed Genérico,GERMED GENERICO,7896004775128,25.21,16.74,8.470000000000002,33.6
Risedronato Sódico 150mg com 1 Comprimido - Germed Genérico,GERMED GENERICO,7896004752808,130.34,20.58,109.76,84.2
Ibuprofeno Gotas 100mg com 20ml - Germed,GERMED GENERICO,7896004727226,24.31,8.37,15.94,65.6
Paracetamol + Codeína 30mg com 24 Comprimidos - Germed Genérico,GERMED GENERICO,7896004756899,40.9,21.44,19.459999999999997,47.6
Brometo de Ipratropio 20ml - Germed Genérico,GERMED GENERICO,7896004725437,18.88,4.86,14.02,74.3
Mirtazapina 15mg com 30 Comprimidos - Germed Genérico,GERMED GENERICO,7896004758923,72.85,33.21,39.63999999999999,54.4
Cloridrato de Duloxetina 60mg 30 cápsulas - Germed,GERMED GENERICO,7896004754048,306.09,79.04,227.04999999999995,74.2
Espironolactona 100mg com 30 Comprimidos - Germed Genérico,GERMED GENERICO,7896004716152,57.55,31.42,26.129999999999995,45.4
Dipirona Monoidratada Gotas 10ml - Germed,GERMED GENERICO,7896004719115,7.24,2.81,4.43,61.2
Esomeprazol Magnésio 20mg com 28 Comprimidos - Germed Genérico,GERMED GENERICO,7896004742083,144.01,29.11,114.89999999999999,79.8
Alprazolam 2mg com 30 Comprimidos - Germed Genérico,GERMED GENERICO,7896004718897,79.88,6.64,73.24,91.7
Alprazolam 1mg com 30 Comprimidos - Germed Genérico,GERMED GENERICO,7896004718873,29.65,3.38,26.27,88.6
Acetilcisteína Xarope Adulto 120ml - Germed,GERMED GENERICO,7896004713373,44.56,17.58,26.980000000000004,60.5
Loratadina Xarope 100ml - Germed,GERMED GENERICO,7896004713748,32.22,15.1,17.119999999999997,53.1
Cloridrato de Pioglitazona 15mg com 15 Comprimidos - Germed Genérico,GERMED GENERICO,7896004731728,73.57,50.93,22.639999999999993,30.8
Espironolactona 25mg com 30 Comprimidos - Germed Genérico,GERMED GENERICO,7896004708959,27.04,11.16,15.879999999999999,58.7
Mesilato de Doxazosina 2mg com 30 Comprimidos - Germed Genérico,GERMED GENERICO,7896004712543,49.1,5.47,43.63,88.9
Topiramato 100mg com 60 Comprimidos - Germed Genérico,GERMED GENERICO,7896004713045,257.48,40.68,216.8,84.2
Fenofibrato 200mg com 30 Cápsulas - Germed Genérico,GERMED GENERICO,7896004723358,116.72,87.0,29.72,25.5
Cloridraro de Tramadol Uso Oral 100mg 15ml - Germed Genérico,GERMED GENERICO,7896004708607,87.74,29.31,58.42999999999999,66.6
Rosuvastatina Cálcica 20mg com 30 Comprimidos - Germed Genérico,GERMED GENERICO,7896004728865,173.58,12.25,161.33,92.9
Desloratadina 5mg com 10 Comprimidos - Germed Genérico,GERMED GENERICO,7896004725673,58.01,9.74,48.269999999999996,83.2
"Desonida 0,5mg Pomada 30g - Germed Genérico",GERMED GENERICO,7896004711362,38.88,15.52,23.360000000000003,60.1
Fumarato de Quetiapina 200mg com 30 Comprimidos - Germed Genérico,GERMED GENERICO,7896004730417,276.72,34.06,242.66000000000003,87.7
Furoato de Mometasona Pomada 20g - Germed Genérico,GERMED GENERICO,7896004715568,38.0,13.73,24.27,63.9
Domperidona 10mg com 30 Comprimidos - Germed Genérico,GERMED GENERICO,7896004723587,21.99,5.71,16.279999999999998,74.0
Topiramato 25mg com 60 Comprimidos - Germed Genérico,GERMED GENERICO,7896004713038,96.96,16.66,80.3,82.8
Diclofenaco de Colestiramina 70mg com 14 Comprimidos - Germed Genérico,GERMED GENERICO,7896004711553,32.83,8.19,24.64,75.1
Furoato de Mometasona Creme 20g - Germed Genérico,GERMED GENERICO,7896004715520,38.0,12.87,25.130000000000003,66.1
Cloridrato de Fluoxetina 10mg com 28 Comprimidos - Germed Genérico,GERMED GENERICO,7896004720449,42.05,17.3,24.749999999999996,58.9
Atenolol + Clortalidona 100/25mg com 30 Comprimidos - Germed Genérico,GERMED GENERICO,7896004709147,55.02,25.09,29.930000000000003,54.4
Desloratadina Xarope 60ml - Germed Genérico,GERMED GENERICO,7896004769660,40.17,16.35,23.82,59.3
Cloridrato de Duloxetina 30mg com 30 Cápsulas - Germed Genérico,GERMED GENERICO,7896004754031,134.32,48.5,85.82,63.9
Ibandronato de Sódio 150mg com 1 Coprimido - Germed Genérico,GERMED GENERICO,7896004752488,87.27,28.62,58.64999999999999,67.2
Aciclovir 200mg com 25 Comprimidos - Germed Genérico,GERMED GENERICO,7896004770772,95.36,9.61,85.75,89.9
"Olmesartana Medoxomila + Hidrclorotiazida  20 + 12,5mg com 30 Comprimidos - Germed Genérico",GERMED GENERICO,7896004750507,56.94,22.56,34.379999999999995,60.4
Tioconazol + Tinidazol Creme Vaginal 35g + Aplicadores - Germed Genérico,GERMED GENERICO,7896004709444,63.16,20.05,43.11,68.3
Cloridrato de Nebivolol 5mg com 30 Comprimidos - Germed Genérico,GERMED GENERICO,7896004821122,55.48,26.17,29.309999999999995,52.8
OLANZAPINA 5MG C/30 CPR,GERMED GENERICO,7896004770284,118.01,27.39,90.62,76.8
Olmesartana + Anlodipino 40mg + 10mg com 30 Comprimidos - Germed Genérico,GERMED GENERICO,7896004786599,61.31,37.22,24.090000000000003,39.3
Olanzapina 2.5mg com 30 Comprimidos - Germed Genérico,GERMED GENERICO,7896004770246,81.49,20.64,60.849999999999994,74.7
Cloridrato de Tramadol 100mg com 10 Comprimidos - Germed,GERMED GENERICO,7896004712611,78.56,48.16,30.400000000000006,38.7
Simeticona 125mg com 10 Comprimidos - Germed,GERMED GENERICO,7896004708683,6.2,4.65,1.5499999999999998,25.0
Cloridrato de Dorzolamida + Maleato de Timolol 5ml - Germed Genérico,GERMED GENERICO,7896004725703,112.07,31.25,80.82,72.1
Lorazepam 2mg com 30 Compimidos - Germed,GERMED GENERICO,7896004761152,28.52,6.05,22.47,78.8
Cloridrato de Ciclobenzaprina 10mg com 10 Comprimidos - Germed Genérico,GERMED GENERICO,7896004726922,13.42,6.17,7.25,54.0
Dicloridrato de Levocetirizina 5mg com 10 Comprimidos - Germed Genérico,GERMED GENERICO,7896004785134,42.75,19.87,22.88,53.5
Dienogeste 2mg com 30 Comprimidos - Germed Genérico,GERMED GENERICO,7896004782249,55.34,21.52,33.82000000000001,61.1
Paracetamol + Codeína 30mg com 36 Comprimidos - Germed Genérico,GERMED GENERICO,7896004783864,53.54,38.96,14.579999999999998,27.2
Rivaroxabana 15mg com 30 Comprimidos - Germed Genérico,GERMED GENERICO,7896004759289,230.59,11.9,218.69,94.8
Nitazoxanida Suspensõ de Uso Oral 100ml - Germed Genérico,GERMED GENERICO,7896004774534,43.92,24.3,19.62,44.7
Nitazoxanida Suspensão de Uso Oral 45ml - Germed Genérico,GERMED GENERICO,7896004774527,19.45,12.06,7.389999999999999,38.0
Hemitartarato de Zolpidem 5mg com 30 Comprimidos - Germed Genérico,GERMED GENERICO,7896004778617,93.7,28.85,64.85,69.2
Nitazoxanida 500mg com 6 Comprimidos - Germed Genérico,GERMED GENERICO,7896004774466,48.94,16.77,32.17,65.7
Domperidona 10mg com 60 Comprimidos - Germed Genérico,GERMED GENERICO,7896004723594,41.64,8.93,32.71,78.6
Clotrimazol 10mg Creme Vaginal 35g + 6 Aplicações - Germed Genérico,GERMED GENERICO,7896004711416,55.53,16.9,38.63,69.6
"Bimatoprosta 0,3mg Uso Oftálimico 3ml - Germed Genérico",GERMED GENERICO,7896004724706,120.08,29.5,90.58,75.4
Valsartana 320mg com 30 Comprimidos - Germed Genérico,GERMED GENERICO,7896004732923,78.02,42.06,35.959999999999994,46.1
Acetato de Triancinolona Pomada 10g - Germed Genérico,GERMED GENERICO,7896004712031,15.87,4.77,11.1,69.9
Cloridrato de Fluoxetina 20mg com 30 Comprimidos - Germed Genérico,GERMED GENERICO,7896004711799,60.62,4.72,55.9,92.2
Cloridrato de Verapamil 80mg com 30 Comprimidos - Germed Genérico,GERMED GENERICO,7896004707327,32.69,11.18,21.509999999999998,65.8
Clortalidona 50mg com 30 Comprimidos - Germed Genérico,GERMED GENERICO,7896004708867,25.59,25.59,0.0,0.0
Dipirona Monoidratada 100ml - Germed,GERMED GENERICO,7896004715650,17.55,11.07,6.48,36.9
Lansoprazol 30mg com 28 Cápsulas - Germed Genérico,GERMED GENERICO,7899095200647,102.92,30.26,72.66,70.6
Losartana Potássica 100mg com 30 Comprimidos - Germed Genérico,GERMED GENERICO,7896004723655,47.27,18.0,29.270000000000003,61.9
Mesalazina 800mg com 30 Comprimidos - Germed Genérico,GERMED GENERICO,7896004712970,110.93,62.7,48.230000000000004,43.5
Pentoxifilina 400mg com 30 Comprimidos - Germed Genérico,GERMED GENERICO,7896004713588,68.67,61.17,7.5,10.9
Prednisona 5mg com 20 Comprimidos - Germed Genérico,GERMED GENERICO,7896004708003,17.06,4.81,12.25,71.8
Risperidona Gotas 30ml - Germed Genérico,GERMED GENERICO,7896004721248,56.92,29.39,27.53,48.4
Tinidazol 500mg com 4 Comprimidos - Germed Genérico,GERMED GENERICO,7896004720708,14.03,14.03,0.0,0.0
Acetilcisteína 600mg 16 Envelopes - Germed,GERMED GENERICO,7896004713328,63.09,27.99,35.10000000000001,55.6
Sinvastatina 20mg com 30 Comprimidos - Germed Genérico,GERMED GENERICO,7896004710792,17.14,4.72,12.420000000000002,72.5
"Drospirenona + Etinilestradiol 3mg + 0,03mg com 21 Comprimidos - Germed Genérico",GERMED GENERICO,7896004734408,54.94,16.07,38.87,70.7
Cloridrato de Bupropiona 150mg com 30 Comprimidos - Germed Genérico,GERMED GENERICO,7896004732640,123.98,43.18,80.80000000000001,65.2
Risedronato Sódico 35mg com 4 Comprimidos - Germed Genérico,GERMED GENERICO,7896004723440,155.87,31.78,124.09,79.6
Prednisolona 20mg com 10 Comprimidos - Germed Genérico,GERMED GENERICO,7896004733241,21.61,8.64,12.969999999999999,60.0
Diproprianato de Betametasona + Acído Salicílico Uso Dermatológico 30ml - Germed Genérico,GERMED GENERICO,7896004720937,31.46,12.71,18.75,59.6
Cloridrato de Pioglitazona 30mg com 15 Comprimidos - Germed Genérico,GERMED GENERICO,7896004731735,77.8,38.77,39.029999999999994,50.2
"Latanoprosta + Maleato de Timolol 2,5ml - Germed Genérico",GERMED GENERICO,7896004724515,165.82,47.19,118.63,71.5
Clotrimazol 20mg Creme Vaginal 20g + 3 Aplicações - Germed Genérico,GERMED GENERICO,7896004711409,57.1,21.98,35.120000000000005,61.5
Cloridrato de Terbinafina Creme 20g - Germed,GERMED GENERICO,7896004716671,24.5,14.38,10.12,41.3
Meloxicam 15mg com 10 Comprimidos - Germed Genérico,GERMED GENERICO,7896004710686,44.03,6.47,37.56,85.3
Clonazepam 2mg com 30 Comprimidos - Germed Genérico,GERMED GENERICO,7896004721842,20.53,3.89,16.64,81.1
Atorvastatina Cálcica 80mg com 30 Comprimidos - Germed Genérico,GERMED GENERICO,7896004729497,292.41,69.23,223.18,76.3
Hemifumarato de Quetiapina 25mg 30 comprimidos - Germed,GERMED GENERICO,7896004738949,50.09,6.61,43.480000000000004,86.8
Fumarato de Quetiapina 100mg com 30 Comprimidos - Germed Genérico,GERMED GENERICO,7896004730400,144.08,22.3,121.78000000000002,84.5
"Atenolol + Clortalidona 50/12,5mg com 30 Comprimidos - Germed Genérico",GERMED GENERICO,7896004709154,36.61,13.16,23.45,64.1
Cloridrato de Bromexina Xarope Adulto 120ml - Germed,GERMED GENERICO,7896004721798,20.12,18.85,1.2699999999999996,6.3
Adapaleno 1mg Gel 30g - Germed Genérico,GERMED GENERICO,7896004712697,77.07,30.01,47.05999999999999,61.1
Esomeprazol Magnésio 40mg com 28 Comprimidos - Germed Genérico,GERMED GENERICO,7896004743967,301.03,55.67,245.35999999999996,81.5
Alendronato de Sódio 70mg com 4 Comprimidos - Germed Genérico,GERMED GENERICO,7896004715353,65.5,1.49,64.01,97.7
"Alprazolam 0,25mg com 30 Comprimidos - Germed Genérico",GERMED GENERICO,7896004718859,15.04,4.27,10.77,71.6
Ezetimiba + Sinvastatina 10/20mg com 30 Comprimidos - Germed Genérico,GERMED GENERICO,7896004749150,102.65,64.1,38.55000000000001,37.6
Etodolaco 400mg com 20 Comprimidos - Germed Genérico,GERMED GENERICO,7896004761640,35.85,28.49,7.360000000000003,20.5
Succinato de Desvelafaxina 100mg com 30 Comprimidos - Germed Genérico,GERMED GENERICO,7896004751115,155.48,44.49,110.98999999999998,71.4
Tadalafila 5mg com 30 Comprimidos - Germed Genérico,GERMED GENERICO,7896004749716,92.2,5.84,86.36,93.7
Oxalato de Escitalopram 15mg com 30 Comprimidos - Germed Genérico,GERMED GENERICO,7896004747576,172.57,17.6,154.97,89.8
Etodolaco 400mg com 10 Comprimidos - Germed Genérico,GERMED GENERICO,7896004761633,17.9,17.49,0.41000000000000014,2.3
Dipirona Monoidratada 500mg 30 comprimidos - Germed,GERMED GENERICO,7896004756622,20.65,10.15,10.499999999999998,50.8
Cloridrato de Clomipramina 25mg com 20 Comprimidos - Germed Genérico,GERMED GENERICO,7896004709871,35.9,29.38,6.52,18.2
Itraconazol 100mg com 4 Cápsulas - Germed Genérico,GERMED GENERICO,7896004708096,50.04,5.83,44.21,88.3
Itraconazol 100mg com 15 Cápsulas - Germed Genérico,GERMED GENERICO,7896004708140,130.65,17.28,113.37,86.8
MICPURE 50MG C/30 COMP SN,APSEN,7896637034760,109.12,86.79,22.33,20.5
Levoxin 500mg com 7 Comrpimidos - Apsen,APSEN,7896637023009,119.37,102.66,16.710000000000008,14.0
Traturil com 1 Envelope 8g - Apsen,APSEN,7896637030007,64.73,44.9,19.830000000000005,30.6
Traturil com 2 Envelopes 8g - Apsen,APSEN,7896637030014,127.27,90.42,36.849999999999994,29.0
Levoxin 750mg com 7 Comprimidos - Apsen,APSEN,7896637023795,86.15,74.09,12.060000000000002,14.0
Levoxin 750mg com 5 Comprimidos - Apsen,APSEN,7896637023856,61.52,52.91,8.610000000000007,14.0
Flancox 600mg com 14 Comprimidos - Apsen,APSEN,7896637031943,62.15,52.83,9.32,15.0
Digeliv 400fcc com 30 Comprimidos - Apsen,APSEN,7896637032728,89.99,67.95,22.039999999999992,24.5
Digeliv 400GalU com 15 Comprimidos Mastigáveis - Apsen,APSEN,7896637032735,49.9,35.74,14.159999999999997,28.4
Spasmex 30mg com 90 Comprimidos - Apsen,APSEN,7896637033459,187.04,158.98,28.060000000000002,15.0
Insit 25mg com 30 Cápsulas - Apsen,APSEN,7896637029032,33.26,28.6,4.659999999999997,14.0
"Tanduo 0,5 + 0,4mg com 30 Cápsulas - Apsen",APSEN,7896637033923,105.6,86.69,18.909999999999997,17.9
Miosan ODT 10mg com 10 Comprimidos - Apsen,APSEN,7896637034067,23.37,23.37,0.0,0.0
Miosan ODT 5mg com 10 Comprimidos - Apsen,APSEN,7896637034050,20.93,20.93,0.0,0.0
Alois Duo Pack (10mg + 5mg) + (10mg + 10mg) + (10mg + 15mg) + (10mg + 20mg) com 28 Comprimidos,APSEN,7896637033855,110.97,89.92,21.049999999999997,19.0
Meclin Jet 25mg com 10 Comprimidos - Apsen,APSEN,7896637033343,18.61,15.29,3.3200000000000003,17.8
Meclin Jet 50mg com 10 Comprimidos - Apsen,APSEN,7896637033350,33.56,27.49,6.070000000000004,18.1
Alois 20mg com 30 Comprimidos - Apsen,APSEN,7896637031219,201.28,125.42,75.86,37.7
Insit 150mg com 30 Cápsulas - Apsen,APSEN,7896637029155,165.37,142.22,23.150000000000006,14.0
Insit 75mg com 60 Cápsulas - Apsen,APSEN,7896637033480,93.62,59.99,33.63,35.9
Rahime 8mg com 30 Comprimidos - Apsen,APSEN,7896637033046,106.0,93.28,12.719999999999999,12.0
Xafac 20mg com 28 Comprimidos - Apsen,APSEN,7896637033015,190.32,161.77,28.549999999999983,15.0
Inseris XR 300mg com 30 Comprimidos - Apsen,APSEN,7896637032339,321.43,282.86,38.56999999999999,12.0
"Xafac 2,5mg com 30 Comprimidos - Apsen",APSEN,7896637032919,91.79,70.99,20.80000000000001,22.7
"Xafac 2,5mg com 60 Comprimidos - Apsen",APSEN,7896637032926,141.26,108.99,32.269999999999996,22.8
Xafac 10mg com 30 Comprimidos - Apsen,APSEN,7896637032957,203.92,173.33,30.589999999999975,15.0
Xafac 15mg com 28 Comprimidos - Apsen,APSEN,7896637032988,190.32,161.77,28.549999999999983,15.0
Xafac 20mg com 14 Comprimidos - Apsen,APSEN,7896637033008,91.06,77.4,13.659999999999997,15.0
Inseris XR 150mg com 10 Comprimidos - Apsen,APSEN,7896637032346,63.91,56.24,7.669999999999995,12.0
Inseris XR 300mg com 10 Comprimidos - Apsen,APSEN,7896637032322,122.36,107.68,14.679999999999993,12.0
Insit 100mg com 30 Comprimidos - Apsen,APSEN,7896637032032,155.52,133.75,21.77000000000001,14.0
Flancox 300mg com 30 Comprimidos - Apsen,APSEN,7896637023139,66.69,58.69,8.0,12.0
Extima Lata Sabor Banana - 600g,APSEN,7896637032513,201.9,155.25,46.650000000000006,23.1
Eniagor Solução Capilar 50ml com 2 Unidades - Apsen,APSEN,7896637032803,109.38,64.9,44.47999999999999,40.7
Lognis - 60 Comprimidos,APSEN,7896637032551,189.98,189.98,0.0,0.0
Mag-B - 60 Cápsulas,APSEN,7896637032568,149.9,129.99,19.909999999999997,13.3
Mag-B com 30 Comprimidos - Apsen,APSEN,7896637032575,83.9,73.9,10.0,11.9
Inilok 40mg com 90 Comprimidos - Apsen,APSEN,7896637031608,152.28,115.9,36.379999999999995,23.9
Eniagor Solução Capilar com 3 Frascos 50ml - Apsen,APSEN,7896637032810,154.75,89.9,64.85,41.9
EniagorSolução Capilar 50ml Refil - Apsen,APSEN,7896637032797,54.4,30.9,23.5,43.2
Insit 25mg com 15 Cápsulas - Apsen,APSEN,7896637029018,21.98,18.9,3.080000000000002,14.0
Probid - 5 cápsulas,APSEN,7896637032230,31.9,27.99,3.91,12.3
Attivs 900mg - 60 Comprimidos,APSEN,7896637031868,149.99,147.47,2.5200000000000102,1.7
Eniagor Solução Capilar 50ml - Apsen,APSEN,7896637032506,85.53,34.9,50.63,59.2
Alois 10mg com 60 Comprimidos - Apsen,APSEN,7896637024402,261.94,192.12,69.82,26.7
Arpadol 400mg com 30 Comprimidos - Apsen,APSEN,7896637033589,113.34,87.78,25.560000000000002,22.6
Artane 5mg com 30 Comprimidos - Apsen,APSEN,7896637018029,18.29,16.1,2.1899999999999977,12.0
Artane 2mg com 30 Comprimidos - Apsen,APSEN,7896637018012,15.66,13.78,1.8800000000000008,12.0
Azulfin 500mg com 60 Comprimidos - Apsen,APSEN,7896637022729,134.69,104.74,29.950000000000003,22.2
"Colchis 0,5mg com 30 Comprimidos - Apsen",APSEN,7896637024358,81.56,29.99,51.57000000000001,63.2
Colchis 1mg com 30 Comprimidos - Apsen,APSEN,7896637024365,94.84,80.61,14.230000000000004,15.0
Donaren 50mg com 60 Comprimidos - Apsen,APSEN,7896637022767,115.89,49.9,65.99000000000001,56.9
Donaren 100mg com 30 Comprimidos - Apsen,APSEN,7896637023979,127.86,88.83,39.03,30.5
Flancox 400mg com 10 Comprimidos - Apsen,APSEN,7896637023344,29.56,12.9,16.659999999999997,56.4
Flancox 400mg com 20 Comprimidos - Apsen,APSEN,7896637022446,59.27,44.9,14.370000000000005,24.2
Labirin 24mg com 30 Comprimidos - Apsen,APSEN,7896637028523,56.72,17.9,38.82,68.4
Labirin 16mg com 30 Comprimidos - Apsen,APSEN,7896637028479,42.37,19.9,22.47,53.0
Labirin 8mg com 30 Comprimidos - Apsen,APSEN,7896637028417,38.66,32.86,5.799999999999997,15.0
Litocit 10mg com 60 Comprimidos - Apsen,APSEN,7896637022415,85.89,68.72,17.17,20.0
Litocit 5mg com 60 Comprimidos - Apsen,APSEN,7896637022408,68.45,54.48,13.970000000000006,20.4
Lonium 40mg com 30 Cápsulas - Apsen,APSEN,7896637023443,82.31,69.96,12.350000000000009,15.0
Meclin 25mg com 15 Comprimidos - Apsen,APSEN,7896637023115,29.48,22.9,6.580000000000002,22.3
Meclin 50mg com 15 Comprimidos - Apsen,APSEN,7896637023641,53.12,42.9,10.219999999999999,19.2
Miosan Caf 10mg com 15 Comprimidos - Apsen,APSEN,7896637025102,35.04,30.84,4.199999999999999,12.0
Miosan 10mg com 10 Comprimidos - Ache,APSEN,7896637023665,22.34,11.9,10.44,46.7
Miosan 10mg com 30 Comprimidos - Apsen,APSEN,7896637022842,70.37,41.9,28.470000000000006,40.5
Miosan 5mg com 30 Comprimidos - Apsen,APSEN,7896637022835,63.24,40.69,22.550000000000004,35.7
"Moment Creme 0,025 50g - Apsen",APSEN,7896637022774,94.46,80.29,14.169999999999987,15.0
Miosan Caf 5mg com 15 Comprimidos - Apsen,APSEN,7896637025096,31.48,27.7,3.780000000000001,12.0
Oto-Xilodase Gotas com 8ml - Apsen,APSEN,7896637022439,27.51,24.21,3.3000000000000007,12.0
"Paxoral 3,5mg com 10 Cápsulas - Apsen",APSEN,7896637029926,65.97,56.07,9.899999999999999,15.0
Paxoral 7mg com 10 Cápsulas - Apsen,APSEN,7896637029902,97.7,83.57,14.13000000000001,14.5
Postec 20g Pomada - Apsen,APSEN,7896637025362,149.94,127.45,22.489999999999995,15.0
Primid 100mg com 100 Comprimidos - Apsen,APSEN,7896637025225,94.7,73.65,21.049999999999997,22.2
Primid 250mg com 20 Comprimidos - Apsen,APSEN,7896637025232,44.69,33.89,10.799999999999997,24.2
Reuquinol 400mg com 30 Comprimidos - Apsen,APSEN,7891317010041,117.02,79.46,37.56,32.1
Retemic UD 10mg com 30 Comprimidos - Apsen,APSEN,7896637023566,135.36,108.39,26.970000000000013,19.9
Retemic 5mg com 60 Comprimidos - Apsen,APSEN,7896637022569,74.81,54.94,19.870000000000005,26.6
Retemic 5mg com 30 Comprimidos - Apsen,APSEN,7896637022552,45.05,35.19,9.86,21.9
Retemic Xarope 120ml - Apsen,APSEN,7896637022576,59.83,48.11,11.719999999999999,19.6
Uro Vaxom 6mg com 30 Comprimidos - Apsen,APSEN,7896637023580,164.91,127.73,37.17999999999999,22.5
Unoprost 2mg com 30 Comprimidos - Apsen,APSEN,7896637022910,35.13,27.18,7.950000000000003,22.6
Unoprost 1mg com 20 Comprimidos - Apsen,APSEN,7896637022750,68.61,50.7,17.909999999999997,26.1
Unoprost 4mg com 30 Comprimidos - Apsen,APSEN,7896637023849,54.29,41.92,12.369999999999997,22.8
Fitoscar 60mg Pomada Bisnaga 20g - Apsen,APSEN,7896637017176,95.13,77.0,18.129999999999995,19.1
Zanidip 10mg com 20 Comprimidos - Apsen,APSEN,7896637033824,98.82,67.11,31.709999999999994,32.1
Zanidip 10mg com 30 Comprimidos - Apsen,APSEN,7896637033831,148.25,103.95,44.3,29.9
Yomax com 60 Cápsulas - Apsen,APSEN,7896637022644,109.24,92.85,16.39,15.0
Triancil 20mg Injetável com 1 Ampola 5ml - Apsen,APSEN,7896637022804,146.36,113.54,32.82000000000001,22.4
Desol Gotas - 10ml,APSEN,7896637026178,27.9,21.46,6.439999999999998,23.1
Alois 10mg com 50 Comprimidos - Apsen,APSEN,7896637025218,132.59,100.99,31.60000000000001,23.8
Miosan 5mg com 10 Comprimidos - Apsen,APSEN,7896637023658,20.05,13.3,6.75,33.7
Alois 10mg com 120 Comprimidos - Aspen,APSEN,7896637025553,298.08,64.9,233.17999999999998,78.2
Lonium 40mg com 60 Comprimidos - Apsen,APSEN,7896637023450,143.18,121.7,21.480000000000004,15.0
Etoxin 50mg Xarope 120ml - Apsen,APSEN,7896637022583,81.11,69.75,11.36,14.0
Dobeven 500mg com 30 Comprimidos - Apsen,APSEN,7896637025492,100.86,80.81,20.049999999999997,19.9
Lactosil 40000 FCC com 30 Sachês 2g - Apsen,APSEN,7896637026291,39.99,35.99,4.0,10.0
Lactosil 10000 FCC 30 Sachês - 2g,APSEN,7896637026307,76.99,76.99,0.0,0.0
Zanidip 20mg com 30 Comprimidos - Apsen,APSEN,7896637033848,251.38,183.68,67.69999999999999,26.9
Digeliv 2mg 400fcc com 30 Sachês - Apsen,APSEN,7896637026222,75.99,67.44,8.549999999999997,11.3
Motilex Colágeno Hidrolisado Sabor Framboesa com 30 Sachês de 3g - Apsen,APSEN,7896637026703,132.9,115.3,17.60000000000001,13.2
Fitoscar 60mg Pomada Bisnaga 50g - Apsen,APSEN,7896637017190,237.9,183.05,54.849999999999994,23.1
Triancil 20mg Injetável com 5 Ampolas 1ml - Apsen,APSEN,7896637022811,146.36,113.84,32.52000000000001,22.2
Donaren Retard 150mg com 30 Comprimidos - Apsen,APSEN,7896637023627,191.83,136.85,54.98000000000002,28.7
"Colchis 0,5mg com 20 Comprimidos - Apsen",APSEN,7896637022927,54.33,21.9,32.43,59.7
Extima Sabor Baunilha 30 Sachês - 20g,APSEN,7896637032544,262.9,255.73,7.1699999999999875,2.7
Flancox 500mg com 14 Comprimidos - Apsen,APSEN,7896637023238,49.62,29.9,19.72,39.7
Dobeven 500mg com 60 Comprimidos - Apsen,APSEN,7896637025485,181.58,145.09,36.49000000000001,20.1
Labirin 24mg com 60 Comprimidos - Apsen,APSEN,7896637028530,112.33,44.9,67.43,60.0
Arpadol 400mg com 60 Comprimidos - Apsen,APSEN,7896637033596,219.99,186.99,33.0,15.0
Lactosil 10000 FCC - 30 Tabletes,APSEN,7896637026802,48.9,36.9,12.0,24.5
Motilex Caps Colágeno Tipo II com 30 Cápsulas - Apsen,APSEN,7896637030854,53.99,52.24,1.75,3.2
Motilex Caps Colágeno Tipo II com 60 Cápsulas - Apsen,APSEN,7896637030861,114.99,82.9,32.08999999999999,27.9
"Moment 0,075 50g - Apsen",APSEN,7896637022781,113.37,96.36,17.010000000000005,15.0
Extima Lata - 600g,APSEN,7896637032537,201.9,155.74,46.16,22.9
Alois 10mg Gotas 50ml - Apsen,APSEN,7896637024525,207.31,39.9,167.41,80.8
Velus Magnésio - 30 Comprimidos,APSEN,7896637030823,84.9,74.69,10.210000000000008,12.0
Insit 50mg com 30 Comprimidos - Apsen,APSEN,7896637029070,83.03,63.13,19.9,24.0
Insit 75mg com 30 Cápsulas - Apsen,APSEN,7896637029117,74.73,31.9,42.830000000000005,57.3
Inilok 40mg com 30 Comprimidos - Apsen,APSEN,7896637031509,71.74,44.9,26.839999999999996,37.4
Inilok 40mg com 60 Comprimidos - Apsen,APSEN,7896637031516,129.15,72.9,56.25,43.6
Motilex HA com 30 Cápsulas - Apsen,APSEN,7896637032193,169.9,119.0,50.900000000000006,30.0
Inpruv DK 7.000ui + 100mcg com 8 Comprimidos - Apsen,APSEN,7896637030311,45.43,31.23,14.2,31.3
Motilex HA com 60 Cápsulas - Apsen,APSEN,7896637031844,265.01,209.0,56.00999999999999,21.1
Inpruv DK 50.000ui + 100mcg com 4 Comprimidos - Apsen,APSEN,7896637030403,110.36,93.81,16.549999999999997,15.0
Inpruv D 7.000ui com 10 Comprimidos - Apsen,APSEN,7896637027724,29.83,19.9,9.93,33.3
Inpruv D 50.000ui com 4 Comprimidos - Apsen,APSEN,7896637027762,82.19,49.9,32.29,39.3
Inpruv D 10.000ui com 10 Comprimidos Mastigáveis - Apsen,APSEN,7896637032858,60.67,44.9,15.770000000000003,26.0
Alois Duo 10mg/20mg com 30 Comprimidos - Apsen,APSEN,7896637031776,217.98,185.28,32.69999999999999,15.0
Probians - 30 cápsulas,APSEN,7896637032223,96.9,73.45,23.450000000000003,24.2
Lactosil Flora - 30 Cápsulas,APSEN,7896637032247,110.99,57.9,53.089999999999996,47.8
Probid - 30 cápsulas,APSEN,7896637032209,94.9,73.45,21.450000000000003,22.6
Lactosil Flora - 8 Cápsulas,APSEN,7896637032261,34.17,22.9,11.270000000000003,33.0
Probid - 15 Cápsulas,APSEN,7896637032216,51.99,44.22,7.770000000000003,14.9
Litocit 15mEq com 60 Comprimidos - Apsen,APSEN,7896637031905,156.51,125.79,30.719999999999985,19.6
Aartag 90mg com 60 Comprimidos - Libbs,LIBBS,7896094210967,26.96,23.72,3.240000000000002,12.0
Zider 10mg com 60 Comprimidos - Libbs,LIBBS,7896094207585,103.43,78.72,24.710000000000008,23.9
SUMAX 50MG C/6 COMP,LIBBS,7896094211452,64.86,57.08,7.780000000000001,12.0
SUMAX 25MG C/6 COMP,LIBBS,7896094211445,36.57,32.18,4.390000000000001,12.0
Ebatz 2mg com 90 Comprimidos - Libbs,LIBBS,7896094209961,239.11,210.42,28.690000000000026,12.0
Reconter ODT 15mg com 30 Comprimidos - Libbs,LIBBS,7896094211049,123.13,123.13,0.0,0.0
Voextor 5mg com 30 Comprimidos - Libbs,LIBBS,7896094210615,91.96,74.58,17.379999999999995,18.9
Voextor 10mg com 60 Comprimidos - Libbs,LIBBS,7896094210646,272.74,220.38,52.360000000000014,19.2
Voextor 10mg com 30 Comprimidos - Libbs,LIBBS,7896094211056,151.52,123.66,27.860000000000014,18.4
Reconter ODT 10mg com 30 Comprimidos - Libbs,LIBBS,7896094211032,82.78,82.78,0.0,0.0
Lakos 50mg com 30 Comprimidos - Libbs,LIBBS,7896094210929,83.63,69.03,14.599999999999994,17.5
Lakos 200mg com 60 Comprimidos - Libbs,LIBBS,7896094210905,509.01,427.42,81.58999999999997,16.0
Lakos 100mg com 60 Comprimidos - Libbs,LIBBS,7896094210844,282.17,237.81,44.360000000000014,15.7
Lakos 100mg com 30 Comprimidos - Libbs,LIBBS,7896094210837,152.22,122.78,29.439999999999998,19.3
Zider 20mg Gotas 30ml - Libbs,LIBBS,7896094210660,82.61,64.03,18.58,22.5
Ceci 2mg + 1mg com 84 Comprimidos - Libbs,LIBBS,7896094210479,245.33,157.83,87.5,35.7
"Libiam 1,25mg com 84 Comprimidos - Libbs",LIBBS,7896094211407,167.69,126.28,41.41,24.7
"Libiam 2,5mg com 84 Comprimidos - Libbs",LIBBS,7896094211391,224.47,169.77,54.69999999999999,24.4
Coglive 24mg com 60 Cápsulas - Libbs,LIBBS,7896094210325,413.11,329.99,83.12,20.1
Coglive 16mg com 60 Cápsulas - Libbs,LIBBS,7896094210318,360.97,285.94,75.03000000000003,20.8
Reconter 15mg com 60 Comprimidos - Libbs,LIBBS,7896094211131,198.85,154.18,44.66999999999999,22.5
Quenzor 50mg com 30 Comprimidos - Libbs,LIBBS,7896094209275,41.94,32.59,9.349999999999994,22.3
Quenzor 25mg com 30 Comprimidos - Libbs,LIBBS,7896094209251,19.73,15.84,3.8900000000000006,19.7
"Iziz 2,5mg/1,5mg com 84 Comprimidos - Libbs",LIBBS,7896094209510,132.56,90.66,41.900000000000006,31.6
Ancoron 100mg com 60 Comprimidos - Libbs,LIBBS,7896094210981,39.26,34.55,4.710000000000001,12.0
"Naprix D 5mg + 12,5mg com 30 Cápsulas - Libbs",LIBBS,7896094203266,75.51,58.29,17.220000000000006,22.8
Ebatz 4mg com 30 Comprimidos - Libbs,LIBBS,7896094209206,159.56,140.41,19.150000000000006,12.0
Ceci 2mg + 1mg com 28 Comprimidos - Libs,LIBBS,7896094210424,98.54,72.85,25.690000000000012,26.1
Iumi ES com 120 Comprimidos - Libbs,LIBBS,7896094210295,240.88,163.25,77.63,32.2
"Naprix 2,5mg com 90 Comprimidos - Libbs",LIBBS,7896094210707,183.38,140.94,42.44,23.1
Cebralat 50mg com 120 Comprimidos - Libs,LIBBS,7896094210684,71.61,57.41,14.200000000000003,19.8
Natifa Pro UBD com 28 Comprimidos - Libbs,LIBBS,7896094208506,95.68,72.23,23.450000000000003,24.5
Ansitec 10mg com 90 Comprimidos - Libbs,LIBBS,7896094209640,250.9,197.44,53.46000000000001,21.3
Naprix 5mg com 90 Comprimidos - Libbs,LIBBS,7896094210714,183.38,143.17,40.21000000000001,21.9
Ansitec 5mg com 90 Comprimidos - Libbs,LIBBS,7896094209626,140.11,110.36,29.750000000000014,21.2
Cebralat 100mg com 120 Comprimidos - Libs,LIBBS,7896094210691,134.48,102.43,32.04999999999998,23.8
Naprix 10mg com 90 Comprimidos - Libbs,LIBBS,7896094210721,183.38,144.38,39.0,21.3
Matrion - 30 comprimidos,LIBBS,7896094210134,45.9,45.46,0.4399999999999977,1.0
Ansitec 10mg com 20 Comprimidos - Libbs,LIBBS,7896094200234,71.49,54.61,16.879999999999995,23.6
Ansitec 5mg com 20 Comprimidos - Libbs,LIBBS,7896094200227,38.11,30.02,8.09,21.2
Caltren 10mg com 30 Comprimidos - Libs,LIBBS,7896094200982,83.39,73.38,10.010000000000005,12.0
Caltren 20mg com 30 Comprimidos - Libs,LIBBS,7896094201002,157.78,138.85,18.930000000000007,12.0
Cebralat 100mg com 60 Comprimidos - Libs,LIBBS,7896094202047,91.24,70.0,21.239999999999995,23.3
Cebralat 50mg com 60 Comprimidos - Libs,LIBBS,7896094202030,45.45,35.31,10.14,22.3
Cebrilin 20mg com 30 Comprimidos - Libs,LIBBS,7896094200968,216.97,167.42,49.55000000000001,22.8
Diminut com 63 Comprimidos - Libbs,LIBBS,7896094201033,126.19,83.41,42.78,33.9
Diminut com 21 Comprimidos Revstidos - Libbs,LIBBS,7896094200470,49.39,37.43,11.96,24.2
Elani ciclo com 21 Comprimidos - Libbs,LIBBS,7896094202900,69.98,52.32,17.660000000000004,25.2
Elani 28 com 28 Comprimidos - Libbs,LIBBS,7896094207516,93.34,69.53,23.810000000000002,25.5
Finalop 1mg com 30 Comprimidos - Libbs,LIBBS,7896094203075,84.61,68.04,16.569999999999993,19.6
Gestinol com 28 Comprimidos - Libbs,LIBBS,7896094201248,66.76,50.09,16.67,25.0
"Libiam 2,5 mg com 28 Cápsulas - Libbs",LIBBS,7896094200920,97.16,72.64,24.519999999999996,25.2
"Libiam 1,25 com 28 Comprimidos - LIbbs",LIBBS,7896094201378,61.44,46.3,15.14,24.6
Minian com 21 Comprimidos - Libbs,LIBBS,7896094201354,44.87,33.21,11.659999999999997,26.0
Naprix A 5/5mg com 30 Comprimidos - Libbs,LIBBS,7896094201392,77.28,59.7,17.58,22.7
Muvinlax - 20 Sachê de 14g cada,LIBBS,7896094201637,51.64,45.44,6.200000000000003,12.0
Naprix 10mg com 30 Comprimidos - Libbs,LIBBS,7896094206380,79.77,63.46,16.309999999999995,20.4
Naprix 5mg com 30 Comprimidos - Libbs,LIBBS,7896094206366,79.77,62.48,17.29,21.7
Naprix A 10/5mg com 30 Comprimidos - Libbs,LIBBS,7896094201811,77.28,59.64,17.64,22.8
"Naprix 2,5mg com 30 Comprimidos - Libbs",LIBBS,7896094206342,79.77,62.75,17.019999999999996,21.3
"Natifa Pro 1mg/0,5mg com 28 Comprimidos - Libbs",LIBBS,7896094201477,95.68,72.14,23.540000000000006,24.6
Natifa 1mg com 28 Comprimidos - Libbs,LIBBS,7896094201460,73.32,55.35,17.96999999999999,24.5
Plurair 50mcg Spray 60 Doses - Libbs,LIBBS,7896094201507,41.68,36.68,5.0,12.0
Plurair 50mg 120 Doses - Libbs,LIBBS,7896094201545,65.76,57.87,7.890000000000008,12.0
"Pozato Uni 1,5mg com 1 Comprimido - Libbs",LIBBS,7896094201644,37.01,27.15,9.86,26.6
Procimax 40mg com 28 Comprimidos - Libbs,LIBBS,7896094202719,186.51,145.2,41.31,22.1
Procimax 20mg com 28 Comprimidos - Libbs,LIBBS,7896094201538,97.25,75.32,21.930000000000007,22.6
Siblima com 24 Comprimidos - Libbs,LIBBS,7896094201453,44.9,34.31,10.589999999999996,23.6
Stavigile 200mg com 30 Comprimidos - Libbs,LIBBS,7896094207349,334.85,262.47,72.38,21.6
Sumax 50mg com 2 Comprimidos - Libbs,LIBBS,7896094200432,27.11,23.86,3.25,12.0
Sumax 100mg com 2 Comprimidos - Libbs,LIBBS,7896094200340,49.68,43.72,5.960000000000001,12.0
"Sumax Injetável 6mg com 1 Seringa 0,5ml - Libbs",LIBBS,7896094200357,84.73,74.56,10.170000000000002,12.0
Sumax 25mg com 4 Comprimidos - Libbs,LIBBS,7896094201064,32.46,28.56,3.900000000000002,12.0
Topison Creme 1mg/g 20g - Libbs,LIBBS,7896094201767,71.87,63.25,8.620000000000005,12.0
Verotina 20mg com 28 Comprimidos - Libbs,LIBBS,7896094200494,137.65,103.61,34.040000000000006,24.7
Naprix D 5/25mg com 30 Comprimidos - Libbs,LIBBS,7896094203259,75.51,57.04,18.470000000000006,24.5
Iumi com 24 Comprimidos - Libbs,LIBBS,7896094208094,74.02,55.4,18.619999999999997,25.2
Salsep Spray - 50ml,LIBBS,7896094207943,28.74,16.69,12.049999999999997,41.9
Egide 25mg com 60 Comprimidos - Libbs,LIBBS,7896094207493,54.58,41.08,13.5,24.7
Ancoron 100mg com 30 Comprimidos - Libbs,LIBBS,7896094207844,26.96,23.72,3.240000000000002,12.0
Stavigile 100mg com 30 Comprimidos - Libbs,LIBBS,7896094207325,167.43,130.91,36.52000000000001,21.8
Egide 50mg com 60 Comprimidos - Libbs,LIBBS,7896094207523,112.1,88.33,23.769999999999996,21.2
Egide 100mg com 60 Comprimidos - Libbs,LIBBS,7896094207547,227.11,173.41,53.70000000000002,23.6
Gestinol com 3 x 28 Comprimidos - Libbs,LIBBS,7896094203068,163.18,108.16,55.02000000000001,33.7
Elani 28 com 3 x 28 Comprimidos - Libbs,LIBBS,7896094203044,227.92,153.49,74.42999999999998,32.7
Elani ciclo com 3 x 21 Comprimidos - Libbs,LIBBS,7896094203051,170.8,115.24,55.56000000000002,32.5
Reconter 20mg com 30 Comprimidos - Libbs,LIBBS,7896094207615,223.54,176.37,47.16999999999999,21.1
Nactali com 28 Comprimidos - Libbs,LIBBS,7896094208117,47.29,35.49,11.799999999999997,25.0
Velija 30mg com  30 Cápsulas - Libbs,LIBBS,7896094206298,75.48,58.78,16.700000000000003,22.1
Velija 60mg com 30 Cápsulas - Libbs,LIBBS,7896094206304,150.92,117.44,33.47999999999999,22.2
Stanglit 15mg com 30 Comprimidos - Libbs,LIBBS,7896094207745,90.02,70.57,19.450000000000003,21.6
Plenance 20mg com 30 Comprimidos - Libs,LIBBS,7896094206137,152.98,120.57,32.41,21.2
Plenance 10mg com 30 Comprimidos - Libbs,LIBBS,7896094206113,91.79,71.06,20.730000000000004,22.6
Stanglit 45mg com 30 Comprimidos - Libbs,LIBBS,7896094207776,232.72,175.57,57.150000000000006,24.6
Stanglit 30mg com 30 Comprimidos - Libbs,LIBBS,7896094207769,120.11,93.93,26.179999999999993,21.8
Topison Pomada 20g - Libbs,LIBBS,7896094201774,71.87,63.25,8.620000000000005,12.0
"Tarfic 0,3mg Pomada 10g - Libbs",LIBBS,7896094206014,91.37,70.95,20.42,22.3
"Tarfic 1,0mg Pomada 10g - Libbs",LIBBS,7896094206038,97.3,75.68,21.61999999999999,22.2
"Tarfic 1,0mg Pomada 30g - Libbs",LIBBS,7896094206045,174.57,138.11,36.45999999999998,20.9
Reconter com Sabor 20mg 30ml - Libbs,LIBBS,7896094210370,182.08,130.64,51.440000000000026,28.3
Sumaxpro 500 + 50mg com 2 Comprimidos - Libbs,LIBBS,7896094208278,43.04,37.88,5.159999999999997,12.0
Iumi com 72 Comprimidos - Libbs,LIBBS,7896094208674,180.62,121.48,59.14,32.7
Nactali com 84 Comprimidos - Libbs,LIBBS,7896094208124,123.59,83.73,39.86,32.3
Naprix A 10/10mg com 30 Comprimidos - Libbs,LIBBS,7896094202603,77.28,61.34,15.939999999999998,20.6
Minian com 3 x 21 Comprimidos - Libbs,LIBBS,7896094208063,109.81,74.54,35.269999999999996,32.1
Plenance 10mg com 90 Comprimidos - Libbs,LIBBS,7896094208858,138.66,108.12,30.539999999999992,22.0
Maxidrate Gel de Uso Nasal - 30g,LIBBS,7896094208407,52.56,43.9,8.660000000000004,16.5
Vatis 150mg com 60 Comprimidos - Libbs,LIBBS,7896094208933,88.32,70.64,17.679999999999993,20.0
"Venzer HCT 16/ 12,5mg com 30 Comprimidos - Libbs",LIBBS,7896094206410,89.31,70.68,18.629999999999995,20.9
"Venzer HCT 8/ 12,5mg com 30 Comprimidos - Libbs",LIBBS,7896094206403,89.31,70.9,18.409999999999997,20.6
Coglive 8mg com 30 Cápsulas - Libbs,LIBBS,7896094208339,149.29,119.12,30.169999999999987,20.2
Coglive 24mg com 30 Cápsulas - Libbs,LIBBS,7896094208353,222.79,169.8,52.98999999999998,23.8
Coglive 16mg com 30 Cápsulas - Libbs,LIBBS,7896094208346,196.22,150.95,45.27000000000001,23.1
Vatis 150mg com 90 Comprimidos - Libbs,LIBBS,7896094208940,132.44,106.92,25.519999999999996,19.3
Reconter 15mg com 30 Comprimidos - Libbs,LIBBS,7896094203280,125.25,95.42,29.83,23.8
Reconter 10mg com 60 Comprimidos - Libbs,LIBBS,7896094209527,114.29,98.29,16.0,14.0
Sumaxpro 500 + 85mg com 2 Comprimidos - Libbs,LIBBS,7896094208285,69.81,61.43,8.380000000000003,12.0
Venzer 16mg com 30 Comprimidos - Libbs,LIBBS,7896094206502,83.79,65.35,18.440000000000012,22.0
Venzer 32mg com 30 Comprimidos - Libbs,LIBBS,7896094206533,94.75,73.61,21.14,22.3
Venzer 8mg com 30 Comprimidos - Libbs,LIBBS,7896094206472,83.79,65.59,18.200000000000003,21.7
Salsep Jet - 100ml,LIBBS,7896094209701,40.58,19.69,20.889999999999997,51.5
Salsep Jet Kids - 100ml,LIBBS,7896094209695,42.53,19.69,22.84,53.7
Zider 10mg com 120 Comprimidos - Libbs,LIBBS,7896094209183,106.61,85.14,21.47,20.1
Zetron XL 150mg com 60 Comprimidos - Libbs,LIBBS,7896094209015,195.23,154.94,40.28999999999999,20.6
Zetron XL 300mg com 60 Comprimidos - Libbs,LIBBS,7896094209022,245.45,193.13,52.31999999999999,21.3
Velija 30mg com 60 Cápsulas - Libbs,LIBBS,7896094209602,133.31,104.19,29.120000000000005,21.8
Velija 60mg com 60 Cápsulas - Libbs,LIBBS,7896094209558,255.05,201.72,53.33000000000001,20.9
Plenance 20mg com 90 Comprimidos - Libbs,LIBBS,7896094208865,231.05,177.23,53.82000000000002,23.3
Reconter 20mg com 60 Comprimidos - Libbs,LIBBS,7896094209541,256.54,199.7,56.84000000000003,22.2
Iumi ES com 30 Comprimidos - Libbs,LIBBS,7896094210271,73.99,56.06,17.929999999999993,24.2
Ansitec 5mg com 60 Comprimidos - Libbs,LIBBS,7896094209619,114.22,89.05,25.17,22.0
Ansitec 10mg com 60 Comprimidos - Libbs,LIBBS,7896094209633,204.96,159.44,45.52000000000001,22.2
Stanglit 30mg com 60 Comprimidos - Libbs,LIBBS,7896094210240,190.98,150.94,40.03999999999999,21.0
Stanglit 15mg com 60 Comprimidos - Libbs,LIBBS,7896094210233,143.14,113.16,29.97999999999999,20.9
Plenance 5mg com 30 Comprimidos - Libbs,LIBBS,7896094210158,43.31,33.5,9.810000000000002,22.7
Plenance 5mg com 90 Comprimidos - Libbs,LIBBS,7896094210172,102.81,80.44,22.370000000000005,21.8
"Tarfic 0,3mg Pomada 30g - Libbs",LIBBS,7896094206021,182.27,160.4,21.870000000000005,12.0
Zetron XL 150mg com 30 Comprimidos - Libbs,LIBBS,7896094208995,123.36,95.64,27.72,22.5
Zetron XL 300mg com 30 Comprimidos - Libbs,LIBBS,7896094209008,155.34,121.63,33.71000000000001,21.7
Ebatz 2mg com 30 Comprimidos - Libbs,LIBBS,7896094209190,106.33,93.57,12.760000000000005,12.0
Vatis 300mg com 60 Comprimidos - Libbs,LIBBS,7896094208896,176.55,135.55,41.0,23.2
Plenance Eze 10/10mg com 30 Cápsulas - Libbs,LIBBS,7896094210059,90.74,72.52,18.22,20.1
Plenance Eze 20/10mg com 30 Cápsulas - Libbs,LIBBS,7896094210080,129.41,104.1,25.310000000000002,19.6
Plenance Eze 5/10mg com 30 Cápsulas - Libbs,LIBBS,7896094210028,78.27,61.67,16.599999999999994,21.2
Vatis 300mg com 90 Comprimidos - Libbs,LIBBS,7896094208902,264.82,204.69,60.129999999999995,22.7
Belamy Gel Hidratante Vaginal 20g + 8 Aplicadores,LIBBS,7896094210127,84.99,84.99,0.0,0.0
"Iziz 2,5mg/1,5mg com 28 Comprimidos - Libbs",LIBBS,7896094209503,48.36,37.33,11.030000000000001,22.8
Salsep spray 50ml,LIBBS,7896094201514,24.93,16.69,8.239999999999998,33.1
Benzetacil Injeção 1200000 Frasco/Ampola com 4ml - Supera,SUPERA,7891317430436,20.66,19.42,1.2399999999999984,6.0
Fibrinase Pomada 10g - Supera,SUPERA,7896676408294,39.98,34.38,5.599999999999994,14.0
Fibrinase com Cloranfenicol 30g - Supera,SUPERA,7896676408300,99.0,85.14,13.86,14.0
Alevo 750mg com 5 Comprimidos - Supera,SUPERA,7899420506666,81.73,76.83,4.900000000000006,6.0
Alevo 500mg com 7 Comprimidos - Supera,SUPERA,7899420501708,97.96,92.08,5.8799999999999955,6.0
Azod 50mg com 60 Comprimidos - Supera,SUPERA,7899420508417,64.07,55.1,8.969999999999992,14.0
Arcoxia 90mg com 5 Comprimidos - Supera,SUPERA,7897337716925,82.57,71.01,11.559999999999988,14.0
Vivosso Pro com 60 Comprimidos - Supera,SUPERA,7899420501456,132.9,132.9,0.0,0.0
"Aviant 0,5mg/ml Xarope Frasco 60ml - Supera",SUPERA,7897337716420,47.71,40.55,7.160000000000004,15.0
Vita Colin 200mg com 30 Sachês,SUPERA,7899420501531,98.11,91.84,6.269999999999996,6.4
Renovi B 5000mg + 100mg + 100mg - 30 Comprimidos,SUPERA,7899420501487,84.58,74.43,10.149999999999991,12.0
Multi-Bi Probiótico 335mg - 30 Cápsulas,SUPERA,7899420507663,199.9,199.9,0.0,0.0
Sopi - 30 sachês,SUPERA,7899420508530,146.09,128.56,17.53,12.0
Tam 750mg com 30 Comprimidos - Supera,SUPERA,7899420507885,152.95,124.41,28.539999999999992,18.7
Dartrial 15mg com 30 Comprimidos - Supera,SUPERA,7899420508585,135.77,102.42,33.35000000000001,24.6
Dartrial 10mg com 30 Comprimidos - Supera,SUPERA,7899420508578,135.77,109.7,26.070000000000007,19.2
Alpes XL 300mg com 30 Comprimidos - Supera,SUPERA,7899420507519,132.41,113.87,18.539999999999992,14.0
Alpes XL 150mg com 30 Comprimidos - Supera,SUPERA,7899420507472,105.58,90.8,14.780000000000001,14.0
Hezo 2mg com 20 Comprimidos - Supera,SUPERA,7899420501517,89.08,71.27,17.810000000000002,20.0
Perola 75mcg com 84 Comprimidos - Supera,SUPERA,7897337713399,126.3,95.67,30.629999999999995,24.3
Asea 40mg com 30 Comprimidos - Supera,SUPERA,7899420506987,50.03,44.03,6.0,12.0
Cibex 200mg com 10 Cápsulas - Supera,SUPERA,7899420508219,44.75,39.38,5.369999999999997,12.0
Multi-Bi Probiótico - 10 cápsulas,SUPERA,7899420507656,84.9,84.9,0.0,0.0
Trol 100mg com 10 Comprimidos - Supera,SUPERA,7899420508196,89.72,78.95,10.769999999999996,12.0
"Trol Par 37,5mg + 325mg com 10 Comprimidos - Supera",SUPERA,7899420507007,37.3,32.82,4.479999999999997,12.0
TriploA 150mg com 10 Comprimidos - Supera,SUPERA,7899420507564,52.74,46.41,6.330000000000005,12.0
Vivosso - 30 Comprimidos,SUPERA,7899420508127,132.9,132.9,0.0,0.0
Diupress 25 + 5mg com 30 Comprimidos - Supera,SUPERA,7891317010065,45.1,36.08,9.020000000000003,20.0
Pros 2mg com 30 Comprimidos - Supera,SUPERA,7899420508080,42.32,32.73,9.590000000000003,22.7
Zoup SL 5mg com 30 Comprimidos - Biolab,SUPERA,7899420507144,75.88,57.25,18.629999999999995,24.6
Senes 10mg c/30 cpr,SUPERA,7899420501647,120.05,92.51,27.539999999999992,22.9
Risperidon 1mg 60ml - Supera,SUPERA,7896676436143,133.92,107.75,26.169999999999987,19.5
"Roxetin XR 12,5mg com 30 Comprimidos - Supera",SUPERA,7896676435580,87.34,67.51,19.83,22.7
Amytril 25mg com 20 Comprimidos - Supera,SUPERA,7896676400083,32.28,22.94,9.34,28.9
Amytril 75mg com 20 Comprimidos - Supera,SUPERA,7896676410518,92.97,71.47,21.5,23.1
Arcoxia 90mg com 14 Comprimidos - Supera,SUPERA,7897337705004,163.46,140.58,22.879999999999995,14.0
Arcoxia 60mg com 14 Comprimidos - Supera,SUPERA,7897337704977,146.65,126.12,20.53,14.0
Cozaar 50mg com 30 Comprimidos - Supera,SUPERA,7897337706384,66.45,51.02,15.43,23.2
Denyl 20mg com 28 Comprimidos - Supera,SUPERA,7896676410471,88.3,68.52,19.78,22.4
Desalex 5mg com 10 Comprimidos - Supera,SUPERA,7897337713450,82.06,72.21,9.850000000000009,12.0
Desalex Xarope 100ml - Supera,SUPERA,7897337712934,93.97,82.69,11.280000000000001,12.0
Desalex Xarope 60ml - Supera,SUPERA,7897337712927,65.67,57.79,7.880000000000003,12.0
Duoflan com 1 Ampola - Supera,SUPERA,7896676410198,31.77,27.96,3.8099999999999987,12.0
Filinar Xarope Pediátrico 5mg/ml 120ml - Supera,SUPERA,7891317181604,31.2,26.52,4.68,15.0
Fluxene 10mg com 28 Comprimidos - Supera,SUPERA,7891317489564,60.86,49.06,11.799999999999997,19.4
Fluxene 20mg com 28 Comprimidos - Supera,SUPERA,7891317489533,116.32,90.34,25.97999999999999,22.3
Gracial com 22 Comprimidos - Supera,SUPERA,7897337716239,59.62,39.81,19.809999999999995,33.2
Helleva 80mg com 2 Comprimidos - Supera,SUPERA,7896676414530,62.63,53.24,9.39,15.0
Hyzaar 100/25mg com 30 Comprimidos - Supera,SUPERA,7897337707404,126.24,97.22,29.019999999999996,23.0
"Hyzaar 50/12,5mg com 30 Comprimidos - Supera",SUPERA,7897337709354,76.54,59.62,16.92000000000001,22.1
"Livial 2,5mg com 84 Comprimidos - Supera",SUPERA,7897337716260,315.65,221.02,94.62999999999997,30.0
"Livial 2,5mg com 28 Comprimidos - Supera",SUPERA,7897337716253,122.55,84.2,38.349999999999994,31.3
Maxalt 10mg com 2 Comprimidos - Supera,SUPERA,7897337702089,37.17,32.71,4.460000000000001,12.0
Meticorten 20 mg com 10 Comprimidos - Supera,SUPERA,7897337712576,34.03,29.95,4.080000000000002,12.0
Meticorten 5mg com 20 Comprimidos - Supera,SUPERA,7897337712590,25.26,22.23,3.030000000000001,12.0
Microdiol com 21 Comprimidos - Supera,SUPERA,7897337716345,50.47,33.24,17.229999999999997,34.1
Nasonex Spray Nasal 120 Doses - Supera,SUPERA,7897337716543,67.86,52.99,14.869999999999997,21.9
Nasonex Spray Nasal 60 Doses - Supera,SUPERA,7897337716550,48.72,41.41,7.310000000000002,15.0
Percof Xarope 120ml - Supera,SUPERA,7891317411909,45.83,40.33,5.5,12.0
Phosfoenema - 130ml,SUPERA,7896676434323,20.34,19.12,1.2199999999999989,6.0
Rehidrat 90 - 4 Envelopes,SUPERA,7891317007478,45.37,39.93,5.439999999999998,12.0
Rehidrat 50 Lar - 4 Envelopes,SUPERA,7891317007508,35.47,31.21,4.259999999999998,12.0
Remeron 15mg com 30 Comprimidos - Supera,SUPERA,7897337716635,159.24,125.7,33.540000000000006,21.1
Risperidon 1mg com 30 Comprimidos - Supera,SUPERA,7896676412208,74.4,57.25,17.150000000000006,23.1
Roxetin 20mg com 30 Comprimidos - Supera,SUPERA,7896676436266,139.76,110.14,29.61999999999999,21.2
Simeco Ssupensão Plus 240ml - Supera,SUPERA,7891317020101,61.03,53.71,7.32,12.0
Zetia 10mg com 30 Comprimidos - Supera,SUPERA,7897337716819,120.81,96.47,24.340000000000003,20.1
Arcoxia 90mg com 7 Comprimidos - Supera,SUPERA,7897337704984,82.57,71.01,11.559999999999988,14.0
Bioflac 15mg c/5 ampola,SUPERA,7896676410389,66.54,56.56,9.980000000000004,15.0
Amytril 10mg com 30 Comprimidos - Supera,SUPERA,7896676431537,18.98,14.77,4.210000000000001,22.2
Remeron 45mg com 30 Comprimidos - Supera,SUPERA,7897337716673,318.67,231.47,87.20000000000002,27.4
Risperidon 1mg 30ml - Supera,SUPERA,7896676415797,74.4,59.87,14.530000000000008,19.5
Fosamax D 5600 70mg com 4 Comprimidos - Supera,SUPERA,7897337709033,202.25,133.05,69.19999999999999,34.2
Vagicand Creme Vaginal 40g com 7 Aplicadores - GSK,SUPERA,7898943707703,45.03,38.28,6.75,15.0
Aval 160mg com 30 Comprimidos - Supera,SUPERA,7899420502330,58.37,45.67,12.699999999999996,21.8
Desalex D12 com 10 Comprimidos - Supera,SUPERA,7897337713498,65.35,57.51,7.839999999999996,12.0
Aval 320mg com 30 Comprimidos - Supera,SUPERA,7899420502378,58.37,45.82,12.549999999999997,21.5
Ateroma 20mg com 30 Comprimidos - Supera,SUPERA,7898943707086,92.9,72.64,20.260000000000005,21.8
Aval 80mg com 30 Comprimidos - Supera,SUPERA,7899420502316,58.37,44.68,13.689999999999998,23.5
Fluxene 20mg com 60 Comprimidos - Supera,SUPERA,7891317103033,159.09,124.1,34.99000000000001,22.0
Filinar Gel 120ml - Supera,SUPERA,7891317485153,30.11,25.59,4.52,15.0
Arcoxia 60mg com 7 Comprimidos - Supera,SUPERA,7897337704960,73.52,63.23,10.29,14.0
Amytril 25mg com 30 Comprimidos - Supera,SUPERA,7896676422269,46.74,36.06,10.68,22.8
Ateroma 10mg com 30 Comprimidos - Supera,SUPERA,7898943707024,92.9,73.33,19.570000000000007,21.1
Asea HCT 40mg/25mg com 30 Comprimidos - Supera,SUPERA,7899420503177,87.83,67.91,19.92,22.7
Filinar Xarope Aduto 120ml - Supera,SUPERA,7891317181611,42.76,36.35,6.409999999999997,15.0
Carlit XR 450mg com 30 Comprimidos - Supera,SUPERA,7899420501364,71.21,55.43,15.779999999999994,22.2
Nites 50mcg Spray Nasal com 120 Doses - Supera,SUPERA,7897337716178,64.93,51.93,13.000000000000007,20.0
Ateroma 40mg com 30 comprimidos - Supera,SUPERA,7898943707147,185.77,142.12,43.650000000000006,23.5
Pros HP 2 + 5mg com 30 Comprimidos - Supera,SUPERA,7899420503597,160.93,126.28,34.650000000000006,21.5
Atip XR 50mg com 30 Comprimidos - Supera,SUPERA,7899420504983,173.01,137.19,35.81999999999999,20.7
Atip 25mg com 30 Comprimidos - Supera,SUPERA,7899420506369,52.57,42.46,10.11,19.2
Lester 2mg com 30 Comprimidos - Supera,SUPERA,7899420505782,164.55,130.09,34.46000000000001,20.9
Zetia 10mg com 60 Comprimidos - Supera,SUPERA,7897337716802,158.39,125.16,33.22999999999999,21.0
Dioless 150mcg + 20mcg com 21 Comprimidos - Supera,SUPERA,7899420506253,46.34,35.06,11.280000000000001,24.3
Zetsim 10/40mg com 30 Comprimidos - Supera,SUPERA,7897337716888,185.34,145.23,40.110000000000014,21.6
Nimegon Met 50/1000mg com 56 Comprimidos - Supera,SUPERA,7897572004481,331.18,281.5,49.68000000000001,15.0
Zetsim 10/20mg com 30 Comprimidos - Supera,SUPERA,7897337716871,112.86,88.4,24.459999999999994,21.7
"Minergi 0,375mg com 30 Comprimidos - Supera",SUPERA,7899420504723,95.33,73.05,22.28,23.4
Zetsim 10/10mg com 30 Comprimidos - Supera,SUPERA,7897337716840,112.86,90.88,21.980000000000004,19.5
Promim Creme 30g com 20 Aplicadores - Supera,SUPERA,7899420501791,98.94,84.1,14.840000000000003,15.0
Perola 75mcg com 28 Comprimidos - Supera,SUPERA,7897337713382,48.08,36.4,11.68,24.3
Andes 100mg com 30 Comprimidos - Supera,SUPERA,7899420506802,91.55,78.73,12.819999999999993,14.0
"Asea HCT 40mg/12,5mg com 30 Comprimidos - Supera",SUPERA,7899420503276,87.83,68.53,19.299999999999997,22.0
Nimegon 100mg com 28 Comprimidos - Supera,SUPERA,7897572004351,336.06,285.65,50.410000000000025,15.0
Okotico 25mg com 30 Comprimidos - Supera,SUPERA,7899420506888,59.33,44.3,15.030000000000001,25.3
Risperidon 2mg com 60 Comprimidos - Supera,SUPERA,7896676433678,133.94,101.2,32.739999999999995,24.4
Dali 5mg com 30 Comprimidos - Supera,SUPERA,7899420504051,266.51,189.69,76.82,28.8
Amytril 25mg com 60 Comprimidos - Supera,SUPERA,7896676422276,75.01,60.61,14.400000000000006,19.2
Nimegon Met 50/850mg com 56 Comprimidos - Supera,SUPERA,7897572004443,331.18,281.5,49.68000000000001,15.0
Okotico 100mg com 30 Comprimidos - Supera,SUPERA,7899420506864,238.78,184.03,54.75,22.9
Helleva 80mg com 10 Comprimidos - Supera,SUPERA,7896676421606,185.32,145.57,39.75,21.4
Andes 50mg com 30 Comprimidos - Supera,SUPERA,7899420506772,83.91,72.16,11.75,14.0
Roxetin XR 25mg com 30 Comprimidos - Supera,SUPERA,7896676435597,144.58,113.38,31.200000000000017,21.6
Atesto 250mg/ml Solução Injetável com 4ml Ampolas - Supera,SUPERA,7899420507076,547.64,481.92,65.71999999999997,12.0
Andes 50mg com 60 Comprimidos - Supera,SUPERA,7899420507236,137.29,118.07,19.22,14.0
"Asea hct 20mg/12,5mg com 30 Comprimidos - Supera",SUPERA,7899420503221,87.83,68.74,19.090000000000003,21.7
Tam 250mg com 30 Comprimidos - Supera,SUPERA,7899420507861,51.0,40.55,10.450000000000003,20.5
Cod 60mg com 30 Comprimidos - Supera,SUPERA,7899420507045,110.04,94.63,15.41000000000001,14.0
Cod 30mg com 30 Comprimidos - Supera,SUPERA,7899420507052,66.19,56.92,9.269999999999996,14.0
Norfloxacino 400mg com 14 Comprimidos - Medley Genérico,MEDLEY GENERICOS,7896422507400,48.41,18.94,29.469999999999995,60.9
Claritromicina 500mg com 14 Comprimidos - Medley Genérico,MEDLEY GENERICOS,7896422503617,141.02,68.43,72.59,51.5
Claritromicina 500mg com 10 Comprimidos - Medley Genérico,MEDLEY GENERICOS,7896422503600,98.29,47.74,50.550000000000004,51.4
Azitromicina 500mg com 3 Comprimidos - Medley Genérico,MEDLEY GENERICOS,7896422514866,29.38,9.07,20.31,69.1
Azitromicina 500mg com 5 Comprimidos - Medley Genérico,MEDLEY GENERICOS,7896422514873,48.4,18.11,30.29,62.6
Dipirona Monoidratada 1g 10 Comprimidos - Medley,MEDLEY GENERICOS,7891058002602,19.26,10.44,8.820000000000002,45.8
Cloridrato de Amitriptilina 25mg com 30 Comprimidos - Medley Genérico,MEDLEY GENERICOS,7896422524636,15.48,4.5,10.98,70.9
Ciclopirox Olamina Solução de Uso Dermatológico 15ml - Medley Genérico,MEDLEY GENERICOS,7896422512145,24.03,12.51,11.520000000000001,47.9
"Clonazepam 0,5mg com 30 Comprimidos - Medley Genérico",MEDLEY GENERICOS,7896422514644,9.07,3.06,6.01,66.3
Diclofenaco Potássico 50mg com 20 Comprimidos - Medley Genérico,MEDLEY GENERICOS,7896422504386,12.0,4.54,7.46,62.2
Cetoprofeno 150mg com 10 Comprimidos - Medley Genérico,MEDLEY GENERICOS,7891058002961,39.04,9.99,29.049999999999997,74.4
Desloratadina Xarope com 100ml - Medley Genérico,MEDLEY GENERICOS,7896422521277,68.39,23.63,44.760000000000005,65.4
Olmesartana Medoxomila 40mg com 30 Comprimidos - Medley Genérico,MEDLEY GENERICOS,7891058003166,50.72,24.43,26.29,51.8
"Cloridrato de Naratriptana 2,5mg com 4 Comprimidos - Medley Genérico",MEDLEY GENERICOS,7891058005481,16.59,10.86,5.73,34.5
Pregabalina 50mg com 30 Cápsulas - Medley,MEDLEY GENERICOS,7896422527026,57.52,22.05,35.47,61.7
"Apixabana 2,5mg com 20 Comrpmidos - Medley",MEDLEY GENERICOS,7891058003265,82.24,36.27,45.96999999999999,55.9
Apixabana 5mg com 20 Comprimidos - Medley,MEDLEY GENERICOS,7891058003289,82.24,39.66,42.58,51.8
Oxcarbazepina 300mg com 60 Comprimidos - Medley Genérico,MEDLEY GENERICOS,7896422524766,89.25,58.23,31.020000000000003,34.8
Rosuvastatina Cálcica 10mg com 30 Comprimidos - Medley Genérico,MEDLEY GENERICOS,7896422528580,55.21,11.14,44.07,79.8
Cloridrato de Amitriptilina 75mg com 30 Comprimidos - Medley Genérico,MEDLEY GENERICOS,7896422524643,53.93,17.82,36.11,67.0
Atorvastatina Cálcica 20mg com 30 Comprimidos - Medley Genérico,MEDLEY GENERICOS,7896422520966,70.19,18.18,52.01,74.1
Alopurinol 100mg 30 comprimidos - Medley,MEDLEY GENERICOS,7896422516921,11.07,5.99,5.08,45.9
Cetoprofeno 100mg com 20 Comprimidos - Medley Genérico,MEDLEY GENERICOS,7896422507295,40.59,24.36,16.230000000000004,40.0
Cetoprofeno 50mg com 24 Cápsulas - Medley Genérico,MEDLEY GENERICOS,7896422507349,29.11,13.23,15.879999999999999,54.6
Simeticona 40mg 20 comprimidos - Medley,MEDLEY GENERICOS,7896422505550,12.64,5.94,6.7,53.0
Cloridrato de Terbinafina 250mg com 14 Comprimidos - Medley Genérico,MEDLEY GENERICOS,7896422504713,79.85,43.67,36.17999999999999,45.3
Domperidona Xarope 100ml - Medley Genérico,MEDLEY GENERICOS,7896422513173,35.51,16.55,18.959999999999997,53.4
Genfibrozila 600mg com 30 Comprimidos - Medley Genérico,MEDLEY GENERICOS,7896422508209,117.89,69.65,48.239999999999995,40.9
Glimepirida 1mg com 30 Comprimidos - Medley Genérico,MEDLEY GENERICOS,7896422505291,19.4,12.19,7.209999999999999,37.2
Oxcarbazepina 300mg com 30 Comprimidos - Medley Genérico,MEDLEY GENERICOS,7896422511902,46.01,30.14,15.869999999999997,34.5
Lisinopril 5mg com 30 Comprimidos - Medley Genérico,MEDLEY GENERICOS,7896422506731,35.85,23.82,12.030000000000001,33.6
Propionato de Clobetasol Creme 30g - Medley Genérico,MEDLEY GENERICOS,7896422505369,20.17,10.84,9.330000000000002,46.3
Cloridrato de Propranolol 10mg com 30 Comprimidos - Medley Genérico,MEDLEY GENERICOS,7896422515511,6.22,4.1,2.12,34.1
Nistatina Creme Vaginal 60g - Medley Genérico,MEDLEY GENERICOS,7896422504577,15.93,14.98,0.9499999999999993,6.0
Maleato de Midazolam 15mg com 30  Comprimidos - Medley Genérico,MEDLEY GENERICOS,7896422517621,75.32,62.71,12.609999999999992,16.7
Desloratadina Xarope 60ml - Medley Genérico,MEDLEY GENERICOS,7896422521260,46.03,16.07,29.96,65.1
Ramipril 5mg com 60 Comprimidos - Medley Genérico,MEDLEY GENERICOS,7896422518987,123.52,96.18,27.33999999999999,22.1
Cloridrato Amiodarona 200mg com 30 Comprimidos - Medley Genérico,MEDLEY GENERICOS,7891058001681,34.78,21.99,12.790000000000003,36.8
Fumarato de Bisoprolol 10mg com 30 Comprimidos - Medley Genérico,MEDLEY GENERICOS,7896422522687,63.91,37.99,25.919999999999995,40.6
Risperidona 3mg com 30 Comprimidos - Medley Genérico,MEDLEY GENERICOS,7896422527460,63.25,15.9,47.35,74.9
Apixabana5mg com 60 Comprimidos - Medley,MEDLEY GENERICOS,7891058003265,246.74,108.29,138.45,56.1
Rosuvastatina Cálcica 20mg com 30 Comprimidos - Medley Genérico,MEDLEY GENERICOS,7896422528627,82.92,13.9,69.02,83.2
Olmesartana 20mg com 30 Comprimidos - Medley Genéricos,MEDLEY GENERICOS,7891058003159,48.25,21.43,26.82,55.6
Oxcarbazepina 600mg c/60 cpr,MEDLEY GENERICOS,7896422524773,174.02,97.71,76.31000000000002,43.9
Dipirona Monoidratada 50mg 100ml - Medley,MEDLEY GENERICOS,7896422506243,22.63,8.75,13.879999999999999,61.3
Cloridrto de Memantina 10mg com 30 Comprimidos - Medley Genérico,MEDLEY GENERICOS,7896422520591,75.01,23.26,51.75,69.0
Fumarato de Quetiapina 25mg com 30 Comprimidos - Medley Genérico,MEDLEY GENERICOS,7896422500500,75.07,15.48,59.58999999999999,79.4
Fumarato de Quetiapina 100mg com 30 Comprimidos - Medley Genérico,MEDLEY GENERICOS,7896422500531,280.98,55.9,225.08,80.1
Cetoconazol + Betametasona Creme 30g - Medley Genérico,MEDLEY GENERICOS,7896422506274,30.47,16.22,14.25,46.8
Losartana Potássica 50mg 30 comprimidos - Medley Genérico,MEDLEY GENERICOS,7896422507738,18.04,2.9,15.139999999999999,83.9
Cetoconazol + Betametasona + Neomicina Creme 30g - Medley Genérico,MEDLEY GENERICOS,7896422507301,31.74,12.99,18.75,59.1
Aciclovir Creme 10g - Medley Genérico,MEDLEY GENERICOS,7896422505741,25.66,8.06,17.6,68.6
Albendazol 400mg com 1 Comprimido - Medley Genérico,MEDLEY GENERICOS,7896422511728,8.86,2.54,6.319999999999999,71.3
Alopurinol 300mg com 30 Comprimidos - Medley Genérico,MEDLEY GENERICOS,7896422516945,32.69,15.49,17.199999999999996,52.6
"Alprazolam 0,25mg com 30 Comprimidos - Medley Genérico",MEDLEY GENERICOS,7896422516990,12.91,6.7,6.21,48.1
Bromazepam 3mg com 30 Comprimidos - Medley Genérico,MEDLEY GENERICOS,7896422505963,23.78,6.71,17.07,71.8
Bromoprida 10mg com 20 Comprimidos - Medley Genérico,MEDLEY GENERICOS,7896422507158,24.69,11.61,13.080000000000002,53.0
Captopril 25mg com 30 Comprimidos - Medley Genérico,MEDLEY GENERICOS,7896422503709,9.79,4.75,5.039999999999999,51.5
Cetoconazol + Betametasona + Neomicina Pomada 30g - Medley Genérico,MEDLEY GENERICOS,7896422507318,30.94,16.09,14.850000000000001,48.0
Cetoconazol + Betametasona Pomada 30g - Medley Genérico,MEDLEY GENERICOS,7896422506250,29.84,15.23,14.61,49.0
Cetoconazol Creme 30gr - Medley Genérico,MEDLEY GENERICOS,7896422506267,27.69,15.07,12.620000000000001,45.6
Cetoprofeno Gotas 20ml - Medley Genérico,MEDLEY GENERICOS,7896422506649,20.81,4.54,16.27,78.2
Ciclopirox Olamina Creme 20g - Medley Genérico,MEDLEY GENERICOS,7896422512169,31.68,21.81,9.870000000000001,31.2
Ciprofibrato 100mg com 30 Comprimidos - Medley Genérico,MEDLEY GENERICOS,7891058001612,56.4,17.34,39.06,69.3
Clonazepam 2mg com 30 Comprimidos - Medley Genérico,MEDLEY GENERICOS,7896422514651,16.13,5.44,10.689999999999998,66.3
Cloridrato de Bromexina Xarope Adulto 120ml - Medley,MEDLEY GENERICOS,7896422505154,30.83,14.76,16.07,52.1
"Clonazepam 0,5mg com 60 Comprimidos - Medley Genérico",MEDLEY GENERICOS,7896422515016,17.97,7.78,10.189999999999998,56.7
Cloridrato de Bromexina Xarope Infantil 120ml - Medley,MEDLEY GENERICOS,7896422505147,23.95,11.41,12.54,52.4
Cloridrato Amiodarona 100mg com 30 Comprimidos - Medley Genérico,MEDLEY GENERICOS,7891058001667,19.19,14.5,4.690000000000001,24.4
Cloridrato de Venlafaxina 75mg com 30 Cápsulas - Medley Genérico,MEDLEY GENERICOS,7896422513951,94.95,22.99,71.96000000000001,75.8
Cloridrato de Venlafaxina 150mg com 30 Cápsulas - Medley Genérico,MEDLEY GENERICOS,7896422513968,165.38,59.91,105.47,63.8
Cloridrato de Paroxetina 20mg com 30 Comprimidos - Medley Genérico,MEDLEY GENERICOS,7896422515894,48.86,19.68,29.18,59.7
Clotrimazol Creme 20g - Medley,MEDLEY GENERICOS,7896422504812,15.56,6.41,9.15,58.8
Diclofenaco Dietilamônio 60g - Medley,MEDLEY GENERICOS,7896422504256,18.91,11.07,7.84,41.5
Simeticona Gotas 15ml - Medley,MEDLEY GENERICOS,7896422504744,16.74,5.69,11.049999999999997,66.0
Simeticona 125mg 10 cápsulas - Medley,MEDLEY GENERICOS,7896422520669,20.53,4.69,15.84,77.2
Diclofenaco Sódico 50mg com 20 Comprimidos - Medley Genérico,MEDLEY GENERICOS,7896422504492,16.4,6.12,10.279999999999998,62.7
Dipirona Monoidratada Gotas 20ml - Medley,MEDLEY GENERICOS,7896422506236,16.24,5.35,10.889999999999999,67.1
Oxcarbazepina 600mg com 30 Comprimidos - Medley Genérico,MEDLEY GENERICOS,7896422511940,90.62,60.26,30.360000000000007,33.5
Pantoprazol 40mg Medley - 28 comprimidos,MEDLEY GENERICOS,7896422506625,43.16,5.99,37.169999999999995,86.1
Pantoprazol 20mg Medley - 28 comprimidos,MEDLEY GENERICOS,7896422506595,27.69,2.99,24.700000000000003,89.2
Secnidazol 1000mg com 2 Comprimidos - Medley Genérico,MEDLEY GENERICOS,7896422505680,24.14,8.5,15.64,64.8
Pomada Sulfato de Neomicina + Bacitracina Zíncica 15g - Medley Genéricos,MEDLEY GENERICOS,7896422504454,13.08,5.18,7.9,60.4
Pomada Sulfato de Neomicina + Bacitracina Zíncica 50g - Medley Genérico,MEDLEY GENERICOS,7896422504478,28.16,11.99,16.17,57.4
Carvedilol 25mg com 30 Comprimidos - Medley Genérico,MEDLEY GENERICOS,7896422519403,75.26,12.06,63.2,84.0
"Carvedilol 12,5mg com 30 Comprimidos - Medley Genérico",MEDLEY GENERICOS,7896422519373,44.82,12.55,32.269999999999996,72.0
"Carvedilol 6,25mg com 30 Comprimidos - Medley Genérico",MEDLEY GENERICOS,7896422519342,38.68,10.9,27.78,71.8
Acido Mefenâmico 500mg com 12 Comprimidos - Medley Genérico,MEDLEY GENERICOS,7896422516877,11.52,11.23,0.28999999999999915,2.5
Clonazepam Gotas 20ml - Medley Genérico,MEDLEY GENERICOS,7896422511865,13.2,6.98,6.219999999999999,47.1
Clotrimazol 20mg Creme Vaginal 20g + 3 Aplicações - Medley Genérico,MEDLEY GENERICOS,7896422506434,60.16,20.61,39.55,65.7
Clotrimazol 10mg Creme Vaginal 35g + 6 Aplicações - Medley Genérico,MEDLEY GENERICOS,7896422506427,62.47,21.36,41.11,65.8
Prednisona 5mg com 20 Comprimidos - Medley Genérico,MEDLEY GENERICOS,7896422517485,15.14,4.79,10.350000000000001,68.4
Dipirona Monoidratada 500mg 10 comprimidos - Medley,MEDLEY GENERICOS,7896422507066,9.05,3.7,5.3500000000000005,59.1
Atorvastatina calcica 40mg c/30 cpr - Medley,MEDLEY GENERICOS,7896422525848,162.05,22.99,139.06,85.8
Paracetamol 750mg 20 comprimidos - Medley,MEDLEY GENERICOS,7896422504911,28.53,9.01,19.520000000000003,68.4
Adapaleno 1mg Gel 30g - Medley Genérico,MEDLEY GENERICOS,7896422515122,57.43,29.78,27.65,48.1
"Alprazolam 0,5mg com 30 Comprimidos - Medley Genérico",MEDLEY GENERICOS,7896422517003,13.2,3.4,9.799999999999999,74.2
Hidroclorotiazida 25mg com 30 Comprimidos - Medley Genérico,MEDLEY GENERICOS,7891058002657,5.64,2.49,3.1499999999999995,55.9
Cloridrato de Sertralina 50mg com 30 Comprimidos - Medley Genérico,MEDLEY GENERICOS,7896422506304,45.95,13.28,32.67,71.1
Citalopram 20mg com 30 Comprimidos - Medley Genérico,MEDLEY GENERICOS,7896422515580,55.44,15.21,40.23,72.6
Dipirona Monoidratada 500mg 30 comprimidos - Medley,MEDLEY GENERICOS,7896422507059,31.55,10.99,20.560000000000002,65.2
Esomeprazol Magnésico 40mg com 28 Comprimidos - Medley,MEDLEY GENERICOS,7891058004408,301.01,84.64,216.37,71.9
Esomeprazol Magnésio 20mg com 28 Comprimidos - Medley Genérico,MEDLEY GENERICOS,7891058004422,77.83,32.99,44.839999999999996,57.6
Anlodipino 5mg com 30 Comprimidos - Medley Genérico,MEDLEY GENERICOS,7896422505789,23.23,3.99,19.240000000000002,82.8
"Cloridrato de Venlafaxina 37,5mg com 30 Cápsulas - Medley Genérico",MEDLEY GENERICOS,7896422519922,52.38,22.32,30.060000000000002,57.4
Bromazepam 6mg com 30 Comprimidos - Medley Genérico,MEDLEY GENERICOS,7896422505970,30.68,10.11,20.57,67.0
Fluconazol 150mg com 2 Cápsulas - Medley Genérico,MEDLEY GENERICOS,7896422505079,38.29,9.2,29.09,76.0
"Hemifumarato de Bisoprolol 2,5mg 30 comprimidos - Medley",MEDLEY GENERICOS,7896422522663,46.09,25.36,20.730000000000004,45.0
Hemifumarato de Bisoprolol 5mg 30 comprimidos - Medley,MEDLEY GENERICOS,7896422522670,56.11,30.9,25.21,44.9
Alprazolam 2mg com 30 Comprimidos - Medley Genérico,MEDLEY GENERICOS,7896422517041,64.59,8.99,55.6,86.1
Alprazolam 1mg com 30 Comprimidos - Medley Genérico,MEDLEY GENERICOS,7896422517034,24.58,8.6,15.979999999999999,65.0
"Bimatoprosta 0,3mg Uso Oftálmico 3ml - Medley Genérico",MEDLEY GENERICOS,7896422532310,96.54,31.99,64.55000000000001,66.9
Tadalafila 5mg com 30 Comprimidos - Medley Genérico,MEDLEY GENERICOS,7896422501651,89.07,28.9,60.169999999999995,67.6
Succinato de Metoprolol 50mg com 30 Comprimidos - Medley Genérico,MEDLEY GENERICOS,7896206407384,43.8,23.78,20.019999999999996,45.7
Succinato de Metoprolol 100mg com 30 Comprimidos - Medley Genérico,MEDLEY GENERICOS,7896206407445,71.78,37.79,33.99,47.4
Pregabalina 150mg com 30 Cápsulas - Medley Genérico,MEDLEY GENERICOS,7896422501330,146.55,32.42,114.13000000000001,77.9
Oxalato de Escitalopram 10mg 30 comprimidos - Medley Genéricos,MEDLEY GENERICOS,7896422525398,52.95,8.99,43.96,83.0
Citrato de Sildenafila 50mg com 4 Comprimidos - Medley Genérico,MEDLEY GENERICOS,7896422525190,17.37,5.35,12.020000000000001,69.2
Succinato de Desvenlafaxina 100mg com 30 Comprimidos - Medley Genérico,MEDLEY GENERICOS,7896422504010,137.53,44.0,93.53,68.0
Succinato de Desvenlafaxina 50mg com 30 Comprimidos - Medley Genérico,MEDLEY GENERICOS,7896422503990,124.95,30.33,94.62,75.7
Cefadroxila 500mg com 8 Cápsulas - Eurofarma Genérico,EUROFARMA GENERICO,7891317018221,60.18,26.21,33.97,56.4
Dipropionato de Betametasona + Sulfato de Gentamicina Creme 30g - Eurofarma,EUROFARMA GENERICO,7891317025793,30.54,6.46,24.08,78.8
Valerato de Betametasona + Sulfato de Gentamicina + Tolnaftato + Clioquinol 20g - Eurofarma Genérico,EUROFARMA GENERICO,7891317009113,31.59,13.64,17.95,56.8
Cloridrato de Ciprofloxacino 500mg com 14 Comprimidos - Eurofarma Genérico,EUROFARMA GENERICO,7891317191733,51.48,12.91,38.56999999999999,74.9
Amoxicilina 400mg Suspensão de Uso Oral 100ml - Eurofarma Genérico,EUROFARMA GENERICO,7891317005054,48.23,21.98,26.249999999999996,54.4
Amoxicilina 250mg Frasco com Pó 150ml - Eurofarma Genérico,EUROFARMA GENERICO,7891317001568,31.99,22.05,9.939999999999998,31.1
Ceftriaxona Sódica Injeção Intra Muscular 1g 3.5ml - Eurofarma Genérico,EUROFARMA GENERICO,7891317007836,43.78,15.05,28.73,65.6
Cefadroxila 250mg Frasco com Pó 100ml - Eurofarma Genérico,EUROFARMA GENERICO,7891317001421,80.83,56.83,24.0,29.7
Ceftriaxona Sódica Injeção 500mg Intra Muscular 2ml - Eurofarma Genérico,EUROFARMA GENERICO,7891317007829,29.13,16.27,12.86,44.1
Amoxicilina + Clavulanato de Potássio 875mg com 14 Comprimidos - Eurofarma Genérico,EUROFARMA GENERICO,7891317422042,178.03,32.48,145.55,81.8
Levofloxacino 500mg com 7 Comprimidos - Eurofarma Genérico,EUROFARMA GENERICO,7891317414139,114.89,11.59,103.3,89.9
Azitromicina 600mg Suspensão de Uso Oral 9ml - Eurofarma Genérico,EUROFARMA GENERICO,7891317102012,63.83,33.8,30.03,47.0
Levofloxacino 750mg com 7 Comprimidos - Eurofarma Genérico,EUROFARMA GENERICO,7891317003647,107.98,30.34,77.64,71.9
Levofloxacino 750mg com 5 Comprimidos - Eurofarma Genérico,EUROFARMA GENERICO,7891317003630,77.11,23.2,53.91,69.9
Desloratadina 5mg com 30 Comprimidos - Eurofarma Genérico,EUROFARMA GENERICO,7891317005252,76.57,15.61,60.959999999999994,79.6
Prednisolona 5mg com 10 Comprimidos - Eurofarma Genérico,EUROFARMA GENERICO,7891317004293,8.09,3.94,4.15,51.3
Acebrofilina Xarope Pediátrico 120ml - Eurofarma Genérico,EUROFARMA GENERICO,7891317002688,28.06,15.13,12.929999999999998,46.1
Topiramato 50mg com 60 Comprimidos - Eurofarma Genérico,EUROFARMA GENERICO,7891317434335,175.46,27.66,147.8,84.2
Lamotrigina 50mg com 30 Comprimidos - Eurofarma Genérico,EUROFARMA GENERICO,7891317473679,91.61,12.83,78.78,86.0
Cetoprofeno 150mg com 10 Comprimidos - Eurofarma Genérico,EUROFARMA GENERICO,7891317001926,49.16,10.24,38.919999999999995,79.2
Celecoxibe 200mg com 30 Cápsulas - Eurofarma Genérico,EUROFARMA GENERICO,7891317002954,139.78,28.45,111.33,79.6
BICALUTAMIDA 50MG C/30 COMP,EUROFARMA GENERICO,7891317482541,1095.08,74.9,1020.18,93.2
Hemitartarato de Zolpidem 10mg com 30 Comprimidos - Eurofarma Genérico,EUROFARMA GENERICO,7891317018849,72.88,20.79,52.089999999999996,71.5
Alprazolam 2mg com 30 Comprimidos - Eurofarma Genérico,EUROFARMA GENERICO,7891317010799,68.69,17.05,51.64,75.2
Cloridrato de Duloxetina 30mg com 30 Cápsulas - Eurofarma Genérico,EUROFARMA GENERICO,7891317011338,136.47,59.67,76.8,56.3
Trometamol Cetorolco10mg com 10 Comprimidos Sublinguais - Eurofarma Genérico,EUROFARMA GENERICO,7891317028237,31.28,25.95,5.330000000000002,17.0
Fosfato Sódico de Prednisolona 11mg/ml 20ml - Eurofarma Genérico,EUROFARMA GENERICO,7891317004347,27.14,24.91,2.2300000000000004,8.2
Cloridrato de Tiamina + Cloridrato de Piridoxina + Cianocobalamina + Fosfato Dissódico de Dexametaso,EUROFARMA GENERICO,7891317010744,31.62,23.48,8.14,25.7
"Drospirenona + Etinilestradiol 3mg + 0,03mg com 21 Comprimidos - Eurofarma Genérico",EUROFARMA GENERICO,7891317021948,51.77,17.21,34.56,66.8
Ibandronato de sodio 150mg com 1 Comprimido - Eurofarma Genérico,EUROFARMA GENERICO,7891317007607,87.27,17.54,69.72999999999999,79.9
Pitavastatina Cálcica 2mg com 30 Comprimidos - Eurofarma Genérico,EUROFARMA GENERICO,7891317140779,98.87,67.21,31.66000000000001,32.0
Risedronato Sódico 150mg com 1 Comprimido - Eurofarma Genérico,EUROFARMA GENERICO,7891317002022,152.4,24.77,127.63000000000001,83.7
Desogestrel + Etinilestradiol 150 + 20mcg com 21 Comprimidos - Eurofarma Genérico,EUROFARMA GENERICO,7891317448936,38.25,14.31,23.939999999999998,62.6
Desogestrel + Etinilestradiol 150 + 30mcg com 21 Comprimidos - Eurofarma Genérico,EUROFARMA GENERICO,7891317448943,30.62,13.25,17.37,56.7
Meloxicam 15mg Injetável com 5 Ampolas - Eurofarma Genérico,EUROFARMA GENERICO,7891317424565,49.55,31.89,17.659999999999997,35.6
Topiramato 25mg com 60 Comprimidos - Eurofarma Genérico,EUROFARMA GENERICO,7891317434328,96.96,14.69,82.27,84.8
Acetilcisteína 200mg Eurofarma - 16 Envelopes,EUROFARMA GENERICO,7891317001063,37.39,20.06,17.330000000000002,46.3
Dicloridrato de Levocetirizina 5mg com 10 Comprimidos - Eurofarma Genérico,EUROFARMA GENERICO,7891317457266,42.75,17.78,24.97,58.4
Glimepirida 4mg com 30 Comprimidos - Eurofarma Genérico,EUROFARMA GENERICO,7891317421823,60.66,8.96,51.699999999999996,85.2
Espironolactona 25mg com 30 Comprimidos - Eurofarma Genérico,EUROFARMA GENERICO,7891317431358,27.84,12.98,14.86,53.4
Olanzapina 2.5mg com 30 Comprimidos - Eurofarma Genérico,EUROFARMA GENERICO,7891317484262,256.32,24.91,231.41,90.3
Olanzapina 10mg 30 comprimidos - Eurofarma Genérico,EUROFARMA GENERICO,7891317484408,757.15,37.93,719.22,95.0
Olanzapina 5mg com 30 Comprimidos - Eurofarma Genérico,EUROFARMA GENERICO,7891317484330,378.54,31.96,346.58000000000004,91.6
Maleato de Trimebutina 200mg com 30 Comprimidos - Eurofarma Genérico,EUROFARMA GENERICO,7891317126797,82.38,31.37,51.00999999999999,61.9
Dicloridrato de Betaistina 16mg com 30 Comprimidos - Eurofarma Genérico,EUROFARMA GENERICO,7891317478766,28.08,11.23,16.849999999999998,60.0
Promestrieno 10mg/g Creme Vaginal 30g - Eurofarma Genérico,EUROFARMA GENERICO,7891317490003,71.21,46.4,24.809999999999995,34.8
Dicloridrato de Betaistina 24mg com 30 Comprimidos - Eurofarma Genérico,EUROFARMA GENERICO,7891317478810,37.63,13.75,23.880000000000003,63.5
Domperidona Xarope 100ml - Eurofarma Genérico,EUROFARMA GENERICO,7891317452971,51.91,16.13,35.78,68.9
"Irbersartana+hidro 300/12,5 com 30 Comprimidos - Eurofarma Genérico",EUROFARMA GENERICO,7891317488390,134.64,71.7,62.93999999999998,46.7
Desvenlafaxina Succinato 50mg com 30 Comprimidos - Eurofarma Genérico,EUROFARMA GENERICO,7891317000509,147.71,30.59,117.12,79.3
Itraconazol 100mg com 4 Cápsulas - Eurofarma Genérico,EUROFARMA GENERICO,7891317191757,55.55,11.9,43.65,78.6
"Dicloridrato de Pramipexol 0,75mg com 30 Comprimidos - Eurofarma Genérico",EUROFARMA GENERICO,7891317133689,211.51,66.56,144.95,68.5
Nitazoxanida Suspensão de Uso Oral 100ml - Eurofarma Genérico,EUROFARMA GENERICO,7891317172664,58.05,24.05,34.0,58.6
Cloridrato de Tramadol Solução Oral 100mg 10ml - Eurofarma Genérico,EUROFARMA GENERICO,7891317009052,94.7,16.58,78.12,82.5
Mesilato Doxazosina 4mg com 30 Comprimidos - Eurofarma Genérico,EUROFARMA GENERICO,7891317003050,78.37,12.51,65.86,84.0
"Drospirenona + Etiniles 3mg + 0,02mg com 28 Comprimidos - Eurofarma Genérico",EUROFARMA GENERICO,7891317020415,160.47,41.57,118.9,74.1
Cloridrato de Bupropiona 300mg com 30 Comprimidos - Eurofarma,EUROFARMA GENERICO,7891317010171,169.5,91.99,77.51,45.7
"Drospirenona + Etinilestradiol 3mg + 0,02mg 72 Comprimidos - Eurofarma",EUROFARMA GENERICO,7891317021962,160.47,41.57,118.9,74.1
"Drospirenona + Etinilestradiol 3mg + 0,02mg com 24 Comprimidos - Eurofarma Genérico",EUROFARMA GENERICO,07891317011420,68.09,16.43,51.660000000000004,75.9
Bilastina 20mg com 30 Comprimidos - Eurofarma Genérico,EUROFARMA GENERICO,7891317016333,84.8,51.92,32.879999999999995,38.8
Bilastina 20mg com 15 Comprimidos - Eurofarma Genérico,EUROFARMA GENERICO,7891317016326,42.34,28.26,14.080000000000002,33.3
"Indapamida 1,5mg com 60 Comprimidos - Eurofarma Genérico",EUROFARMA GENERICO,7891317127428,65.64,19.73,45.91,69.9
Furoato Mometasona Spray 50mcg com 120 Doses - Eurofarma Genérico,EUROFARMA GENERICO,7891317010362,52.26,31.68,20.58,39.4
"Drospirenona + Etinilestradiol 3mg + 0,03mg com 63 Comprimidos - Eurofarma Genérico",EUROFARMA GENERICO,7891317010157,122.14,37.73,84.41,69.1
Levetiracetam 250mg com 30 Comprimidos - Eurofarma Genérico,EUROFARMA GENERICO,7891317002596,46.66,29.68,16.979999999999997,36.4
Montelucaste 4mg gran c/30 env,EUROFARMA GENERICO,7891317154332,94.27,58.76,35.51,37.7
Tinidazol + Nitrato de Miconazol Creme Vaginal 40g - Eurofarma Genérico,EUROFARMA GENERICO,7891317009168,30.08,16.86,13.219999999999999,43.9
Aciclovir 200mg com 25 Comprimidos - Eurofarma Genéricos,EUROFARMA GENERICO,7891317001513,102.66,22.7,79.96,77.9
Hemitartarato Zolpidem 5mg com 30 Comprimido - Eurofarma Genérico,EUROFARMA GENERICO,7891317004606,89.15,36.61,52.540000000000006,58.9
"Dicloridrato de Pramipexol 0,375mg com 30 Comprimidos - Eurofarma Genérico",EUROFARMA GENERICO,7891317133634,105.77,36.74,69.03,65.3
Rosuvastatina Cálcica 5mg com 30 Comprimidos - Eurofarma Genérico,EUROFARMA GENERICO,7891317155056,42.51,14.06,28.449999999999996,66.9
Acebrofilina Xarope Adulto 120ml - Eurofarma,EUROFARMA GENERICO,7891317002695,39.54,16.42,23.119999999999997,58.5
Anastrozol 1mg com 30 Comprimidos - Eurofarma Genérico,EUROFARMA GENERICO,7891317458850,883.02,116.63,766.39,86.8
Cilostazol 100mg c/30 cpr - Eurofarma,EUROFARMA GENERICO,7891317435943,79.21,20.75,58.459999999999994,73.8
Cloridrato de Bupropiona 150mg 30 comprimidos - Eurofarma,EUROFARMA GENERICO,7891317189631,129.58,25.57,104.01000000000002,80.3
Cloridrato de Nortriptilina 25mg com 30 Comprimidos - Eurofarma Genérico,EUROFARMA GENERICO,7891317430146,38.69,16.7,21.99,56.8
Cloridrato de Ciclobenzaprina 5mg com 30 Comprimidos - Eurofarma Genérico,EUROFARMA GENERICO,7891317433673,37.92,12.9,25.020000000000003,66.0
Nimesulida 100mg com 12 Comprimidos - Eurofarma Genérico,EUROFARMA GENERICO,7891317422028,33.21,5.96,27.25,82.1
Acetilcisteína 100mg - 16 Envelopes,EUROFARMA GENERICO,7891317001056,33.47,17.52,15.95,47.7
Cloridrato de Memantina 10mg com 60 Comprimidos - Eurofarma Genérico,EUROFARMA GENERICO,7891317472139,68.43,16.6,51.830000000000005,75.7
Mesilato de Doxazosina 2mg com 30 Comprimidos - Eurofarma Genérico,EUROFARMA GENERICO,7891317452964,56.65,6.05,50.6,89.3
Dipropianato de Betamtasona + Fosfato Dissódico de Betametasona com 1 Ampola - Eurofarma Genérico,EUROFARMA GENERICO,7891317141967,26.72,6.93,19.79,74.1
Cloridrato de Sertralina 25mg com 30 Comprimidos - Eurofarma Genérico,EUROFARMA GENERICO,7891317456559,72.45,32.24,40.21,55.5
Montelucaste de Sódio 5mg com 30 Comprimidos Matigáveis - Eurofarma Genérico,EUROFARMA GENERICO,7891317477271,112.74,39.34,73.39999999999999,65.1
Cloridrato de Sertralina 100mg com 30 Comprimidos - Eurofarma Genérico,EUROFARMA GENERICO,7891317446963,195.39,30.8,164.58999999999997,84.2
"Atenolol + Clortalidona 50/12,5mg com 30 Comprimidos - Eurofarma Genérico",EUROFARMA GENERICO,7891317451035,36.44,7.61,28.83,79.1
Lamotrigina 100mg com 30 Comprimidos - Eurofarma Genérico,EUROFARMA GENERICO,7891317473709,159.71,20.61,139.10000000000002,87.1
Atenolol + Clortalidona 100mg + 25mg 30 comprimidos - Eurofarma,EUROFARMA GENERICO,7891317444747,55.03,11.63,43.4,78.9
Montelucaste de Sódio 4mg com 30 Comprimidos Mastigáveis - Eurofarma Genérico,EUROFARMA GENERICO,7891317477301,112.74,41.26,71.47999999999999,63.4
Nitrato de Fenticonazol Creme Vaginal 40g - Eurofarma Genérico,EUROFARMA GENERICO,7891317488833,53.19,20.93,32.26,60.7
Cloridrato de Sibutramina 15mg com 30 Cápsulas - Eurofarma Genérico,EUROFARMA GENERICO,7891317481629,92.2,17.78,74.42,80.7
Topiramato 100mg com 60 Comprimidos - Eurofarma Genérico,EUROFARMA GENERICO,7891317434342,257.48,44.59,212.89000000000001,82.7
Tadalafila 5mg com 30 Comprimidos - Eurofarma Genérico,EUROFARMA GENERICO,7891317127725,363.26,13.52,349.74,96.3
Dienogeste 2mg com 30 Comprimidos - Eurofarma Genérico,EUROFARMA GENERICO,7891317140458,74.79,15.55,59.24000000000001,79.2
Cloridrato de Fluoxetina 20mg com 28 Cápsulas - Eurofarma Genérico,EUROFARMA GENERICO,7891317160920,56.56,11.36,45.2,79.9
Cloridrato de Propafenona 300mg com 30 Comprimidos - Eurofarma Genérico,EUROFARMA GENERICO,7891317143046,88.97,28.71,60.26,67.7
"Indapamida 1,5mg com 30 Comprimidos - Eurofarma Genérico",EUROFARMA GENERICO,7891317127404,34.93,12.31,22.619999999999997,64.8
Clor venlafaxina 150mg c/30 caps - Eurofarma,EUROFARMA GENERICO,7891317463076,172.82,59.6,113.22,65.5
Cloridrato de Sibutramina 10mg com 30 Cápsulas- Eurofarma Genérico,EUROFARMA GENERICO,7891317481636,74.62,18.03,56.59,75.8
Montelucaste de Sódio 10mg com 30 Comprimidos - Eurofarma Genérico,EUROFARMA GENERICO,7891317140854,112.45,24.1,88.35,78.6
Enantato Noretisterona + Valerato de Estradiol Injetável 1ml - Eurofarma Genérico,EUROFARMA GENERICO,7891317496388,28.35,25.96,2.3900000000000006,8.4
"Irbersartana + Hidroclorotiazida 150/12,5 com 30 Comprimidos - Eurofarma Genérico",EUROFARMA GENERICO,7891317488352,134.64,71.7,62.93999999999998,46.7
Celecoxibe 200mg com 10 Cápsulas - Eurofarma Genérico,EUROFARMA GENERICO,7891317137359,47.85,10.98,36.870000000000005,77.1
Nitazoxanida Suspensão de Uso Oral 45ml - Eurofarma Genérico,EUROFARMA GENERICO,7891317172657,27.98,12.06,15.92,56.9
Testosterona 250mg/ml / Ampola 4ml - Eurofarma Genérico,EUROFARMA GENERICO,7891317001414,510.31,260.0,250.31,49.1
Desloratadina 5mg com 10 Comprimidos - Eurofarma Genérico,EUROFARMA GENERICO,7891317005269,49.3,7.02,42.28,85.8
"Cabergolina 0,5mg com 2 Comprimidos - Eurofarma Genérico",EUROFARMA GENERICO,7891317005757,90.7,34.64,56.06,61.8
"Desogestrel 0,75mg com 28 Comprimidos - Eurofarma Genérico",EUROFARMA GENERICO,7891317180539,34.52,8.86,25.660000000000004,74.3
"Desogestrel 0,75mg com 84 Comprimidos - Eurofarma Genérico",EUROFARMA GENERICO,7891317180553,86.51,20.05,66.46000000000001,76.8
Mytro 10mg com 20 Comprimidos Sublinguais - Myralis,MYRALIS,7898430195099,77.47,49.92,27.549999999999997,35.6
"Nasoar Infantil 0,9% Refil com 15 Envelopes - Myralis",MYRALIS,7898430194283,42.9,30.79,12.11,28.2
"NASOAR 0,9% 15ENV REF+1FRA SN",MYRALIS,7898430192586,59.9,44.78,15.119999999999997,25.2
MYTRO 10MG 10CPR SUBL SN,MYRALIS,7898430195082,20.9,16.68,4.219999999999999,20.2
"NASOAR LOTA 0,9% C/15 ENV",MYRALIS,7898430194955,74.49,74.49,0.0,0.0
Unizinco Pré com 10ml - Myralis,MYRALIS,7898430194702,25.99,22.87,3.1199999999999974,12.0
Peg-Lax 4000 Solução Oral 250ml - Myralis,MYRALIS,7898430194399,39.21,38.04,1.1700000000000017,3.0
Tentantes 30 Cápsulas Moles + 30 Comprimidos Revestidos - Myralis,MYRALIS,7898430194559,199.36,187.07,12.29000000000002,6.2
Mitrip 25mg com 30 Comprimidos - Myralis,MYRALIS,7898430194368,15.56,13.23,2.33,15.0
Dprev Todo Dia 1.000UI 10ml - Myralis,MYRALIS,7898430194696,55.21,42.52,12.689999999999998,23.0
MecoBe 1mg com 90 Comprimidos Sublinguais - Myralis,MYRALIS,7898430194252,121.31,99.73,21.58,17.8
MecoBe 1mg com 30 Comprimidos Sublinguais - Myralis,MYRALIS,7898430194238,49.19,40.25,8.939999999999998,18.2
Suplemento Alimentar Nactil 600mg com 15 Comprimidos - Myralis,MYRALIS,7898430194498,33.99,31.93,2.0600000000000023,6.1
Nasoar XT - 15 Envelopes + Frasco,MYRALIS,7898430194122,84.0,69.14,14.86,17.7
Nasoar XT - Refil + 15 Envelopes,MYRALIS,7898430194115,67.49,55.81,11.679999999999993,17.3
Suplemento Alimentar Nactil 600mg com 30 Comprimidos - Myralis,MYRALIS,7898430194504,57.49,55.78,1.7100000000000009,3.0
Nasoar XT 5% - 15 Envelopes + Frasco,MYRALIS,7898430194528,103.49,71.52,31.97,30.9
Silarym 100mg - 60 Cápsulas,MYRALIS,7898430193514,60.49,55.76,4.730000000000004,7.8
Silarym 200mg - 60 Cápsulas,MYRALIS,7898430193545,81.99,76.69,5.299999999999997,6.5
Dprev 4.000ui com 30 Comprimidos - Myralis,MYRALIS,7898430194054,52.93,44.99,7.939999999999998,15.0
"Nasoar Infantil 0,9% - 15 sachês + 1 Frasco",MYRALIS,7898430194290,59.9,44.03,15.869999999999997,26.5
Dprev Ative 10mg - 30 comprimidos,MYRALIS,7898430194474,98.99,83.32,15.670000000000002,15.8
FertiSop Q10 com 60 Sachês de 4g - Myralis,MYRALIS,7898430194344,269.9,259.92,9.979999999999961,3.7
FertiSop 60 sachês com 4g,MYRALIS,7898430194276,189.9,177.21,12.689999999999998,6.7
Promind Melatonina - 40ml,MYRALIS,7898430194306,59.9,55.14,4.759999999999998,7.9
Dprev Todo Dia Gotas 600ui com 5ml - Myralis,MYRALIS,7898430194320,49.9,35.03,14.869999999999997,29.8
Suplemento Alimentar Promind - 60 Comprimidos,MYRALIS,7898430194269,89.9,71.38,18.52000000000001,20.6
Dprev 5.000ui/ml Gotas 4ml - Myralis,MYRALIS,7898430193439,161.73,137.47,24.25999999999999,15.0
Dprev 7.000ui com 4 Comprimidos - Myralis,MYRALIS,7898430192944,18.67,15.87,2.8000000000000025,15.0
Betrat com 90 Comprimidos - Myralis,MYRALIS,7898430193071,222.04,188.73,33.31,15.0
"Tilestal 37,5mg com 30 Comprimidos - Myralis",MYRALIS,7898430194139,75.73,66.64,9.090000000000003,12.0
Mobiflex Ha - 60 Cápsulas,MYRALIS,7898430194016,179.9,159.04,20.860000000000014,11.6
Dprev Cálcio 2.000ui com 30 Comprimidos - Myralis,MYRALIS,7898430194092,69.9,48.64,21.260000000000005,30.4
Dprev Cálcio 1.000ui com 30 Comprimidos - Myralis,MYRALIS,7898430194085,59.99,45.04,14.950000000000003,24.9
Pealiv 600mg - 30 Comprimidos,MYRALIS,7898430194108,199.9,165.11,34.78999999999999,17.4
Pealiv 300mg - 30 Comprimidos,MYRALIS,7898430194009,119.9,101.38,18.52000000000001,15.4
Dprev 1.000ui com 30 Comprimidos - Myralis,MYRALIS,7898430192845,40.93,34.79,6.140000000000001,15.0
Dprev 10.000ui com 30 Comprimidos - Myralis,MYRALIS,7898430190872,125.47,106.65,18.819999999999993,15.0
Dprev 14.000ui com 4 Comprimidos - Myralis,MYRALIS,7898430193590,44.69,37.99,6.699999999999996,15.0
Puravit Imune com 60 Cápsulas - Myralis,MYRALIS,7898430194405,99.9,88.01,11.89,11.9
Dprev Todo Dia 600UI com 30 Gomas - Myralis,MYRALIS,7898430193958,31.9,25.74,6.16,19.3
Dprev Tripla Ação com 30 Comprimidos - Myralis,MYRALIS,7898430193941,44.9,38.9,6.0,13.4
Tensart 360mg com 30 Comprimidos - Myralis,MYRALIS,7898430192685,69.45,59.03,10.420000000000002,15.0
Tensart Xarope com 100ml - Myralis,MYRALIS,7898430192708,67.54,57.41,10.13000000000001,15.0
Tensart com 30 Comprimidos - Myralis,MYRALIS,7898430192692,95.42,81.11,14.310000000000002,15.0
Maxxi D3 Gotas - 20ml,MYRALIS,7898430190988,62.9,61.41,1.490000000000002,2.4
Puravit Multi Tutti Frutti com 120ml - Myralis,MYRALIS,7898430191008,53.9,51.09,2.809999999999995,5.2
Magnaliv com 30 Comprimidos - Myralis,MYRALIS,7898430191015,84.9,81.39,3.510000000000005,4.1
Dprev 7.000ui com 30 Comprimidos - Myralis,MYRALIS,7898430192913,71.51,60.78,10.730000000000004,15.0
Dprev 5.000ui com 30 Comprimidos - Myralis,MYRALIS,7898430192890,87.19,74.11,13.079999999999998,15.0
Myrafer Gotas 30ml - Miralys,MYRALIS,7898430193989,53.77,45.7,8.07,15.0
Dprev Todo Dia 2.000ui com 30 Comprimidos - Myralis,MYRALIS,7898430194634,51.44,28.43,23.009999999999998,44.7
Dprev Todo Dia 1.000ui com 30 Comprimidos - Myralis,MYRALIS,7898430194627,27.61,23.47,4.140000000000001,15.0
"Venolise 26,7mg com 30 Comprimidos - Myralis",MYRALIS,7898430192425,127.04,107.98,19.060000000000002,15.0
Dprev 7.000ui com 8 Comprimidos - Myralis,MYRALIS,7898430192906,27.47,23.35,4.119999999999997,15.0
Atillus Multi em Pó com 15 Sachês - Myralis,MYRALIS,7896183844882,89.9,80.81,9.090000000000003,10.1
Mobiflex com 30 Sachês - Myralis,MYRALIS,7898430191138,147.9,147.07,0.8300000000000125,0.6
Climatrix 100mg com 30 Comprimidos - Myralis,MYRALIS,7898430192043,144.74,123.03,21.710000000000008,15.0
Dymista Spray Nasal 23g - Myralis,MYRALIS,7898560664137,155.52,127.75,27.77000000000001,17.9
Dprev 50.000ui com 4 Comprimidos - Myralis,MYRALIS,7898430192937,73.36,62.36,11.0,15.0
Dprev 10.000ui com 4 Comprimidos - Myralis,MYRALIS,7898430192920,27.17,23.09,4.080000000000002,15.0
Unizinco Solução com 100ml - Myralis,MYRALIS,7898430192067,34.56,30.41,4.150000000000002,12.0
Calceos Kids Sabor Cereja - 200ml,MYRALIS,7898430194467,44.9,44.9,0.0,0.0
Suplemento Urocran Cranberry - 30 cápsulas,MYRALIS,7898430191244,92.9,92.18,0.7199999999999989,0.8
Maxxi D3 Kids Gotas - 10ml,MYRALIS,7898430191084,46.9,44.25,2.6499999999999986,5.7
Betrat com 42 Comprimidos - Myralis,MYRALIS,7898430191992,118.27,100.53,17.739999999999995,15.0
"Tilestal 37,5mg com 10 Comprimidos - Myralis",MYRALIS,7898430191916,28.21,24.82,3.3900000000000006,12.0
"Tilestal 37,5mg com 20 Comprimidos - Myralis",MYRALIS,7898430191923,54.11,47.62,6.490000000000002,12.0
Diost com 30 Comprimidos - Myralis,MYRALIS,7898430191893,66.32,48.74,17.57999999999999,26.5
Dhalga - 60ml,MYRALIS,7898430194535,74.99,70.38,4.609999999999999,6.1
"PEG-Lax Sabor Limão - 14 Envelopes de 17,5g cada",MYRALIS,7898430191879,37.99,37.99,0.0,0.0
Dprev 1.000ui - 60 comprimidos,MYRALIS,7898430192852,57.02,48.47,8.550000000000004,15.0
Dprev 2.000ui - 60 comprimidos,MYRALIS,7898430192876,70.16,59.64,10.519999999999996,15.0
Dprev 10.000ui com 8 Comprimidos - Myralis,MYRALIS,7898430193019,47.05,39.99,7.059999999999995,15.0
Dprev 50.000ui com 8 Comprimidos - Myralis,MYRALIS,7898430193026,129.38,109.97,19.409999999999997,15.0
Betrat com 60 Comprimidos - Myralis,MYRALIS,7898430192449,167.67,142.52,25.149999999999977,15.0
Puravit Imune com 75ml - Myralis,MYRALIS,7898430191718,51.9,46.03,5.869999999999997,11.3
Lynax Gel de Uso Vaginal 30g + 10 Aplicadores,MYRALIS,7898430191336,79.9,66.71,13.190000000000012,16.5
Myrafer 400mg com 30 Comprimidos - Myralis,MYRALIS,7898430192524,63.27,53.78,9.490000000000002,15.0
Coltrieno 10mg/g Creme Vaginal 30g com 20 Aplicações - Myralis,MYRALIS,7898430191886,97.1,82.54,14.559999999999988,15.0
Dhalga 200mg - 30 cápsulas,MYRALIS,7898430191688,82.9,74.94,7.960000000000008,9.6
Dprev 50.000ui com 12 Cápsulas - Myralis,MYRALIS,7898430192272,161.77,137.5,24.27000000000001,15.0
Dprev 7.000ui com 12 Cápsulas - Myralis,MYRALIS,7898430192203,38.53,32.75,5.780000000000001,15.0
Dprev Gotas 1.000ui - 10ml,MYRALIS,7896317913750,49.99,37.98,12.010000000000005,24.0
Dprev 5.000ui com 30 Cápsulas - Myralis,MYRALIS,7898430192166,91.34,77.64,13.700000000000003,15.0
Dprev 10.000ui com 8 Cápsulas - Myralis,MYRALIS,7898430192241,51.05,43.39,7.659999999999997,15.0
Dprev Cálcio com 60 Comprimidos - Myralis,MYRALIS,7898430192012,89.9,71.16,18.74000000000001,20.8
Folagest Gestantes com 45 Comprimidos - Myralis,MYRALIS,7898430191947,54.9,54.9,0.0,0.0
Dprev Gotas 400ui com 10ml - Myralis,MYRALIS,7898430194689,29.99,26.17,3.8199999999999967,12.7
Nasoar - 30 Envelopes Refil,MYRALIS,7898430193477,64.9,47.57,17.330000000000005,26.7
"PEG-Lax Sabor Limão - 14 Envelopes de 8,5g cada",MYRALIS,7898430191978,30.9,30.54,0.35999999999999943,1.2
MaterDHA - 30 cápsulas,MYRALIS,7898430193460,106.9,104.06,2.8400000000000034,2.7
Nasoar 30 Envelopes + Frasco,MYRALIS,7898430193484,69.9,58.07,11.830000000000005,16.9
Unizinco 20mg com 14 Comprimidos - Myralis,MYRALIS,7898430193309,44.11,38.82,5.289999999999999,12.0
Dprev Todo Dia 1.000ui com 90 Cápsulas - Myralis,MYRALIS,7898430194658,54.9,43.44,11.46,20.9
Dprev Todo Dia 1.000ui com 30 Cápsulas - Myralis,MYRALIS,7898430194641,24.9,21.86,3.039999999999999,12.2
Dprev Todo Dia 2.000ui com 30 Cápsulas - Myralis,MYRALIS,7898430194665,34.9,31.81,3.09,8.9
Dprev Todo Dia 2.000ui com 90 Cápsulas - Myralis,MYRALIS,7898430194672,65.99,61.67,4.319999999999993,6.5
Dprev 50.000ui com 4 Cápsulas - Myralis,MYRALIS,7898430192258,77.04,65.48,11.560000000000002,15.0
Bactrim Suspensão de Uso Oral 100ml - Farmoquímica,FARMOQUIMICA,7898040328610,29.6,27.82,1.7800000000000011,6.0
Bactrim F com 10 Comprimidos - Farmoquímica,FARMOQUIMICA,7898040328603,36.67,34.47,2.200000000000003,6.0
Bactrim com 20 Comprimidos - Farmoquímica,FARMOQUIMICA,7898040328597,37.35,35.11,2.240000000000002,6.0
Bactrim F Suspensão de Uso Oral 100ml - Farmoquímica,FARMOQUIMICA,7898040328627,57.23,53.8,3.4299999999999997,6.0
Lidosporin Solução Otológica 10ml - Farmoquímica,FARMOQUIMICA,7898040324940,16.83,15.82,1.009999999999998,6.0
Otosporin 10ml - Farmoquímica,FARMOQUIMICA,7898040320942,17.74,16.68,1.0599999999999987,6.0
Otociriax Solução Otológica 5ml - Farmoquímica,FARMOQUIMICA,7898040324223,50.93,47.87,3.0600000000000023,6.0
Oto Betnovate 10ml - Farmoquímica,FARMOQUIMICA,7898040321390,36.69,34.49,2.1999999999999957,6.0
"Probiatop DA+ com 30 Sachês de 0,6g - Farmoquímica",FARMOQUIMICA,7898244720050,157.0,157.0,0.0,0.0
"Cherry 2 + 0,03mg com 21 Comprimidos - Farmoquímica",FARMOQUIMICA,7898040329921,43.32,35.15,8.170000000000002,18.9
FLORATIL AT 250MG C/6 SACHES,FARMOQUIMICA,7898040329600,49.99,42.49,7.5,15.0
Prosoy 30mg com 6 Comprimidos - Farmoquímica,FARMOQUIMICA,7898040324728,59.4,47.1,12.299999999999997,20.7
Isoy 10mg com 30 Comprimidos - Farmoquímica,FARMOQUIMICA,7898040329303,49.51,40.67,8.839999999999996,17.9
Hedd 10mg com 30 Comprimidos - Farmoquímica,FARMOQUIMICA,7898040329273,186.09,150.65,35.44,19.0
Rosa 20mg com 30 Comprimidos - Farmoquímica,FARMOQUIMICA,7898040324063,75.93,61.68,14.250000000000007,18.8
Probiatop 1g - 30 Comprimidos,FARMOQUIMICA,7898040324551,149.12,128.95,20.170000000000016,13.5
Demi-D 7.000ui com 4 Comprimidos - Farmoquímica,FARMOQUIMICA,7898040327989,15.78,13.57,2.209999999999999,14.0
Denpryx 500mg com 10 Comprimidos - Farmoquímica,FARMOQUIMICA,7898040328221,113.02,97.2,15.819999999999993,14.0
Sustrate 10mg - 30 Comprimidos,FARMOQUIMICA,7898040328191,22.96,17.4,5.560000000000002,24.2
Junno 200mg com 42 Cápsulas - Farmoquímica,FARMOQUIMICA,7898040329440,202.52,172.14,30.380000000000024,15.0
Junno 100mg com 30 Cápsulas - Farmoquímica,FARMOQUIMICA,7898040323899,79.66,67.71,11.950000000000003,15.0
Maresis Jato Forte Spray - 150ml,FARMOQUIMICA,7898040325381,63.9,63.9,0.0,0.0
Exímia Fortalize S com 90 Comprimidos,FARMOQUIMICA,7898040329174,443.9,354.9,89.0,20.0
"Revert 50mg + 12,5mg com 30 Comprimidos - Farmoquímica",FARMOQUIMICA,7898040328993,24.89,21.9,2.990000000000002,12.0
"Onua 0,075mg com 28 Comprimidos - Farmoquímica",FARMOQUIMICA,7898040324483,34.24,25.79,8.450000000000003,24.7
Demi D 50.000ui com 4 Comprimidos - Farmoquímica,FARMOQUIMICA,7898040328016,52.49,45.14,7.350000000000001,14.0
Dolamin 250mg com 12 Comprimidos - Farmoquímica,FARMOQUIMICA,7898040323769,49.06,43.17,5.890000000000001,12.0
Junno 200mg com 14 Cápsulas - Farmoquímica,FARMOQUIMICA,7898040323905,74.43,63.27,11.160000000000004,15.0
Xarope Abrilar - 100 ml,FARMOQUIMICA,7898040320973,47.06,41.41,5.650000000000006,12.0
Adoless com 28 Comprimidos - Farmoquímica,FARMOQUIMICA,7898040320683,50.44,38.08,12.36,24.5
Actifedrin Comprimidos com 20 Comprimidos - Farmoquímica,FARMOQUIMICA,7898040320782,15.5,14.57,0.9299999999999997,6.0
Alendil Cálcio D com 64 Comprimidos - Farmoquímica,FARMOQUIMICA,7898040321567,213.57,163.79,49.78,23.3
Annita 500mg com 6 Comprimidos - Farmoquímica,FARMOQUIMICA,7898040321512,76.44,58.27,18.169999999999995,23.8
Annita 20mg 45ml - Farmoquímica,FARMOQUIMICA,7898040321420,31.21,27.46,3.75,12.0
Annita 20mg 100ml - Farmoquímica,FARMOQUIMICA,7898040321505,70.42,61.97,8.450000000000003,12.0
Dolamin 125mg com 16 Comprimidos - Farmoquímica,FARMOQUIMICA,7898040320768,33.52,29.5,4.020000000000003,12.0
Dolamin Flex com 15 Comprimidos - Farmoquímica,FARMOQUIMICA,7898040321253,64.76,56.99,7.770000000000003,12.0
"Dormonid 7,5mg com 30 Comprimidos - Farmoquímica",FARMOQUIMICA,7898040328375,73.44,55.75,17.689999999999998,24.1
Dormonid 15mg com 30 Comprimidos - Farmoquímica,FARMOQUIMICA,7898040328368,147.09,116.08,31.010000000000005,21.1
Galvus Met 50/850mg com 56 Comprimidos - Novartis,FARMOQUIMICA,7896261016255,254.76,216.55,38.20999999999998,15.0
Galvus 50mg com 56 Comprimidos - Novartis,FARMOQUIMICA,7896261012936,258.16,219.44,38.72000000000003,15.0
Ginesse com 21 Comprimidos - Farmoquímica,FARMOQUIMICA,7898040320584,40.62,30.56,10.059999999999999,24.8
Gynopac Creme Vaginal com 2 Comprimidos - Farmoquímica,FARMOQUIMICA,7898040321406,116.34,102.38,13.960000000000008,12.0
Gynomax Creme Vaginal 35g com 7 Aplicadores - Farmoquímica,FARMOQUIMICA,7898040320027,104.36,91.84,12.519999999999996,12.0
Inicox DP 15mg com 5 Comprimidos - Farmoquímica,FARMOQUIMICA,7898040320652,24.43,21.5,2.9299999999999997,12.0
Ixium com 12 Sachês - Farmoquímica,FARMOQUIMICA,7898040321499,344.26,292.62,51.639999999999986,15.0
Marevan 5mg com 30 Comprimidos - Farmoquímica,FARMOQUIMICA,7898040320911,34.34,26.51,7.830000000000002,22.8
Maresis Spray - 100ml,FARMOQUIMICA,7898040322540,49.54,42.11,7.43,15.0
Nutrical D com 60 Comprimidos - Farmoquímica,FARMOQUIMICA,7898040321376,104.93,90.24,14.690000000000012,14.0
Prolopa 250mg com 30 Comprimidos - Roche,FARMOQUIMICA,7896226500515,128.04,98.8,29.239999999999995,22.8
Prolopa Dispersível 100/25mg com 30 Comprimidos - Roche,FARMOQUIMICA,7896226503721,95.05,73.03,22.019999999999996,23.2
Prolopa HBS 125mg com 30 Cápsulas - Roche,FARMOQUIMICA,7896226500362,95.05,74.0,21.049999999999997,22.1
"Pulmicort 0,50mg com 5 Frascos - Astrazeneca",FARMOQUIMICA,7896206402020,71.53,60.8,10.730000000000004,15.0
"Pulmicort 0,25mg com 5 Flaconetes - Astrazeneca",FARMOQUIMICA,7896206402013,57.22,49.21,8.009999999999998,14.0
"Reduclin 2,5mg com 35 Comprimidos - Farmoquímica",FARMOQUIMICA,7898040322205,127.9,95.01,32.89,25.7
Roacutan 20mg com 30 Cápsulas - Roche,FARMOQUIMICA,7896226500027,291.25,230.26,60.99000000000001,20.9
Rohypnol mg com 30 Comprimidos - Farmoquímica,FARMOQUIMICA,7898040324261,32.26,25.51,6.7499999999999964,20.9
Sustrate 10mg com 50 Comprimidos - Farmoquímica,FARMOQUIMICA,7898040323141,38.27,24.81,13.460000000000004,35.2
Symbicort Turbuhaler 6/100 com 60 Doses - Astrazeneca,FARMOQUIMICA,7896206402204,162.11,137.79,24.32000000000002,15.0
Symbicort Turbuhaler 6/200 com 60 Doses - Astrazeneca,FARMOQUIMICA,7896206402211,135.06,114.8,20.260000000000005,15.0
Symbicort Turbuhaler 12/400mcg com 60 doses - Astrazeneca,FARMOQUIMICA,7896206402433,213.13,181.16,31.97,15.0
Ultrafer 30ml - Farmoquímica,FARMOQUIMICA,7898040322120,49.07,43.18,5.890000000000001,12.0
Galvus Met 50/1000mg com 56 Comprimidos - Novartis,FARMOQUIMICA,7896261016262,254.76,216.55,38.20999999999998,15.0
Promensil 100mg com 30 Comprimidos - Farmoquímica,FARMOQUIMICA,7898040322564,152.05,120.55,31.500000000000014,20.7
Eximia Fortalize com 30 Comprimidos,FARMOQUIMICA,7898040322786,172.9,136.74,36.16,20.9
Flebon 50mg com 30 Comprimidos - Farmoquímica,FARMOQUIMICA,7898040322670,84.36,66.37,17.989999999999995,21.3
Gynopac Creme Vaginal com 4 Comprimidos - Farmoquímica,FARMOQUIMICA,7898040321550,129.07,113.58,15.489999999999995,12.0
Abrilar Xarope 200ml - Farmoquímica,FARMOQUIMICA,7898040321970,103.18,90.8,12.38000000000001,12.0
Ethamolin Injeção com 6 Ampolas de 2ml - Farmoquímica,FARMOQUIMICA,7898040320874,61.1,53.77,7.329999999999998,12.0
"Marevan 7,5mg com 30 Comprimidos - Farmoquímica",FARMOQUIMICA,7898040321291,51.46,39.31,12.149999999999999,23.6
"Marevan 2,5mg com 60 Comprimidos - Farmoquímica",FARMOQUIMICA,7898040321284,34.3,26.35,7.949999999999996,23.2
Galvus Met 50/500mg com 56 Comprimidos - Novartis,FARMOQUIMICA,7896261016248,254.76,216.55,38.20999999999998,15.0
Ultrafer com 30 Cápsulas - Farmoquímica,FARMOQUIMICA,7898040322748,74.23,63.1,11.130000000000003,15.0
Prolopa BD 125mg com 30 Comprimidos - Roche,FARMOQUIMICA,7896226506371,64.02,49.4,14.619999999999997,22.8
Prolopa BD 125mg com 60 Comprimidos - Roche,FARMOQUIMICA,7896226506388,128.04,97.99,30.049999999999997,23.5
Simbioflora - 15 sachês 6g,FARMOQUIMICA,7898040323806,84.9,84.9,0.0,0.0
"Exforge HCT 160/12,5/5mg com 28 Comprimidos - Novartis",FARMOQUIMICA,7896261015586,196.93,167.39,29.54000000000002,15.0
Probiatop 1g - 30 sachês,FARMOQUIMICA,7898040323844,132.9,132.87,0.030000000000001137,0.0
Exforge HCT 320/25/10mg com 28 Comprimidos - Novartis,FARMOQUIMICA,7896261015623,221.8,188.53,33.27000000000001,15.0
Inthos 250mg com 60 Cápsulas - Farmoquímica,FARMOQUIMICA,7898040324179,201.86,157.82,44.04000000000002,21.8
Colágeno Cartigen C com 30 Sachês - Farmoquímica,FARMOQUIMICA,7898040324209,179.99,169.34,10.650000000000006,5.9
"Belpele 0,3% Gel 30g - Farmoquímica",FARMOQUIMICA,7898040322700,127.86,112.52,15.340000000000003,12.0
Hidrafemme Gel 24g - 8 Aplicadores,FARMOQUIMICA,7898040325008,78.9,78.9,0.0,0.0
Daraprim 25mg com 30 Comprimidos - Farmoquímica,FARMOQUIMICA,7898040323288,4.03,3.79,0.2400000000000002,6.0
Symbicort Spray 200mcg com 120 Doses - Astrazeneca,FARMOQUIMICA,7896206407902,169.5,144.08,25.419999999999987,15.0
Maresis Spray Baby - 100ml,FARMOQUIMICA,7898040325237,49.54,42.11,7.43,15.0
Prolopa DR 250mg com 30 Comprimidos - Roche,FARMOQUIMICA,7896226506463,128.04,98.76,29.279999999999987,22.9
Symbicort Spray 100mcg com 120 Doses - Astrazeneca,FARMOQUIMICA,7896206407896,202.35,172.0,30.349999999999994,15.0
Probiatop 1g - 15 sachês,FARMOQUIMICA,7898040325299,69.9,66.88,3.0200000000000102,4.3
Eximia Fortalize Kera D com 30 Comprimidos,FARMOQUIMICA,7898040325466,159.9,127.21,32.69000000000001,20.4
Abretia 30mg com 30 Cápsulas - Farmoquímica,FARMOQUIMICA,7898040325565,94.59,74.17,20.42,21.6
Prefiss 150mg com 30 Cápsulas - Farmoquímica,FARMOQUIMICA,7898040325695,162.32,131.94,30.379999999999995,18.7
Prefiss 75mg com 30 Cápsulas em Gel - Farmoquímica,FARMOQUIMICA,7898040325664,105.83,84.71,21.120000000000005,20.0
Dolamin Flex com12 Comprimidos - Farmoquímica,FARMOQUIMICA,7898040322441,51.78,44.01,7.770000000000003,15.0
Motix Pomada - 50g,FARMOQUIMICA,7898040324971,69.9,69.9,0.0,0.0
Adoless com 84 Comprimidos - Farmoquímica,FARMOQUIMICA,7898040322137,126.11,94.88,31.230000000000004,24.8
Abretia 60mg com 30 Cápsulas - Farmoquímica,FARMOQUIMICA,7898040325602,179.54,141.26,38.28,21.3
Unitram 15mg com 30 Comprimidos - Farmoquímica,FARMOQUIMICA,7898040325718,125.6,95.3,30.299999999999997,24.1
Unitram 20mg com 30 Comprimidos - Farmoquímica,FARMOQUIMICA,7898040325725,149.88,114.5,35.379999999999995,23.6
Unitram Gotas 15ml - Farmoquímica,FARMOQUIMICA,7898040325732,110.15,85.49,24.66000000000001,22.4
Cartigen II - 30 Comprimidos,FARMOQUIMICA,7898414853212,74.99,71.22,3.769999999999996,5.0
Flebon 50mg com 60 Comprimidos - Farmoquímica,FARMOQUIMICA,7898040322687,160.94,128.07,32.870000000000005,20.4
Tracox 25mg com 30 Comprimidos - Farmoquímica,FARMOQUIMICA,7898040325787,47.66,39.16,8.5,17.8
Maresis Spray Baby - 150ml,FARMOQUIMICA,7898040326531,64.47,55.44,9.030000000000001,14.0
Motix com 50 Comprimidos - Farmoquímica,FARMOQUIMICA,7898040324957,78.9,78.9,0.0,0.0
Maresis Spray - 150ml,FARMOQUIMICA,7898040326524,64.49,63.67,0.8199999999999932,1.3
Maresis HT Spray - 100ml,FARMOQUIMICA,7898040326425,57.6,48.96,8.64,15.0
Gengimin 160mg - 15 comprimidos,FARMOQUIMICA,7898040323578,46.59,41.0,5.590000000000003,12.0
Maresis ar sol spray 100ml,FARMOQUIMICA,7898040325282,49.99,48.54,1.4500000000000028,2.9
Atak Clav 875+125mg com 14 Comprimidos - Momenta,MOMENTA,7891317014162,71.5,67.21,4.290000000000006,6.0
Mud Creme 10g - Momenta,MOMENTA,7891317015213,21.17,19.9,1.2700000000000031,6.0
Triaxin 1g Injetável Intramuscular com 1 Ampola - Momenta,MOMENTA,7891317016029,45.44,42.71,2.729999999999997,6.0
Atak Clav 400mg/5ml + 57mg/5ml 70ml - Momenta,MOMENTA,7891317014186,43.09,40.5,2.5900000000000034,6.0
Tavok 750mg com 5 Comprimidos - Momenta,MOMENTA,7891317015954,81.74,76.84,4.8999999999999915,6.0
Atak Clav 875 + 125mg com 20 Comprimidos - Momenta,MOMENTA,7891317014155,95.03,89.33,5.700000000000003,6.0
Ketto 10mg com 10 Comprimidos Sublinguais - Momenta,MOMENTA,7891317028794,33.23,28.25,4.979999999999997,15.0
Assert 50mg com 60 comprimidos  - Momenta,MOMENTA,7891317022839,143.7,112.15,31.549999999999983,22.0
Minilax Pediátrico com 1 Bisnaga - Momenta,MOMENTA,7891317022174,7.39,7.39,0.0,0.0
Aires Xarope 20mg - 120ml,MOMENTA,7891317025090,36.75,29.76,6.989999999999998,19.0
Ohde Caps 15.000UI com 10 Cápsulas - Momenta,MOMENTA,7891317026035,118.47,100.7,17.769999999999996,15.0
Ohde Caps 7.000UI com 30 Cápsulas - Momenta,MOMENTA,7891317026028,88.05,74.84,13.209999999999994,15.0
Densis 5mg - Solução Intravenoso 100ml,MOMENTA,7899640809264,1389.16,996.9,392.2600000000001,28.2
Pilox 50mg Solução Spray 50ml - Eurofarma,MOMENTA,7891317025236,69.41,59.0,10.409999999999997,15.0
Aria 5mg com 30 Comprimidos Mastigáveis - Momenta,MOMENTA,7891317013998,58.75,41.65,17.1,29.1
Quepsia LP 300mg com 30 Comprimidos - Momenta,MOMENTA,7891317015688,399.46,374.37,25.089999999999975,6.3
Umbi Gotas - 8ml,MOMENTA,7891317023270,112.9,112.9,0.0,0.0
Hisbila 20mg com 15 Comprimidos - Momenta,MOMENTA,7891317021757,66.28,58.33,7.950000000000003,12.0
Hisbila 20mg com 30 Comprimidos - Momenta,MOMENTA,7891317021733,132.6,116.69,15.909999999999997,12.0
"Sincro XR 12,5mg com 30 Comprimidos - Momenta",MOMENTA,7891317016968,94.92,71.98,22.939999999999998,24.2
Mantidan 100mg com 30 Comprimidos - Momenta,MOMENTA,7891317015121,37.95,32.64,5.310000000000002,14.0
Alurax 2mg com 90 Comprimidos - Momenta,MOMENTA,7891317021979,162.93,126.37,36.56,22.4
"Diublok 50/12,5mg com 30 Comprimidos - Momenta",MOMENTA,7891317014681,36.97,29.64,7.329999999999998,19.8
Citobe 5000mcg + 100mg + 100mg com 30 Comprimidos - Momenta,MOMENTA,7891317022105,84.61,68.78,15.829999999999998,18.7
Forfig 300mg com 30 Comprimidos - Momenta,MOMENTA,7891317014902,187.92,149.96,37.95999999999998,20.2
"Monax 0,5mg/g Spray Nasal com 120 Doses - Momenta",MOMENTA,7891317020699,67.67,57.52,10.149999999999999,15.0
Sincro XR 25mg com 30 Comprimidos - Momenta,MOMENTA,7891317016975,144.56,110.4,34.16,23.6
Rivar 20mg com 30 Comprimidos - Momenta,MOMENTA,7891317018795,135.77,115.4,20.370000000000005,15.0
Rivar 10mg com 30 Comprimidos - Momenta,MOMENTA,7891317020767,135.77,115.4,20.370000000000005,15.0
Rivar 10mg com 10 Comprimidos - Momenta,MOMENTA,7891317018528,45.26,38.47,6.789999999999999,15.0
Hominus 2mg + 5mg com 60 Cápsulas - Momenta,MOMENTA,7891317014988,196.3,157.06,39.24000000000001,20.0
Olsar 20mg com 30 Comprimidos - Momenta,MOMENTA,7891317019068,48.72,42.87,5.850000000000001,12.0
Olsar 40mg com 30 Comprimidos - Momenta,MOMENTA,7891317019099,51.22,45.07,6.149999999999999,12.0
"Olsar H 40 + 12,5mg com 30 Comprimidos - Momenta",MOMENTA,7891317019150,80.18,70.56,9.620000000000005,12.0
"Olsar H 20 + 12,5mg com 30 Comprimidos - Momenta",MOMENTA,7891317019129,70.44,61.99,8.449999999999996,12.0
Aloff Xarope 100ml - Momenta,MOMENTA,7891317013905,72.89,64.14,8.75,12.0
Medato 10mg com 30 Comprimidos - Momenta,MOMENTA,7891317019044,45.63,39.24,6.390000000000001,14.0
Bemove - 30 comprimidos,MOMENTA,7891317023232,159.9,151.54,8.360000000000014,5.2
Ezonia 2mg com 20 Comprimidos - Momenta,MOMENTA,7891317025861,89.09,70.58,18.510000000000005,20.8
Ezonia 3mg com 20 Comprimidos - Momenta,MOMENTA,7891317025878,89.09,71.15,17.939999999999998,20.1
Quepsia LP 200mg com 30 Comprimidos - Momenta,MOMENTA,7891317029234,412.9,324.2,88.69999999999999,21.5
Riposo SL 5mg com 30 Comprimidos - Momenta,MOMENTA,7891317015770,75.87,57.65,18.220000000000006,24.0
Aria 4mg com 30 Comprimidos Mastigáveis - Momenta,MOMENTA,7891317013981,58.75,41.98,16.770000000000003,28.5
"Atrace 37,5/325mg com 10 Comprimidos - Momenta",MOMENTA,7891317014261,37.29,32.82,4.469999999999999,12.0
Indosso 150mg com 1 Comprimido - Momenta,MOMENTA,7891317015008,76.48,58.05,18.430000000000007,24.1
Mobale 75mg com 30 Cápsulas - Momenta,MOMENTA,7891317021894,65.13,50.2,14.929999999999993,22.9
Mobale 150mg com 30 Cápsulas - Momenta,MOMENTA,7891317021924,99.99,76.44,23.549999999999997,23.6
Rox 20mg com 30 Comprimidos - Momenta,MOMENTA,7891317015800,95.25,74.33,20.92,22.0
Rox 10mg com 30 Comprimidos - Momenta,MOMENTA,7891317015794,54.91,42.83,12.079999999999998,22.0
"Atrace 37,5/325mg com 20 Comprimidos - Momenta",MOMENTA,7891317014254,65.03,57.23,7.800000000000004,12.0
Percoide 40mg com 7 Comprimidos - Momenta,MOMENTA,7891317014476,68.03,63.95,4.079999999999998,6.0
Forfig 200mg com 60 Cápsulas - Momenta,MOMENTA,7891317023348,198.27,158.03,40.24000000000001,20.3
Andolba Aerosol - 43g,MOMENTA,7891317013967,40.58,35.71,4.869999999999997,12.0
Buona 150mg - 30 cápsulas,MOMENTA,7891317014377,163.26,127.89,35.36999999999999,21.7
Diacqua 50mg com 30 Comprimidos - Momenta,MOMENTA,7891317014599,46.6,36.28,10.32,22.1
Diacqua 25mg com 30 Comprimidos - Momenta,MOMENTA,7891317014582,29.58,22.99,6.59,22.3
Emama 400mg - 30 cápsulas,MOMENTA,7891317014773,49.22,43.31,5.909999999999997,12.0
Equitam 120mg com 30 Comprimidos - Momenta,MOMENTA,7891317014797,110.3,81.43,28.86999999999999,26.2
Equitam 80mg com 30 Comprimidos - Momenta,MOMENTA,7891317014834,78.51,58.89,19.620000000000005,25.0
Koide D 120ml - Momenta,MOMENTA,7891317015060,51.52,45.34,6.18,12.0
Minilax com 1 Bisnaga - Momenta,MOMENTA,7891317015176,7.39,6.28,1.1099999999999994,15.0
Aires 600mg com 16 Envelopes 5g - Momenta,MOMENTA,7891317013783,96.18,75.8,20.38000000000001,21.2
Mud Oral 1mg/g - Momenta,MOMENTA,7891317015237,22.96,20.2,2.7600000000000016,12.0
Torante 15mg Xarope 100ml + Copo Medidor - Momenta,MOMENTA,7891317015985,62.35,54.87,7.480000000000004,12.0
Torante 15mg Xarope 200ml + Copo Medidor - Momenta,MOMENTA,7891317015992,106.33,90.38,15.950000000000003,15.0
Prosso 250mg com 30 Comprimidos - Momenta,MOMENTA,7891317029838,132.9,124.9,8.0,6.0
Teína 10mg - 30 Cápsulas,MOMENTA,7891317471323,159.99,158.36,1.6299999999999955,1.0
"Zap 2,5mg com 30 Comprimidos - Momenta",MOMENTA,7891317016128,73.05,56.18,16.869999999999997,23.1
Bart H 150mg com 30 Comprimidos - Momenta,MOMENTA,7891317014308,144.48,113.18,31.299999999999983,21.7
Bart H 300mg com 30 Comprimidos - Momenta,MOMENTA,7891317014322,144.48,110.86,33.61999999999999,23.3
Assert 100mg com 30 Comprimidos - Momenta,MOMENTA,7899640810345,206.85,157.94,48.91,23.6
Assert 25mg com 30 Comprimidos - Momenta,MOMENTA,7899640810321,70.13,53.17,16.959999999999994,24.2
Assert 50mg com 30 Comprimidos - Momenta,MOMENTA,7899640810338,103.45,78.6,24.85000000000001,24.0
20 Bi - 10 Cápsulas,MOMENTA,7896226110356,79.99,70.72,9.269999999999996,11.6
20 Bi - 30 Cápsulas,MOMENTA,7891317019310,199.99,195.82,4.170000000000016,2.1
20 Bi - 5 Cápsulas,MOMENTA,7891317019297,51.99,50.87,1.1200000000000045,2.2
Gazia 40mg com 28 Comprimidos - Momenta,MOMENTA,7891317023898,50.83,44.73,6.100000000000001,12.0
Quelatus Mulher - 30 cápsulas,MOMENTA,7899640806072,99.9,94.61,5.290000000000006,5.3
Quelatus Mind com 60 Cápsulas - Momenta,MOMENTA,7899640806126,134.9,132.91,1.990000000000009,1.5
Permese Injetável 1ml - Momenta,MOMENTA,7891317015343,30.14,26.52,3.620000000000001,12.0
Alurax 2mg com 30 Comprimidos - Momenta,MOMENTA,7891317013943,67.88,51.78,16.099999999999994,23.7
Pivast 2mg com 30 Comprimidos - Momenta,MOMENTA,7891317015374,103.87,81.06,22.810000000000002,22.0
Quelatus Bari - 60 Comprimidos,MOMENTA,7891317015510,144.9,131.05,13.849999999999994,9.6
Prosso Km com 30 Tabletes - Momenta,MOMENTA,7891317031398,109.9,108.81,1.0900000000000034,1.0
Algicod 500/30mg com 36 Comprimidos - Momenta,MOMENTA,7891317013837,74.88,64.4,10.47999999999999,14.0
Aria 10mg com 30 Comprimidos - Momenta,MOMENTA,7891317014001,58.75,42.58,16.17,27.5
Algie 150mg com 10 Comprimidos - Momenta,MOMENTA,7891317013844,52.75,46.42,6.329999999999998,12.0
Quepsia LP 50mg com 30 Comprimidos - Momenta,MOMENTA,7891317015626,173.01,132.23,40.78,23.6
Hominus 2mg + 5mg com 30 Cápsulas - Momenta,MOMENTA,7891317014957,163.07,125.32,37.75,23.1
Citta 20mg com 30 Comprimidos - Momenta,MOMENTA,7891317014414,94.64,72.97,21.67,22.9
Ohde 50.000ui com 4 Cápsulas - Momenta,MOMENTA,7891317015312,94.71,74.4,20.309999999999988,21.4
Ohde 7.000ui com 4 Cápsulas - Momenta,MOMENTA,7891317015336,19.7,16.75,2.9499999999999993,15.0
Ohde 15000ui com 4 Cápsulas - Momenta,MOMENTA,7891317015299,58.38,49.62,8.760000000000005,15.0
Spark 750mg com 30 Comprimidos - Momenta,MOMENTA,7891317029791,152.96,118.42,34.540000000000006,22.6
Spark 250mg com 30 Comprimidos - Momenta,MOMENTA,7891317029333,51.0,40.01,10.990000000000002,21.5
Dievari 1000mg com 30 Comprimidos - Momenta,MOMENTA,7891317014643,155.23,120.26,34.969999999999985,22.5
Aloff Xarope 60ml - Momenta,MOMENTA,7891317013912,49.26,43.35,5.909999999999997,12.0
Aloff 5mg com 10 Comprimidos - Momenta,MOMENTA,7891317013875,58.45,51.44,7.010000000000005,12.0
Percoide 5mg com 10 Comprimidos - Momenta,MOMENTA,7891317014421,10.47,9.84,0.6300000000000008,6.0
Percoide Xarope 60ml - Momenta,MOMENTA,7891317023249,27.64,25.98,1.6600000000000001,6.0
Minti 20mg Uso Oral 45ml - Momenta,MOMENTA,7891317015190,30.28,26.65,3.6300000000000026,12.0
Minti 20mg Uso Oral 100ml - Momenta,MOMENTA,7891317015183,62.79,55.26,7.530000000000001,12.0
Percoide 20mg com 10 Comprimidos - Momenta,MOMENTA,7891317014452,28.22,26.53,1.6899999999999977,6.0
Ducox 200mg com 10 Cápsulas - Momenta,MOMENTA,7891317014728,44.75,38.49,6.259999999999998,14.0
Ducox 200mg com 30 Cápsulas - Momenta,MOMENTA,7891317014711,118.59,101.99,16.60000000000001,14.0
Quelatus Gest - 60 Cápsulas,MOMENTA,7899640809011,125.9,121.42,4.480000000000004,3.6
Quelatus - 30 Comprimidos,MOMENTA,7891317015473,119.9,116.17,3.730000000000004,3.1
Klaricid 25mg/ml 60ml - Abbott,ABBOTT RX,7891158042430,111.3,84.24,27.060000000000002,24.3
Klaricid 50mg/ml Pediátrico 60ml - Abbott,ABBOTT RX,7891158042423,208.5,166.53,41.97,20.1
IruxolPomada Dermatológica 30g - Abbott,ABBOTT RX,7896255713368,86.6,74.48,12.11999999999999,14.0
Klaricid UD com 10 Comprimidos - Abbott,ABBOTT RX,7891158028526,271.71,271.71,0.0,0.0
Klaricid UD 500mg com 7 Comprimidos - Abbott,ABBOTT RX,7891158038860,188.31,188.31,0.0,0.0
Iruxol Pomada Dermatológica 15g - Abbott,ABBOTT RX,7896255765466,55.41,47.65,7.759999999999998,14.0
Iruxol Pomada Dermatológica 50g - Abbott,ABBOTT RX,7896255765473,146.67,137.87,8.799999999999983,6.0
Zafolat Plus com 90 Comprimidos - Abbott,ABBOTT RX,7891158106637,156.08,156.08,0.0,0.0
ZAFOLAT PLUS C/30 COMP,ABBOTT RX,7891158106620,67.22,67.22,0.0,0.0
Lipidil 160mg com 90 comprimidos - Abbott,ABBOTT RX,7891158105456,374.69,374.69,0.0,0.0
Rivacrist 20mg com 28 Comprimidos,ABBOTT RX,7891158106231,151.05,128.39,22.660000000000025,15.0
Zeropin 150mg com 28 Cápsulas,ABBOTT RX,7891158106262,60.19,43.52,16.669999999999995,27.7
Aletam 40mg com 60 Cápsulas - Abbott,ABBOTT RX,7891158105241,164.9,155.05,9.849999999999994,6.0
Divalcon ER 250mg com 60 Comprimidos - Abbott,ABBOTT RX,7891158103353,72.51,55.04,17.470000000000006,24.1
Lipidil 160mg com 60 Comprimidos - Abbott,ABBOTT RX,7896255767033,277.54,235.91,41.630000000000024,15.0
Piascledine 300mg com 90 Cápsulas - Abbott,ABBOTT RX,7891158103599,534.36,442.76,91.60000000000002,17.1
Betaserc 16mg com 30 Comprimidos - Abbott,ABBOTT RX,7896255766449,47.97,37.58,10.39,21.7
Betaserc 24mg com 30 Comprimidos - Abbott,ABBOTT RX,7896255766401,72.15,57.49,14.660000000000004,20.3
Cobavital com 16 Microcomprimidos - Abbott,ABBOTT RX,7896255767330,24.08,22.64,1.4399999999999977,6.0
Depakene 250mg Xarope 100ml - Abbott,ABBOTT RX,7891158103285,26.84,21.2,5.640000000000001,21.0
Depakene 250mg com 25 Cápsulas - Abbott,ABBOTT RX,7891158000942,34.09,26.62,7.470000000000002,21.9
Depakote ER 500mg com 30 Comprimidos - Abbott,ABBOTT RX,7896255762991,150.77,128.15,22.620000000000005,15.0
Depakene 300mg com 25v Comprimidos - Abbott,ABBOTT RX,7891158000317,41.34,31.74,9.600000000000005,23.2
Depakote Sprinkle 125mg com 30 Cápsulas - Abbott,ABBOTT RX,7896255762649,47.51,37.12,10.39,21.9
Depakene 500mg com 50 Drágeas - Abbott,ABBOTT RX,7891158000898,103.31,80.48,22.83,22.1
Depakote 250mg com 30 Comprimidos - Abbott,ABBOTT RX,7896255762595,80.88,63.31,17.569999999999993,21.7
Depakote 500mg com 30 Comprimidos - Abbott,ABBOTT RX,7896255762618,150.78,117.92,32.86,21.8
Dilacoron 80mg com 30 Drágeas - Abbott,ABBOTT RX,7896255713160,65.09,50.36,14.730000000000004,22.6
Duphaston 10mg com 28 Comprimidos - Abbott,ABBOTT RX,7896255766333,82.36,64.46,17.900000000000006,21.7
Duphalac Xarope 667mg - 200ml,ABBOTT RX,7896255767149,60.87,53.57,7.299999999999997,12.0
Duspatalin 200mg com 30 Cápsulas - Abbott,ABBOTT RX,7896255766852,213.65,181.6,32.05000000000001,15.0
Femoston Conti com 28 Comprimidos - Abbott,ABBOTT RX,7896255766371,95.94,71.93,24.00999999999999,25.0
Iruxol Mono Pomada Dermatológica 15g - Abbott,ABBOTT RX,7896255765619,71.66,63.06,8.599999999999994,12.0
Lipidil 200mg com 30 Cápsulas - Abbott,ABBOTT RX,7891158100901,192.71,148.79,43.920000000000016,22.8
Luvox 100mg com 30 Comprimidos - Abbott,ABBOTT RX,7896255766715,341.0,289.85,51.14999999999998,15.0
Noctal 2mg com 20 Comprimidos - Abbott,ABBOTT RX,7891158000195,29.49,22.89,6.599999999999998,22.4
Ritmonorm 300mg com 30 Comprimidos - Abbott,ABBOTT RX,7896255764384,146.86,124.83,22.030000000000015,15.0
Synthroid 137mg com 30 Comprimidos - Abbott,ABBOTT RX,7896255762205,59.4,45.23,14.170000000000002,23.9
Synthroid 175mg com 30 Comprimidos - Abbott,ABBOTT RX,7896255700245,67.66,51.06,16.599999999999994,24.5
Synthroid 125mcg com 30 Comprimidos - Abbott,ABBOTT RX,7896255700054,57.09,44.13,12.96,22.7
Synthroid 100 mcg com 30 Comprimidos - Abbott,ABBOTT RX,7896255716970,52.06,39.93,12.130000000000003,23.3
Synthroid 112mcg com 30 Comprimidos - Abbott,ABBOTT RX,7896255700283,54.43,42.08,12.350000000000001,22.7
Synthroid 88mcg com 30 Comprimidos - Abbott,ABBOTT RX,7896255700276,51.17,39.55,11.620000000000005,22.7
Synthroid 25mcg com 30 Comprimidos - Abbott,ABBOTT RX,7896255716949,39.56,29.72,9.840000000000003,24.9
Synthroid 75mcg com 30 Comprimidos - Abbott,ABBOTT RX,7896255716963,50.28,38.2,12.079999999999998,24.0
Synthroid 50mcg com 30 Comprimidos - Abbott,ABBOTT RX,7896255716956,44.87,34.33,10.54,23.5
Teolong 200mg com 30 Cápsulas - Abbott,ABBOTT RX,7896255717724,40.3,31.25,9.049999999999997,22.5
Teolong 100mg com 30 Cápsulas - Abbott,ABBOTT RX,7896255717717,25.4,19.76,5.639999999999997,22.2
Trombofob Gel - 40g,ABBOTT RX,7896255717885,32.34,28.46,3.8800000000000026,12.0
Vibral Xarope Adulto - 120ml,ABBOTT RX,7896253900920,30.71,27.02,3.6900000000000013,12.0
Vibral Xarope Infantil - 120ml,ABBOTT RX,7896253900913,26.51,23.33,3.1800000000000033,12.0
Zyxem Gotas 20ml - Abbot RX,ABBOTT RX,5413787037797,94.17,80.04,14.129999999999995,15.0
Zyxem com 10 Comprimidos - Abbot RX,ABBOTT RX,5413787041794,74.85,63.62,11.229999999999997,15.0
Betaserc 24mg com 60 Comprimidos - Abbott,ABBOTT RX,7896255766425,123.83,99.48,24.349999999999994,19.7
Depakote ER 250mg com 30 Comprimidos - Abbott,ABBOTT RX,7896255762465,75.28,63.99,11.29,15.0
Synthroid 150mcg com 30 Comprimidos - Abbott,ABBOTT RX,7896255716987,61.53,46.09,15.439999999999998,25.1
Depakote Sprinkle 125mg com 60 Cápsulas - Abbott,ABBOTT RX,7896255763233,94.97,74.4,20.569999999999993,21.7
Luvox 50mg com 30 Comprimidos - Abbott,ABBOTT RX,7896253903013,177.11,135.63,41.48000000000002,23.4
Lipidil 160mg com 30 Comprimidos - Abbott,ABBOTT RX,7896255767026,154.19,131.06,23.129999999999995,15.0
Synthroid 200mcg com 30 Comprimidos - Abbott,ABBOTT RX,7896255700252,74.5,53.79,20.71,27.8
Creon 10000 com 30 Cápsulas - Abbott,ABBOTT RX,7896255766777,88.12,77.55,10.570000000000007,12.0
Creon 25000 com 30 Cápsulas - Abbott,ABBOTT RX,7896255766791,176.56,155.37,21.189999999999998,12.0
Ritmonorm 300mg com 60 Comprimidos - Abbott,ABBOTT RX,7896255764858,293.75,249.69,44.06,15.0
Duspatalin 200mg com 60 Cápsulas - Abbott,ABBOTT RX,7896255767385,427.28,363.19,64.08999999999997,15.0
Piascledine 300mg c/30 cpr,ABBOTT RX,7896255766906,324.49,275.82,48.670000000000016,15.0
Depakote ER 500mg com 60 Comprimidos - Abbott,ABBOTT RX,7891158103070,270.5,229.93,40.56999999999999,15.0
Calcitotal - 60 Cápsulas,ABBOTT RX,7891158103308,69.9,65.82,4.0800000000000125,5.8
Revoc 100mg com 60 Comprimidos - Abbott,ABBOTT RX,7891158101687,369.79,284.63,85.16000000000003,23.0
Laclev 9000fcc - 30 comprimidos,ABBOTT RX,7896083411375,54.99,45.92,9.07,16.5
Cobavital com 30 Microcomprimidos - Abbott,ABBOTT RX,7891158102950,41.7,36.7,5.0,12.0
Luvox 100mg com 60 Comprimidos - Abbott,ABBOTT RX,7891158103155,613.74,521.68,92.06000000000006,15.0
Divalcon ER 250mg com 30 Comprimidos - Abbott,ABBOTT RX,7891158101809,47.4,36.94,10.46,22.1
Divalcon ER 500mg com 60 Comprimidos - Abbott,ABBOTT RX,7891158103346,146.06,113.48,32.58,22.3
Depakote ER 250mg com 60 Comprimidos - Abbott,ABBOTT RX,7891158103063,134.31,114.16,20.150000000000006,15.0
Revoc 50mg com 30 Comprimidos - Abbott,ABBOTT RX,7891158101656,124.5,96.4,28.099999999999994,22.6
Aletam 40mg - 30 Cápsulas,ABBOTT RX,7896255767927,109.9,102.35,7.550000000000011,6.9
Hyalufem Gel + 8 Aplicadores - 24g,ABBOTT RX,7896083411412,79.99,79.99,0.0,0.0
Divalcon ER 500mg com 30 Comprimidos - Abbott,ABBOTT RX,7891158101830,96.38,73.63,22.75,23.6
Rubenti 200mg com 30 Cápsulas - Abbott,ABBOTT RX,7891158103438,137.89,107.59,30.299999999999983,22.0
Sof D 50.000 com 4 Cápsulas - Abbott,ABBOTT RX,7891158104138,82.71,70.3,12.409999999999997,15.0
Sof D 5.000 com 30 Cápsulas - Abbott,ABBOTT RX,7891158104046,82.67,70.27,12.400000000000006,15.0
Sof D 2.000 com 30 Cápsulas - Abbott,ABBOTT RX,7891158104008,52.67,44.77,7.899999999999999,15.0
Sof D 7.000 com 8 Cápsulas - Abbott,ABBOTT RX,7891158104060,34.94,29.7,5.239999999999998,15.0
Rubenti 200mg com 60 Cápsulas - Abbott,ABBOTT RX,7891158103445,238.52,188.82,49.70000000000002,20.8
Metronidazol 400mg com 24 Comprimidos - Teuto,TEUTO GENERICO,7896112102663,22.85,11.86,10.990000000000002,48.1
Amoxicilina 250mg Suspensão 150ml - Teuto,TEUTO GENERICO,7896112128052,38.06,24.68,13.380000000000003,35.2
Cefalexina 250mg Suspensão de Uso Oral 100ml - Teuto Genérico,TEUTO GENERICO,7896112128861,51.15,20.84,30.31,59.3
Cefalexina 500mg com 10 Comprimidos - Teuto Genérico,TEUTO GENERICO,7896112134213,29.16,9.86,19.3,66.2
Cloridrato de Clindamicina 300mg com 16 Comprimidos - Teuto Genérico,TEUTO GENERICO,7896112123033,93.44,26.45,66.99,71.7
Cefalexina 500mg com 8 Comprimidos - Teuto Genérico,TEUTO GENERICO,7896112149415,23.81,8.69,15.12,63.5
Lansoprazol + Claritromicina + Amoxcilina com 7 Blister + 28 Cápsulas - Teuto Genérico,TEUTO GENERICO,7896112151180,218.33,68.4,149.93,68.7
Cefadroxila 500mg com 8 Cápsulas - Teuto Genérico,TEUTO GENERICO,7896112130192,59.24,18.05,41.19,69.5
Lansoprazol + Claritromicina + Amoxicilina com 7 Blister + 14 Cápsulas - Teuto Genérico,TEUTO GENERICO,7896112151142,110.68,59.99,50.690000000000005,45.8
Sulfametoxazol + Trimetoprima Suspensão de Uso Oral 100ml - Teuto Genérico,TEUTO GENERICO,7896112127512,17.52,11.27,6.25,35.7
Ceftriaxona sod inj 500mg im 2ml,TEUTO GENERICO,7896112196181,25.66,10.69,14.97,58.3
Ceftriaxona Dissódica Injetável Intramuscular 1g .5ml - Teuto Genérico,TEUTO GENERICO,7896112196266,42.58,15.53,27.049999999999997,63.5
Nitrofurantoina 100mg com 28 Cápsulas - Teuto Genérico,TEUTO GENERICO,7896112166221,10.2,10.2,0.0,0.0
Metronidazol 100mg Gel Vaginal 50g - Teuto Genérico,TEUTO GENERICO,7896112102700,22.58,11.75,10.829999999999998,48.0
Metronidazol + Nistatina Creme Vaginal - Teuo Genérico,TEUTO GENERICO,7896112196082,45.24,14.29,30.950000000000003,68.4
Amoxicilina + Clavulanato potassio 875mg com 14 Comprimidos - Teuto Genérico,TEUTO GENERICO,7896112101710,102.04,52.37,49.67000000000001,48.7
Propionato de Clobetasol Creme 30g - Teuto Genérico,TEUTO GENERICO,7896112113584,25.06,6.55,18.509999999999998,73.9
Desloratadina Xarope Genérico Teuto com 60ml - Teuto Genérico,TEUTO GENERICO,7896112168331,28.21,19.56,8.650000000000002,30.7
Valsartana 160mg com 30 Comprimidos Revestidos - Teuto Genérico,TEUTO GENERICO,7896112192626,68.91,30.72,38.19,55.4
Lorazepam 2mg com 30 Comprimidos - Teuto Genérico,TEUTO GENERICO,7896112125563,26.64,7.56,19.080000000000002,71.6
Celecoxibe 200mg com 10 Cápsulas - Teuto Genérico,TEUTO GENERICO,7896112106470,35.56,11.56,24.0,67.5
Bromoprida 10mg com 20 Comprimidos - Teuto Genérico,TEUTO GENERICO,7896112172666,23.58,11.16,12.419999999999998,52.7
Pregabalina 150mg 30 cápsulas - Teuto Genérico,TEUTO GENERICO,7896523201566,157.1,16.24,140.85999999999999,89.7
Aminofilina 100mg com 20 Comprimidos - Teuto Genérico,TEUTO GENERICO,7896112110347,5.99,3.94,2.0500000000000003,34.2
Fenobarbital 100mg com 20 Comprimidos - Teuto Genérico,TEUTO GENERICO,7896112125358,7.8,6.21,1.5899999999999999,20.4
Aminofilina 200mg com 20 Comprimidos - Teuto Genérico,TEUTO GENERICO,7896112110354,6.76,5.98,0.7799999999999994,11.5
Varfarina Sódica 5mg com 30 Comprimidos - Teuto Genérico,TEUTO GENERICO,7896112124900,16.51,6.46,10.05,60.9
Fenobarbital 100mg com 30 Comprimidos - Teuto Genérico,TEUTO GENERICO,7896112125365,8.14,8.14,0.0,0.0
Cloridrato de Amitriptilina 25mg com 30 Comprimidos - Teuto Genérico,TEUTO GENERICO,7896112124429,19.89,3.74,16.15,81.2
Dexametasona 4mg com 10 Comprimidos - Teuto Genérico,TEUTO GENERICO,7896112194576,15.18,4.57,10.61,69.9
CLOR VENLAFAXINA 150MG C/30 CAPS,TEUTO GENERICO,7896112153436,111.01,45.47,65.54,59.0
Paracetamol Bebê Gotas com 15ml - Teuto Genérico,TEUTO GENERICO,7896112168430,24.62,9.72,14.9,60.5
Mirtazapina 30 mg com 30 Comprimidos - Teuto Genérico,TEUTO GENERICO,7896112108368,128.69,36.98,91.71000000000001,71.3
Ibuprofeno 600mg com 10 Cápsulas - Teuto Genérico,TEUTO GENERICO,7896112106425,25.43,10.54,14.89,58.6
Valsartana 80mg com 30  Comprimidos - Teuto Genérico,TEUTO GENERICO,7896112192466,62.44,17.9,44.54,71.3
Cimetidina 200mg com 10 Comprimidos - Teuto Genérico,TEUTO GENERICO,7896112110378,16.29,6.05,10.239999999999998,62.9
Fenitoina 100mg com 30 Comprimidos - Teuto Genérico,TEUTO GENERICO,7896112114574,11.42,6.14,5.28,46.2
Naproxeno 500mg com 20 Comprimidos - Teuto Genérico,TEUTO GENERICO,7896112115175,38.79,17.04,21.75,56.1
Maleato de Dexclorfeniramina + Betametasona 120ml - Teuto Genérico,TEUTO GENERICO,7896112127437,18.85,8.91,9.940000000000001,52.7
Cloridrato de Metformina 500mg 30 comprimidos - Teuto,TEUTO GENERICO,7896112126478,8.34,5.22,3.12,37.4
Lisinopril 20mg com 30 Comprimidos - Teuto Genérico,TEUTO GENERICO,7896112110330,97.32,15.39,81.92999999999999,84.2
Carbamazepina 200mg com 30 Comprimidos - Teuto Genérico,TEUTO GENERICO,7896112119210,23.4,10.51,12.889999999999999,55.1
Albendazol 40mg Suspensão de Uso Oral 10ml - Teuto Genérico,TEUTO GENERICO,7896112147909,8.47,4.37,4.1000000000000005,48.4
Carbamazepina 400mg com 30 Comprimidos - Teuto Genérico,TEUTO GENERICO,7896112119258,42.54,23.78,18.759999999999998,44.1
Nistatina Suspensão de Uso Oral 50ml - Teuto Genérico,TEUTO GENERICO,7896112126430,31.02,10.26,20.759999999999998,66.9
Lamotrigina 100mg com 30 Comprimidos - Teuto Genérico,TEUTO GENERICO,7896112138501,83.82,17.2,66.61999999999999,79.5
Montelucaste de Sódio 10mg com 30 Comprimidos - Teuto Genérico,TEUTO GENERICO,7896112166887,58.12,20.01,38.11,65.6
Cloridrato de Terbinafina 250mg com 28 Comprimidos - Teuto Genérico,TEUTO GENERICO,7896112163404,165.28,60.37,104.91,63.5
Cimetidina 200mg com 20 Comprimidos - Teuto Genérico,TEUTO GENERICO,7896112119609,30.26,10.56,19.700000000000003,65.1
Atorvastatina Cálcica 20mg com 30 Ccomprimidos - Teuto Genérico,TEUTO GENERICO,7896112104575,56.71,14.13,42.58,75.1
Acebrofilina Xarope Adulto 120ml - Teuto Genérico,TEUTO GENERICO,7896112191537,26.21,16.43,9.780000000000001,37.3
Aciclovir Creme 10gr - Teuto Genérico,TEUTO GENERICO,7896112128847,29.73,4.91,24.82,83.5
Cetoconazol + Betametasona Creme 30g - Teuto Genérico,TEUTO GENERICO,7896112126744,23.5,8.91,14.59,62.1
Hidrocortisona Creme 15g - Teuto Genérico,TEUTO GENERICO,7896112132936,14.17,9.22,4.949999999999999,34.9
Fumarato de Quetiapina 25mg com 30 Comprimidos - Teuto Genérico,TEUTO GENERICO,7896112121282,55.89,10.62,45.27,81.0
Tartarato de Brimonidina 2mg/ml 5ml - Teuto Genérico,TEUTO GENERICO,7896112129363,56.49,17.48,39.010000000000005,69.1
Omeprazol 20mg com 28 Cápsulas - Teuto Genérico,TEUTO GENERICO,7896112148715,31.52,3.0,28.52,90.5
Brometo de Ipratropio 20ml - Teuto Genérico,TEUTO GENERICO,7896112114413,12.4,3.71,8.690000000000001,70.1
Dexametasona Elixir 100ml - Teuto Genérico,TEUTO GENERICO,7896112127666,15.19,9.79,5.4,35.5
Cloridrato de Metformina 850mg 30 comprimidos - Teuto,TEUTO GENERICO,7896112126485,12.62,8.68,3.9399999999999995,31.2
Lisinopril 10mg com 30 Comprimidos - Teuto Genérico,TEUTO GENERICO,7896112110323,53.33,12.98,40.349999999999994,75.7
Clonazepam Gotas 20ml - Teuto Genérico,TEUTO GENERICO,7896112135913,16.23,6.23,10.0,61.6
Cloridrato de Metoclopramida Gotas 10ml - Teuto Genérico,TEUTO GENERICO,7896112144816,6.73,3.91,2.8200000000000003,41.9
Hidroclorotiazida 25mg com 30 Comrpimidos - Teuto Genérico,TEUTO GENERICO,7896112165651,4.45,1.99,2.46,55.3
Bromazepam 6mg com 30 Comprimidos - Teuto Genérico,TEUTO GENERICO,7896112113843,30.84,9.13,21.71,70.4
Cloridrato de Fluoxetina 20mg com 30 Cápsulas - Teuto Genérico,TEUTO GENERICO,7896112125617,49.15,5.06,44.089999999999996,89.7
CLOR TRAMADOL 50MG C/10 CAPS,TEUTO GENERICO,7896112121145,31.46,4.32,27.14,86.3
Bromazepam 3mg com 30 Comprimidos - Teuto Genérico,TEUTO GENERICO,7896112115267,22.96,5.35,17.61,76.7
Cloridrato de Memantina 10mg com 30 Comprimidos - Teuto Genérico,TEUTO GENERICO,7896112167198,65.42,13.68,51.74,79.1
Cetoprofeno Gotas 20ml - Teuto Genérico,TEUTO GENERICO,7896112136385,18.11,5.31,12.8,70.7
Acetato de Dexametasona Creme 10g - Teuto Genérico,TEUTO GENERICO,7896112101352,12.51,3.26,9.25,73.9
Maleato de Dexclorfeniramina Xarope 120ml - Teuto Genérico,TEUTO GENERICO,7896112127680,15.4,5.87,9.530000000000001,61.9
Simeticona 125mg 10 cápsulas - Teuto,TEUTO GENERICO,7896112136675,16.36,4.65,11.709999999999999,71.6
Nistatina susp 50ml - Teuto generico,TEUTO GENERICO,7896112105619,28.11,10.03,18.08,64.3
"Lubris 0,5% Solução Oftálmica 10ml",ACHE OTC,7896658040160,32.01,32.01,0.0,0.0
Protena Plus D com 60 Cápsulas,ACHE OTC,7896658039850,219.0,177.18,41.81999999999999,19.1
Protena Plus D com 30 Cápsulas - Ache,ACHE OTC,7896658039867,135.0,118.44,16.560000000000002,12.3
ProVance Sabor Morango - 10 comprimidos,ACHE OTC,7896658028175,42.99,40.44,2.5500000000000043,5.9
ProVance Morango - 30 Comprimidos,ACHE OTC,7896658028182,119.99,107.79,12.199999999999989,10.2
ProHN - 30 cápsulas,ACHE OTC,7896658036392,119.0,106.4,12.599999999999994,10.6
ProHN - 15 cápsulas,ACHE OTC,7896658036385,62.9,55.6,7.299999999999997,11.6
"Sorine Jet Baby 0,9% - 100ml",ACHE OTC,7896658035944,40.3,30.86,9.439999999999998,23.4
ProVance com 5 Sachês - Ache,ACHE OTC,7896658037061,31.34,31.34,0.0,0.0
Sorine Nebulizador - 45ml,ACHE OTC,7896658012327,26.51,22.53,3.9800000000000004,15.0
Decongex Plus 12mg + 15mg - 4 Comprimidos,ACHE OTC,7896658007996,10.08,9.48,0.5999999999999996,6.0
Colidis Gotas - 10ml,ACHE OTC,7896658028205,159.9,147.67,12.230000000000018,7.6
Steaton 200mg com 30 Cápsulas - Ache,ACHE OTC,7896658028496,124.94,106.2,18.739999999999995,15.0
Dorilax DT 450mg 50mg + 35mg com 12 Comprimidos - Ache OTC,ACHE OTC,7896658026546,9.62,9.04,0.5800000000000001,6.0
Flogoral Laranja com 250ml - Ache,ACHE OTC,7896658011870,39.49,33.57,5.920000000000002,15.0
Flogoral Laranja com 150ml - Ache,ACHE OTC,7896658006753,29.59,25.15,4.440000000000001,15.0
Acheflan Creme com 30g - Ache,ACHE OTC,7896658006432,65.58,55.74,9.839999999999996,15.0
Acheflan Aerosol com 75ml - Ache,ACHE OTC,7896658006920,85.76,72.9,12.86,15.0
Andantol Gel com 40g - Ache,ACHE OTC,7896658005190,23.34,19.84,3.5,15.0
Biofenac Aerossol 10mg com 60g - Ache,ACHE OTC,7896658014321,32.56,27.68,4.880000000000003,15.0
"Decongex Plus Xarope 0,4mg + 1mg - 120ml",ACHE OTC,7896658001918,24.74,21.03,3.7099999999999973,15.0
Decongex Plus 12mg + 15mg - 12 Comprimidos,ACHE OTC,7896658001901,29.74,25.28,4.459999999999997,15.0
"Decongex Plus em Gotas 2mg + 2,5mg - 20ml",ACHE OTC,7896658001925,16.8,14.28,2.5200000000000014,15.0
Flagass em Gotas 75mg - 10ml,ACHE OTC,7896658033094,25.31,21.51,3.799999999999997,15.0
Flagass 40mg - 20 comprimidos,ACHE OTC,7896658033049,32.02,27.22,4.800000000000004,15.0
Flogoral Spray Sabor Menta com 30ml - Ache,ACHE OTC,7896658005305,37.49,31.87,5.620000000000001,15.0
Flogoral Sabor Laranja com 12 Pastilhas - Ache,ACHE OTC,7896658005442,17.37,15.29,2.080000000000002,12.0
Flogoral Creme Dental com 70g - Ache,ACHE OTC,7896658005312,35.24,29.95,5.290000000000003,15.0
Flogoral Spray Sabor Cereja com 30ml - Ache,ACHE OTC,7896658005299,37.49,31.87,5.620000000000001,15.0
Flogoral Sabor Cereja com 12 Pastilhas - Ache,ACHE OTC,7896658005466,17.37,15.29,2.080000000000002,12.0
Flogoral Menta com 250ml - Ache,ACHE OTC,7896658011863,41.25,35.06,6.189999999999998,15.0
Flogoral Menta com 150ml - Ache,ACHE OTC,7896658006760,29.59,25.15,4.440000000000001,15.0
Flogoral Sabor Menta com 12 Pastilhas - Ache,ACHE OTC,7896658005459,17.37,15.29,2.080000000000002,12.0
Sintocalmy 300mg com 20 Comprimidos - Ache,ACHE OTC,7896658012341,49.79,42.32,7.469999999999999,15.0
Sorine SSC Spray - 50ml,ACHE OTC,7896658020315,27.95,23.76,4.189999999999998,15.0
Sorine Gotas - 30ml,ACHE OTC,7896658000652,27.38,23.27,4.109999999999999,15.0
Sorine Infantil em Gotas - 30ml,ACHE OTC,7896658012303,17.53,14.9,2.630000000000001,15.0
Vita E com 30 Cápsulas - Ache,ACHE OTC,7896658001680,47.15,40.08,7.07,15.0
Fisioton 400mg com 30 Comprimidos - Ache,ACHE OTC,7896658015106,112.39,95.53,16.86,15.0
Suplemento Probiótico Prolive - 30 cápsulas,ACHE OTC,7896658025112,129.9,119.73,10.170000000000002,7.8
Sintocalmy 300mg com 40 Comprimidos - Ache,ACHE OTC,7896658013072,86.59,74.47,12.120000000000005,14.0
Suplemento Probiótico Prolive - 15 cápsulas,ACHE OTC,7896658025129,74.9,63.22,11.680000000000007,15.6
Fisioton 400mg com 60 Comprimidos - Ache,ACHE OTC,7896658015113,193.32,164.32,29.0,15.0
Biofenac DI 50mg com 10 Comprimidos - Ache,ACHE OTC,7896658004292,20.45,17.38,3.0700000000000003,15.0
Sintocalmy 600mg com 30 Comprimidos - Ache,ACHE OTC,7896658021428,79.81,67.84,11.969999999999999,15.0
Dose D Gotas com 10ml - Ache,ACHE OTC,7896658024078,44.9,44.9,0.0,0.0
Dose D Gotas com 20ml - Ache,ACHE OTC,7896658024085,62.99,62.13,0.8599999999999994,1.4
"Notuss TSS 1,5mg - 120ml",ACHE OTC,7896658021381,23.81,20.95,2.8599999999999994,12.0
"Notuss TSS 3,0mg - 120ml",ACHE OTC,7896658021121,27.63,24.31,3.3200000000000003,12.0
Collestra 650mg - 60 cápsulas,ACHE OTC,7896658026119,79.9,74.29,5.609999999999999,7.0
Esalerg Xarope 60ml - Ache,ACHE OTC,7896658018879,45.6,38.76,6.840000000000003,15.0
Esalerg 5mg com 10 Comprimidos - Ache,ACHE OTC,7896658018992,61.82,52.55,9.270000000000003,15.0
Sorine SSC Spray Solução Uso Nasal - 100ml,ACHE OTC,7896658023224,40.3,34.26,6.039999999999999,15.0
Sintocalmy 300mg com 150ml - Ache,ACHE OTC,7896658023132,85.41,72.6,12.810000000000002,15.0
ProVance Sabor Lima-Limão com 30 Comprimidos - Ache,ACHE OTC,7896658027819,119.9,112.19,7.710000000000008,6.4
ProVance Sabor Lima-Limão com 10 Comprimidos - Ache,ACHE OTC,7896658027802,44.9,42.73,2.1700000000000017,4.8
Esalerg Gotas 20ml - Ache,ACHE OTC,7896658021640,49.95,42.46,7.490000000000002,15.0
Biozinc Kids 2mg - 75ml,ACHE OTC,7896658026850,34.99,31.98,3.0100000000000016,8.6
Sorine H Spray - 50ml,ACHE OTC,7896658023361,27.83,23.66,4.169999999999998,15.0
Dayvit Kids - 120ml,ACHE OTC,7896658027208,49.9,49.9,0.0,0.0
Biofenac DI 50mg com 20 Comprimidos - Ache,ACHE OTC,7896658014345,40.86,34.73,6.130000000000003,15.0
Acheflan Creme com 60g - Ache,ACHE OTC,7896658007170,109.45,93.03,16.42,15.0
Esalerg Xarope 100ml - Ache,ACHE OTC,7896658018862,90.64,77.04,13.599999999999994,15.0
Artrogen Duo 30 Sachês - Ache,ACHE OTC,7896658033278,154.9,154.9,0.0,0.0
Inelatte Chocolate Zero - 60 Tabletes,ACHE OTC,7896658029516,96.99,94.65,2.339999999999989,2.4
Suplemento Probiótico Prolive - 6 cápsulas,ACHE OTC,7896658033414,39.9,36.66,3.240000000000002,8.1
Combi AD - 30ml,ACHE OTC,7896658029806,55.9,52.46,3.4399999999999977,6.2
Proepa Uni - 30 Cápsulas,ACHE OTC,7896658029509,90.29,90.29,0.0,0.0
Protena com 60 Cápsulas - Ache,ACHE OTC,7896658033575,194.9,194.9,0.0,0.0
Protena com 30 Cápsulas - Ache,ACHE OTC,7896658033568,103.99,100.34,3.6499999999999915,3.5
Colidis - 5ml,ACHE OTC,7896658027796,99.9,93.07,6.8300000000000125,6.8
Esalerg 5mg com 30 Comprimidos - Ache,ACHE OTC,7896658019005,123.01,104.56,18.450000000000003,15.0
Steaton 200mg - 60 cápsulas,ACHE OTC,7896658028519,166.49,141.52,24.97,15.0
Inelatte 800 DKM - 30 comprimidos,ACHE OTC,7896658034886,84.9,83.61,1.2900000000000063,1.5
Flagyl 250mg com 20 Comprimidos - Sanofi,SANOFI RX,7896070600607,27.5,25.85,1.6499999999999986,6.0
Flagyl Gin Gel 50g com 10 Aplicadores - Sanofi,SANOFI RX,7896070600911,66.54,62.55,3.990000000000009,6.0
Flagyl 400 mg com 24 Comprimidos - Sanofi,SANOFI RX,7896070600799,37.71,35.45,2.259999999999998,6.0
Rifocina Spray 20ml - Sanofi RX,SANOFI RX,7891058061562,43.16,40.57,2.5899999999999963,6.0
Zinpass 10mg com 30 Comprimidos - Sanofi,SANOFI RX,7896422528719,65.39,49.76,15.630000000000003,23.9
Lasix 10mg/ml com 5 Ampola 2ml - Sanofi RX,SANOFI RX,7891058433086,14.58,12.83,1.75,12.0
Novanoite Passiflora Tripla Ação 320mg - 10 comprimidos,SANOFI RX,7891058000431,22.62,20.64,1.9800000000000004,8.8
Zinpass Eze 20mg + 10mg com 30 Comprimidos - Biolab,SANOFI RX,7896422504645,128.09,103.11,24.980000000000004,19.5
Zinpass 20mg com 30 Comprimidos - Myralis,SANOFI RX,7896422528764,114.76,86.78,27.980000000000004,24.4
Zinpass Eze 10mg + 10mg com 30 Comprimidos - Biolab,SANOFI RX,7896422504621,90.62,72.23,18.39,20.3
Zinpass Eze 40mg + 10mg com 30 Comprimidos - Sanofi,SANOFI RX,7896422504652,184.95,150.83,34.119999999999976,18.4
Equilid 200mg com 20 Comprimidos - Sanofi RX,SANOFI RX,7891058030124,35.31,29.98,5.330000000000002,15.1
Amplictil 25mg com 20 Comprimidos - Sanofi,SANOFI RX,7896070600034,9.77,8.4,1.3699999999999992,14.0
Amplictil Gotas 20ml - Sanofi,SANOFI RX,7896070600201,11.85,10.19,1.6600000000000001,14.0
Amplictil 100mg com 20 Comprimidos - Sanofi,SANOFI RX,7896070600126,14.6,12.56,2.039999999999999,14.0
Atlansil 100mg com 20 Comprimidos - Sanofi,SANOFI RX,7897595901439,24.97,19.19,5.779999999999998,23.1
Atlansil 200mg com 20 Comprimidos - Sanofi,SANOFI RX,7897595900654,47.67,35.92,11.75,24.6
Bi-Profenid 150 mg com 10 Comprimidos - Sanofi,SANOFI RX,7896070601772,81.15,68.98,12.170000000000002,15.0
Clorana 25mg com 30 Comprimidos - Sanofi,SANOFI RX,7897595901521,14.85,11.79,3.0600000000000005,20.6
Clorana 50mg com 20 Comprimidos - Sanofi,SANOFI RX,7897595900722,15.37,12.28,3.09,20.1
Coltrax 4mg com  20 Comprimidos - Sanofi RX,SANOFI RX,7891058006334,71.07,62.54,8.529999999999994,12.0
Daonil com 30 Comprimidos - Sanofi RX,SANOFI RX,7891058212070,24.65,19.03,5.619999999999997,22.8
Dermatop Creme 20g - Sanofi RX,SANOFI RX,7891058271008,83.24,73.25,9.989999999999995,12.0
Equilid 50mg com 20 Cápsulas - Sanofi RX,SANOFI RX,7891058030216,18.73,15.56,3.17,16.9
Fenergan com 20 Comprimidos - Sanofi,SANOFI RX,7896070600447,19.4,18.24,1.1600000000000001,6.0
Creme Fenergan - 30g,SANOFI RX,7896070600249,23.62,22.2,1.4200000000000017,6.0
Frisium 20mg com 20 Comprimidos - Sanofi RX,SANOFI RX,7891058326005,43.92,38.65,5.270000000000003,12.0
Frisium 10mg com 20 Comprimidos - Sanofi RX,SANOFI RX,7891058325039,23.47,18.73,4.739999999999998,20.2
Gardenal Gotas 20ml - Sanofi,SANOFI RX,7896070601932,13.38,10.62,2.7600000000000016,20.6
Gardenal 100mg com 20 Comprimidos - Sanofi,SANOFI RX,7896070600669,13.01,10.37,2.6400000000000006,20.3
Gardenal 50mg com 20 Comprimidos - Sanofi,SANOFI RX,7896070600881,10.76,8.42,2.34,21.7
Ins Lantus 100ui 3ml Refil - Sanofi RX,SANOFI RX,7891058025137,110.35,87.54,22.809999999999988,20.7
"Imovane 7,5mg com 20 Comprimidos - Sanofi",SANOFI RX,7896070602403,80.31,64.11,16.200000000000003,20.2
Ins Lantus 100ui 10m - Sanofi RX,SANOFI RX,7891058009205,342.39,276.23,66.15999999999997,19.3
Ins Lantus Solostar 100ui 3ml - Sanofi RX,SANOFI RX,7891058003029,121.89,99.2,22.689999999999998,18.6
Lasix com 20 Comprimidos - Sanofi RX,SANOFI RX,7891058431037,25.02,19.57,5.449999999999999,21.8
Neuleptil 4% Gotas 20ml - Sanofi,SANOFI RX,7896070601260,28.33,22.04,6.289999999999999,22.2
Neozine Adulto Gotas 20ml - Sanofi,SANOFI RX,7896070601055,20.35,15.98,4.370000000000001,21.5
Neuleptil 1% Pediátrico Gotas 20ml - Sanofi,SANOFI RX,7896070601697,14.6,11.57,3.0299999999999994,20.8
Neozine 25mg com 20 Comprimidos - Sanofi,SANOFI RX,7896070601062,15.22,11.99,3.2300000000000004,21.2
Neuleptil com 20 Comprimidos - Sanofi,SANOFI RX,7896070601543,14.21,11.66,2.5500000000000007,17.9
Neozine 100mg com 20 Comprimidos - Sanofi,SANOFI RX,7896070601574,33.01,25.94,7.069999999999997,21.4
Plasil com 20 Comprimidos - Sanofi RX,SANOFI RX,7891058059149,14.03,13.19,0.8399999999999999,6.0
Profenid Gotas 2% 20ml - Sanofi RX,SANOFI RX,7891058002008,43.34,34.82,8.520000000000003,19.7
Profenid Injetável 100mg com 6 Ampolas - Sanofi,SANOFI RX,7896070601871,39.91,33.92,5.989999999999995,15.0
Profenid 50mg com 24 Comprimidos - Sanofi,SANOFI RX,7896070601703,66.54,56.56,9.980000000000004,15.0
Profenid Enter 100mg com 20 Comprimidos - Sanofi,SANOFI RX,7896070601765,80.69,68.59,12.099999999999994,15.0
Puran T4 75mcg com 30 Comprimidos - Sanofi,SANOFI RX,7897595901323,21.7,13.99,7.709999999999999,35.5
Puran T4 50mcg com 30 Comprimidos - Sanofi RX,SANOFI RX,7897595901316,19.88,13.49,6.389999999999999,32.1
Puran T4 25mcg com 30 Comprimidos - Sanofi RX,SANOFI RX,7897595901309,17.97,12.29,5.68,31.6
Puran T4 88mcg com 30 Comprimidos - Safoni RX,SANOFI RX,7897595903365,26.14,16.99,9.150000000000002,35.0
Puran T4 150mcg com 30 Comprimidos - Sanofi,SANOFI RX,7897595901330,26.67,18.59,8.080000000000002,30.3
Puran T4 125mcg com 30 Comprimidos - Sanofi,SANOFI RX,7897595901446,24.86,17.8,7.059999999999999,28.4
Puran T4 112mcg com 30 Comprimidos - Sanofi,SANOFI RX,7897595903372,33.23,25.14,8.089999999999996,24.3
Puran T4 100mcg com 30 Comprimidos - Sanofi,SANOFI RX,7897595901033,16.92,11.9,5.020000000000001,29.7
Puran T4 175mcg com 30 Comprimidos - Sanofi,SANOFI RX,7897595901576,33.73,25.88,7.849999999999998,23.3
Socian 50mg com 20 Comprimidos - Sanofi,SANOFI RX,7897595901842,142.47,111.99,30.480000000000004,21.4
Urbanil 10mg com 20 Comprimidos - Sanofi RX,SANOFI RX,7891058021948,19.53,15.61,3.9200000000000017,20.1
Urbanil 20mg com 20 Comprimidos - Sanofi RX,SANOFI RX,7891058021955,34.8,27.85,6.949999999999996,20.0
"Clexane 20mg Solução Injetável com 2 Seringa  x 0,2ml - Sanofi RX",SANOFI RX,7891058003180,88.63,63.48,25.15,28.4
"Clexane 40mg Solução Injetável com 2 Seringa  x 0,4ml - Sanofi RX",SANOFI RX,7891058003210,172.18,124.08,48.10000000000001,27.9
Coltrax 2mg Injeção com 3 Ampola 2ml - Sanofi RX,SANOFI RX,7891058021894,19.66,18.48,1.1799999999999997,6.0
Calcort 30mg com 10 Comprimidos - Sanofi RX,SANOFI RX,7891058013417,224.49,176.8,47.69,21.2
Calcort 6mg com 20 Comprimidos - Sanofi RX,SANOFI RX,7891058013318,94.16,77.81,16.349999999999994,17.4
Socian 200mg com 20 Comprimidos - Sanofi,SANOFI RX,7897595901651,268.4,210.61,57.789999999999964,21.5
Apidra Solostar 3ml - Sanofi RX,SANOFI RX,7891058002985,47.36,37.54,9.82,20.7
Apidra 10ml Vial - Sanofi RX,SANOFI RX,7891058027117,157.82,126.13,31.689999999999998,20.1
"Puran T4 62,5mcg com 30 Comprimidos - Sanofi RX",SANOFI RX,7891058003579,18.94,12.79,6.150000000000002,32.5
"Puran T4 37,5mcg com 30 Comprimidos - Sanofi RX",SANOFI RX,7891058003562,11.36,7.69,3.669999999999999,32.3
"Puran T4 12,5mcg com 30 Comprimidos - Sanofi RX",SANOFI RX,7891058003555,3.77,2.61,1.1600000000000001,30.8
"Toujeo 300ui/1,5ml com 1 Caneta Solostar - Sanofi RX",SANOFI RX,7891058020323,293.46,249.44,44.01999999999998,15.0
Puran T4 200mcg com 30 Comprimidos - Sanofi,SANOFI RX,7897595903259,58.37,41.52,16.849999999999994,28.9
"Soliqua 100u/ml + 0,05mg/ml com 3ml - Sanofi RX",SANOFI RX,7891058020958,242.08,205.77,36.31,15.0
"Clexane 40mg Solução Injetável com 6 Seringas  x 0,4ml - Sanofi RX",SANOFI RX,7891058004460,516.63,367.51,149.12,28.9
Kollagenase com Cloranfenicol Pomada 15g - Cristalia/Latinofarma,CRISTALIA/LATINOFARMA,7896676427844,38.2,32.85,5.350000000000001,14.0
Maxiflox Solução Oftálmica 5ml - Cristalia/Latinofarma,CRISTALIA/LATINOFARMA,7896676433142,32.54,30.59,1.9499999999999993,6.0
"Maxiflox D Pomada 3,5g - Cristalia/Latinofarma",CRISTALIA/LATINOFARMA,7896676432824,51.25,48.18,3.0700000000000003,6.0
Kollagenase com Cloranfenicol Pomada 30g - Cristalia/Latinofarma,CRISTALIA/LATINOFARMA,7896676427837,76.38,65.69,10.689999999999998,14.0
Maxiflox-D Solução Oftálmica 5ml - Cristalia/Latinofarma,CRISTALIA/LATINOFARMA,7896676432800,46.62,43.82,2.799999999999997,6.0
"Regencel Pomada 3,5g - Cristalia/Latinofarma",CRISTALIA/LATINOFARMA,7896676425482,17.88,16.81,1.0700000000000003,6.0
"Tobracin Pomada Oftálmica 3,5g - Cristalia/Latinofarma",CRISTALIA/LATINOFARMA,7896676433425,48.37,45.47,2.8999999999999986,6.0
Gino Kollagenase Pomada 30g com 6 Aplicadores - Cristalia/Latinofarma,CRISTALIA/LATINOFARMA,7896676435108,77.5,72.85,4.650000000000006,6.0
Dimorf 10mg - Solução 60ml,CRISTALIA/LATINOFARMA,7896676405651,52.84,45.44,7.400000000000006,14.0
"Quera LP 0,375mg com 30 Comprimidos - Cristalia/Latinofarma",CRISTALIA/LATINOFARMA,7896676431636,87.17,68.25,18.92,21.7
Lunera Solução de Uso Oftálmico - 10ml,CRISTALIA/LATINOFARMA,7896676437072,58.9,51.25,7.649999999999999,13.0
Explanté + Colágeno 30 Sachês - 12g,CRISTALIA/LATINOFARMA,7896676438628,159.99,159.99,0.0,0.0
Lunah Colírio 2mg - 10ml,CRISTALIA/LATINOFARMA,7896676435672,63.42,55.81,7.609999999999999,12.0
Dry 5mg com 60 Comprimidos - Cristalia/Latinofarma,CRISTALIA/LATINOFARMA,7896676434002,80.86,71.16,9.700000000000003,12.0
Literata 300mg com 60 Comprimidos - Cristalia/Latinofarma,CRISTALIA/LATINOFARMA,7896676426601,45.44,39.08,6.359999999999999,14.0
Codein 30mg com 12 Comprimidos - Cristalia/Latinofarma,CRISTALIA/LATINOFARMA,7896676438062,24.24,20.85,3.389999999999997,14.0
Crisapina 10mg com 30 Comprimidos - Cristalia/Latinofarma,CRISTALIA/LATINOFARMA,7896676422337,128.83,96.98,31.85000000000001,24.7
Lunah Solução de Uso Oftálmico - 10ml,CRISTALIA/LATINOFARMA,7896676435658,56.94,50.11,6.829999999999998,12.0
Preservit - 60 Cápsulas,CRISTALIA/LATINOFARMA,7896676437201,99.99,99.99,0.0,0.0
Cinetol 2mg com 80 Comprimidos - Cristalia/Latinofarma,CRISTALIA/LATINOFARMA,7896676408126,38.48,33.09,5.3899999999999935,14.0
Codein 30mg com 30 Comprimidos - Cristalia/Latinofarma,CRISTALIA/LATINOFARMA,7896676400175,66.19,56.92,9.269999999999996,14.0
Codein 60mg com 30 Comprimidos - Cristalia/Latinofarma,CRISTALIA/LATINOFARMA,7896676400465,110.04,94.63,15.41000000000001,14.0
Dimorf10mg com 50 Comprimidos - Cristalia/Latinofarma,CRISTALIA/LATINOFARMA,7896676406177,56.11,48.25,7.859999999999999,14.0
Dimor 30mg com 50 Comprimidos - Cristalia/Latinofarma,CRISTALIA/LATINOFARMA,7896676406184,150.81,129.7,21.110000000000014,14.0
Ecofilm Solução de Uso Oftálmico - 5ml,CRISTALIA/LATINOFARMA,7896676433050,22.11,19.46,2.6499999999999986,12.0
Ecofilm Solução de Uso Oftálmico - 15ml,CRISTALIA/LATINOFARMA,7896676433043,54.18,47.68,6.5,12.0
Flutinol Colírio 5ml - Cristalia/Latinofarma,CRISTALIA/LATINOFARMA,7896676432916,39.44,34.71,4.729999999999997,12.0
Funtyl 250mg com 28 Comprimidos - Cristalia/Latinofarma,CRISTALIA/LATINOFARMA,7896676410778,306.78,260.76,46.01999999999998,15.0
Higicler Solução Oftálmica - 10ml,CRISTALIA/LATINOFARMA,7896676433067,21.79,19.18,2.6099999999999994,12.0
Colírio Lacribell - 15ml,CRISTALIA/LATINOFARMA,7896676432855,26.08,21.7,4.379999999999999,16.8
"Maxilerg 0,1% Colírio 5ml - Cristalia/Latinofarma",CRISTALIA/LATINOFARMA,7896676433128,41.61,36.62,4.990000000000002,12.0
Maxibell Colírio 10ml - Cristalia/Latinofarma,CRISTALIA/LATINOFARMA,7896676433104,18.15,15.97,2.179999999999998,12.0
Mytedom 5mg com 20 Comprimidos - Cristalia/Latinofarma,CRISTALIA/LATINOFARMA,7896676413762,25.18,21.04,4.140000000000001,16.4
Nausedron 8mg com 10 Comprimidos - Cristalia/Latinofarma,CRISTALIA/LATINOFARMA,7896676404241,85.43,72.62,12.810000000000002,15.0
Neural 100mg com 30 Comprimidos - Cristalia/Latinofarma,CRISTALIA/LATINOFARMA,7896676410235,80.04,61.43,18.610000000000007,23.3
Neural 50mg com 30 Comprimidos - Cristalia/Latinofarma,CRISTALIA/LATINOFARMA,7896676410228,53.37,40.48,12.89,24.2
Neural 25mg com 30 Comprimidos - Cristalia/Latinofarma,CRISTALIA/LATINOFARMA,7896676410211,50.26,38.29,11.969999999999999,23.8
Oftpred Colírio 5ml - Cristalia/Latinofarma,CRISTALIA/LATINOFARMA,7896676433029,52.23,44.4,7.829999999999998,15.0
Presmin Colírio 5ml - Cristalia/Latinofarma,CRISTALIA/LATINOFARMA,7896676432954,38.23,32.5,5.729999999999997,15.0
Tramadon 100mg com 10 Comprimidos - Cristalia/Latinofarma,CRISTALIA/LATINOFARMA,7896676432602,91.06,78.31,12.75,14.0
Tramadon 50mg com 10 Cápsulas - Cristalia/Latinofarma,CRISTALIA/LATINOFARMA,7896676406122,47.25,41.58,5.670000000000002,12.0
Revia 50mg com 30 Cápsulas - Cristalia/Latinofarma,CRISTALIA/LATINOFARMA,7896676403923,189.72,154.81,34.91,18.4
Mirugell Solução Oftálmica Estéril - 5ml,CRISTALIA/LATINOFARMA,7896676435214,27.43,21.84,5.59,20.4
Mytedom 10mg com 20 Comprimidos - Cristali/Latinofarma,CRISTALIA/LATINOFARMA,7896676413731,47.81,37.25,10.560000000000002,22.1
Mirugell Solução Oftálmica Estéril - 15ml,CRISTALIA/LATINOFARMA,7896676435221,59.59,47.88,11.71,19.7
Plenigell Uso Oftálmico - 5ml,CRISTALIA/LATINOFARMA,7896676435184,30.54,23.5,7.039999999999999,23.1
Labrea 5mg com 30 Comprimidos - Cristalia/Latinofarma,CRISTALIA/LATINOFARMA,7896676419269,102.05,72.11,29.939999999999998,29.3
Pinazan 25mg com 30 Comprimidos - Cristalia/Latinofarma,CRISTALIA/LATINOFARMA,7896676416879,59.35,45.7,13.649999999999999,23.0
Pinazan 100mg com 30 Comprimidos - Cristalia/Latinofarma,CRISTALIA/LATINOFARMA,7896676416909,238.81,186.75,52.06,21.8
Codein 3mg Frasco 120ml - Cristalia/Latinofarma,CRISTALIA/LATINOFARMA,7896676400489,75.77,65.16,10.61,14.0
Tacitá - 30 Comprimidos,CRISTALIA/LATINOFARMA,7896676438550,103.99,103.99,0.0,0.0
Labrea 10mg com 30 Comprimidos - Cristalia/Latinofarma,CRISTALIA/LATINOFARMA,7896676419207,102.05,74.39,27.659999999999997,27.1
Afrat 150mg com 1 Comprimido - Crsistalia/Latinofarma,CRISTALIA/LATINOFARMA,7896676420111,42.1,42.1,0.0,0.0
Parkidopa 250 + 25mg com 30 Comprimidos - Cristalia/Latinofarma,CRISTALIA/LATINOFARMA,7896676410877,58.53,44.43,14.100000000000001,24.1
Funtyl 10mg Creme 20g - Cristalia/Latinofarma,CRISTALIA/LATINOFARMA,7896676410730,36.89,34.68,2.210000000000001,6.0
Kollagenase Pomada - 30g,CRISTALIA/LATINOFARMA,7896676427745,73.51,62.48,11.030000000000008,15.0
Quetipin 25mg com 30 Comprimidos - Cristalia/Latinofarma,CRISTALIA/LATINOFARMA,7896676424607,57.35,44.39,12.96,22.6
Quetipin 100mg com 30 Comprimidos - Cristalia/Latinofarma,CRISTALIA/LATINOFARMA,7896676424614,151.6,114.69,36.91,24.3
"Terolac 0,5mg Solução Oftálmica 5ml - Cristalia/Latinofarma",CRISTALIA/LATINOFARMA,7896676432961,54.51,46.33,8.18,15.0
Totavit com 60 Cápsulas - Latinofarma,CRISTALIA/LATINOFARMA,7896676434101,129.99,127.92,2.0700000000000074,1.6
Tempora 25mg com 60 Comprimidos - Cristalia/Latinofarma,CRISTALIA/LATINOFARMA,7896676431582,50.8,43.69,7.109999999999999,14.0
"Quera LP 0,75mg com 30 Comprimidos - Cristalia/Latinofarma",CRISTALIA/LATINOFARMA,7896676431643,163.23,123.32,39.91,24.5
Vensate LP 75mg com 30 Cápsulas - Cristalia/Latinofarma,CRISTALIA/LATINOFARMA,7896676431704,101.93,80.58,21.35000000000001,20.9
Prompt 10mg com 20 Comprimidos - Cristalia/Latinofarma,CRISTALIA/LATINOFARMA,7896676432053,44.43,38.21,6.219999999999999,14.0
Dois - 60 Cápsulas,CRISTALIA/LATINOFARMA,7896676434033,42.9,41.8,1.1000000000000014,2.6
Areds - 60 Cápsulas,CRISTALIA/LATINOFARMA,7896676434026,126.99,126.99,0.0,0.0
Tempora 50mg com 60 Comprimidos - Cristalia/Latinofarma,CRISTALIA/LATINOFARMA,7896676431575,101.62,87.39,14.230000000000004,14.0
"Crisapina 2,5mg com 30 Comprimidos - Cristalia/Latinofarma",CRISTALIA/LATINOFARMA,7896676435030,71.17,53.95,17.22,24.2
Quetipin LP 50mg com 30 Comprimidos - Cristalia/Latinofarma,CRISTALIA/LATINOFARMA,7896676433753,173.01,133.16,39.849999999999994,23.0
Acog 10mg com 60 Comprimidos - Torrent,TORRENT,8903855078199,223.67,163.64,60.03,26.8
"Olmecor Teiplo 20mg+5mg+12,5mg com 30 Ccomprimidos - Torrent",TORRENT,8903855083391,135.98,106.57,29.409999999999997,21.6
"Olmecor Triplo 40mg+10mg+12,5mg com 30 Ccomprimidos - Torrent",TORRENT,8903855083421,161.98,129.55,32.42999999999998,20.0
Oleptal 300mg com 60 Comprimidos - Torrent,TORRENT,8903855089188,154.29,114.68,39.609999999999985,25.7
Veepi 500mg com 30 Comprimidos - Torrent,TORRENT,8903855090504,77.7,55.33,22.370000000000005,28.8
Veepi 500mg - 60 comprimidos,TORRENT,8903855090511,141.76,106.81,34.94999999999999,24.7
Veepi 250mg - 60 comprimidos,TORRENT,8903855084961,84.0,60.91,23.090000000000003,27.5
Veepi 250mg com 30 Comprimidos - Torrent,TORRENT,8903855084954,44.1,32.02,12.079999999999998,27.4
Tiag 90mg com 60 Comprimidos - Torrent,TORRENT,8903855081892,404.14,313.74,90.39999999999998,22.4
Pregalpha 75mg com 30 Cápsulas - Torrent,TORRENT,8903855053455,59.29,40.69,18.6,31.4
Mealz 10mg com 120 Comprimidos - Torrent,TORRENT,8903855085579,95.61,93.22,2.3900000000000006,2.5
Seizla 100mg com 30 Comprimidos - Torrent,TORRENT,8903855083049,139.11,119.63,19.480000000000018,14.0
Ivahart 5mg com 60 Comprimidos - Torrent,TORRENT,8903855080765,156.04,134.19,21.849999999999994,14.0
Desduo 50mg com 30 Comprimidos - Torrent,TORRENT,8903855081496,78.84,60.52,18.32,23.2
Desduo 100mg com 30 Comprimidos - Torrent,TORRENT,8903855081465,94.72,70.75,23.97,25.3
Desduo 100mg com 60 Comprimidos - Torrent,TORRENT,8903855082509,188.01,140.89,47.120000000000005,25.1
Desduo 50mg com 60 Comprimidos - Torrent,TORRENT,8903855082493,156.38,120.01,36.36999999999999,23.3
Neblock 5mg com 100 Comprimidos - Torrent,TORRENT,8902220114944,175.98,136.19,39.78999999999999,22.6
Azukon MR 30mg com 100 Comprimidos - Torrent,TORRENT,8903855082455,64.7,50.14,14.560000000000002,22.5
Acog 20mg com 30 Comprimidos - Torrent,TORRENT,8903855078182,113.08,83.6,29.480000000000004,26.1
Acog 15mg com 30 Comprimidos - Torrent,TORRENT,8903855078175,113.08,87.4,25.679999999999993,22.7
Acog 10mg com 30 Comprimidos - Torrent,TORRENT,8903855078168,113.17,100.37,12.799999999999997,11.3
Torval CR 500mg com 60 Comprimidos - Torrent,TORRENT,8903855081311,152.03,114.05,37.980000000000004,25.0
Torval CR 300mg com 60 Comprimidos - Torrent,TORRENT,8903855081298,90.91,70.7,20.209999999999994,22.2
"Indapen SR 1,5mg com 90 Comprimidos - Torrent",TORRENT,8903855083490,99.77,77.75,22.019999999999996,22.1
Menelat ODT 30mg com 30 Comprimidos - Torrent,TORRENT,8903855082844,165.48,123.02,42.459999999999994,25.7
Menelat ODT 45mg com 30 Comprimidos - Torrent,TORRENT,8903855082875,235.32,186.97,48.349999999999994,20.5
"Iccor 1,25mg com 30 Comprimidos - Torrent",TORRENT,8902220114142,54.59,41.63,12.96,23.7
Iccor 10mg com 30 Comprimidos - Torrent,TORRENT,8902220114227,81.88,65.81,16.069999999999993,19.6
Menelat ODT 15mg com 30 Comprimidos - Torrent,TORRENT,8903855082813,86.9,66.03,20.870000000000005,24.0
Iccor 5mg com 30 Comprimidos - Torrent,TORRENT,8902220114265,72.33,53.87,18.46,25.5
"Iccor 2,5mg com 30 Comprimidos - Torrent",TORRENT,8902220114180,61.42,46.07,15.350000000000001,25.0
Azukon MR 30mg com 30 Comprimidos - Torrent,TORRENT,8902220106079,22.16,15.78,6.380000000000001,28.8
"Indapen SR 1,5 mg com 30 Comprimidos - Torrent",TORRENT,8902220105676,35.47,26.11,9.36,26.4
Oleptal 300mg com 30 Comprimidos - Torrent,TORRENT,8902220106185,79.53,56.37,23.160000000000004,29.1
Torval CR 500mg com 30 Comprimidos - Torrent,TORRENT,8902220105935,81.12,60.59,20.53,25.3
Torval CR 300mg com 30 Comprimidos - Torrent,TORRENT,8902220106024,48.57,37.35,11.219999999999999,23.1
Serenata 50mg com 30 Comprimidos - Torrent,TORRENT,8902220107793,106.66,86.12,20.539999999999992,19.3
Epez 5mg com 30 Comprimidos - Torrent,TORRENT,8902220108370,70.01,51.86,18.150000000000006,25.9
Menelat 30mg com 30 Comprimidos - Torrent,TORRENT,8902220106970,165.48,123.27,42.209999999999994,25.5
Rosucor 10mg com 30 Comprimidos - Torrent,TORRENT,8902220109506,42.63,30.7,11.930000000000003,28.0
Epez 10mg com 30 Comprimidos - Torrent,TORRENT,8902220108417,70.01,52.52,17.490000000000002,25.0
Espran 10mg com 30 Comprimidos - Torrent,TORRENT,8902220109292,74.15,60.43,13.720000000000006,18.5
Oleptal 600mg com 30 Comprimidos - Torrent,TORRENT,8902220106192,153.01,108.22,44.78999999999999,29.3
Rosucor 20mg com 30 Comprimidos - Torrent,TORRENT,8902220109520,72.92,52.96,19.96,27.4
Neblock 5mg com 30 Comprimidos - Torrent,TORRENT,8902220114937,54.37,41.56,12.809999999999995,23.6
Venlift OD 75mg com 30 Cápsulas - Torrent,TORRENT,8903855062006,113.95,84.15,29.799999999999997,26.2
"Venlift OD 37,5mg com 30 Cápsulas - Torrent",TORRENT,8903855061993,51.16,38.13,13.029999999999994,25.5
Venlift OD 150mg com 30 Cápsulas - Torrent,TORRENT,8903855062822,154.46,112.24,42.22000000000001,27.3
Rosucor 10mg com 60 Comprimidos - Torrent,TORRENT,8902220109582,80.29,58.6,21.690000000000005,27.0
Neblock 5mg com 60 Comprimidos - Torrent,TORRENT,8902220116214,107.4,82.79,24.61,22.9
Menelat 45mg com 30 Comprimidos - Torrent,TORRENT,8902220106987,235.32,182.42,52.900000000000006,22.5
Espran 10mg com 60 Cápsulas - Torrent,TORRENT,8903855072333,112.12,83.94,28.180000000000007,25.1
Olmecor 40mg com 30 Comprimidos - Torrent,TORRENT,8902220114784,54.88,40.01,14.870000000000005,27.1
Olmecor 20mg com 30 Comprimidos - Torrent,TORRENT,8902220114845,52.19,37.97,14.219999999999999,27.2
Loredon 50 mg com 60 Comprimidos - Torrent,TORRENT,8902220120297,72.01,56.67,15.340000000000003,21.3
Olmecor 40mg com 60 Comprimidos - Torrent,TORRENT,8902220115590,105.69,75.48,30.209999999999994,28.6
Olmecor 20mg com 60 Comprimidos - Torrent,TORRENT,8902220115569,100.45,73.7,26.75,26.6
"Indapen SR 1,5 mg com 60 Comprimidos - Torrent",TORRENT,8903855076096,70.91,52.18,18.729999999999997,26.4
Rosucor 20mg com 60 Comprimidos - Torrent,TORRENT,8902220109599,133.65,96.8,36.85000000000001,27.6
Lamitor CD 25mg com 30 Comprimidos - Torrent,TORRENT,8902220106734,41.75,30.51,11.239999999999998,26.9
Lamitor CD 100mg com 60 Comprimidos - Torrent,TORRENT,8903855076393,200.45,147.19,53.25999999999999,26.6
Lamitor CD 50mg com 30 Comprimidos - Torrent,TORRENT,8902220113107,65.86,47.65,18.21,27.6
Lamitor CD 100mg com 30 Comprimidos - Torrent,TORRENT,8902220106758,102.66,76.78,25.879999999999995,25.2
Serenata 50mg com 60 Comprimidos - Torrent,TORRENT,8903855076058,183.91,136.23,47.68000000000001,25.9
Azukon MR 30mg com 60 Comprimidos - Torrent,TORRENT,8903855076034,42.43,30.12,12.309999999999999,29.0
Toarip 10mg com 30 Comprimidos - Torrent,TORRENT,8903855078618,192.23,146.32,45.91,23.9
Rosucor 20mg com 100 Comprimidos - Torrent,TORRENT,8902220108585,211.71,157.25,54.46000000000001,25.7
Rosucor 10mg com 100 Comprimidos - Torrent,TORRENT,8902220108578,123.24,91.09,32.14999999999999,26.1
Dorflex com 50 Comprimidos - Sanofi,SANOFI OTC,7891058020941,26.9,22.87,4.029999999999998,15.0
"Dulcolax Gotas 7,5mg com 30ml - Sanofi",SANOFI OTC,7891058001032,35.01,32.91,2.1000000000000014,6.0
Novalgina 1g com 20 Comprimidos - Sanofi,SANOFI OTC,7891058002565,42.07,35.76,6.310000000000002,15.0
Novalgina 50mg Xarope com 100ml - Sanofi,SANOFI OTC,7891058005566,45.58,38.74,6.839999999999996,15.0
Dorflex Max com 4 Comprimidos - Sanofi,SANOFI OTC,7891058003937,8.92,8.92,0.0,0.0
Dorflex Max com 16 Comprimidos - Sanofi,SANOFI OTC,7891058003975,29.95,25.46,4.489999999999998,15.0
Dorflex Max com 8 Comprimidos - Sanofi,SANOFI OTC,7891058003944,15.92,13.53,2.3900000000000006,15.0
Dorflex DIP 1g com 10 Comprimidos - Sanofi,SANOFI OTC,7891058005474,17.2,14.62,2.58,15.0
Allegra 120mg com 20 Comprimidos - Sanofi,SANOFI OTC,7891058002701,148.63,126.34,22.289999999999992,15.0
Allegra Pediátrico 6mg com Copo Dosador 60ml - Sanofi,SANOFI OTC,7891058002589,38.81,29.9,8.910000000000004,23.0
Allegra 120mg com 2 Comprimidos - Sanofi,SANOFI OTC,7891058002596,18.93,16.09,2.84,15.0
Allegra Pediátrico 6mg com Copo Dosador 150ml - Sanofi,SANOFI OTC,7891058002589,90.42,76.86,13.560000000000002,15.0
Anador 1g com 10 Comprimidos - Sanofi,SANOFI OTC,7891058003890,15.35,10.99,4.359999999999999,28.4
Enterogermina 2g Sachê - 9 Uni,SANOFI OTC,7891058001988,66.9,63.29,3.6100000000000065,5.4
Dorflex com 24 Comprimidos - Sanofi,SANOFI OTC,7891058022136,17.6,15.49,2.110000000000001,12.0
"Novanoite Melatonina 0,2mg - 40 comprimidos",SANOFI OTC,7891058002558,30.99,25.29,5.699999999999999,18.4
"Novanoite Melatonina 0,2mg - 20 comprimidos",SANOFI OTC,7891058002541,19.9,15.95,3.9499999999999993,19.8
Targifor A-Z Mulher - 30 cápsulas,SANOFI OTC,7891058022693,73.9,66.53,7.3700000000000045,10.0
Novalgina 1g com 4 Comprimidos - Sanofi,SANOFI OTC,7891058011222,11.45,9.73,1.7199999999999989,15.0
OsCal D 500mg +1000UI com 60 Comprimidos - Sanofi,SANOFI OTC,7891058022730,164.9,140.17,24.730000000000018,15.0
Allegra 120mg com 10 Comprimidos - Sanofi,SANOFI OTC,7891058168049,84.71,72.0,12.709999999999994,15.0
Allegra 60mg com 10 Comprimidos - Sanofi,SANOFI OTC,7891058024314,46.02,39.12,6.900000000000006,15.0
Allegra D 60mg + 120mg com 10 Comprimidos - Sanofi,SANOFI OTC,7891058006716,72.56,61.68,10.880000000000003,15.0
Allegra 6mg Frasco de com 150ml - Sanofi,SANOFI OTC,7891058004354,90.42,76.86,13.560000000000002,15.0
Allegra 180mg com 10 Comprimidos - Sanofi,SANOFI OTC,7891058169015,125.17,106.39,18.78,15.0
Allegra 6mg Frasco de 60ml - Sanofi,SANOFI OTC,7891058004347,38.81,34.15,4.660000000000004,12.0
Anador 500mg com 4 Comprimidos - Sanofi,SANOFI OTC,7891058021603,5.35,4.55,0.7999999999999998,15.0
Anador 500mg em Gotas com 20ml - Sanofi,SANOFI OTC,7891058021580,26.78,22.76,4.02,15.0
Bisolvon Xarope Adulto - 120ml,SANOFI OTC,7891058021610,34.83,32.74,2.0899999999999963,6.0
Bisolvon Xarope Infantil - 120ml,SANOFI OTC,7891058021627,27.06,25.44,1.6199999999999974,6.0
Cewin com 30 Comprimidos - Sanofi,SANOFI OTC,7891058000295,29.89,26.9,2.990000000000002,10.0
Targifor Cewin Gotas com 20ml - Sanofi,SANOFI OTC,7891058001643,20.66,17.77,2.8900000000000006,14.0
Cewin 1g com 10 Comprimidos Efervescentes - Sanofi,SANOFI OTC,7891058001520,18.67,16.06,2.610000000000003,14.0
Colírio Moura Brasil - 20ml,SANOFI OTC,7891058020316,20.56,18.09,2.469999999999999,12.0
Dulcolax - 20 comprimidos,SANOFI OTC,7891058021528,18.13,17.04,1.0899999999999999,6.0
Dorflex em Gotas com 20ml - Sanofi,SANOFI OTC,7891058009458,21.4,18.19,3.2099999999999973,15.0
Mucosolvan Xarope Adulto 120ml - Sanofi OTC,SANOFI OTC,7891058021566,52.13,45.87,6.260000000000005,12.0
Mucosolvan Xarope Pediátrico - 120ml,SANOFI OTC,7891058021573,37.52,33.02,4.5,12.0
Novalgina Infantil 50mg com 100ml - Sanofi,SANOFI OTC,7891058464073,45.66,37.49,8.169999999999995,17.9
Novalgina 1g com 10 Comprimidos - Sanofi,SANOFI OTC,7891058001155,23.0,20.99,2.0100000000000016,8.7
Novalgina em Gotas com 20ml - Sanofi,SANOFI OTC,7891058000165,29.68,25.23,4.449999999999999,15.0
Novalgina em Gotas com 10ml - Sanofi,SANOFI OTC,7891058000172,15.65,13.3,2.3499999999999996,15.0
Novalgina Dipirona Sódica - 5 Supositórios,SANOFI OTC,7891058467098,19.27,16.38,2.8900000000000006,15.0
Novalgina 500mg com 30 Comprimidos - Sanofi,SANOFI OTC,7891058008635,41.99,35.69,6.300000000000004,15.0
Targifor + C com 16 Comprimidos Efervescentes - Sanofi,SANOFI OTC,7891058021931,45.9,40.39,5.509999999999998,12.0
Novalgina 500mg com 10 Comprimidos - Sanofi,SANOFI OTC,7891058008642,15.78,13.41,2.369999999999999,15.0
Anador 500mg 24 Comprimidos - Sanofi,SANOFI OTC,7891058021597,27.59,23.45,4.140000000000001,15.0
Targifor + C 500+500mg com 60 Comprimidos - Sanofi,SANOFI OTC,7891058004675,116.27,98.83,17.439999999999998,15.0
Enterogermina 10 Flaconetes - 5ml,SANOFI OTC,7891058016999,42.9,41.08,1.8200000000000003,4.2
Novalgina 1g com 10 Comprimidos Efervescentes - Sanofi,SANOFI OTC,7891058015756,32.57,27.68,4.890000000000001,15.0
Targifor + C com 30 Comprimidos - Sanofi,SANOFI OTC,7891058004668,68.88,60.61,8.269999999999996,12.0
Depura 500ui Gotas com 10ml - Sanofi,SANOFI OTC,7891058018627,98.72,83.91,14.810000000000002,15.0
Enterogermina Plus 5 Flaconetes - 5ml,SANOFI OTC,7891058020286,42.9,41.01,1.8900000000000006,4.4
Dorflex com 10 Comprimidos - Sanofi,SANOFI OTC,7891058017392,7.67,6.52,1.1500000000000004,15.0
Dorflex com 36 Comprimidos - Sanofi,SANOFI OTC,7891058017507,22.52,16.9,5.620000000000001,25.0
"Guttalax 7,5mg gts 30ml",SANOFI OTC,7891058021689,35.01,32.91,2.1000000000000014,6.0
Targifor A-Z Imunidade com 30 Cápsulas - Sanofi,SANOFI OTC,7891058021726,54.9,54.9,0.0,0.0
Targifor A-Z Imunidade com 60 Cápsulas - Sanofi,SANOFI OTC,7891058021702,109.9,97.69,12.210000000000008,11.1
Dorflex Uno com 10 Comprimidos - Sanofi,SANOFI OTC,7891058022815,17.2,14.62,2.58,15.0
Enterogermina 20 Flaconetes - 5ml,SANOFI OTC,7891058017002,69.9,69.9,0.0,0.0
Dorflex Uno com 10 Comprimidos Efervescentes - Sanofi,SANOFI OTC,7891058022792,31.82,27.05,4.77,15.0
"Allenasal 55mcg Spray Nasal 16,5ml - Sanofi",SANOFI OTC,7891058022778,73.89,62.81,11.079999999999998,15.0
Enterogermina Plus 10 Flaconetes - 5ml,SANOFI OTC,7891058022594,74.9,68.0,6.900000000000006,9.2
Targifor com 32 Comprimidos Efervescente - Sanofi,SANOFI OTC,7891058021351,95.69,81.34,14.349999999999994,15.0
Dorflex Uno com 20 Comprimidos - Sanofi,SANOFI OTC,7891058000103,27.82,23.93,3.8900000000000006,14.0
Dorflex Uno com 4 Comprimidos - Sanofi,SANOFI OTC,7891058022785,7.75,6.59,1.1600000000000001,15.0
Cloridrato de Moxifloxacino 400mg com 5 Comprimidos - PratiDonaduzzi,PRATI DONADUZZI GENERICO,7899547523195,129.1,31.82,97.28,75.4
Clor moxifloxacino 400mg com 7 Comprimidos - PratiDonaduzzi Genérico,PRATI DONADUZZI GENERICO,7899547523201,180.76,35.07,145.69,80.6
Amoxicilina + Clavulanato de Potássio 457mg 70ml - PratiDonaduzzi Genérico,PRATI DONADUZZI GENERICO,7899547513042,55.58,30.0,25.58,46.0
Cloridrato de Tetraciclina 500mg com 12 Comprimidos - PratiDonaduzzi Genérico,PRATI DONADUZZI GENERICO,7898148291335,28.55,11.36,17.19,60.2
Mupirocina Pomada 15g - PratiDonaduzzi Genérico,PRATI DONADUZZI GENERICO,7898148297542,43.04,34.41,8.630000000000003,20.1
Sulfametoxazol + Trimetoprima 800 + 160mg com 10 Comprimidos - PratiDonaduzzi Genérico,PRATI DONADUZZI GENERICO,7899547504743,26.43,11.25,15.18,57.4
Azitromicina 1g com 1 Comprimido - PratiDonaduzzi Genérico,PRATI DONADUZZI GENERICO,7898148300556,23.13,13.29,9.84,42.5
Metronidazol 100mg Gel Vaginal 50g com 10 Aplicadores - PratiDonaduzzi Genérico,PRATI DONADUZZI GENERICO,7898148304844,22.31,18.46,3.849999999999998,17.3
Metronidazol 250mg com 20 Comprimidos - PratiDonaduzzi Genérico,PRATI DONADUZZI GENERICO,7898148294381,14.05,6.12,7.930000000000001,56.4
Azitromicina 600mg Frasco com Pó 15ml - PratiDonaduzzi Genérico,PRATI DONADUZZI GENERICO,7899547501483,54.51,18.32,36.19,66.4
Azitromicina 900mg Frasco com Pó 22.5ml - PratiDonaduzzi Genérico,PRATI DONADUZZI GENERICO,7899547501469,67.19,22.83,44.36,66.0
Sulfametoxazol + Trimetoprima 400 + 80 com 20 Comprimidos - PratiDonaduzzi Genérico,PRATI DONADUZZI GENERICO,7899547504712,16.49,9.07,7.419999999999998,45.0
Ampicilina 500mg com 12 Cápsulas - PratiDonaduzzi Genérico,PRATI DONADUZZI GENERICO,7898148291120,31.2,12.85,18.35,58.8
Tadalafila 20mg com 4 Comprimidos - PratDonaduzzi Genérico,PRATI DONADUZZI GENERICO,7899547513219,30.44,6.68,23.76,78.1
Dipirona Monoidratada 1g 10 Comprimidos - Prati,PRATI DONADUZZI GENERICO,00022006,15.04,10.16,4.879999999999999,32.4
Cloridrato de Tramadol 50mg com 10 Comprimidos - PratiDonaduzzi Genérico,PRATI DONADUZZI GENERICO,7899547518122,27.85,5.94,21.91,78.7
Lamotrigina 25mg com 30 Comprimidos - PratiDonaduzzi Genérico,PRATI DONADUZZI GENERICO,7899547509458,29.73,7.18,22.55,75.8
Cloridrato de Metformina 500mg com 30 Comprimidos - PratiDonaduzzi Genérico,PRATI DONADUZZI GENERICO,7898148291267,10.88,6.95,3.9300000000000006,36.1
Cloridrtao de Propafenona 300mg com 30 Comprimidos - PratiDonaduzzi Genérico,PRATI DONADUZZI GENERICO,7899547514865,69.93,30.27,39.66000000000001,56.7
Tadalafila 20mg com 2 Comprimidos - PratiDonaduzzi Genérico,PRATI DONADUZZI GENERICO,7899547513202,18.6,2.61,15.990000000000002,86.0
Desloratadina Xarope 100ml - PratiDonaduzzi Genérico,PRATI DONADUZZI GENERICO,7899547505122,51.62,17.32,34.3,66.4
Maleato Dexclorfeniramina + Betametasona 120ml - PratiDonaduzzi Genérico,PRATI DONADUZZI GENERICO,7899547503333,21.23,10.3,10.93,51.5
Sulfato de Salbutamol 120ml - PratiDonaduzzi Genérico,PRATI DONADUZZI GENERICO,7899547502565,11.81,6.37,5.44,46.1
Furosemida 40mg com 20 Comprimidos - PratiDonaduzzi Genérico,PRATI DONADUZZI GENERICO,7899547504521,7.23,2.81,4.42,61.1
Ginkgo Vital 120mg com 30 Comprimidos - PratiDonaduzzi Genérico,PRATI DONADUZZI GENERICO,7899547508857,63.0,29.42,33.58,53.3
Dicloridrato de Betaistina 16mg com 30 Cápsulas - Prati Donaduzz,PRATI DONADUZZI GENERICO,7899547510003,25.47,12.06,13.409999999999998,52.7
Anlodipino 10mg com 30 Comprimidos - Prati Donaduzzi Genérico,PRATI DONADUZZI GENERICO,7899547504842,23.12,9.52,13.600000000000001,58.8
Maleato de Dexclorfeniramina Xarope 100ml - Prati,PRATI DONADUZZI GENERICO,7899547503296,13.85,6.84,7.01,50.6
Dicloridrato de Betaistina 24mg com 30 Comprimidos - PratiDonaduzzi Genérico,PRATI DONADUZZI GENERICO,7899547510119,30.0,14.71,15.29,51.0
Mirtazapina 45mg com 30 Comprimidos - PratiDonaduzzi Genérico,PRATI DONADUZZI GENERICO,7899547521405,183.9,73.6,110.30000000000001,60.0
Glimepirida 1mg com 30 Comprimidos - PratiDonaduzzi Genérico,PRATI DONADUZZI GENERICO,7899547513349,18.6,7.81,10.790000000000003,58.0
Alopurinol 100mg com 30 Comprimidos - PratiDonaduzzi Genérico,PRATI DONADUZZI GENERICO,7898148300754,11.97,6.52,5.450000000000001,45.5
Alopurinol 300mg com 30 Comprimidos - PratiDonaduzzi Genérico,PRATI DONADUZZI GENERICO,7899547503913,35.35,15.75,19.6,55.4
Nistatina Suspensão de Uso Oral 50ml - PratiDonaduzzi Genérico,PRATI DONADUZZI GENERICO,7898148293681,27.32,12.83,14.49,53.0
Nitrato de Miconazol Creme Vaginal 80g - PratiDonaduzzi Genérico,PRATI DONADUZZI GENERICO,7899547507454,27.34,18.78,8.559999999999999,31.3
Paracetamol 500mg com 20 Comprimidos - Prati Donaduzzi Genérico,PRATI DONADUZZI GENERICO,7898148295012,16.51,6.79,9.720000000000002,58.9
Cloridrato de Terbinafina 250mg com 14 Comprimidos - PratiDonaduzzi Genérico,PRATI DONADUZZI GENERICO,7899547504675,74.43,24.68,49.75000000000001,66.8
Fumarato de Cetotifeno Xarope 120ml - PratiDonaduzzi Genérico,PRATI DONADUZZI GENERICO,7899547508086,35.54,20.76,14.779999999999998,41.6
Desloratadina Xarope 60ml - PratiDonaduzzi Genérico,PRATI DONADUZZI GENERICO,7899547505085,32.41,13.57,18.839999999999996,58.1
Atenolol 100mg com 30 Comprimidos - PratiDonaduzzi Genérico,PRATI DONADUZZI GENERICO,7898148290802,36.1,8.42,27.68,76.7
Ibuprofeno 600mg com 20 Cápsulas - PratiDonaduzzi Genérico,PRATI DONADUZZI GENERICO,7898148295159,20.64,8.83,11.81,57.2
Canabidiol 50mg/mL com 1 Frasco com 30mL de Solução de Uso Oral + Seringa Dosadora,PRATI DONADUZZI GENERICO,7899547536195,796.65,716.9,79.75,10.0
Glimepirida 4mg com 30 Comprimidos - Pratti Donaduzzi,PRATI DONADUZZI GENERICO,7899547513738,45.65,9.04,36.61,80.2
Aciclovir 400mg com 30 Comprimidos - PratiDonaduzzi Genérico,PRATI DONADUZZI GENERICO,7899547511338,142.73,39.89,102.83999999999999,72.1
Pomada Sulfato de Neomicina + Bacitracina Zíncica 50g - Prati Genérico,PRATI DONADUZZI GENERICO,7898148291540,22.92,11.29,11.630000000000003,50.7
Albendazol 40mg Suspensão de Uso Oral 10 ml - PratiDonaduzzi Genérico,PRATI DONADUZZI GENERICO,7898148292936,8.1,3.6,4.5,55.6
Dipirona Sódica 500mg com 10 Comprimidos - Prati Donaduzzi Genérico,PRATI DONADUZZI GENERICO,7899547537208,5.36,3.7,1.6600000000000001,31.0
Pomada Sulfato de Neomicina - 20g,PRATI DONADUZZI GENERICO,7898148292806,20.36,14.29,6.07,29.8
Cloridrato de Metformina  500mg com 30 Comprimidos - PratiDonaduzzi Genérico,PRATI DONADUZZI GENERICO,7899547511031,8.48,8.48,0.0,0.0
Ibuprofeno 600mg com 30 Cápsulas - PratiDonazzoni,PRATI DONADUZZI GENERICO,7899547528619,27.08,11.9,15.179999999999998,56.1
Risperidona 30ml - PratiDonaduzzi Genérico,PRATI DONADUZZI GENERICO,7899547503647,60.37,33.25,27.119999999999997,44.9
Cloridrato de Metformina Liberação Prolongada 750mg com 30 Comprimidos - PratiDonaduzzi Genérico,PRATI DONADUZZI GENERICO,7899547511130,22.11,17.44,4.669999999999998,21.1
Orlistate 120mg com 42 Cápsulas - PratiDonaduzzi,PRATI DONADUZZI GENERICO,7899547500233,170.95,49.88,121.07,70.8
Ginkgo Vital 80mg com 60 Comprimidos - Prati Donaduzzi,PRATI DONADUZZI GENERICO,7899547508765,90.37,28.37,62.0,68.6
Ginkgo Vital 80mg com 30 Comprimidos - Prati Donaduzzi Genérico,PRATI DONADUZZI GENERICO,7899547508758,49.0,17.36,31.64,64.6
Propionato de Clobetasol Solução Capilar 50g - PratiDonaduzzi Genérico,PRATI DONADUZZI GENERICO,7899547520408,40.48,22.13,18.349999999999998,45.3
Cloridrato de Terbinafina 250mg com 28 Comprimidos - PratiDonaduzzi Genérico,PRATI DONADUZZI GENERICO,7899547504682,147.23,43.13,104.1,70.7
Albendazol 400mg com 1 Comprimido - PratiDonaduzzi Genérico,PRATI DONADUZZI GENERICO,7898148295210,8.27,2.05,6.22,75.2
"Dicloridrato de Pramipexol 0,25mg com 30 Comprimidos - PratiDonaduzzi Genérico",PRATI DONADUZZI GENERICO,7899547514193,47.21,16.45,30.76,65.2
"Dicloridrato de Pramipexol 0,125mg com 30 Comprimidos - PratiDonaduzzi Genérico",PRATI DONADUZZI GENERICO,7899547514131,25.17,14.67,10.500000000000002,41.7
Dipirona Monoidratada 500mg 30 comprimidos - Prati,PRATI DONADUZZI GENERICO,7899547531213,25.18,11.11,14.07,55.9
Aripiprazol 10mg com 30 Comprimidos - PratiDonaduzzi Genérico,PRATI DONADUZZI GENERICO,7899547520996,186.87,57.33,129.54000000000002,69.3
Mesalazina 400mg com 30 Comprimidos - PratiDonaduzzi Genérico,PRATI DONADUZZI GENERICO,7899547503418,94.32,38.49,55.82999999999999,59.2
Cloridrato de Ciclobenzaprina 10mg com 15 Comprimidos - PratiDonaduzzi Genérico,PRATI DONADUZZI GENERICO,7899547501667,11.88,4.8,7.080000000000001,59.6
Lamotrigina 50mg com 30 Comprimidos - PratiDonaduzzi Genérico,PRATI DONADUZZI GENERICO,7899547509519,38.03,12.92,25.11,66.0
Lamotrigina 100mg com 30 Comprimidos - PratiDonaduzzi Genérico,PRATI DONADUZZI GENERICO,7899547509571,67.8,16.99,50.81,74.9
Cylocort Coliírio 5ml - União Química,UNIAO QUIMICA GENOM,7896006290100,40.46,38.03,2.4299999999999997,6.0
Tobracort Colírio 5ml - União Química,UNIAO QUIMICA GENOM,7896006290520,39.48,37.11,2.3699999999999974,6.0
"Cylocort Pomada 3,5g - União Química",UNIAO QUIMICA GENOM,7896006225010,38.63,36.31,2.3200000000000003,6.0
"Maxinom Pomada 3,5g - União Química",UNIAO QUIMICA GENOM,7896006290483,34.77,32.68,2.0900000000000034,6.0
Maxinom Oftálmico Gotas 5ml - União Química,UNIAO QUIMICA GENOM,7896006290322,21.25,19.98,1.2699999999999996,6.0
"Tobracort Pomada 3,5g - União Química",UNIAO QUIMICA GENOM,7896006290537,42.56,40.01,2.5500000000000043,6.0
Cetrolac Sl Genom 10mg com 20 Comprimidos Sublinguais - União Química,UNIAO QUIMICA GENOM,7896006203162,63.59,55.96,7.630000000000003,12.0
Cetrolac Sl Genom 10mg com 10 Comprimidos Sublinguais - União Química,UNIAO QUIMICA GENOM,7896006203155,35.34,31.1,4.240000000000002,12.0
Ondset ODT 4mg com 10 Comprimidos Orodispersíveis,UNIAO QUIMICA GENOM,7896006210795,27.61,23.47,4.140000000000001,15.0
Ondset ODT 8mg com 10 Comprimidos Orodispersíveis,UNIAO QUIMICA GENOM,7896006214687,51.83,44.06,7.769999999999996,15.0
Ondset 4mg/5mL Solução Oral Frasco com 100mL,UNIAO QUIMICA GENOM,7896006222842,78.1,66.39,11.709999999999994,15.0
Eudok 15mg com 30 Comprimidos,UNIAO QUIMICA GENOM,7896006215943,89.71,67.17,22.539999999999992,25.1
Viverdal 3mg com 30 Comprimidos,UNIAO QUIMICA GENOM,7896006227601,27.74,20.52,7.219999999999999,26.0
"Thealoz Duo Trealose 3g + Hialuronato de Sódio 0,15g Frasco 10ml - União Química",UNIAO QUIMICA GENOM,787734177993,79.9,73.64,6.260000000000005,7.8
Luvis Gold - 60 Cápsulas,UNIAO QUIMICA GENOM,7896006219002,139.9,128.79,11.110000000000014,7.9
Dews 5mg/ml Solução Oftálmica - 10ml,UNIAO QUIMICA GENOM,7896006221012,51.51,48.42,3.0899999999999963,6.0
Colágeno Flex HA - 30 cápsulas,UNIAO QUIMICA GENOM,7896006201021,164.99,142.96,22.03,13.4
Lumier Age - 30 sachês,UNIAO QUIMICA GENOM,7896006218937,139.9,137.78,2.1200000000000045,1.5
Bio 5 com 30 Sachês - União Química,UNIAO QUIMICA GENOM,7896006212089,104.9,95.35,9.550000000000011,9.1
Mega Mater - 30 cápsulas,UNIAO QUIMICA GENOM,7896006227052,94.9,76.36,18.540000000000006,19.5
"Cetrolac 0,5% Colírio 5ml - União Química",UNIAO QUIMICA GENOM,7896006290070,68.13,59.95,8.179999999999993,12.0
Codex 30mg com 12 Comprimidos - União Química,UNIAO QUIMICA GENOM,7896006219590,26.53,23.35,3.1799999999999997,12.0
Diamox 250mg com 25 Comprimidos - União Química,UNIAO QUIMICA GENOM,7896006245339,27.26,23.99,3.270000000000003,12.0
Femiane com 21 Drágeas - União Química Genom,UNIAO QUIMICA GENOM,7896006201588,61.31,45.18,16.130000000000003,26.3
"Glaucotrat 0,5% Solução Oftálmica 5ml - União Química",UNIAO QUIMICA GENOM,7896006290162,16.22,15.25,0.9699999999999989,6.0
Colírio Lacrifilm - 15ml,UNIAO QUIMICA GENOM,7896006290216,42.69,35.03,7.659999999999997,17.9
Microvlar com 21 Drágeas - União Química,UNIAO QUIMICA GENOM,7896006201618,11.41,8.37,3.040000000000001,26.6
Neovlar com 21 Drágeas - União Química,UNIAO QUIMICA GENOM,7896006201687,9.53,7.08,2.4499999999999993,25.7
Ocupress 2% Solução Oftálmica 5ml - União Química,UNIAO QUIMICA GENOM,7896006290209,108.09,77.89,30.200000000000003,27.9
Primosiston com 30 Comprimidos - União Química,UNIAO QUIMICA GENOM,7896006201731,14.52,10.81,3.709999999999999,25.6
Primolut-Nor 10mg com 30 Comprimidos - União Química,UNIAO QUIMICA GENOM,7896006201717,28.03,20.91,7.120000000000001,25.4
Slow-K 600mg com 20 Drágeas - GSK,UNIAO QUIMICA GENOM,7896006219545,19.37,18.21,1.1600000000000001,6.0
Teflan 20mg com 10 Comprimidos - União Química,UNIAO QUIMICA GENOM,7896006219095,54.71,46.5,8.21,15.0
Tess com 21 Comprimidos - União Química,UNIAO QUIMICA GENOM,7896006221043,27.3,20.48,6.82,25.0
Triquilar com 21 Drágeas - União Química,UNIAO QUIMICA GENOM,7896006201977,13.09,9.72,3.369999999999999,25.7
Uninaltrex 50mg com 30 Comprimidos - União Química,UNIAO QUIMICA GENOM,7896006224297,179.48,139.27,40.20999999999998,22.4
Solução Oftálmica Hyabak - 10ml,UNIAO QUIMICA GENOM,3662042000058,66.99,58.83,8.159999999999997,12.2
Ster 10mg Colírio 5ml - União Química,UNIAO QUIMICA GENOM,7896006290988,32.54,27.66,4.879999999999999,15.0
Glaub 2mg Colírio 5ml - União Química,UNIAO QUIMICA GENOM,7896006290629,74.43,57.9,16.53000000000001,22.2
"Ster MD 1,2mg Oftálmico 10ml - União Química",UNIAO QUIMICA GENOM,7896006290667,53.53,45.5,8.030000000000001,15.0
Octifen Colírio 5ml - União Química,UNIAO QUIMICA GENOM,7896006222620,37.56,33.05,4.510000000000005,12.0
Paxtrat 20mg com 30 Comprimidos - União Química,UNIAO QUIMICA GENOM,7896006282389,105.08,80.4,24.679999999999993,23.5
Drusolol Colírio 5ml - União Química,UNIAO QUIMICA GENOM,7896006230052,100.19,78.3,21.89,21.8
Colírio10ml - Lacrifilm,UNIAO QUIMICA GENOM,7896006291398,34.01,27.95,6.059999999999999,17.8
Demedrox 150mg com 1 Seringa de 1ml - União Química,UNIAO QUIMICA GENOM,7896006206781,52.43,38.77,13.659999999999997,26.1
Dexaneurin Injeção 2ml 3 Ampolas - União Química,UNIAO QUIMICA GENOM,7896006247319,45.44,39.99,5.449999999999996,12.0
Glaub MD Colírio 5ml - União Química,UNIAO QUIMICA GENOM,7896006208266,37.21,29.14,8.07,21.7
"Cetrolac MD 0,4% Colírio 10ml - Uião Química",UNIAO QUIMICA GENOM,7896006207665,104.32,91.8,12.519999999999996,12.0
Dk2 Cal com 60 Comprimidos - União Química,UNIAO QUIMICA GENOM,7896006238560,89.9,78.3,11.600000000000009,12.9
Eudok 20mg com 30 Comprimidos - União Químcia,UNIAO QUIMICA GENOM,7896006215950,122.42,104.06,18.36,15.0
Codex 30mg com 36 Comprimidos - União Química,UNIAO QUIMICA GENOM,7896006219583,58.21,50.06,8.149999999999999,14.0
Flex-S com 30 Sachês - União Química,UNIAO QUIMICA GENOM,7896006215738,134.9,130.37,4.530000000000001,3.4
Seth 150mg com 60 Comprimidos - União Química,UNIAO QUIMICA GENOM,7896006201335,70.08,56.77,13.309999999999995,19.0
Britens Colírio 5ml - União Química,UNIAO QUIMICA GENOM,7896006226208,122.16,93.01,29.14999999999999,23.9
L-Caps D - 60 Cápsulas,UNIAO QUIMICA GENOM,7896006218982,109.9,102.55,7.3500000000000085,6.7
Zolpaz 10mg com 30 Comprimidos - União Química,UNIAO QUIMICA GENOM,7896006215677,52.8,44.88,7.919999999999995,15.0
Luvis S - 60 Cápsulas,UNIAO QUIMICA GENOM,7896006216827,136.0,136.0,0.0,0.0
Eudok 10mg 30 Comprimidos - União Química,UNIAO QUIMICA GENOM,7896006215936,79.48,60.26,19.220000000000006,24.2
Britens Colírio 10ml - União Química,UNIAO QUIMICA GENOM,7896006226215,170.73,131.19,39.53999999999999,23.2
"Mylus 0,075mg com 28 Comprimidos - União Química",UNIAO QUIMICA GENOM,7896006231134,47.66,33.37,14.29,30.0
Microvlar com 63 Drágeas - União Química,UNIAO QUIMICA GENOM,7896006201632,29.12,21.27,7.850000000000001,27.0
Viverdal 1mg com 30 Comprimidos - União Química,UNIAO QUIMICA GENOM,7896006227588,26.86,20.42,6.439999999999998,24.0
Luvis S - 30 Cápsulas,UNIAO QUIMICA GENOM,7896006216803,86.9,83.82,3.0800000000000125,3.5
Cefalexina 250mg Suspensão de Uso Oral 100ml - Neo Química Genérico,NEO QUIMICA GENERICO,7896714202617,37.63,16.51,21.12,56.1
Axetilcefuroxima 500mg com 14 Comprimidos - Neo Química Genérico,NEO QUIMICA GENERICO,7896714274126,146.5,69.86,76.64,52.3
Axetilcefuroxima 500mg com 10 Comprimidos - Neo Química Genérico,NEO QUIMICA GENERICO,7896714273815,117.2,59.33,57.870000000000005,49.4
Amoxicilina 250mg Suspensão de Uso Geral 150ml - Neo Química Genérico,NEO QUIMICA GENERICO,7896714205731,32.21,32.21,0.0,0.0
Azitromicina 900mg Suspensão de Uso Oral 22.5ml - Neo Química Genérico,NEO QUIMICA GENERICO,7896714215495,71.2,28.11,43.09,60.5
Tobramicina Colírio 5ml - Neo Química Genérico,NEO QUIMICA GENERICO,7896714215204,21.46,10.87,10.590000000000002,49.3
Simeticona 40mg com 20 Comprimidos - Neo Química,NEO QUIMICA GENERICO,7896714227269,21.09,4.27,16.82,79.8
Rivaroxabana 10mg com 10 Comprimidos - Neo Química Genérico,NEO QUIMICA GENERICO,7896714290799,62.71,10.9,51.81,82.6
Captopril 25mg com 30 Comprimidos - Neo Química Genérico,NEO QUIMICA GENERICO,7896714205687,9.94,1.85,8.09,81.4
Valerato de Betametasona Creme 30gr - Neo Química Genérico,NEO QUIMICA GENERICO,7896714205861,25.63,10.26,15.37,60.0
Dipropianato de Betametasona + Fosfato Dissódico de Betametasona com 1 Ampola - Neo Química Genérico,NEO QUIMICA GENERICO,7898095343125,24.73,6.95,17.78,71.9
Diazepam 5mg com 30 Comprimidos - Neo Química Genérico,NEO QUIMICA GENERICO,7896714232966,13.56,4.03,9.530000000000001,70.3
Apixabana 5mg com 20 Comprimidos - Neo Química Genérico,NEO QUIMICA GENERICO,7897595634788,93.83,40.85,52.98,56.5
"Apixabana 2,5mg com 20 Comprimidos - Neo Química Genérico",NEO QUIMICA GENERICO,7896714291963,67.2,41.57,25.630000000000003,38.1
Rivaroxabana 20mg com 30 Comprimidos - Neo Química Genérico,NEO QUIMICA GENERICO,7896714290843,175.58,34.42,141.16000000000003,80.4
Glibenclamida 5mg com 30 Comprimidos - Neo Química Genérico,NEO QUIMICA GENERICO,7896714217093,7.41,1.98,5.43,73.3
ONDANSETRONA 8MG C/10 COMP,NEO QUIMICA GENERICO,7896714292489,45.94,15.97,29.97,65.2
Predinisoloa 40mg com 7 Comprimidos - Neo Química Genérico,NEO QUIMICA GENERICO,7896714295404,37.34,26.22,11.120000000000005,29.8
Sulfato de Hidroxicloroquina 400mg com 30 Comprimidos - Neo Química,NEO QUIMICA GENERICO,7896714291192,85.89,69.41,16.480000000000004,19.2
"Cloridrato de Tramadol + Paracetamol 37,5mg + 325mg com 20 Comprimidos - Neo Química Genérico",NEO QUIMICA GENERICO,7896714290867,52.07,39.31,12.759999999999998,24.5
"Apixabana 2,5mg com 60 Comprimidos - Neo Química Genérico",NEO QUIMICA GENERICO,7896714291956,201.64,83.49,118.14999999999999,58.6
Fenofibrato 200mg com 30 Comprimidos - Neo Química Genérico,NEO QUIMICA GENERICO,7896094919174,96.09,59.86,36.230000000000004,37.7
Valsartana 320mg com 30 Comprimido- Neo Química Genérico,NEO QUIMICA GENERICO,7896714241340,77.07,39.08,37.989999999999995,49.3
Valsartana 160mg com 30 Comprimidos - Neo Química Genérico,NEO QUIMICA GENERICO,7896714241319,66.48,27.89,38.59,58.0
Hidroclorotiazida 50mg com 20 Comprimidos - Neo Química Genérico,NEO QUIMICA GENERICO,7896714205779,5.61,2.14,3.47,61.9
Losartana Potássica 50mg com 30 Comprimidos - Neo Química Genérico,NEO QUIMICA GENERICO,7896714208565,8.34,2.21,6.13,73.5
Propionato de Clobetasol Pomada 30g - Neo Química Genérico,NEO QUIMICA GENERICO,7896714207018,22.3,8.89,13.41,60.1
Propionato de Clobetasol Creme 30g - Neo Química Genérico,NEO QUIMICA GENERICO,7896714209852,21.98,8.39,13.59,61.8
Hidroclorotiazida 25mg com 30 Comprimidos - Neo Química Genérico,NEO QUIMICA GENERICO,7896714211978,3.64,2.25,1.3900000000000001,38.2
Citrato de Sildenafila 50mg com 1 Comprimido - Neo Química Genérico,NEO QUIMICA GENERICO,7896714227375,6.73,0.5,6.23,92.6
Ciprofibrato 100mg com 30 Comprimidos - Neo Química Genérico,NEO QUIMICA GENERICO,7896714215976,71.78,19.68,52.1,72.6
Piroxicam 20mg com 10 Cápsulas - Neo Química Genérico,NEO QUIMICA GENERICO,7896714215013,18.86,5.1,13.76,73.0
Dipirona Sódica + Cafeína com 4 Comprimidos - Neo Química Genérico,NEO QUIMICA GENERICO,7896714261522,5.53,2.0,3.5300000000000002,63.8
Nimesulida 20mg Gel Dermatológico 40g - Neo Química Genérico,NEO QUIMICA GENERICO,7896714229829,19.18,11.05,8.129999999999999,42.4
Dipirona Sódica + Cafeína com 16 Comprimidos - Neo Química Genérico,NEO QUIMICA GENERICO,7896714214603,22.07,10.82,11.25,51.0
Nitazoxanida 500mg com 6 Comprimidos - Neo Química Genérico,NEO QUIMICA GENERICO,7896714273426,59.15,18.37,40.78,68.9
DESVENLAFAXINA SUCCINATO 100MG C/30 COMP,NEO QUIMICA GENERICO,7896714292038,112.07,36.75,75.32,67.2
"Bronferinamina + Fenilefrina 2 + 2,5mg/ml 20ml - Neo Química Genérico",NEO QUIMICA GENERICO,7896714293370,12.17,12.17,0.0,0.0
Bronfeniramina + Fenilefrina 12 + 15mg com 12 Ccomprimidos - Neo Química Genérico,NEO QUIMICA GENERICO,7896714295077,19.61,19.61,0.0,0.0
"Besilato de Levanlodipino 2,5mg com 30 Comprimidos",NEO QUIMICA GENERICO,7896714292212,44.55,28.13,16.419999999999998,36.9
Besilato de Levanlodipino 5mg com 30 Comprimidos,NEO QUIMICA GENERICO,7896714292236,86.55,46.41,40.14,46.4
"Cloridrato de Fenilefrina + Maleato Bronfeniramina 0,4+1mg/ml 120ml",NEO QUIMICA GENERICO,7896714293387,17.87,17.2,0.6700000000000017,3.7
Minoxidil 50mg Spray 100ml - Neo Química Genérico,NEO QUIMICA GENERICO,7896714290997,113.09,42.0,71.09,62.9
Minoxidil 50mg Spray 50ml - Neo Química,NEO QUIMICA GENERICO,7896714274393,91.1,30.66,60.44,66.3
Apixabana 5mg com 60 Comprimidos - Neo Química Genérico,NEO QUIMICA GENERICO,7896714291932,201.64,114.91,86.72999999999999,43.0
Omeprazol 20mg com 28 Cápsulas - Neo QuÍmica Genérico,NEO QUIMICA GENERICO,7896714230290,42.16,10.74,31.419999999999995,74.5
Fumarato de Quetiapina 50mg com 30 Comprimidos - Neo Química Genérico,NEO QUIMICA GENERICO,7896714275376,138.95,65.06,73.88999999999999,53.2
Meloxicam 15mg com 10 Comprimidos - Neo Química Genérico,NEO QUIMICA GENERICO,7896714228853,32.76,2.92,29.839999999999996,91.1
Acebrofilina Xarope Adulto 120ml - Neo Química,NEO QUIMICA GENERICO,7896714214146,34.4,19.04,15.36,44.7
Maleato de Dexclorfeniramina 2mg 20 comprimidos - Neo Química,NEO QUIMICA GENERICO,7896714201498,12.96,5.24,7.720000000000001,59.6
Tioconazol + Tinidazol Creme Vaginal 35g + Aplicadores - Neo Química Genérico,NEO QUIMICA GENERICO,7896714224107,61.77,21.36,40.410000000000004,65.4
Naproxeno 550mg com 10 Comprimidos - Neo Química Genérico,NEO QUIMICA GENERICO,7896714214405,22.84,14.65,8.19,35.9
Valerato de Betametasona Solução Capilar 50ml - Neo Química Genérico,NEO QUIMICA GENERICO,7896714224114,44.84,23.11,21.730000000000004,48.5
Dipirona Monoidratada 1g 10 comprimidos - Neo Química,NEO QUIMICA GENERICO,7896714207551,20.21,7.99,12.22,60.5
Mesalazina 400mg com 30 Comprimidos - Neo Química Genérico,NEO QUIMICA GENERICO,7896714223049,104.64,67.77,36.870000000000005,35.2
Dipirona Monoidratada Gotas 20ml - Neo Química,NEO QUIMICA GENERICO,7896714213736,17.23,3.82,13.41,77.8
Orlistate 120mg com 42 Cápsulas - Neo Química Genérico,NEO QUIMICA GENERICO,7896714237497,181.19,49.9,131.29,72.5
Tinidazol + Nitrato de Miconazol Creme Vaginal 40g - Neo Quimica Genérico,NEO QUIMICA GENERICO,7897322703794,38.83,18.14,20.689999999999998,53.3
Tadalafila 5mg com 28 Comprimidos - Neo Química Genérico,NEO QUIMICA GENERICO,7896714255941,80.57,7.9,72.66999999999999,90.2
Cloridrato de Nebivolol 5mg com 28 Comprimidos - Neo Química Genérico,NEO QUIMICA GENERICO,7896714268873,82.43,22.56,59.870000000000005,72.6
Dicloridrato de Levocetirizina 5mg com 10 Comprimidos - Neo Química Genérico,NEO QUIMICA GENERICO,7896714274010,35.2,18.74,16.460000000000004,46.8
Cloridrato de Ciprofloxacino 500mg com 14 Comprimidos - Biolab,BIOLAB GENERICO,7896112402138,46.32,10.93,35.39,76.4
"Carvedilol 12,5mg com 30 Comprimidos - Biolab Genérico",BIOLAB GENERICO,7898146823064,32.51,5.46,27.049999999999997,83.2
Cloridrato de Nebivolol 5mg com 30 Comprimidos - Biolab Genérico,BIOLAB GENERICO,7896004771373,53.12,22.69,30.429999999999996,57.3
Risperidona 2mg com 30 Comprimidos - Biolab Genérico,BIOLAB GENERICO,7898146823422,39.38,10.01,29.370000000000005,74.6
Acido Valproico 250mg com 25 Cápsulas - Biolab Genérico,BIOLAB GENERICO,7896112401230,20.61,18.89,1.7199999999999989,8.3
Hemitrato de Zolpidem 5mg com 30 Comprimidos - Biolab Genérico,BIOLAB GENERICO,7896112406488,33.26,33.26,0.0,0.0
Pregabalina 150mg com 30 Cápsulas - Biolab Genérico,BIOLAB GENERICO,7896112406273,129.83,38.42,91.41000000000001,70.4
Succinato de Solifenacina 10mg com 30 Comprimidos - Biolab Genérico,BIOLAB GENERICO,7896112407669,167.36,94.23,73.13000000000001,43.7
Simeticona 125mg com 15 Cápsulas - Biolab Genérico,BIOLAB GENERICO,7896112406778,6.14,4.73,1.4099999999999993,23.0
Atenolol 100mg com 30 Comprimidos - Biolab,BIOLAB GENERICO,7896112401476,34.57,13.43,21.14,61.2
"Carvedilol 6,25mg 30 Comprimidos - Biolab",BIOLAB GENERICO,7898146823040,28.13,4.68,23.45,83.4
Maleato de Enalapril 10mg 30 Comprimidos - Biolab Genérico,BIOLAB GENERICO,7896112401391,7.23,3.56,3.6700000000000004,50.8
"Carvedilol 3,125mg 30 Comprimidos - Biolab",BIOLAB GENERICO,7898146823026,24.52,4.28,20.24,82.5
Atenolol 25mg com 30 Comprimissos - Biolab Genérico,BIOLAB GENERICO,7896112401452,8.58,1.8,6.78,79.0
Ondansetrona 8mg com 10 Comprimidos - Biolab Genérico,BIOLAB GENERICO,7896112400394,55.83,18.45,37.379999999999995,67.0
Carvedilol 25mg com 30 Comprimidos - Biolab Genérico,BIOLAB GENERICO,7898146822418,55.11,8.33,46.78,84.9
Fumarato de Quetiapina 100mg com 30 Comprimidos - Biolab Genérico,BIOLAB GENERICO,7898146825358,138.97,29.46,109.50999999999999,78.8
Vitamina D3 7.000UI com 30 Cápsulas - Biolab Genérico,BIOLAB GENERICO,7896112402282,83.67,18.23,65.44,78.2
"Noretisterona 0,35mg com 35 Comprimidos - Biolab Genérico",BIOLAB GENERICO,7896112401407,10.43,10.34,0.08999999999999986,0.9
Bromidrato de Galantamina 24mg com 30 Cápsulas - Biolab Genérico,BIOLAB GENERICO,7899551305688,285.9,115.64,170.26,59.6
Cloridrato de Memantina 10mg com 30 Comprimidos - Biolab Genérico,BIOLAB GENERICO,7898146825112,60.64,16.32,44.32,73.1
Paracetamol + Codeína 30mg com 24 Comprimidos - Biolab Genérico,BIOLAB GENERICO,7898146824061,49.09,19.47,29.620000000000005,60.3
Gabapentina 300mg com 30 Cápsulas - Biolab Genérico,BIOLAB GENERICO,7898146820582,86.78,20.7,66.08,76.1
Gabapentina 400mg com 30 Cápsulas - Biolab Genérico,BIOLAB GENERICO,7898146820612,100.11,25.79,74.32,74.2
Cloridrato de Ticlopidina 250mg com 30 Comprimidos - Biolab Genérico,BIOLAB GENERICO,7896112401216,69.46,26.32,43.13999999999999,62.1
Mononitrato de Isossorbida 20mg ccom 30 Comprimidos - Biolab Genérico,BIOLAB GENERICO,7896112401315,12.96,10.71,2.25,17.4
"Maleato de Enalapril + Hidroclorotiazida 20/12,5mg com 30 Comprimidos - Biolab Genérico",BIOLAB GENERICO,7896112401360,43.74,12.71,31.03,70.9
Rivaroxabana 20mg com 28 Comprimidos - Biolab Genérico,BIOLAB GENERICO,7896112403616,121.14,33.29,87.85,72.5
"Levonorgestrel + Etinilestradiol 0,15mg + 0,03mg com 63 Comprimidos - Biolab Genérico",BIOLAB GENERICO,7896112403173,22.4,5.96,16.439999999999998,73.4
Succinato de Metropolol 50mg com 30 Comprimidos - Biolab Genérico,BIOLAB GENERICO,7896112406693,42.65,20.88,21.77,51.0
Rivaroxabana 15mg com 28 Ccomprimidos - Biolab Genérico,BIOLAB GENERICO,7896112403609,115.93,31.25,84.68,73.0
Rivaroxabana 10mg com 30 Comprimidos - Biolab Genérico,BIOLAB GENERICO,7896112403562,129.79,30.9,98.88999999999999,76.2
Clopidofrel 75mg com 30 Comprimidos - Biolab Genérico,BIOLAB GENERICO,7898146824450,54.31,18.38,35.93000000000001,66.2
Succinato de Solifenancina 5mg com 30 Comprimidos - Biolab Genérico,BIOLAB GENERICO,7896112407652,137.07,80.01,57.05999999999999,41.6
Lactulose 667mg - 120ml,BIOLAB GENERICO,7896112406631,19.99,16.36,3.629999999999999,18.2
Lamotrigina 50mg com 30 Comprimidos - Geolab,BIOLAB GENERICO,7898146820827,43.47,17.8,25.669999999999998,59.1
Vitamina D3 15.000UI - 4 Cápsulas,BIOLAB GENERICO,7896112406839,37.42,22.74,14.680000000000003,39.2
Pitavastatina Cálcica 2mg com 30 Comprimidos - Biolab Genérco,BIOLAB GENERICO,7896112405818,98.86,61.39,37.47,37.9
Fumarato de Quetiapina 200mg com 30 Comprimidos - Biolab Genérico,BIOLAB GENERICO,7898146825426,277.77,48.29,229.48,82.6
"Losartana Potássica + Hidroclorotiazida 50/12,5mg com 30 Comprimidos - Biolab Genérico",BIOLAB GENERICO,7896112401278,46.35,10.62,35.730000000000004,77.1
Carbonato de Litio 300mg com 60 Comprimidos - Biolab Genérico,BIOLAB GENERICO,7896112403456,36.46,29.55,6.91,19.0
"Levonorgestrel + Etinilestradiol 0,15mg + 0,03mg com 21 Comprimidos - Biolab Genérico",BIOLAB GENERICO,7896112403166,8.0,3.04,4.96,62.0
Olanzapina 10mg com 30 Comprimidos - Biolab Genérico,BIOLAB GENERICO,7898146827895,272.02,44.6,227.42,83.6
Losartana Potássica + Hidroclorotiazida 100/25mg com 30 Comprimidos - Biolab Genérico,BIOLAB GENERICO,7896112401285,76.46,15.95,60.50999999999999,79.1
Carbonato de litio 300mg com 90 Comprimidos - Biolab Genérico,BIOLAB GENERICO,7896112403463,54.71,43.7,11.009999999999998,20.1
Vitamina D3 50.000UI com 8 Cápsulas - Biolab Genérico,BIOLAB GENERICO,7896112402299,122.78,25.09,97.69,79.6
Vitamina C 500mg com 60 Cápsulas - Biolab,BIOLAB GENERICO,7896112402572,49.9,25.9,24.0,48.1
Bromidrato de Galantamina 16mg com 30 Cápsulas - Biolab Genérico,BIOLAB GENERICO,7899551305572,260.25,105.03,155.22,59.6
Citalopram 20mg com 28 Comprimidos - Biolab Genérico,BIOLAB GENERICO,7898146820759,73.37,7.78,65.59,89.4
Succinato de Sumatriptana 50mg com 2 Comprimidos - Biolab Genérico,BIOLAB GENERICO,7898146821633,27.12,19.17,7.949999999999999,29.3
Succinato de Sumatriptana 100mg com 2 Comprimidos - Biolab Genérico,BIOLAB GENERICO,7898146821640,53.73,34.5,19.229999999999997,35.8
Ciprofibrato 100mg com 30 Comprimidos - Biolab Genérico,BIOLAB GENERICO,7896112401193,57.75,15.23,42.519999999999996,73.6
Paracetamol + Codeína 30mg com 36 Comprimidos - Biolab Genérico,BIOLAB GENERICO,7899551307743,73.48,30.12,43.36,59.0
Estriol Creme Vaginal 50g - Biolab Genérico,BIOLAB GENERICO,7896112401209,41.95,33.5,8.450000000000003,20.1
Bromidrato de Galantamina 8mg com 30 Cápsulas - Biolab Genérico,BIOLAB GENERICO,7899551305466,232.65,90.43,142.22,61.1
Valproato de Sódio 500mg com 50 Comprimidos - Biolab Genérico,BIOLAB GENERICO,7896112401247,62.54,49.79,12.75,20.4
Ferripolimaltose 100mg com 30 Comprimidos Matigáveis - Bioab Genérico,BIOLAB GENERICO,7896112401667,61.84,31.05,30.790000000000003,49.8
Ferripolimaltose Gotas 30ml - Biolab Genérico,BIOLAB GENERICO,7896112401674,35.09,18.24,16.850000000000005,48.0
Cloridrato de Doxiciclina 100mg com 20 Comprimidos - Pharlab,PHARLAB,7898216364367,25.11,14.9,10.209999999999999,40.7
Ciproflonax 500mg com 14 Comprimidos - Pharlab,PHARLAB,7898216360932,27.35,11.32,16.03,58.6
Claritromicina 500mg com 14 Comprimidos - Pharlab,PHARLAB,7898216363445,136.46,45.66,90.80000000000001,66.5
Claritromicina 500mg com 10 Comprimidos - Pharlab,PHARLAB,7898216360437,90.09,31.04,59.050000000000004,65.5
Azitromicina 900mg Suspensão de Uso Oral 22.5ml - Pharlab,PHARLAB,7898216365715,79.31,25.76,53.55,67.5
Azitromicina 600mg Suspensão de Uso Oral 15ml - Pharlab,PHARLAB,7898216365685,40.42,21.66,18.76,46.4
Azitromicina 500mg com 3 Comprimidos - Pharlab,PHARLAB,7898216360000,13.62,7.06,6.56,48.2
Cloridrato de Ciprofloxacino 500mg com 14 Comprimidos - Pharlab,PHARLAB,7898216360185,43.19,9.5,33.69,78.0
Azitromicina 500mg com 5 Comprimidos - Pharlab,PHARLAB,7898216365708,43.19,9.76,33.43,77.4
Valerato de Betametasona Pomada 30g - Pharlab,PHARLAB,7898216369669,30.39,10.86,19.53,64.3
Rivaroxabana 15mg com 30 Comprimidos - Pharlab,PHARLAB,7898216363568,193.27,26.11,167.16000000000003,86.5
Cetoconazol + Betametasonba + Neomicina Pomada 30g - Pharlab,PHARLAB,7898216361991,24.42,10.48,13.940000000000001,57.1
"Digoxina 0,25mg com 20 Comprimidos - Pharlab",PHARLAB,7898216361595,11.16,6.14,5.0200000000000005,45.0
Cetoconazol 200mg com 30 Comprimidos - Pharlab,PHARLAB,7898216361816,94.9,15.34,79.56,83.8
Valerato de Betametasona Creme 30g - Pharlab,PHARLAB,7898216369652,30.39,10.3,20.09,66.1
Diazepam 10mg com 30 Comprimidos - Pharlab,PHARLAB,7898216365135,18.34,5.9,12.44,67.8
Mirtazapina 30mg com 30 Comprimidos - Pharlab,PHARLAB,7898216372249,203.15,41.83,161.32,79.4
Azitrophar 600mg Suspensão com 1 Frasco - Pharlab,PHARLAB,7898216364510,31.61,17.94,13.669999999999998,43.2
Dicazid mr 30mg c/30cpr,PHARLAB,7898216370238,20.61,13.37,7.24,35.1
Dicazid MR 30mg com 60 Comprimidos - Pharlab,PHARLAB,7898216370245,35.08,23.34,11.739999999999998,33.5
Sinvastatina 20mg com 30 Comprimidos - Pharlab,PHARLAB,7898216366309,17.12,7.02,10.100000000000001,59.0
Ondansetrona 4mg com 10 Comprimidos - Pharlab,PHARLAB,7898216365562,24.89,9.0,15.89,63.8
Rivaroxabana 20mg com 30 Comprimidos - Pharlab,PHARLAB,7898216363605,193.27,50.06,143.21,74.1
Sinvastatina 40mg com 30 Comprimidos - Pharlab,PHARLAB,7898216366323,30.81,8.64,22.169999999999998,72.0
"Aciclovir Pomada Oftálmica 4,5g - Pharlab",PHARLAB,7898216365449,75.0,51.25,23.75,31.7
Piroxicam 20mg com 10 Cápsulas - Pharlab,PHARLAB,7898216362172,10.49,10.08,0.41000000000000014,3.9
"Meloxicam 7,5mg com 10 Comprimidos - Pharlab",PHARLAB,7898216366552,14.97,3.78,11.190000000000001,74.7
Sinvastatina 10mg com 30 Comprimidos - Pharlab,PHARLAB,7898216366286,19.35,4.35,15.000000000000002,77.5
Cloridrato de Hidroxizina Xarope com 100ml - Pharlab,PHARLAB,7898216367085,28.55,15.88,12.67,44.4
Aciclovir 200mg com 60 Comprimidos - Pharlab,PHARLAB,7898216366811,182.82,38.37,144.45,79.0
Dicloridrato de Levocetirizina 5mg com 10 Comprimidos - Pharlab,PHARLAB,7898216367016,37.32,22.21,15.11,40.5
Agil-C Laranja 45mg com 25 Gomas - Pharlab,PHARLAB,7898216363841,9.99,4.73,5.26,52.7
Dicloridrato de Manidipino 10mg com 60 Comprimidos - Pharlab,PHARLAB,7898216365791,236.52,150.73,85.79000000000002,36.3
Agil-C Plus Laranja comn 40 Gomas - Pharlab,PHARLAB,7898216363827,16.99,14.53,2.459999999999999,14.5
Vitamina C Agil Kids Sabor Laranja Com 25 Pastilhas de Goma,PHARLAB,7898216367276,4.99,4.99,0.0,0.0
Rosuvastatina Cálcica 5mg com 30 Comprimidos - Pharlab,PHARLAB,7898216366088,52.92,10.42,42.5,80.3
Fenaflex ODC com 20 Comprimidos - Pharlab,PHARLAB,7898216366033,11.9,7.43,4.470000000000001,37.6
Elcodrix DC 500mg + 65mg com 12 Comprimidos - Pharlab,PHARLAB,7898216360963,11.9,7.78,4.12,34.6
"Azitrophar 900mg Suspensão 22,5ml - Pharlab",PHARLAB,7898216364527,95.36,30.25,65.11,68.3
Succinato de Metoprolol 100mg com 30 Comprimidos - Pharlab,PHARLAB,7898216363346,65.67,32.62,33.050000000000004,50.3
Cloridrato de Bromexina Xarope Infantil 120ml - Pharlab,PHARLAB,7898216360147,20.51,16.13,4.380000000000003,21.4
Cetoconazol + Betametasona + Neomicina Creme 30g - Pharlab,PHARLAB,7898216361977,25.17,10.13,15.040000000000001,59.8
Meloxicam 15mg com 10 Comprimidos - Pharlab,PHARLAB,7898216366583,18.36,3.08,15.28,83.2
Hervirax 200mg c/25 cpr,PHARLAB,7898216360284,53.09,14.18,38.910000000000004,73.3
Succinato de Metoprolol 25mg com 30 Comprimidos - Pharlab,PHARLAB,7898216363209,21.23,13.99,7.24,34.1
Cloridrato de Bromexina Xarope Adulto 120ml - Pharlab,PHARLAB,7898216360178,33.9,16.34,17.56,51.8
Tricortid cr 30g,PHARLAB,7898216361021,37.13,10.62,26.510000000000005,71.4
Artritec 15mg - 10 comprimidos,PHARLAB,7898216360598,27.87,3.4,24.470000000000002,87.8
Gliclazida 30mg com 30 Comprimidos - Pharlab,PHARLAB,7898216371020,24.77,11.11,13.66,55.1
Cloridrato de Propranolol 40mg com 30 Comprimidos - Pharlab,PHARLAB,7898216362431,8.14,3.76,4.380000000000001,53.8
Gliclazida 30mg com 60 Comprimidos - Pharlab,PHARLAB,7898216371037,43.36,17.71,25.65,59.2
Aciclovir 200mg com 25 Comprimidos - Pharlab,PHARLAB,7898216367429,101.58,12.85,88.73,87.3
Vazidin MR 35mg com 60 Comprimidos - Pharlab,PHARLAB,7898216360772,125.92,81.89,44.03,35.0
Vazidin MR 35mg com 30 Comprimidos - Pharlab,PHARLAB,7898216360765,62.97,52.04,10.93,17.4
Hervirax cr 10g,PHARLAB,7898216360291,28.97,6.97,22.0,75.9
Clonazepam 2mg com 30 Comprimidos - Pharlab,PHARLAB,7898216366361,18.58,3.94,14.639999999999999,78.8
Gliclazida 60mg com 30 Comprimidos - Pharlab,PHARLAB,7898216371051,48.11,21.98,26.13,54.3
Secnidazol 1000mg com 2 comprimidos - Pharlab,PHARLAB,7898216360727,19.14,3.35,15.790000000000001,82.5
Digestina gts 20ml,UNIAO QUIMICA SIMILAR,7896006230205,20.46,7.87,12.59,61.5
Leiba 200mg - 12 cápsulas,UNIAO QUIMICA SIMILAR,7896006261803,58.48,34.08,24.4,41.7
Tandriflan com 30 Comprimidos - União Química,UNIAO QUIMICA SIMILAR,7896006234517,38.13,15.19,22.940000000000005,60.2
Tandriflan c/15 cpr,UNIAO QUIMICA SIMILAR,7896006234524,19.08,9.33,9.749999999999998,51.1
Teste de Gravidez - Baby Sure Prime,UNIAO QUIMICA SIMILAR,7896006228547,22.08,12.19,9.889999999999999,44.8
Varylift 1000mg com 60 Comprimidos Revestidos - União Química,UNIAO QUIMICA SIMILAR,7896006298335,122.52,62.46,60.059999999999995,49.0
Bisalax 5mg Drágeas x 150 - União Química,UNIAO QUIMICA SIMILAR,7896006257943,66.73,66.73,0.0,0.0
Bio C XR 1000mg com 30 Comprimidos - União Química,UNIAO QUIMICA SIMILAR,7896006218586,25.49,25.06,0.4299999999999997,1.7
LEIBA 1 BILHAO C/6 PO SACHE,UNIAO QUIMICA SIMILAR,7896006222897,52.22,46.78,5.439999999999998,10.4
Florastor Pó Para Solução Oral - 6 Sachês,UNIAO QUIMICA SIMILAR,7896006222668,13.49,13.49,0.0,0.0
Florastor com 12 Cápsulas - União Química Similar,UNIAO QUIMICA SIMILAR,7896006222675,22.9,22.9,0.0,0.0
Espasmopan Composto 10ml - União Química,UNIAO QUIMICA SIMILAR,07896006297772,12.9,3.9,9.0,69.8
Espasmopan Composto com 20 Comprimidos - União Química,UNIAO QUIMICA SIMILAR,07896006297765,14.9,13.45,1.450000000000001,9.7
Bio-c Tripla Ação com 10 Comprimidos Efervescentes - União Química,UNIAO QUIMICA SIMILAR,7896006218111,14.9,14.38,0.5199999999999996,3.5
Uniclarin Solução Oftalmológica com 15 ml - União Química,UNIAO QUIMICA SIMILAR,7896006212294,10.49,6.5,3.99,38.0
Font D 50.000UI com 8 Comprimidos - União Química,UNIAO QUIMICA SIMILAR,7896006218548,58.9,27.62,31.279999999999998,53.1
Neocopan Composto 10mg + 250mg com 20 Comprimidos - União Química,UNIAO QUIMICA SIMILAR,7896714233833,17.23,15.99,1.2400000000000002,7.2
"Cronoplex 7,5mg/ml com 1 Frasco Gotejador de 20ml - União Química",UNIAO QUIMICA SIMILAR,7896006216711,16.04,13.79,2.25,14.0
Zerolac 10.000FCC - 30 cápsulas,UNIAO QUIMICA SIMILAR,7896006216520,50.72,34.83,15.89,31.3
Naxotec 500mg com 10 Comprimidos - União Química,UNIAO QUIMICA SIMILAR,07896006212690,18.9,16.82,2.0799999999999983,11.0
Font d 50.000ui c/4 cpr,UNIAO QUIMICA SIMILAR,7896006219248,70.65,17.2,53.45,75.7
Teste de Gravidez - Baby Sure,UNIAO QUIMICA SIMILAR,7896006228530,12.99,12.99,0.0,0.0
Celestrat 2mg/5ml xpe 120ml,UNIAO QUIMICA SIMILAR,7896006284369,33.2,19.9,13.300000000000004,40.1
Ciclo 21 com 21 Comprimidos - União Química,UNIAO QUIMICA SIMILAR,7896006234067,12.68,10.55,2.129999999999999,16.8
Digestina 10mg c/20 cpr,UNIAO QUIMICA SIMILAR,7896006229803,20.24,13.99,6.249999999999998,30.9
Ecos Xarope - 120ml,UNIAO QUIMICA SIMILAR,7896006216308,28.18,23.57,4.609999999999999,16.4
Ferid Pomada - 10g,UNIAO QUIMICA SIMILAR,7896006211402,13.17,8.42,4.75,36.1
Gelo-Bio Aerosol - 60ml,UNIAO QUIMICA SIMILAR,7896006291770,26.37,12.38,13.99,53.1
Histadin 10mg com 12 Comprimidos - União Química,UNIAO QUIMICA SIMILAR,7896006246541,20.44,2.48,17.96,87.9
Histadin D Xarope com 60ml - União Química,UNIAO QUIMICA SIMILAR,7896006248279,54.09,35.5,18.590000000000003,34.4
Histadim d c/12 cpr,UNIAO QUIMICA SIMILAR,7896006248316,52.77,45.95,6.82,12.9
Histadin 1mg xpe 100ml,UNIAO QUIMICA SIMILAR,7896006247746,16.53,14.99,1.540000000000001,9.3
Hytos Plus Solução Oral Gotas com 15ml - União Química Similar,UNIAO QUIMICA SIMILAR,7896006259305,42.99,34.09,8.899999999999999,20.7
Nasaliv com 60ml - União Química,UNIAO QUIMICA SIMILAR,7896006272724,15.15,12.26,2.8900000000000006,19.1
Pondicilina Sabor Menta com 12 Pastilhas - União Química,UNIAO QUIMICA SIMILAR,7896006205692,12.9,9.31,3.59,27.8
Scalid 100mg com 12 Comprimidos - União Química,UNIAO QUIMICA SIMILAR,7896006274506,20.13,4.89,15.239999999999998,75.7
Topcoid Gel com 40g - União Química,UNIAO QUIMICA SIMILAR,7896006280507,28.1,25.07,3.030000000000001,10.8
Vita Jr com 120ml - União Química,UNIAO QUIMICA SIMILAR,7896006227014,29.9,16.74,13.16,44.0
Carverol - 20 comprimidos,UNIAO QUIMICA SIMILAR,7897446000106,39.9,33.9,6.0,15.0
Naxotec 500mg com 24 Comprimidos - União Química,UNIAO QUIMICA SIMILAR,7897446000069,39.62,24.99,14.629999999999999,36.9
Font D 200UI Gotas com 10ml - União Química,UNIAO QUIMICA SIMILAR,7896006207726,20.86,17.22,3.6400000000000006,17.4
Font D 200UI Gotas 20ml - União Química,UNIAO QUIMICA SIMILAR,7896006207733,38.92,28.24,10.680000000000003,27.4
Perfenol com 20 Cápsulas - União Química,UNIAO QUIMICA SIMILAR,7896006202103,19.65,11.77,7.879999999999999,40.1
Leiba Laranja 1g - 6 Sachês,UNIAO QUIMICA SIMILAR,7896006203186,52.22,30.77,21.45,41.1
Colact Xarope Sabor Ameixa com 120ml - União Química,UNIAO QUIMICA SIMILAR,7896006213130,19.99,15.7,4.289999999999999,21.5
Bio-C Zinco com 30 Comprimidos Efervecentes - União Química,UNIAO QUIMICA SIMILAR,7896006207306,43.2,35.38,7.82,18.1
Conidrin Salina 9mg Spray com 50ml - União Química,UNIAO QUIMICA SIMILAR,7896006215714,20.1,14.06,6.040000000000001,30.0
Pondicilina Sabor Mel e Limão com 12 Pastilhas - União Química,UNIAO QUIMICA SIMILAR,7896006205661,12.9,8.3,4.6,35.7
Colact Xarope Sabor Salada de Frutas - 120ml,UNIAO QUIMICA SIMILAR,7896006213147,18.99,15.73,3.259999999999998,17.2
Florastor - 6 sachês,UNIAO QUIMICA SIMILAR,7896006213178,19.9,16.09,3.8099999999999987,19.1
Ferisept Spray - 45ml,UNIAO QUIMICA SIMILAR,7896006209898,16.9,7.99,8.909999999999998,52.7
"Fenaren Gel 11,6mg/g com 60g - União Química",UNIAO QUIMICA SIMILAR,7896006208358,20.24,9.54,10.7,52.9
Proctfis H Pomada 20g + Aplicador - União Química,UNIAO QUIMICA SIMILAR,7896006212584,35.0,24.56,10.440000000000001,29.8
Font D 10.000ui com 8 Comprimidos - União Química,UNIAO QUIMICA SIMILAR,7896006219132,34.56,11.11,23.450000000000003,67.9
Font d 7.000ui c/30 cpr,UNIAO QUIMICA SIMILAR,7896006218500,73.53,20.51,53.019999999999996,72.1
Font d 10.000ui com 4 Comprimidos - União Química,UNIAO QUIMICA SIMILAR,7896006219088,28.75,9.68,19.07,66.3
Font D 5.000ui com 30 Comprimidos - União Química,UNIAO QUIMICA SIMILAR,7896006218487,66.31,17.26,49.05,74.0
"Celestrat 2+0,25mg com 20 Comprimidos - União Química",UNIAO QUIMICA SIMILAR,7896006241003,15.31,14.89,0.41999999999999993,2.7
Betaprospan 5mg+2mg - 1 ampola,UNIAO QUIMICA SIMILAR,7896006248927,23.16,13.81,9.35,40.4
Pondicilina Sabor Laranja com 12 Pastilhas - União Quimica,UNIAO QUIMICA SIMILAR,7896006205678,12.9,7.79,5.11,39.6
Artrinid 50mg com 24 Comprimidos - União Química,UNIAO QUIMICA SIMILAR,7896006210245,49.2,11.34,37.86,77.0
Neotoss Xarope 15mg/ml Adulto com 100ml - Neo Química,NEO QUIMICA SIMILAR,7896714236223,22.64,14.04,8.600000000000001,38.0
"Neosoro Fluid Spray 0,9% com 50ml - Neo Química",NEO QUIMICA SIMILAR,7896714290515,24.94,10.03,14.910000000000002,59.8
Corticorten 20mg - 20 comprimidos,NEO QUIMICA SIMILAR,7896714200699,27.77,10.96,16.81,60.5
Neo fedipina 20mg 30cpr neo qu,NEO QUIMICA SIMILAR,7896714200125,31.49,12.47,19.019999999999996,60.4
Plesonax 5mg com 20 Comprimidos - Neo Química,NEO QUIMICA SIMILAR,7896714215037,8.83,3.51,5.32,60.2
Torsilax com 10 Comprimidos - Neo Química,NEO QUIMICA SIMILAR,7896714257600,13.44,3.77,9.67,71.9
Histamin Creme 10mg com 30g - Neo Química,NEO QUIMICA SIMILAR,7896714226033,19.53,12.89,6.640000000000001,34.0
Colírio Neo Brasil - 20ml,NEO QUIMICA SIMILAR,7896714224459,15.77,10.33,5.4399999999999995,34.5
Neolefrin Xarope com 60ml - Neo Química,NEO QUIMICA SIMILAR,7896714254784,22.16,12.33,9.83,44.4
Dramavit b6 20ml,NEO QUIMICA SIMILAR,7896622304847,16.8,9.23,7.57,45.1
Torsilax c/4 cpr,NEO QUIMICA SIMILAR,7896714257594,5.63,1.78,3.8499999999999996,68.4
Dropy D 1.000ui com 30 Comprimidos - Neo Química,NEO QUIMICA SIMILAR,7896714274188,42.14,7.43,34.71,82.4
Neolefrin Dia com 20 Comprimidos - Neo Química,NEO QUIMICA SIMILAR,7896714273822,16.96,9.52,7.440000000000001,43.9
FLUXON 25MG C/30 COMP,NEO QUIMICA SIMILAR,7896714203515,13.23,11.57,1.6600000000000001,12.5
Mirador Cólica com 20 Comprimidos - Neo Química,NEO QUIMICA SIMILAR,7896714291987,20.65,14.9,5.749999999999998,27.8
Vitamina Neo Química Ômega 3 com 60 Cápsulas - Neo Química,NEO QUIMICA SIMILAR,7896714291239,23.37,15.9,7.470000000000001,32.0
Zitroneo 600mg Suspensão de 15ml  - Neo Química,NEO QUIMICA SIMILAR,7896714220420,36.99,36.99,0.0,0.0
Miorrelax com 20 Comprimidos - Neo Química,NEO QUIMICA SIMILAR,7896714274027,12.35,12.35,0.0,0.0
Melatonina Neo Química com 90 Cápsulas - Neo Química,NEO QUIMICA SIMILAR,7896714290553,22.9,9.99,12.909999999999998,56.4
Vitamina C Neo Quimica com 10 Comprimidos - Neo Química,NEO QUIMICA SIMILAR,7896714291222,12.99,7.9,5.09,39.2
Neo loratadin 10mg c/12 cpr neo,NEO QUIMICA SIMILAR,7896714240206,15.24,4.1,11.14,73.1
Vitaminas Neo Homem c/60 Comprimidos,NEO QUIMICA SIMILAR,7896714273471,30.66,12.6,18.060000000000002,58.9
Vitaminas Neo Senior c/60 Cápsulas,NEO QUIMICA SIMILAR,7896714269887,2.99,2.99,0.0,0.0
Corticorten 5mg c/20 cpr,NEO QUIMICA SIMILAR,7896714200705,15.9,6.38,9.52,59.9
Flavonid 450/50mg c/30 cpds,NEO QUIMICA SIMILAR,7896714203768,93.34,26.46,66.88,71.7
Histamin com 20 Comprimidos - Neo Química,NEO QUIMICA SIMILAR,7896714219301,15.61,6.99,8.62,55.2
Histamin Xarope com 100ml - Neo Quimica,NEO QUIMICA SIMILAR,7896714219318,20.22,14.69,5.529999999999999,27.3
Lidogel gel 30gr com Aplicador - Neo Química,NEO QUIMICA SIMILAR,7896714230160,21.52,10.06,11.459999999999999,53.3
Massageol Aerosol - 120ml,NEO QUIMICA SIMILAR,7896714273006,50.95,19.87,31.080000000000002,61.0
Massageol Pomada - 30g,NEO QUIMICA SIMILAR,7896714230504,23.46,8.99,14.47,61.7
Neosoro H Spray com 60ml - Neo Química,NEO QUIMICA SIMILAR,7896714225296,26.89,16.59,10.3,38.3
Neopiridin com 12 Pastilhas - Neo Química,NEO QUIMICA SIMILAR,7896714283005,14.71,12.47,2.24,15.2
Neopiridin Spray com 50ml - Neo Química,NEO QUIMICA SIMILAR,7896714270029,37.98,16.53,21.449999999999996,56.5
Neo folico 5mg c/20 cpr,NEO QUIMICA SIMILAR,7896714201108,12.38,5.45,6.930000000000001,56.0
Neo Fedipina 10mg com 30 Comprimidos - Neo Química,NEO QUIMICA SIMILAR,7896714200064,27.96,23.51,4.449999999999999,15.9
Neosoro Solução Nasal com 30ml - Neo Química,NEO QUIMICA SIMILAR,7896714231143,10.94,3.99,6.949999999999999,63.5
Neosoro Infantil Solução Nasal com 30ml - Neo Química,NEO QUIMICA SIMILAR,7896714230023,11.34,6.78,4.56,40.2
Neosulida 100mg c/12 cpr,NEO QUIMICA SIMILAR,7896714200361,12.5,2.66,9.84,78.7
Torsilax - 30 Comprimidos,NEO QUIMICA SIMILAR,7896714200804,27.79,10.49,17.299999999999997,62.3
Vertigium 10mg 50 cpds,NEO QUIMICA SIMILAR,7896714203782,19.8,12.49,7.3100000000000005,36.9
Doralgina com 20 Drágeas - Neo Química,NEO QUIMICA SIMILAR,7896714210018,23.81,7.49,16.32,68.5
Flavonid 450mg + 50mg - 60 comprimidos,NEO QUIMICA SIMILAR,7896714221847,169.23,51.9,117.32999999999998,69.3
Tensaliv 5mg com 30 Comprimidos - Neo Química,NEO QUIMICA SIMILAR,7896714234212,31.8,2.65,29.150000000000002,91.7
Neocoflan Aerosol com 85ml - Neo Química,NEO QUIMICA SIMILAR,7896714221083,46.79,17.2,29.59,63.2
Miorrelax com 30 Comprimidos - Neo Química,NEO QUIMICA SIMILAR,7896714273525,13.49,10.82,2.67,19.8
Neo Fresh Solução de Uso Oftálmico - 15ml,NEO QUIMICA SIMILAR,7896714224053,35.37,30.96,4.409999999999997,12.5
Miorrelax com 10 Comprimidos - Neo Química,NEO QUIMICA SIMILAR,7896714273532,5.49,3.24,2.25,41.0
Doralgina 4 drágeas - Neo Química,NEO QUIMICA SIMILAR,7896714269917,28.5,9.49,19.009999999999998,66.7
"Neodia 1,5mg com1 Comprimido - Neo Química",NEO QUIMICA SIMILAR,7896714213446,17.6,4.9,12.700000000000001,72.2
Senareti 9mg Geléia 250g,NEO QUIMICA SIMILAR,7896622304106,91.56,85.13,6.430000000000007,7.0
Neolefrin Noite com 20 Comprimidos - Neo Química,NEO QUIMICA SIMILAR,7896714265933,15.29,9.88,5.409999999999998,35.4
Senareti Geleia - 150g,NEO QUIMICA SIMILAR,7896622304090,63.83,51.13,12.699999999999996,19.9
Dropy d 7.000ui com 10 Comprimidos - Neo Química,NEO QUIMICA SIMILAR,7896714274201,42.17,7.76,34.410000000000004,81.6
Dropy D 50.000ui com 8 Comprimidos - Neo Química,NEO QUIMICA SIMILAR,7896714274225,119.31,19.6,99.71000000000001,83.6
Dropy d 50.000ui c/4 cpr,NEO QUIMICA SIMILAR,7896714274218,84.83,15.53,69.3,81.7
Dropy d 7.000ui com 4 Comprimidos - Neo Química,NEO QUIMICA SIMILAR,7896714274195,26.11,5.49,20.619999999999997,79.0
Rifamicina Spray 20ml - Legrand Genérico,LEGRAND GENERICO,7894916140478,21.65,17.77,3.879999999999999,17.9
Amoxicilina + Clavulanato de Potássio 875mg com 14 Comprimidos - Legrand Genérico,LEGRAND GENERICO,7894916341301,145.03,66.86,78.17,53.9
Lorazepam 2mg com 30 Comprimidos - Legrand Genérico,LEGRAND GENERICO,7894916341288,23.81,4.68,19.13,80.3
Cetoprofeno 150mg com 10 Comprimidos - Legrand Genérico,LEGRAND GENERICO,7894916149136,44.13,10.24,33.89,76.8
Ciclopirox Olamina Solução de Uso Dermatológico 15ml - Legrand Genérico,LEGRAND GENERICO,7894916145695,28.75,12.64,16.11,56.0
Dipirona Monoidratada 100ml - Legrand,LEGRAND GENERICO,7894916143448,31.59,12.26,19.33,61.2
Tadalafila 20mg com 2 Comprimidos - Legrand Genérico,LEGRAND GENERICO,7894916149792,40.85,2.84,38.010000000000005,93.0
Alprazolam 1mg com 30 Comprimidos - Legrand Genérico,LEGRAND GENERICO,7894916149167,26.53,3.37,23.16,87.3
Alprazolam 2mg com 30 Comprimidos - Legrand Genérico,LEGRAND GENERICO,7894916149143,68.9,8.23,60.67,88.1
Dermobene Creme - 20g,LEGRAND GENERICO,7896004810225,20.46,7.96,12.5,61.1
Repoflor - 4 envelopes,LEGRAND GENERICO,7896004715230,36.15,18.02,18.13,50.2
Repoflor 200mg - 6 cápsulas,LEGRAND GENERICO,7896004720838,45.19,24.72,20.47,45.3
Natus Gerin - 30 cápsulas,LEGRAND GENERICO,7896004718132,64.22,25.68,38.54,60.0
Previane com 3 x 21 Comprimidos - Legrand Genérico,LEGRAND GENERICO,7896004818993,88.09,29.85,58.24,66.1
Oxalato de escitalopram 10mg com 30 Comprimidos - Legrand Genérico,LEGRAND GENERICO,7894916146487,57.98,7.79,50.19,86.6
Cloridrato de Bupropiona 150mg com 30 Comprimidos - Legrand Genérico,LEGRAND GENERICO,7894916146678,109.3,24.72,84.58,77.4
Mesalazina 800mg com 30  Comprimidos - Legrand Genérico,LEGRAND GENERICO,7894916142427,129.53,61.96,67.57,52.2
Cloridrato de Hidroxizina 25mg com 30 Comprimidos - Legrand Genérico,LEGRAND GENERICO,7894916146111,50.03,29.25,20.78,41.5
Cloridrato de Duloxetina 30mg com 30 Cápsulas - Legrand Genérico,LEGRAND GENERICO,7894916148016,131.98,47.12,84.85999999999999,64.3
Cloridrato de Duloxetina 60mg com 30 Cápsulas - Legrand Genérico,LEGRAND GENERICO,7894916148023,264.03,86.44,177.58999999999997,67.3
Rosuvastatina Cálcica 10mg com 30 comprimidos - Legrand,LEGRAND GENERICO,7894916146104,108.89,6.11,102.78,94.4
Atorvastatina Cálcica 20mg com 30 Comprimidos - Legrand Genérico,LEGRAND GENERICO,7894916146067,66.83,10.51,56.32,84.3
"Drospirenona + Etinilestradiol 3mg + 0,03mg com 21 Comprimidos - Legrand Genérico",LEGRAND GENERICO,7894916147118,48.01,15.52,32.489999999999995,67.7
Desloratadina 5mg com 10 Comprimidos - Legrand Genérico,LEGRAND GENERICO,7894916145459,49.61,7.18,42.43,85.5
Atenolol + Clortalidona 100/25mg com 30 Comprimidos - Legrand Genérico,LEGRAND GENERICO,7894916144681,55.49,19.62,35.870000000000005,64.6
"Meloxicam 7,5mg com 10 Comprimidos - Legrand Genérico",LEGRAND GENERICO,7894916140690,22.33,3.87,18.459999999999997,82.7
Fenofibrato 200mg com 30 Comprimidos - Legrand Genérico,LEGRAND GENERICO,7894916145015,103.35,60.56,42.78999999999999,41.4
Domperidona 10mg com 30 Comprimidos - Legrand Genérico,LEGRAND GENERICO,7894916145114,19.78,6.01,13.770000000000001,69.6
Atenolol 100mg com 30 Comprimidos - Legrand Genérico,LEGRAND GENERICO,7894916144223,40.89,7.2,33.69,82.4
Lansoprazol 30mg com 28 Comprimidos - Legrand Genérico,LEGRAND GENERICO,7894916140829,92.06,18.13,73.93,80.3
Losartana Potássica 100mg com 30 Comprimidos  - Legrand Genérico,LEGRAND GENERICO,7894916145152,81.32,17.04,64.28,79.0
Acetato De Clormadinona + Etinilestradiol com 21 Comprimidos - Legrand Genérico,LEGRAND GENERICO,7894916342704,35.96,9.29,26.67,74.2
Paracetamol Gotas 15ml - Legrand Genérico,LEGRAND GENERICO,7894916142311,10.81,5.36,5.45,50.4
Cloridrat de Bupropiona 150mg com 60 Comprimidos - Legrand Genérico,LEGRAND GENERICO,7894916146685,200.52,39.33,161.19,80.4
Maleato de Trimebutina 200mg com 60 Comprimidos - Legrand Genérico,LEGRAND GENERICO,7894916148733,122.89,66.67,56.22,45.7
Acetilcisteína Xarope Adulto 120ml - Legrand,LEGRAND GENERICO,7894916142656,44.13,14.54,29.590000000000003,67.1
Bismu-Jet Gotas - 20ml,LEGRAND GENERICO,7896004810140,35.43,16.81,18.62,52.6
Expec Xarope com 120ml - Legrand Genérico,LEGRAND GENERICO,7896004812168,42.22,25.16,17.06,40.4
Expectamin Xarope Frasco com 100ml - Legrand Genérico,LEGRAND GENERICO,7896004731674,28.78,22.43,6.350000000000001,22.1
Previane com 21 Comprimidos - Legrand,LEGRAND GENERICO,7896004707846,37.1,15.16,21.94,59.1
Repoflor - 12 cápsulas,LEGRAND GENERICO,7896004715247,49.34,24.5,24.840000000000003,50.3
Repopil 1bl x 21 drag,LEGRAND GENERICO,7896004703954,23.75,11.69,12.06,50.8
Repopil 3bl x 21 Drágeas - Legrand Genérico,LEGRAND GENERICO,7896004734026,67.84,26.08,41.760000000000005,61.6
Rosuvastatina Cálcica 20mg com 30 Comprimidos - Legrand Genérico,LEGRAND GENERICO,7894916146012,189.98,10.49,179.48999999999998,94.5
Atorvastatina Cálcica 10mg com 30 Comprimidos - Legrand Genérico,LEGRAND GENERICO,7894916146050,66.54,8.89,57.650000000000006,86.6
Clonazepam 2mg com 30 Comprimidos - Legrand Genérico,LEGRAND GENERICO,7894916144674,18.62,3.87,14.75,79.2
Succinato de Desvelafaxina 100mg com 30 Comprimidos - Legrand Genérico,LEGRAND GENERICO,7894916148917,135.87,41.86,94.01,69.2
"Alprazolam 0,5mg com 30 Comprimidos - Legrand Genérico",LEGRAND GENERICO,7894916149150,13.66,3.53,10.13,74.2
Cloridrato de Sibutramina 15mg com 30 Cápsulas - Legrand Genérico,LEGRAND GENERICO,7894916144469,85.44,17.86,67.58,79.1
Albendazol 40mg Suspensão de Uso Oral 10 ml - Legrand Genérico,LEGRAND GENERICO,7894916143264,10.33,4.34,5.99,58.0
Acido Mefenâmico 500mg com 24 Comprimidos - Legrand Genérico,LEGRAND GENERICO,7894916144261,24.76,9.77,14.990000000000002,60.5
Gliclazida 60mg com 60 Comprimidos - Legrand Genérico,LEGRAND GENERICO,7894916340458,97.99,49.7,48.28999999999999,49.3
Prednisolona 20mg com 10 Comprimidos - Legrand Genérico,LEGRAND GENERICO,7894916146852,19.67,9.22,10.450000000000001,53.1
Óleo Essencial de Limão Siciliano,ZANPHY,0796554919416,49.99,49.99,0.0,0.0
Óleo Essencial de Cravo Folha,ZANPHY,725765313768,39.99,39.99,0.0,0.0
Óleo Essencial de Citronela,ZANPHY,725765313775,39.99,39.99,0.0,0.0
Floral No Controle - 30ml,ZANPHY,0745125000381,29.99,29.99,0.0,0.0
Floral Tô Relax - 30ml,ZANPHY,745125000411,29.99,29.99,0.0,0.0
Floral Pensamento Positivo - 30ml,ZANPHY,0745125000534,29.99,29.99,0.0,0.0
Óleo Essencial - Mandarina Verde,ZANPHY,764460083668,49.99,49.99,0.0,0.0
Óleo Essencial - Funcho Doce,ZANPHY,764460083644,49.99,49.99,0.0,0.0
Óleo Essencial - Gerânio,ZANPHY,764460083651,64.49,64.49,0.0,0.0
Óleo Essencial - Bergamota,ZANPHY,764460083637,39.99,39.99,0.0,0.0
Óleo Essencial - Patchouli,ZANPHY,764460083675,49.99,49.99,0.0,0.0
Oleo Essencial Blend Baby Soneca - Florata,ZANPHY,0764460083521,39.99,39.99,0.0,0.0
Óleo Essencial - Laranja Doce,ZANPHY,745240344957,39.99,39.99,0.0,0.0
Óleo Essencial - Alecrim,ZANPHY,725765313706,39.99,39.99,0.0,0.0
Óleo Essencial - Melaleuca,ZANPHY,745178200769,39.99,39.99,0.0,0.0
Óleo Essencial - Eucalipto,ZANPHY,745178200752,39.99,39.99,0.0,0.0
Óleo Essencial Hortelã e Pimenta - Florata,ZANPHY,745178200745,49.99,49.99,0.0,0.0
Óleo Essencial - Lavanda,ZANPHY,745178200738,49.99,49.99,0.0,0.0
Floral Kids - Hiperatividade,ZANPHY,0745125000473,29.99,29.99,0.0,0.0
Floral Kids - Pesadelo e Sono,ZANPHY,0745125000480,29.99,29.99,0.0,0.0
Floral Kids - Teimosia,ZANPHY,0745125000497,29.99,29.99,0.0,0.0
Composto maxbella c/60 caps,ZANPHY,745114855794,14.99,14.99,0.0,0.0
Floral - Ansiedade,ZANPHY,745125000312,29.99,29.99,0.0,0.0
Floral Pet - Ansiedade,ZANPHY,745178200813,29.99,29.99,0.0,0.0
Floral - Adolescência e Estudos,ZANPHY,0745125000305,29.99,29.99,0.0,0.0
Floral - Tensão e Stress,ZANPHY,0745125000589,29.99,29.99,0.0,0.0
Floral Kids - Adaptação Escolar,ZANPHY,0745125000435,24.99,24.99,0.0,0.0
Floral Pet - Medos e Traumas,ZANPHY,745178200851,29.99,29.99,0.0,0.0
Floral - Menopausa e Tpm,ZANPHY,0745125000510,29.99,29.99,0.0,0.0
Floral - Baixa Imunidade,ZANPHY,0745125000336,29.99,29.99,0.0,0.0
Floral Kids - Ansiedade,ZANPHY,0745125000442,29.99,29.99,0.0,0.0
Floral - Reparação do Sono,ZANPHY,745178200868,29.99,29.99,0.0,0.0
Floral Pet - Agressividade,ZANPHY,745178200806,29.99,29.99,0.0,0.0
Floral - Estímulo da Líbido,ZANPHY,0745125000398,29.99,29.99,0.0,0.0
Floral Pet - Adaptação e Transição,ZANPHY,745178200790,29.99,29.99,0.0,0.0
Floral Pet - Desobediência,ZANPHY,745178200844,29.99,29.99,0.0,0.0
Floral - Cansaço Físico e Mental,ZANPHY,0745125000343,29.99,29.99,0.0,0.0
Floral - Desânimo e Tristeza,ZANPHY,0745125000374,29.99,29.99,0.0,0.0
Floral - Parar de Fumar,ZANPHY,0745125000527,29.99,29.99,0.0,0.0
Floral - Redução de Peso,ZANPHY,0745125000541,29.99,29.99,0.0,0.0
Floral Pet - Carência e Abandono,ZANPHY,745178200820,29.99,29.99,0.0,0.0
Floral Pet - Automutilação,ZANPHY,745178200783,29.99,29.99,0.0,0.0
Floral - Vícios,ZANPHY,0745125000596,29.99,29.99,0.0,0.0
Floral - Falta de Memória,ZANPHY,0745125000404,29.99,29.99,0.0,0.0
Floral Pet - Stress,ZANPHY,745178200875,29.99,29.99,0.0,0.0
Floral Kids - Choro,ZANPHY,0745125000459,29.99,29.99,0.0,0.0
Floral - Resgate SOS,ZANPHY,0745125000565,29.99,29.99,0.0,0.0
Floral - Depressão,ZANPHY,0745125000367,29.99,29.99,0.0,0.0
Floral Pet - Coprofagia,ZANPHY,745178200837,29.99,29.99,0.0,0.0
Floral - Insegurança e Indecisão,ZANPHY,0745125000428,29.99,29.99,0.0,0.0
Trivagel N Creme 60g - Marjan,MARJAN,7896226102504,95.55,73.55,22.0,23.0
Pasalix com 20 Comprimidos - Marjan,MARJAN,7896226109688,58.19,49.46,8.729999999999997,15.0
Calde Max 60 2.000UI com 60 Comprimidos - Marjan,MARJAN,7896226110158,154.9,154.9,0.0,0.0
Pasalix PI 1000mg com 20 Comprimidos - Marjan,MARJAN,7896226109909,99.99,84.99,15.0,15.0
Vitergan Master N - 30 Cápsulas,MARJAN,7896226100067,95.99,86.2,9.789999999999992,10.2
Colaten Plenne com 30 Sachês - Marjan,MARJAN,7896226109718,170.34,163.42,6.920000000000016,4.1
Caldê Max 2000 UI - 30 Comprimidos,MARJAN,7896226109930,154.9,154.9,0.0,0.0
"Vecasten 26,70mg com 60 Comprimidos - Marjan",MARJAN,7896226109459,249.87,198.69,51.18000000000001,20.5
Aplause 20mg com 60 Comprimidos - Marjan,MARJAN,7896226109855,226.57,192.58,33.98999999999998,15.0
Dozemast Sublingual 1000mcg com 60 Comprimidos - Marjan,MARJAN,7896226108933,197.98,151.38,46.599999999999994,23.5
Caldê Mdk 1.000Ui com 30 Comprimidos - Marjan,MARJAN,7896226109541,81.9,74.56,7.340000000000003,9.0
Caldê Mdk 2.000UI - 30 Comprimidos,MARJAN,7896226109565,86.4,83.38,3.0200000000000102,3.5
Dozemast Sublingual 1000mcg com 90 Comprimidos - Marjan,MARJAN,7896226109640,256.2,195.2,61.0,23.8
Vitergan Zinco Plus com 60 Comprimidos - Marjan,MARJAN,7896226109350,198.87,169.04,29.830000000000013,15.0
Vitergan Zinco com 60 Comprimidos - Marjan,MARJAN,7896226109336,165.14,140.37,24.769999999999982,15.0
Caldê Mdk 1000ui - 60 Comprimidos,MARJAN,7896226109558,131.99,123.96,8.030000000000015,6.1
Magnen Femme com 30 Comprimidos - Marjan,MARJAN,7896226109626,99.99,97.47,2.519999999999996,2.5
Pasalix PI 500mg com 60 Comprimidos - Marjan,MARJAN,7896226109534,138.57,117.78,20.789999999999992,15.0
Pasalix - 60 comprimidos,MARJAN,7896226109527,144.35,122.7,21.64999999999999,15.0
Aplause 20mg com 30 Comprimidos - Marjan,MARJAN,7896226109824,139.44,118.52,20.92,15.0
Caldê1500mg + 400UI com 60 Comprimidos - Marjan,MARJAN,7896226109305,99.9,96.92,2.980000000000004,3.0
Endofolin 5mg com 30 Comprimidos - Marjan,MARJAN,7896226101873,47.01,39.96,7.049999999999997,15.0
Magnen B6 - 30 comprimidos,MARJAN,7896226102955,121.25,103.06,18.189999999999998,15.0
Pasalix - 20 comprimidos,MARJAN,7896226102818,55.62,47.28,8.339999999999996,15.0
Takil Creme Vaginal 35g - Marjan,MARJAN,7896226102351,101.97,86.67,15.299999999999997,15.0
Tenag - 20 comprimidos,MARJAN,7896226102429,113.13,91.04,22.08999999999999,19.5
Vicog com 30 Comprimidos - Marjan,MARJAN,7896226102542,34.4,26.56,7.84,22.8
Vitergan Zinco com 30 Comprimidos - Marjan,MARJAN,7896226102603,102.69,87.29,15.399999999999991,15.0
Vitergan Zinco Plus com 30 Comprimidos - Marjan,MARJAN,7896226102801,118.14,100.42,17.72,15.0
Caldê Mag - 60 Comprimidos,MARJAN,7896226105147,107.99,107.99,0.0,0.0
Vecasten com 30 Comprimidos - Marjan,MARJAN,7896226109435,138.83,107.77,31.060000000000016,22.4
Monaless 600mg com 60 Comprimidos - Marjan,MARJAN,7896226102092,163.21,138.73,24.480000000000018,15.0
Suplemento Vitamínico BariVit - 60 comprimidos,MARJAN,7896226105192,124.9,124.38,0.5200000000000102,0.4
ZincoPro com 6 Cápsulas  - Marjan,MARJAN,7896226108568,46.99,42.4,4.590000000000003,9.8
Normaten Fit - 10 sachês,MARJAN,7896226105246,62.9,58.61,4.289999999999999,6.8
Caldê K2 com 30 Comprimidos - Marjan,MARJAN,7896226105208,104.9,104.9,0.0,0.0
Permear 300mg com 20 Comprimidos - Marjan,MARJAN,7896226103020,164.5,123.32,41.18000000000001,25.0
Permear 300mg com 30 Comprimidos - Marjan,MARJAN,7896226103037,237.64,182.64,55.0,23.1
Barivit Sabor Laranja - 60 Comprimidos,MARJAN,7896226105291,124.9,123.2,1.7000000000000028,1.4
Caldê Km - 30 Comprimidos,MARJAN,7896226108735,104.9,104.9,0.0,0.0
Pasalix PI 500mg com 20 Comprimidos - Marjan,MARJAN,7896226100364,60.53,51.45,9.079999999999998,15.0
Vecasten Gel - 150g,MARJAN,7896226109053,79.9,77.57,2.3300000000000125,2.9
ZincoPro com 30 Cápsulas - Marjan,MARJAN,7896226109237,122.99,120.23,2.759999999999991,2.2
Pasalix - 30 comprimidos,MARJAN,7896226109695,71.24,60.55,10.689999999999998,15.0
Vicog com 90 Comprimidos - Marjan,MARJAN,7896226109275,94.18,72.77,21.41000000000001,22.7
Pasalix PI 500mg com 30 Comprimidos - Marjan,MARJAN,7896226100371,71.56,60.83,10.730000000000004,15.0
ZincoPro com 15 Cápsulas - Marjan,MARJAN,7896226109251,59.9,59.9,0.0,0.0
Gel Hidratante Intravaginal Relactagel 35g + 7 Aplicadores,MARJAN,7896226109282,68.9,67.38,1.5200000000000102,2.2
Vitersol Dk2 - 30 Comprimidos,MARJAN,7896226109312,69.9,69.9,0.0,0.0
Magnen B6 com 60 Comprimidos - Marjan,MARJAN,7896226109503,216.66,169.34,47.31999999999999,21.8
Dozemast Sublingual 1000mcg com 30 Comprimidos - Marjan,MARJAN,7896226108926,103.89,78.93,24.959999999999994,24.0
Caldê Mdk 2.000UI - 60 Comprimidos,MARJAN,7896226109572,134.9,127.81,7.090000000000003,5.3
"Cataflampro Emulgel 11,6mg com 150g - GSK",GSK OTC,7896261018310,79.9,75.11,4.790000000000006,6.0
"Eno Probiótico 1,5g com 30 Cápsulas - GSK",GSK OTC,7896009498800,71.89,71.89,0.0,0.0
"Eno Probiótico 1,5g com 10 Cápsulas - GSK",GSK OTC,7896009498817,59.9,41.74,18.159999999999997,30.3
"Advipro Aerosol 11,6mg com 60g/85ml - GSK",GSK OTC,7896009498251,52.91,10.9,42.01,79.4
"Advipro Gel 11,6mg com 30g - GSK",GSK OTC,7896009498244,28.91,8.9,20.009999999999998,69.2
Centrum Essentials Homem com  60 Comprimidos - GSK,GSK OTC,7896009498626,129.9,124.62,5.280000000000001,4.1
Sal de Fruta Eno Sabor Tônica com 100g - GSK,GSK OTC,7896015593216,28.91,24.57,4.34,15.0
Sal de Fruta Eno Sabor Tônica com 2 Envelopes de 5g Cada - GSK,GSK OTC,7896015593230,4.6,3.91,0.6899999999999995,15.0
Advil Mulher 400mg com 10 Cápsulas - GSK,GSK OTC,7896009498480,31.8,27.98,3.8200000000000003,12.0
Sal de Andrews Efervescente em Sachê de 5g - GSK,GSK OTC,7896015592356,1.79,1.52,0.27,15.1
Advil 12h 600mg com 6 Comprimidos - GSK,GSK OTC,7896015592752,24.98,21.98,3.0,12.0
Centrum Essentials Mulher com 60 Comprimidos - GSK,GSK OTC,7896009498640,129.9,126.58,3.3200000000000074,2.6
Sal de Fruta Eno Sabor Menta com 4 Pastilhas - GSK,GSK OTC,7896015592653,4.99,4.84,0.15000000000000036,3.0
Sal de Fruta Eno Sabor Menta com 8 Pastilhas - GSK,GSK OTC,7896015592660,9.49,9.49,0.0,0.0
Caltrate 600 + D - 60 comprimidos,GSK OTC,7896009498534,107.9,98.78,9.120000000000005,8.5
Cataflampro Emulgel com 30g - GSK,GSK OTC,7896261014244,28.91,27.18,1.7300000000000004,6.0
Cataflampro Emulgel com 60g - GSK,GSK OTC,7896261014268,49.91,43.92,5.989999999999995,12.0
Cataflampro Aerosol com 60g - GSK,GSK OTC,7896261005723,52.91,46.56,6.349999999999994,12.0
Centrum de A a Z com 30 Comprimidos -  GSK,GSK OTC,7896009498121,58.9,58.24,0.6599999999999966,1.1
Centrum de A a Z com 60 Comprimidos - GSK,GSK OTC,7896009498138,104.99,104.99,0.0,0.0
Emulsão Scott Sabor Tradicional - 400ml,GSK OTC,7896015590987,34.9,34.06,0.8399999999999963,2.4
Emulsão Scott Sabor Laranja com 200ml - GSK,GSK OTC,7896015590932,24.9,24.9,0.0,0.0
Emulsão Scott Sabor Morango - 400ml,GSK OTC,7896015590963,34.9,34.9,0.0,0.0
Emulsão Scott Sabor Laranja com 400ml - GSK,GSK OTC,7896015590949,34.9,34.9,0.0,0.0
Sal de Fruta Eno Sabor Limão em 2 Envelopes de 5g cada - GSK,GSK OTC,7896015518486,4.6,3.91,0.6899999999999995,15.0
Sal de Fruta Eno Sabor Tradicional com 2 Envelopes de 5g cada - GSK,GSK OTC,7896015560027,4.6,3.91,0.6899999999999995,15.0
Sal de Fruta Eno Sabor Laranja com 2 Envelopes de 5g cada - GSK,GSK OTC,7896015560034,4.6,3.91,0.6899999999999995,15.0
Sal de Fruta Eno Sabor Laranja com 100g - GSK,GSK OTC,7896015560331,28.91,24.57,4.34,15.0
Sal de Fruta Eno Sabor Guaraná com 2 Envelopes de 5g cada - GSK,GSK OTC,7896015517014,4.6,3.91,0.6899999999999995,15.0
Sal de Fruta Eno Sabor Limão - 100g,GSK OTC,7896015518370,28.91,24.57,4.34,15.0
Sal de Fruta Eno Sabor Tradicional com 100g - GSK,GSK OTC,7896015560300,28.91,24.57,4.34,15.0
Sal de Fruta Eno Sabor Guaraná com 100g -  GSK,GSK OTC,7896015517045,28.91,24.57,4.34,15.0
Sonrisal Tradicional com 2 Comprimidos Efervescentes - GSK,GSK OTC,7896015520533,2.93,2.93,0.0,0.0
Sonrisal Sabor Limão com 2 Comprimidos Efervescentes - GSK,GSK OTC,7896015525231,2.93,2.49,0.43999999999999995,15.0
Sonridor Caf com 2 Comprimidos Efervescentes - GSK,GSK OTC,7896015517106,9.19,7.81,1.38,15.0
Sonridor Envelope com 2 Comprimidos Efervescentes - GSK,GSK OTC,7896015500016,7.9,6.72,1.1800000000000006,14.9
Sal de Fruta Eno Sabor Abacaxi com 2 Envelopes de 5g cada - GSK,GSK OTC,7896015521684,4.6,3.91,0.6899999999999995,15.0
Sal de Fruta Eno Sabor Abacaxi com 100g - GSK,GSK OTC,7896015521622,28.91,24.57,4.34,15.0
Corega tabs eferv c/6 cpds,GSK OTC,7896015523848,7.19,7.19,0.0,0.0
Advil 400mg com 8 Cápsulas - GSK,GSK OTC,7896009498442,25.42,22.37,3.0500000000000007,12.0
Cataflampro XT Emulgel com100g - GSK,GSK OTC,7896261019348,84.89,74.7,10.189999999999998,12.0
Centrum Essentials Mulher com 30 Comprimidos - GSK,GSK OTC,7896009498657,64.9,64.9,0.0,0.0
Centrum Essentials Homem com 30 Comprimidos - GSK,GSK OTC,7896009498633,64.9,64.9,0.0,0.0
Centrum de A a Z com 150 Comprimidos - GSK,GSK OTC,7896009498114,199.9,191.86,8.039999999999992,4.0
Eno Tabs Sabor Frutas Sortidas com 48 Pastilhas - GSK,GSK OTC,7896009498732,39.9,33.92,5.979999999999997,15.0
Centrum Select Homem com 150 Comprimidos - GSK,GSK OTC,7896009498169,279.9,274.47,5.42999999999995,1.9
Centrum Select Mulher com 60 Comprimidos - GSK,GSK OTC,7896009498213,159.9,156.32,3.5800000000000125,2.2
Advil 400mg com 20 Comprimidos - GSK,GSK OTC,7896009498459,51.49,45.31,6.18,12.0
Centrum Select Homem com 30 Comprimidos - GSK,GSK OTC,7896009498176,89.9,89.9,0.0,0.0
Centrum Select Homem com 60 Comprimidos - GSK,GSK OTC,7896009498183,159.9,156.18,3.719999999999999,2.3
Emulsão Scott Sabor Tradicional - 200ml,GSK OTC,7896015590970,24.9,24.56,0.33999999999999986,1.4
Advil 400mg com 3 Cápsulas - GSK,GSK OTC,7896009498404,9.9,8.42,1.4800000000000004,14.9
Foraseq 12 + 200mcg com 120 Cápsulas Refil - Novartis,NOVARTIS RX,7896261015487,160.11,136.09,24.02000000000001,15.0
Apresolina 50mg com 60 Drágeas - Novartis,NOVARTIS RX,7896261018488,40.77,32.59,8.18,20.1
Apresolina 25mg com 60 Drágeas - Novartis,NOVARTIS RX,7896261022287,30.5,24.43,6.07,19.9
Apresolina 50mg com 20 Drágeas - Novartis,NOVARTIS RX,7896261000223,13.58,11.06,2.5199999999999996,18.6
Apresolina 25mg com 20 Drágeas - Novartis,NOVARTIS RX,7896261018181,10.15,8.04,2.110000000000001,20.8
Cataflam 50mg com 20 Drágeas - Novartis,NOVARTIS RX,7896261013483,53.51,47.09,6.419999999999995,12.0
Cataflam D 50mg com 20 Comprimidos - Novartis,NOVARTIS RX,7896261000445,52.59,46.28,6.310000000000002,12.0
Diovan Amlo Fix 160/10 com 28 Comprimidos - Novartis,NOVARTIS RX,7896261012523,202.89,172.46,30.42999999999998,15.0
Diovan 320mg com 28 Comprimidos - Novartis,NOVARTIS RX,7896261009554,137.68,117.03,20.650000000000006,15.0
"Diovan HCT 80/12,5 mg com 28 Comprimidos - Novartis",NOVARTIS RX,7896261001145,149.58,127.14,22.440000000000012,15.0
"Diovan HCT 160/12,5mg com 28 Comprimidos - Novartis",NOVARTIS RX,7896261004900,149.58,127.14,22.440000000000012,15.0
Diovan 160mg com 28 Cápsulas - Novartis,NOVARTIS RX,7896261005884,143.86,122.28,21.580000000000013,15.0
Diovan Amlo Fix 160/5mg com 28 Comprimidos - Novartis,NOVARTIS RX,7896261012486,171.87,146.09,25.78,15.0
Diovan HCT 160/25mg com 28 Comprimidos - Novartis,NOVARTIS RX,7896261008076,172.04,146.23,25.810000000000002,15.0
Diovan 80mg com 28 Cápsulas - Novartis,NOVARTIS RX,7896261005860,143.86,122.28,21.580000000000013,15.0
Diovan Amlo Fix 320/5mg com 28 Comprimidos - Novartis,NOVARTIS RX,7896261012561,171.87,146.09,25.78,15.0
Diovan Amlo Fix 320/10 com 28 Comprimidos - Novartis,NOVARTIS RX,7896261012608,202.89,172.46,30.42999999999998,15.0
Flotac 70mg com 10 Cápsulas - Novartis,NOVARTIS RX,7896261003996,35.64,31.36,4.280000000000001,12.0
Miflonide 400mcg 60 Cápsulas +1 Inalador - Novartis,NOVARTIS RX,7896261020573,100.14,85.12,15.019999999999996,15.0
Ritalina la 10mg com 30 Cápsulas - Novartis,NOVARTIS RX,7896261017177,136.95,116.41,20.539999999999992,15.0
Ritalina LA 40mg com 30 Cápsulas - Novartis,NOVARTIS RX,7896261006874,402.48,342.11,60.370000000000005,15.0
Ritalina LA 30mg com 30 Cápsulas - Novartis,NOVARTIS RX,7896261006867,383.37,325.86,57.50999999999999,15.0
Ritalina LA 20mg com 30 Cápsulas - Novartis,NOVARTIS RX,7896261006850,365.11,310.34,54.77000000000004,15.0
Tegretol CR 200mg com 60 Comprimidos - Novartis,NOVARTIS RX,7896261005198,89.22,75.84,13.379999999999995,15.0
Tegretol 200mg com 20 Comprimidos -  Novartis,NOVARTIS RX,7896261000094,32.78,25.04,7.740000000000002,23.6
Tegretol CR 400mg com 20 Comprimidos - Novartis,NOVARTIS RX,7896261000124,74.9,63.67,11.230000000000004,15.0
Tegretol Xarope 100ml - Novartis,NOVARTIS RX,7896261000742,35.56,26.39,9.170000000000002,25.8
Tegretol 200mg com 60 Comprimidos - Novartis,NOVARTIS RX,7896261005181,93.23,75.03,18.200000000000003,19.5
Tegretol CR 400mg com 60 Comprimidos - Novartis,NOVARTIS RX,7896261005747,224.74,191.03,33.71000000000001,15.0
Trileptal 300mg com 20 Comprimidos - Novartis,NOVARTIS RX,7896261000834,80.02,68.02,12.0,15.0
Trileptal 300mg com 60 Comprimidos - Novartis,NOVARTIS RX,7896261005372,230.41,195.85,34.56,15.0
Trileptal Suspensão Oral 100ml - Novartis,NOVARTIS RX,7896261011106,91.16,77.49,13.670000000000002,15.0
Voltaren 50mg com 20 Comprimidos - Novartis,NOVARTIS RX,7896261021051,54.0,47.52,6.479999999999997,12.0
Voltaren Retard 100mg com 10 Comprimidos - Novartis,NOVARTIS RX,7896261000261,52.2,45.94,6.260000000000005,12.0
Voltaren Injetável 75mg 5 x 3ml - Novartis,NOVARTIS RX,7896261000797,26.83,23.61,3.219999999999999,12.0
Voltaren SR 75mg com 20 Comprimidos - Novartis,NOVARTIS RX,7896261000025,59.54,52.4,7.140000000000001,12.0
Onbrize 150mcg com 30 Cápsulas com Pó + 1 Inalador - Novartis,NOVARTIS RX,7896261016385,193.17,164.19,28.97999999999999,15.0
Trileptal 600mg com 60 Comprimidos - Novartis,NOVARTIS RX,7896261006898,461.97,392.67,69.30000000000001,15.0
Ritalina 10mg com 60 Comprimidos - Novartis,NOVARTIS RX,7896261017306,107.33,92.35,14.980000000000004,14.0
Diovan Amlo fix 80/5mg com 28 Comprimidos - Novartis,NOVARTIS RX,7896261012448,171.87,146.09,25.78,15.0
Cataflam 50mg com 10 Drágeas - Novartis,NOVARTIS RX,7896261013490,26.67,25.07,1.6000000000000014,6.0
Diovan HCT 320 + 25mg com 28 Comprimidos Revestidos - Novartis,NOVARTIS RX,7896261012356,164.65,139.95,24.700000000000017,15.0
Ritalina 10mg com 30 Comprimidos - Novartis,NOVARTIS RX,7896261018754,53.71,45.34,8.369999999999997,15.6
Seebri 50mcg com 30 Cápsulas - Novartis,NOVARTIS RX,7896261020184,295.52,236.36,59.15999999999997,20.0
Ultibro 110/50mcg com 30 Cápsulas + Inalador - Novartis,NOVARTIS RX,7896261018860,374.09,317.98,56.10999999999996,15.0
Entresto 24-26mg com 28 Comprimidos - Novartis,NOVARTIS RX,7896261020269,192.55,163.67,28.880000000000024,15.0
Simbrinza 8ml - Novartis,NOVARTIS RX,7896548199572,161.36,128.95,32.410000000000025,20.1
Entresto 49-51mg com 60 Comprimidos - Novartis,NOVARTIS RX,7896261020306,431.2,366.52,64.68,15.0
Entresto 97-103mg com 60 Comprimidos - Novartis,NOVARTIS RX,7896261020313,431.2,366.52,64.68,15.0
Simbrinza 5ml - Novartis,NOVARTIS RX,7896548199565,97.64,82.29,15.349999999999994,15.7
Azitromicina 500mg com 5 Comprimidos - Geolab,GEOLAB GENERICO,7899095202467,24.1,9.31,14.790000000000001,61.4
Tobramicina Colírio 5ml - Geolab Genérico,GEOLAB GENERICO,7899095230330,21.46,8.17,13.290000000000001,61.9
Levofloxacino 500mg com 10 Comprimidos - Geolab Genérico,GEOLAB GENERICO,7899095257887,95.1,14.76,80.33999999999999,84.5
Cloridrato de Moxifloxacino 400mg com 5 Comprimidos - Geolab Genérico,GEOLAB GENERICO,7899095201361,109.83,40.14,69.69,63.5
Cloridrato de Ciprofloxacino + Dexametasona Uso Oftálmico 5ml - Geolab Genérico,GEOLAB GENERICO,7899095230309,28.01,12.99,15.020000000000001,53.6
Diproprianato de Betametasona + Gentamicina Pomada 30g - Geolab Genérico,GEOLAB GENERICO,7899095233522,26.22,10.48,15.739999999999998,60.0
Dicloridrato de Betaistina 16mg com 30 Comprimidos - Geolab Genérico,GEOLAB GENERICO,7899095256323,24.32,11.09,13.23,54.4
Mesilato de Doxazosina 2mg com 30 Comprimidos - Geolab Genérico,GEOLAB GENERICO,7899095262669,25.56,6.68,18.88,73.9
Risperidona 1mg com 30 Comprimidos - Geolab generico,GEOLAB GENERICO,7899095262782,24.28,8.5,15.780000000000001,65.0
Diclofenaco de Potássico 50mg com 20 Comprimidos - Geolab Genérico,GEOLAB GENERICO,7899095239630,12.43,3.67,8.76,70.5
Captopril 25mg com 30 Comprimidos - Geolab Genérico,GEOLAB GENERICO,7899095246676,10.47,2.11,8.360000000000001,79.8
Tadalafila 20mg com 2 Comprimidos - Geolab Genérico,GEOLAB GENERICO,7899095257825,18.41,2.52,15.89,86.3
Risperidona 2mg com 30 Comprimidos - Geolab Genérico,GEOLAB GENERICO,7899095262751,30.0,10.58,19.42,64.7
Clonazepam 2mg com 30 Comprimidos - Geolab Genérico,GEOLAB GENERICO,7899095249844,16.96,4.16,12.8,75.5
Acetilcisteína Xarope Adulto 40mg Geolab - 120ml,GEOLAB GENERICO,7899095233799,41.77,18.05,23.720000000000002,56.8
"Colchicina 0,5mg com 30 Comprimidos - Geolab Genérico",GEOLAB GENERICO,7899095245686,44.78,9.47,35.31,78.9
Montelucaste de Sódio 10mg com 30 Comprimidos - Geolab Genérico,GEOLAB GENERICO,7899095241503,65.53,23.04,42.49,64.8
"Clonazepam 0,5mg com 30 Comprimidos - Geolab Genérico",GEOLAB GENERICO,7899095249790,9.69,4.16,5.529999999999999,57.1
Glibenclamida 5mg com 30 Comprimidos - Geolab Genérico,GEOLAB GENERICO,7899095249707,6.4,1.73,4.67,73.0
Dipirona Sódica Suspensão Oral - 100ml,GEOLAB GENERICO,7899095230224,20.89,9.99,10.9,52.2
Cloridrato de Donepezila 5mg com 30 Comprimidos - Geolab Genérico,GEOLAB GENERICO,7899095252943,102.67,25.98,76.69,74.7
Nitrato de Miconazol Creme Vaginal 80g - Geolab Genérico,GEOLAB GENERICO,7899095202115,27.92,17.87,10.05,36.0
Acetilcisteína Xarope Infantil 120ml - Geolab,GEOLAB GENERICO,7898721910035,28.08,13.48,14.599999999999998,52.0
"Bimatoprosta 0,3mg Colíriol 3ml - Geolab Genérico",GEOLAB GENERICO,7899095249639,108.84,26.58,82.26,75.6
Espironolactona 25mg com 30 Comprimidos - Geolab Genérico,GEOLAB GENERICO,7899095256453,25.23,13.77,11.46,45.4
Dexametasona Elixir 120ml - Geolab Genérico,GEOLAB GENERICO,7899095202085,16.49,8.32,8.169999999999998,49.5
Espironolactona 50mg com 30 Comprimidos - Geolab Genérico,GEOLAB GENERICO,7899095256538,39.76,26.08,13.68,34.4
"Tartarato de Brimonidina 1,5mg/ml 5ml - Geolab Genérico",GEOLAB GENERICO,7899095233836,60.48,23.04,37.44,61.9
Cloridrato de Paroxetina 10mg com 20 Comprimidos - Geolab Genérico,GEOLAB GENERICO,7899095257399,41.74,16.65,25.090000000000003,60.1
Diclofenaco Sódico 50mg com 20 Comprimidos - Geolab,GEOLAB GENERICO,7899095200449,4.9,4.9,0.0,0.0
Carbocisteina Xarope Pediátrico 100ml - Geolab Genérico,GEOLAB GENERICO,7899095232686,20.37,11.63,8.74,42.9
Dipirona Sódica em Gotas Geolab 500mg com 20ml - Geolab Genérico,GEOLAB GENERICO,7899095203136,11.05,3.53,7.520000000000001,68.1
Cloridrato de Metformina 850mg com 30 Comprimidos - Geolab Genérico,GEOLAB GENERICO,7899095238763,11.43,8.06,3.369999999999999,29.5
Albendazol 400mg com 1 Comprimido - Geolab Genérico,GEOLAB GENERICO,7899095261754,8.14,2.27,5.870000000000001,72.1
Clorridrato de Amiodarona 100mg com 30 Comprimidos - Geolab Genérico,GEOLAB GENERICO,7899095245587,19.56,15.75,3.8099999999999987,19.5
Hemitartarato Zolpidem 10mg com 30 Comprimidos - Geolab Genérico,GEOLAB GENERICO,7899095251045,52.85,10.44,42.410000000000004,80.2
"Cloridrato de Tansulosina 0,4mg com 20 Cápsulas - Geolab Genérico",GEOLAB GENERICO,7899095234192,83.75,13.91,69.84,83.4
"Travoprosta 0,04mg 2,5ml - Geolab Genérico",GEOLAB GENERICO,7899095258747,100.68,24.19,76.49000000000001,76.0
Olanzapina 10mg com 30 Comprimidos - Geolab Genérico,GEOLAB GENERICO,7899095237957,187.14,34.59,152.54999999999998,81.5
Montelucaste de Sódio 4mg com 30 Comprimidos Matigáveis - Geolab Genérico,GEOLAB GENERICO,7899095241619,65.53,23.02,42.510000000000005,64.9
Montelucaste de Sódio 5mg com 30 Comprimidos Matigáveis - Geolab Genérico,GEOLAB GENERICO,7899095241725,65.53,22.69,42.84,65.4
Itraconazol 100mg com 4 Cápsulas - Geolab Genérico,GEOLAB GENERICO,7899095250888,49.59,8.62,40.970000000000006,82.6
Tenoxicam 20mg com 10 Comprimidos - Geolab Genérico,GEOLAB GENERICO,7899095243125,42.22,7.85,34.37,81.4
Itraconazol 100mg com 15 Cápsulas - Geolab Genérico,GEOLAB GENERICO,7899095250901,148.25,23.18,125.07,84.4
Tinidazol + Nitrato de Miconazol Creme Vaginal 40g - Geolab Genérico,GEOLAB GENERICO,7899095230095,37.51,17.75,19.759999999999998,52.7
Cloridrato de Amiodarona 200mg com 30 Comprimidos - Geolab Genérico,GEOLAB GENERICO,7899095245631,39.19,21.54,17.65,45.0
Acetilcisteína 600mg 16 Envelopes - Geolab,GEOLAB GENERICO,7899095239227,54.1,22.74,31.360000000000003,58.0
Sulfato de Salbutamol 120ml - Geolab Genérico,GEOLAB GENERICO,7899095202580,15.43,8.8,6.629999999999999,43.0
Acebrofilina Xarope Adulto 120ml - Geolab Genérico,GEOLAB GENERICO,7899095233027,33.69,18.0,15.689999999999998,46.6
Fumarato de Quetiapina 25mg com 30 Comprimidos - Geolab Genérico,GEOLAB GENERICO,7899095243866,58.67,7.99,50.68,86.4
Cefalexina 500mg com 10 Comprimidos - Multilab,NOVA QUIMICA GENERICO,7896472519033,36.41,27.52,8.889999999999997,24.4
Tobramicina Colírio 5ml - Nova Química Genérico,NOVA QUIMICA GENERICO,7895296052016,21.36,12.04,9.32,43.6
Acido Fusídico + Betametasona Creme 15g - Nova Química Genérico,NOVA QUIMICA GENERICO,7895296034029,57.36,42.95,14.409999999999997,25.1
Valerato de Betametasona + Sulfato de Gentamicina + Tolnaftato + Clioquinol Pomada 20g - Nova Químic,NOVA QUIMICA GENERICO,7895296292016,29.35,10.49,18.86,64.3
Cloridrato Memantina 10mg com 60 Comprimidos - Nova Química Genérico,NOVA QUIMICA GENERICO,7895296449847,223.61,48.29,175.32000000000002,78.4
Hidroquinona + Tretinpina + Acetonida Fluocinoona 15g - Nova Química Genérico,NOVA QUIMICA GENERICO,7895296182010,94.09,63.55,30.540000000000006,32.5
Diazepam 5mg com 30 Comprimidos - Nova Química Genérico,NOVA QUIMICA GENERICO,7895296411011,16.35,3.96,12.39,75.8
Cloridrato de Diltiazem 60mg com 50 comprimidos - Nova Química Genérico,NOVA QUIMICA GENERICO,7895296211086,44.63,44.63,0.0,0.0
Pregabalina 150mg com 30 Comprimidos - Nova Química Genérico,NOVA QUIMICA GENERICO,7895296448192,161.99,17.53,144.46,89.2
Cloridrato de Venlafaxina 150mg com 30 Cápsulas - Nova Química Genérico,NOVA QUIMICA GENERICO,7895296056199,137.36,49.32,88.04000000000002,64.1
"Cabergolina 0,5mg com 2 Comprimidos - Nova Química Genérico",NOVA QUIMICA GENERICO,7895296211017,82.03,21.3,60.730000000000004,74.0
Olanzapina 5mg com 30 Comprimidos - Nova Química Genérico,NOVA QUIMICA GENERICO,7895296445528,320.7,53.73,266.96999999999997,83.2
"Cloridrato de Naratriptana 2,5mg com 20 Comprimidos - Nova Química Genérico",NOVA QUIMICA GENERICO,7895296448932,73.97,52.67,21.299999999999997,28.8
Hemitartarato de Zolpidem 10mg com 30 Comprimidos - Nova Química Genérico,NOVA QUIMICA GENERICO,7895296444026,67.84,7.18,60.660000000000004,89.4
Fumarato de Quetiapina 200mg com 30 Comprimidos - Nova Química Genérico,NOVA QUIMICA GENERICO,7895296089142,727.41,34.55,692.86,95.3
Desloratadina 5mg com 10 Comprimidos - Nova Química Genérico,NOVA QUIMICA GENERICO,7895296045032,52.5,8.26,44.24,84.3
Domperidona 10mg com 30 Comprimidos - Nova Química Genérico,NOVA QUIMICA GENERICO,7895296048033,19.76,5.8,13.96,70.6
Glibenclamida 5mg com 30 Comprimidos - Nova Química Genérico,NOVA QUIMICA GENERICO,7895296272018,13.34,2.0,11.34,85.0
Cloridrato de Fexofenadina 120mg com 10 Comprimidos - Nova Química Genérico,NOVA QUIMICA GENERICO,7895296447317,47.63,10.76,36.870000000000005,77.4
Desloratadina 5mg com 30 Comprimidos - Nova Química Genérico,NOVA QUIMICA GENERICO,7895296045063,119.25,20.29,98.96000000000001,83.0
"Meloxicam 7,5mg com 10 Comprimdos - Nova Química Genérico",NOVA QUIMICA GENERICO,7895296282239,27.58,3.56,24.02,87.1
"Cloridrato de Naratriptana 2,5mg com 4 Comprimidos - Nova Química Genérico",NOVA QUIMICA GENERICO,7895296105026,15.05,15.05,0.0,0.0
"Cloridrato de Naratriptana 2,5mg com 10 Comprimidos - Nova Química Genérico",NOVA QUIMICA GENERICO,7895296105040,34.17,30.36,3.8100000000000023,11.2
Sinvastatina 40mg com 30 Comprimidos - Nova Química Genérico,NOVA QUIMICA GENERICO,7895296449281,54.29,8.64,45.65,84.1
Fenofibrato 200mg com 30 Comprimidos - Nova Química Genérico,NOVA QUIMICA GENERICO,7895296194013,103.35,88.35,15.0,14.5
Lansoprazol 30mg com 28 Cápsulas - Nova Química Genérico,NOVA QUIMICA GENERICO,7895296422024,98.07,38.68,59.38999999999999,60.6
"Carvedilol 12,5mg com 30 Comprimidos - Nova Química Genérico",NOVA QUIMICA GENERICO,7895296092180,54.29,5.44,48.85,90.0
Topiramato 25mg com 60 Comprimidos - Nova Química Genérico,NOVA QUIMICA GENERICO,7895296444811,92.78,10.75,82.03,88.4
"Tibolona 2,5mg com 30 Comprimidos - Nova Química Genérico",NOVA QUIMICA GENERICO,7895296132039,71.31,28.32,42.99,60.3
Cloridrato de Verapamil 80mg com 30 Comprimidos - Nova Química Genérico,NOVA QUIMICA GENERICO,7895296188012,29.56,14.33,15.229999999999999,51.5
Propionato de Clobetasol Pomada 30g - Nova Química Genérico,NOVA QUIMICA GENERICO,7895296210423,27.4,9.05,18.349999999999998,67.0
Olanzapina 10mg com 30 Comprimidos - Nova Química Genérico,NOVA QUIMICA GENERICO,7895296445597,622.36,30.75,591.61,95.1
Cloridrato de Memantina 10mg com 30 Comprimidos - Unichem,NOVA QUIMICA GENERICO,7898912189585,117.96,14.08,103.88,88.1
Alprazolam 1mg com 30 Comprimidos - Nova Química Genérico,NOVA QUIMICA GENERICO,7895296280143,26.76,3.38,23.380000000000003,87.4
Olanzapina 2.5 com 30 Comprimidos - Nova Química Genérico,NOVA QUIMICA GENERICO,7895296445474,217.15,20.99,196.16,90.3
Deflazacorte 6mg com 20 Comprimidos - Nova Química Genérico,NOVA QUIMICA GENERICO,7895296277051,72.46,39.02,33.43999999999999,46.1
Cloridrato de Pioglitazona 30mg com 15 Comprimidos - Nova Química Genérico,NOVA QUIMICA GENERICO,7895296098090,102.51,38.44,64.07000000000001,62.5
Isotretinoina 10mg com 30 Cápsulas - Nova Química Genérico,NOVA QUIMICA GENERICO,7895296043021,96.41,40.64,55.769999999999996,57.8
Cloridrato de Bupropiona 150mg com 30 Comprimidos - Nova Química Genérico,NOVA QUIMICA GENERICO,7895296213042,107.36,23.26,84.1,78.3
"Sulfato de Glicosamina 1,5g com 30 Saches - Nova Química Genérico",NOVA QUIMICA GENERICO,7895296250016,160.16,84.09,76.07,47.5
Esomeprazol Magnésio 40mg com 28 Comprimidos - Nova Química Genérico,NOVA QUIMICA GENERICO,7895296128087,272.8,55.06,217.74,79.8
Alendronato de Sódio 70mg com 4 Comprimidos - Nova Química Genérico,NOVA QUIMICA GENERICO,7895296420020,61.56,1.73,59.830000000000005,97.2
Risedronato Sódico 35mg com 4 Comprimidos - Nova Química Genérico,NOVA QUIMICA GENERICO,7895296296021,138.11,31.68,106.43,77.1
Maleato dexclorferinamina + Betametasona com 20 Comprimidos - Nova Química Genérico,NOVA QUIMICA GENERICO,7895296291071,21.51,12.0,9.510000000000002,44.2
Risperidona Gotas 30ml - Nova Química Genérico,NOVA QUIMICA GENERICO,7895296445313,59.56,34.48,25.080000000000005,42.1
Topiramato 100mg com 60 Comprimidos - Nova Química Genérico,NOVA QUIMICA GENERICO,7895296444897,246.39,48.97,197.42,80.1
Cloridrato de Lercanidipino 10mg com 30 Comprimidos - Nova Química Genérico,NOVA QUIMICA GENERICO,7895296344029,107.42,67.96,39.46000000000001,36.7
Cloridrato de Diltiazem 30mg com 50 Comprimidos - Nova Química Genérico,NOVA QUIMICA GENERICO,7895296211062,22.2,17.78,4.419999999999998,19.9
Tadalafila 20mg c/2 cpr - Nova quimica generico,NOVA QUIMICA GENERICO,7895296240093,48.34,2.59,45.75,94.6
Clavulin BD 875mg com 14 Comprimidos - GSK,GSK RX,7896015510022,145.41,89.9,55.50999999999999,38.2
Clavulin BD 400mg Uso Oral 70ml - GSK,GSK RX,7896015568214,107.07,78.9,28.169999999999987,26.3
Clavulin ES 600mg 100ml - GSK,GSK RX,7896015591526,262.1,222.79,39.31000000000003,15.0
Clavulin Uso Oral 250mg 100ml - GSK,GSK RX,7896015520298,129.42,129.42,0.0,0.0
Zinnat 250mg com 10 Comprimidos - GSK,GSK RX,7897595634160,182.41,155.05,27.359999999999985,15.0
Clavulin BD 875mg com 20 Comprimidos - GSK,GSK RX,7896015510015,179.43,129.9,49.53,27.6
Clavulin BD 400mg Uso Oral 140ml - GSK,GSK RX,7896015527242,165.41,109.9,55.50999999999999,33.6
Clindoxyl Gel 45g - GSK,GSK RX,7896015591687,106.05,91.2,14.849999999999994,14.0
Zinnat 250mg com 14 Comprimidos - GSK,GSK RX,7897595634221,255.35,217.05,38.29999999999998,15.0
Zinnat 500mg com 14 Comprimidos - GSK,GSK RX,7897595634177,341.13,289.96,51.170000000000016,15.0
Clavulin 500mg com 30 Comprimidos - GSK,GSK RX,7896015520380,219.67,186.72,32.94999999999999,15.0
Zinnat 500mg com 20 Comprimidos - GSK,GSK RX,7897595634184,457.51,388.88,68.63,15.0
Bactroban Pomada 10g - G S K,GSK RX,7896015519834,53.61,50.39,3.219999999999999,6.0
Aerolin Spray - 200 doses,GSK RX,7896269900150,26.9,19.67,7.229999999999997,26.9
Avamys Spray Nasal 120 Doses - GSK RX,GSK RX,7896015518875,73.92,56.9,17.020000000000003,23.0
"Avodart 0,5mg com 30 Cápsulas - GSK",GSK RX,7896015516642,160.35,136.3,24.049999999999983,15.0
Betnovate N Creme 30g - GSK,GSK RX,7896269900334,48.36,42.56,5.799999999999997,12.0
Flixotide Spray 250mg com 60 Doses - GSK,GSK RX,7896269900808,156.37,132.91,23.460000000000008,15.0
Flixonase Uso Nasal 120 Doses - GSK,GSK RX,7896269901904,114.62,85.8,28.820000000000007,25.1
Flixotide Spray 50mg com 120 Doses - GSK,GSK RX,7896015516581,208.53,177.25,31.28,15.0
Flutivate Creme 15g - GSK,GSK RX,7896269900945,60.19,52.97,7.219999999999999,12.0
Lamictal 100mg com 30 Comprimidos - GSK,GSK RX,7896269901188,569.21,569.21,0.0,0.0
"Naramig 2,5mg com 4 Comprimidos - GSK",GSK RX,7896269900983,27.4,23.29,4.109999999999999,15.0
Parnate 10mg com 20 Comprimidos - GSK,GSK RX,7896015523541,49.08,39.37,9.71,19.8
Paxil CR 25mg com 30 Comprimidos - GSK,GSK RX,7896015516949,258.18,219.45,38.73000000000002,15.0
Seretide Diskus 50/250 com 60 Doses - GSK,GSK RX,7896269901720,189.12,160.75,28.370000000000005,15.0
Seretide Spray 25/125mcg com 120 Doses - GSK,GSK RX,7896269955204,189.12,160.75,28.370000000000005,15.0
Seretide Spray 25/50mcg com 120 Doses - GSK,GSK RX,7896269955136,158.75,134.94,23.810000000000002,15.0
Seretide Spray 25/250mcg com 120 Doses - GSK,GSK RX,7896269955372,307.3,261.21,46.09000000000003,15.0
Valtrex 500mg com 10 Comprimidos - GSK,GSK RX,7896269900235,212.91,149.49,63.41999999999999,29.8
Zyrtec 10mg com 12 Comprimidos - GSK,GSK RX,7896269901898,87.45,74.33,13.120000000000005,15.0
Zovirax Creme 10g - Biolab,GSK RX,7896269901379,70.23,59.7,10.530000000000001,15.0
Wellbutrin XL 300mg com 30 Comprimidos - GSK,GSK RX,7896015516604,257.95,219.26,38.69,15.0
"Paxil CR 12,5mg com 30 Comprimidos - GSK",GSK RX,7896015516956,124.96,106.22,18.739999999999995,15.0
Wellbutrin XL 150mg com 30 Comprimidos - GSK,GSK RX,7896015516598,209.27,177.88,31.390000000000015,15.0
Combodart com 30 Cápsulas - GSK,GSK RX,7896015523398,151.58,109.9,41.68000000000001,27.5
Combodart com 90 Cápsulas - GSK,GSK RX,7896015523404,392.14,333.32,58.81999999999999,15.0
Lamictal 200mg com 30 Comprimidos Dispersíveis - GSK,GSK RX,7896015516833,369.6,314.16,55.44,15.0
Prolia Injetável 60mg 1ml - GSK,GSK RX,7898609960565,1312.12,850.45,461.66999999999985,35.2
Relvar Ellipta 100/25mcg com 30 Doses - GSK,GSK RX,7896015528829,209.93,178.44,31.49000000000001,15.0
Relvar Ellipta 200/25mcg com 30 Doses - GSK,GSK RX,7896015528843,341.06,289.9,51.160000000000025,15.0
"Anoro 62,5mcg+ 25mcg com 30 Drágeas - GSK",GSK RX,7896015529086,400.96,340.82,60.139999999999986,15.0
"Avodart 0,5mg com 90 Comprimidos - GSK",GSK RX,7896015516659,433.8,368.73,65.07,15.0
Vanisto Ellipta com 30 Cápsulas - GSK,GSK RX,7896015529284,228.46,182.05,46.41,20.3
"Trelegy 100/62,5/25mcg com 30 Doses - GSK",GSK RX,7896015591212,438.37,372.61,65.75999999999999,15.0
Citoneurin Control 1000 com 60 Comprimidos - Procter Gambl,PROCTER  GAMBL,7500435225434,97.01,74.69,22.320000000000007,23.0
Citoneurin 5000 com 30 Comprimidos Revestidos - Procter Gambl,PROCTER  GAMBL,7500435230957,97.49,82.87,14.61999999999999,15.0
Cebion Efervecentes 1g com 30 Comprimidos - Procter Gambl,PROCTER  GAMBL,7500435231558,40.49,38.06,2.4299999999999997,6.0
Teste de Gravidez Clearblue Detecção Rápida -  com 2 Unidades,PROCTER  GAMBL,7506339305142,34.9,24.44,10.459999999999997,30.0
Femibion 3 com 28 Comprimidos + 28 Cápsulas,PROCTER  GAMBL,7500435185035,113.9,96.58,17.320000000000007,15.2
Sonozzz Melatonina - 30 Cápsulas,PROCTER  GAMBL,7500435209069,29.99,21.64,8.349999999999998,27.8
Femibion 1 com 28 Comprimidos - Procter Gambl,PROCTER  GAMBL,7500435185011,91.99,80.66,11.329999999999998,12.3
Vick Pyrena Grip-7 com 10 Cápsulas - Procter Gambl,PROCTER  GAMBL,7500435188050,13.51,12.7,0.8100000000000005,6.0
Vick Pyrena Grip-7 com 20 Cápsulas - Procter Gambl,PROCTER  GAMBL,7500435188067,23.45,22.04,1.4100000000000001,6.0
Teste de gravidez clearblue early,PROCTER  GAMBL,7500435137959,22.99,22.99,0.0,0.0
Femibion 2 - 28 Comprimidos e 28 Cápsulas,PROCTER  GAMBL,7500435185028,104.99,101.35,3.6400000000000006,3.5
Metamucil em Pó Sabor Original - 210g,PROCTER  GAMBL,7500435121965,118.04,100.33,17.710000000000008,15.0
Vick Vapo Spray - 100ml,PROCTER  GAMBL,7500435182331,38.9,35.9,3.0,7.7
Xarope Vick Pediátrico com 120ml - Procter Gambl,PROCTER  GAMBL,7500435153072,34.84,29.96,4.880000000000003,14.0
Vick Mel Xarope - 100ml,PROCTER  GAMBL,7500435209786,37.45,32.21,5.240000000000002,14.0
Spray Nasal Vick Primeira Proteção - 15ml,PROCTER  GAMBL,7500435177450,48.9,35.84,13.059999999999995,26.7
Alginac 1000 com 15 Comprimidos - Procter Gambl,PROCTER  GAMBL,7891721029639,36.7,31.2,5.5000000000000036,15.0
Alginac 5000 Injeção com 3 Ampolas - Procter Gambl,PROCTER  GAMBL,7891721008368,36.47,31.0,5.469999999999999,15.0
Cebion 1g Sabor Laranja com 10 Comprimidos Efervescentes - Procter Gambl,PROCTER  GAMBL,7891721100017,17.87,16.8,1.0700000000000003,6.0
Citoneurin Injeção 5000 mg com 3 Ampolas - Procter Gambl,PROCTER  GAMBL,7891721020506,20.11,17.7,2.41,12.0
Citoneurin 5000mcg + 100mg + 100mg com 20 Drágeas - Procter Gambl,PROCTER  GAMBL,7891721028335,75.14,63.87,11.270000000000003,15.0
Metamucil em Pó Sabor Laranja - 174g,PROCTER  GAMBL,0020800750158,103.5,87.98,15.519999999999996,15.0
"Metamucil Sabor Laranja 5,85g - 10 Envelopes",PROCTER  GAMBL,020800750165,58.83,50.01,8.82,15.0
Vick Vaporub com 12g - Procter Gambl,PROCTER  GAMBL,7896093001030,19.24,16.35,2.889999999999997,15.0
Vick 44E Xarope com 120ml - Vick,PROCTER  GAMBL,7590002023228,37.45,32.21,5.240000000000002,14.0
Vick Inalador para Congestão Nasal Bastão - 5g,PROCTER  GAMBL,7896093000217,18.87,16.04,2.830000000000002,15.0
Vick Vaporub com 30g - Procter Gambl,PROCTER  GAMBL,7590002032817,41.21,35.44,5.770000000000003,14.0
Vick Pyrena Sabor Mel e Limão com 5 Envelopes de 5g cada - Procter Gambl,PROCTER  GAMBL,7501001310288,20.88,14.26,6.619999999999999,31.7
Vick Pyrena Sabor Mel e Limão com 5g - Procter Gambl,PROCTER  GAMBL,7896093001054,4.75,3.33,1.42,29.9
Vick Pyrena Camomila com 5g - Procter Gambl,PROCTER  GAMBL,7501007447285,4.75,3.29,1.46,30.7
Vick Vaporub com 50g - Procter Gambl,PROCTER  GAMBL,7590002012468,61.71,52.45,9.259999999999998,15.0
Vick Pyrena Canela e Maçã com 5g - Procter Gambl,PROCTER  GAMBL,7501006718065,4.75,3.39,1.3599999999999999,28.6
Cebion 1g Sabor Laranja com 30 Comprimidos Efervescentes - Procter Gambl,PROCTER  GAMBL,7891721024337,42.13,37.07,5.060000000000002,12.0
Floralyte Guaraná - 500ml,PROCTER  GAMBL,7891721016202,23.12,20.35,2.7699999999999996,12.0
Flexive Creme com 25g - Procter Gambl,PROCTER  GAMBL,7891721023422,48.67,41.37,7.300000000000004,15.0
Dexa citoneurin NFF Injetável com 3 Ampolas - Procter Gambl,PROCTER  GAMBL,7891721024481,52.61,44.72,7.890000000000001,15.0
Flexive Creme com 50g - Procter Gambl,PROCTER  GAMBL,7891721022845,77.69,66.04,11.649999999999991,15.0
Alginac Retard com 10 Comprimidos - Procter Gambl,PROCTER  GAMBL,7891721023965,72.26,61.42,10.840000000000003,15.0
Bion 3 com 30 Tabletes - Procter Gambl,PROCTER  GAMBL,7891721028694,64.9,64.9,0.0,0.0
Teste de Gravidez Clearblue Detecção Rápida - 1 Uni,PROCTER  GAMBL,7500435171106,14.99,14.0,0.9900000000000002,6.6
Teste de Ovulação Digital - Clearblue,PROCTER  GAMBL,7506339305159,107.99,103.6,4.390000000000001,4.1
Teste de Gravidez Digital Clearblue - 1 Uni,PROCTER  GAMBL,7500435171090,42.9,40.62,2.280000000000001,5.3
Citoneurin 5000mcg + 100mg + 100mg com 90 Drágeas - Procter Gambl,PROCTER  GAMBL,7891721201813,262.94,199.56,63.379999999999995,24.1
Levofloxacino 750mg com 7 Comprimidos - Biosintetica Genérico,BIOSINTETICA GENERICO,7896658036354,95.53,48.3,47.230000000000004,49.4
Levofloxacino 750mg com 5 Comprimidos - Biosintetica Genérico,BIOSINTETICA GENERICO,7896658036347,68.21,31.3,36.91,54.1
Acebrofilina Xarope Pediátrica 120ml - Biosintética Genérico,BIOSINTETICA GENERICO,7896181924098,27.16,11.7,15.46,56.9
Acetato de Ciproterona + Etinilestradiol com 63 Comprimidos - Melcon,BIOSINTETICA GENERICO,7898907313872,53.15,26.03,27.119999999999997,51.0
Desloratadina Xarope 100ml - Biosintetica Genérico,BIOSINTETICA GENERICO,7896181922667,76.1,23.02,53.08,69.8
Succnato de Desvenlafaxina 50mg com 30 Comprimidos - Biosintetica Genérico,BIOSINTETICA GENERICO,7896181927693,157.61,35.86,121.75000000000001,77.2
Trometamol Cetorolaco 10mg com 20 Comprimidos Sublinguais - Biosintetica Genérico,BIOSINTETICA GENERICO,7896658038075,59.44,28.29,31.15,52.4
"Gestodeno + Etinilestradiol 0,03mg + 0,075mgc com 21 Comprimdos - Biosintetica Genérico",BIOSINTETICA GENERICO,7896658038501,28.6,16.92,11.68,40.8
Cloridrato de Duloxetina 60mg com 30 Cápsulas - Biosintetica Genérico,BIOSINTETICA GENERICO,7896181925262,257.96,84.31,173.64999999999998,67.3
Cloridrato de Ambroxol Xarope Infantil 120ml - Biosintetica,BIOSINTETICA GENERICO,7896181909460,18.54,9.68,8.86,47.8
Acido mefenamico 500mg com 24 Comprimidos - Biosintetica Genérico,BIOSINTETICA GENERICO,7896181911517,26.31,17.26,9.049999999999997,34.4
Carvedilol 25mg com 30 Comprimidos - Biosintetica Genérico,BIOSINTETICA GENERICO,7896181909880,99.2,7.99,91.21000000000001,91.9
Furosemida 40mg com 30 Comprimidos - Biosintetica Genérico,BIOSINTETICA GENERICO,7896181906582,21.34,5.26,16.08,75.4
Fosfato  Sódico Prednisolona 3mg 60ml - Biosintetica Genérico,BIOSINTETICA GENERICO,7896181914280,18.94,11.75,7.190000000000001,38.0
Montelucaste de Sódio 10mg 10 Comprimidos - Biosintetica Genérico,BIOSINTETICA GENERICO,7896181926672,37.42,24.54,12.880000000000003,34.4
Dicloridrato de Betaistina 16mg com 30 Comprimidos - Biosintetica Genérico,BIOSINTETICA GENERICO,7896181921325,28.89,11.9,16.990000000000002,58.8
Pantoprazol 20mg com 28 Comprimidos - Biosintetica Genérico,BIOSINTETICA GENERICO,7896181918424,48.69,5.13,43.559999999999995,89.5
Hemitartarato de Rivastigmina 6mg com 30 Cápsulas - Biosintetica Genérico,BIOSINTETICA GENERICO,7896181921943,277.88,143.13,134.75,48.5
"Hemitartarato de Rivastigmina 1,5mg com 30 Cápsulas - Biosintetica Genérico",BIOSINTETICA GENERICO,7896181921783,209.09,112.23,96.86,46.3
TROMETAMOL CETOROLACO 10MG C/10 COMP SUBL,BIOSINTETICA GENERICO,7896658038068,31.26,9.25,22.01,70.4
PREDNISOLONA 20MG C/10 CPR,BIOSINTETICA GENERICO,7896714295381,21.4,13.12,8.28,38.7
Carbocisteina Xarope Adulto 100ml - Biosintetica Genérico,BIOSINTETICA GENERICO,7896181909262,41.48,14.02,27.459999999999997,66.2
Carbocisteina Xarope Pediátrico 100ml - Biosintetica Genérico,BIOSINTETICA GENERICO,7896181909453,25.91,10.87,15.040000000000001,58.0
Cloridrato de Sotalol 160mg com 20 Comprimidos - Biosintetica Genérico,BIOSINTETICA GENERICO,7896181909583,77.08,25.33,51.75,67.1
Cloridrato verapamil 80mg - 30 comprimidos,BIOSINTETICA GENERICO,7896181915225,33.14,14.78,18.36,55.4
Mononitrato de Isossorbida 40mg com 30 Comprimidos - Biosintetica Genérico,BIOSINTETICA GENERICO,7896181906384,25.78,20.27,5.510000000000002,21.4
Nitrendipino 20mg com 30 Comprimidos - Biosintetica Genérico,BIOSINTETICA GENERICO,7896181907572,66.92,52.43,14.490000000000002,21.7
Nitrendipino 10mg com 30 Comprimidos - Biosintetica Genérico,BIOSINTETICA GENERICO,7896181907220,37.63,31.39,6.240000000000002,16.6
Tartarato de Metoprolol 100mg com 30 Comprimidos - Biosintetica Genérico,BIOSINTETICA GENERICO,7896181906612,33.11,13.23,19.88,60.0
Oxalato de Escitalopram 10mg com 30 Comprimidos - Biosintetica Genérico,BIOSINTETICA GENERICO,7896181900351,56.43,8.99,47.44,84.1
Cloridrato de Verapamil 120mg com 20 Comprimidos - Biosintetica Genérico,BIOSINTETICA GENERICO,7896181904298,50.09,23.68,26.410000000000004,52.7
Fosfato Sódico Prednisolona 3mg 120ml - Biosintetica Genérico,BIOSINTETICA GENERICO,7896181914303,37.37,16.7,20.669999999999998,55.3
Loratadina+sulf pseud 60ml - Biosintetica generico,BIOSINTETICA GENERICO,7896181911012,32.55,25.15,7.399999999999999,22.7
Dicloridrato de Betaistina 24mg com 30 Comprimidos - Biosintetica Genérico,BIOSINTETICA GENERICO,7896181921363,43.36,15.61,27.75,64.0
Dicloridrato de Betaistina 8mg com 30 Comprimidos - Biosintetica Genérico,BIOSINTETICA GENERICO,7896181921288,23.24,16.48,6.759999999999998,29.1
Prednisolona 20mg com 10 Comprimidos - Biosintetica Genérico,BIOSINTETICA GENERICO,7896181921011,21.12,9.09,12.030000000000001,57.0
Cloridrato de Terbinafina 250mg com 28 Comprimidos - Biosintetica Genérico,BIOSINTETICA GENERICO,7896181919001,276.74,51.77,224.97,81.3
Montelucaste de Sódio 5mg com 30 Comprimidos Mastigáveis - Biosintetica Genérico,BIOSINTETICA GENERICO,7896181926788,112.48,31.47,81.01,72.0
Oxalato de Escitalopram 20mg com 30 Comprimidos - Biosintetica Genérico,BIOSINTETICA GENERICO,7896181922001,119.15,17.28,101.87,85.5
Cetoprofeno 100mg com 20 Comprimidos - Biosintetica Genérico,BIOSINTETICA GENERICO,7896181925149,45.92,31.04,14.880000000000003,32.4
Valerato de Betametasona +Sulfato de Gentamicina +Tolnaftato + Clioquinol Creme 20g - União Química,UNIAO QUIMICA GENERICO,7896006201182,24.59,21.02,3.5700000000000003,14.5
Cefalexina 500mg com 10 Cápsulas - União Química Genérico,UNIAO QUIMICA GENERICO,7896006216544,34.02,9.18,24.840000000000003,73.0
Sulfadiazina de prata 1% 30g - União Química Genérico,UNIAO QUIMICA GENERICO,7896006261308,23.87,10.55,13.32,55.8
Cloridrato de Clindamicina 300mg com 16 Comprimidos - União Química Genérico,UNIAO QUIMICA GENERICO,7896006225744,104.03,26.38,77.65,74.6
Diproprianato de Betametasona + Fosfato Dissódico de Betametasona com 1 Ampola - União Química Genér,UNIAO QUIMICA GENERICO,7896006219064,24.11,14.31,9.799999999999999,40.6
Diazepam 10mg com 30 Comprimidos - União Química Genérico,UNIAO QUIMICA GENERICO,07896006205081,18.2,5.99,12.209999999999999,67.1
Varfarina Sódica 5mg com 30 Comprimidos - União Química Genérico,UNIAO QUIMICA GENERICO,7896006209690,16.26,9.85,6.410000000000002,39.4
Bromazepam 3mg com 30 Comprimidos - União Química Genérico,UNIAO QUIMICA GENERICO,7896006254799,24.1,5.33,18.770000000000003,77.9
Finasterida 1mg 30 comprimidos - União Química,UNIAO QUIMICA GENERICO,7896006299769,64.86,9.2,55.66,85.8
Cloridrato de Bupropiona 150mg com 30 Comprimidos - União Química Genérico,UNIAO QUIMICA GENERICO,7896006210818,195.11,37.39,157.72000000000003,80.8
Ondansetrona 8mg com 10 Comprimidos - União Química Genérico,UNIAO QUIMICA GENERICO,7896006297529,46.12,14.84,31.279999999999998,67.8
Duloxetina 60mg com 60 Cápsulas - União Química Genérico,UNIAO QUIMICA GENERICO,7896006297383,211.4,182.25,29.150000000000006,13.8
Cloridrato de Duloxetina 60mg com 30 Cápsulas - União Química Genérico,UNIAO QUIMICA GENERICO,7896006297376,119.68,93.08,26.60000000000001,22.2
Cloridrato de Duloxetina 30mg com 30 Cápsulas - União Química Genérico,UNIAO QUIMICA GENERICO,7896006297406,61.7,51.79,9.910000000000004,16.1
Cetoprofeno 50mg com 24 Cápsulas - União Química Genérico,UNIAO QUIMICA GENERICO,7896006214991,34.63,17.15,17.480000000000004,50.5
Topiramato 25mg com 60 comprimidos - União Química Genérico,UNIAO QUIMICA GENERICO,7896006201403,70.6,13.45,57.14999999999999,80.9
Paracetamol + Codeína 30mg com 2 Comprimidos - Uniao Química Genérico,UNIAO QUIMICA GENERICO,7896006219613,25.26,9.78,15.480000000000002,61.3
Omeprazol 20mg c/56 caps - Uniao quimica generico,UNIAO QUIMICA GENERICO,7896006214717,37.83,7.89,29.939999999999998,79.1
Carbamazepina 20mg Suspensão de Uso Oral 100ml - União Química Genérico,UNIAO QUIMICA GENERICO,7896006226505,19.46,19.46,0.0,0.0
Oxcarbazepina 6% Suspensão de Uso Oral + Seringa - União Químca Genérico,UNIAO QUIMICA GENERICO,7896006208648,50.03,41.47,8.560000000000002,17.1
Baclofeno 10mg com 20 Comprimidos - União Química Genérico,UNIAO QUIMICA GENERICO,7896006209027,23.87,5.91,17.96,75.2
Oxcarbazepina 300mg com 30 Comprimidos - União Química Genérico,UNIAO QUIMICA GENERICO,7896006212720,51.12,30.79,20.33,39.8
"Desogestrel 0,75mg com 84 Comprimidos - União Química Genérico",UNIAO QUIMICA GENERICO,7896006231127,75.54,23.18,52.36000000000001,69.3
"Desogestrel 0,75mg com 28 Comprimidos - União Química Genérico",UNIAO QUIMICA GENERICO,7896006231103,31.46,9.47,21.990000000000002,69.9
Paracetamol + Codeína 30mg com 36 Comprimidos - União Química Genérico,UNIAO QUIMICA GENERICO,7896006219606,66.57,25.25,41.31999999999999,62.1
Trometamol Cetorolaco 10mg - 10 Comprimidos Sublinguais,UNIAO QUIMICA GENERICO,7896006299820,29.92,16.05,13.870000000000001,46.4
Brometo de Ipratrópio - 20ml - União Química,UNIAO QUIMICA GENERICO,7896006262510,13.93,3.91,10.02,71.9
Alendronato de sodio 70mg c/4 cpr - União Química,UNIAO QUIMICA GENERICO,7896006216476,19.32,5.99,13.33,69.0
Omeprazol 20mg c/28 caps - Uniao quimica generico,UNIAO QUIMICA GENERICO,7896006214670,24.19,4.25,19.94,82.4
Bromazepam 6mg com 30 Comprimidos - União Química Genérico,UNIAO QUIMICA GENERICO,7896006242758,35.12,3.48,31.639999999999997,90.1
Paracetamol 750mg 20 Comprimidos - União Química Genérico,UNIAO QUIMICA GENERICO,7896006281764,20.04,5.49,14.549999999999999,72.6
Cloridrato de Paroxetina 20mg 30 comprimidos - União Química,UNIAO QUIMICA GENERICO,7896006207436,48.58,9.94,38.64,79.5
Carbamazepina 200mg com 30 Comprimidos - União Química Genérico,UNIAO QUIMICA GENERICO,7896006225928,25.47,9.41,16.06,63.1
Acetato de Dexametasona Creme 10g - União Química Genérico,UNIAO QUIMICA GENERICO,7896006267010,10.06,2.35,7.710000000000001,76.6
Cloridrato de Propranolol 40mg com 30 Comprimidos - União Química Genérico,UNIAO QUIMICA GENERICO,7896006245247,7.94,4.37,3.5700000000000003,45.0
Fenobarbital 40mg Gotas 20ml - União Química Genérico,UNIAO QUIMICA GENERICO,7896006237167,10.67,7.41,3.26,30.6
Hidrocortisona Creme 20g - União Química Genérico,UNIAO QUIMICA GENERICO,7896006267072,13.62,10.03,3.59,26.4
Oxcarbazepina 600mg com 30 Comprimidos - União Química Genérico,UNIAO QUIMICA GENERICO,7896006208709,101.72,52.81,48.91,48.1
Cloridrato de Bupropiona 150mg c/30 Comprimidos - União Química Genérico,UNIAO QUIMICA GENERICO,7896006219552,105.97,23.9,82.07,77.4
FosfatoSódico de Prednisolona 3mg 120ml - União Química Genérico,UNIAO QUIMICA GENERICO,7896006201892,31.46,13.61,17.85,56.7
ACETILCISTEINA XPE PED 120ML,UNIAO QUIMICA GENERICO,7896006210221,30.6,24.15,6.450000000000003,21.1
Contrave 8mg+90mg - 120 Comprimidos,MERCK RX,7891721201691,949.34,575.91,373.43000000000006,39.3
Concor Anlo 5mg + 5mg com 30 Comprimidos - Merck,MERCK RX,7891721029974,98.21,80.15,18.059999999999988,18.4
Clinfar 20mg com 30 Comprimidos - Merck,MERCK RX,7891721012884,55.15,35.88,19.269999999999996,34.9
"Diclin 2mg +0,035mg com 21 Comprimidos - Merck",MERCK RX,7891721010026,24.45,18.23,6.219999999999999,25.4
Euthyrox 200mcg com 50 Comprimidos - Merck,MERCK RX,7891721014796,72.97,55.98,16.990000000000002,23.3
Euthyrox 75 mcg com 50 Comprimidos - Merck,MERCK RX,7891721014741,47.56,35.8,11.760000000000005,24.7
Euthyrox 100 mcg com 50 Comprimidos - Merck,MERCK RX,7891721014239,49.17,37.65,11.520000000000003,23.4
Euthyrox 150mg com 50 Comprimidos - Merck,MERCK RX,7891721014130,58.96,44.91,14.050000000000004,23.8
Euthyrox 50 mcg com 50 Comprimidos - Merck,MERCK RX,7891721014697,43.03,32.47,10.560000000000002,24.5
Euthyrox 25 mcg com 50 Comprimidos - Merck,MERCK RX,7891721014642,37.6,29.47,8.130000000000003,21.6
Euthyrox 125 mcg com 50 Comprimidos - Merck,MERCK RX,7891721014086,54.95,43.63,11.32,20.6
Euthyrox 175mcg com 50 Comprimidos - Merck,MERCK RX,7891721014185,66.3,54.18,12.119999999999997,18.3
Glifage XR 500mg com 30 Comprimidos - Merck,MERCK RX,7891721201806,11.65,6.99,4.66,40.0
Glifage 1g com 30 Comprimidos - Merck,MERCK RX,7891721044137,56.48,42.66,13.82,24.5
Glifage 500mg com 30 Comprimidos - Merck,MERCK RX,7891721000614,29.58,23.82,5.759999999999998,19.5
Glucovance 500mg + 5mg com 30 Comprimidos - Merck,MERCK RX,7891721026621,56.38,43.99,12.39,22.0
Glifage XR 750mg com 30 Comprimidos - Merck,MERCK RX,7891721027451,40.28,31.3,8.98,22.3
Glifage 850mg com 30 Comprimidos - Merck,MERCK RX,7891721027437,39.78,31.15,8.630000000000003,21.7
"Glucovance 500mg + 2,5mg com 30 Comprimidos - Merck",MERCK RX,7891721026614,43.39,33.2,10.189999999999998,23.5
Roxflan 5mg com 30 Comprimidos - Merck,MERCK RX,7891721012969,30.23,23.31,6.920000000000002,22.9
Roxflan 10mg com 30 Comprimidos - Merck,MERCK RX,7891721012976,59.76,45.68,14.079999999999998,23.6
Thioctacid 600mg com 30 Comprimidos - Merck,MERCK RX,7898560665097,221.33,177.44,43.890000000000015,19.8
Euthyrox 137mcg com 50 Comprimidos - Merck,MERCK RX,7891721015007,58.47,46.89,11.579999999999998,19.8
Clinfar 10mg com 30 Comprimidos Revestidos - Merck,MERCK RX,7891721003042,28.82,20.26,8.559999999999999,29.7
Euthyrox 112mcg com 50 Comprimidos - Merck,MERCK RX,7891721014987,55.4,44.71,10.689999999999998,19.3
Euthyrox 88mcg com 50 Comprimidos - Merck,MERCK RX,7891721014963,43.49,35.29,8.200000000000003,18.9
"Diclin 2mg + 0,035mg com 63 Comprimidos - Merck",MERCK RX,7891721015366,59.04,43.45,15.589999999999996,26.4
Glifage XR 1g com 30 Comprimidos - Merck,MERCK RX,7891721022579,56.03,43.84,12.189999999999998,21.8
Mesidox 2mg com 30 Comprimidos - Merck,MERCK RX,7891721023545,42.27,33.64,8.630000000000003,20.4
"Concor HCT 5/12,5mg com 30 Comprimidos - Merck",MERCK RX,7891721026706,144.64,92.9,51.73999999999998,35.8
Concor HCT 10/25mg com 30 Comprimidos - Merck,MERCK RX,7891721026676,146.58,89.99,56.59000000000002,38.6
Clinfar 40mg com 30 Comprimidos - Merck,MERCK RX,7891721016165,111.75,75.44,36.31,32.5
Concor 5mg com 30 Comprimidos - Merck,MERCK RX,7891721025105,102.86,75.25,27.61,26.8
Concor 10mg com 30 Comprimidos - Merck,MERCK RX,7891721025228,117.21,87.04,30.169999999999987,25.7
"Concor 2,5mg com 30 Comprimidos - Merck",MERCK RX,7891721024986,84.56,63.06,21.5,25.4
"Concor 1,25mg com 30 Comprimidos - Merck",MERCK RX,7891721024924,73.43,54.16,19.27000000000001,26.2
Zimiex 10mg com 30 Comprimidos - Merck,MERCK RX,7891721201837,67.53,54.95,12.579999999999998,18.6
Glifage XR 850mg com 30 Comprimidos - Merck,MERCK RX,7891721201530,41.41,31.53,9.879999999999995,23.9
Glivance XR 500mg + 30mg com 30 Comprimidos - Merck,MERCK RX,7891721029950,57.07,44.94,12.130000000000003,21.3
"Tobradex Pomada 3,5g - Alcon",ALCON,7896548198070,51.3,48.22,3.0799999999999983,6.0
Cilodex Colírio 5 ml - Alcon,ALCON,7896548161746,48.84,45.91,2.930000000000007,6.0
Maxitrol Colírio 5ml - Alcon,ALCON,7896548111987,23.72,22.3,1.4199999999999982,6.0
Tobradex Colírio 5ml - Alcon,ALCON,7896548112908,47.39,44.55,2.8400000000000034,6.0
Vigadexa Colírio 5ml - Alcon,ALCON,7896548197554,51.3,48.22,3.0799999999999983,6.0
Tobrex Colírio 5ml - Alcon,ALCON,7896548112717,39.04,36.7,2.3399999999999963,6.0
"Tobrex Pomada Oftálmica 3,5g - Alcon",ALCON,7896548198162,49.55,46.58,2.969999999999999,6.0
"Maxitrol Pomada Oftalmica 3,5g - Alcon",ALCON,7896548198285,38.69,36.37,2.3200000000000003,6.0
Ciloxan Solução Oftálmica 5ml - Alcon,ALCON,7896548112793,33.15,31.16,1.9899999999999984,6.0
Azorga Uso Oftálmico 6ml - Alcon,ALCON,7896548199855,132.19,105.08,27.11,20.5
Lubrificante Oftálmico Systane Hidratação 10ml - Alcon,ALCON,300652510149,74.9,72.96,1.940000000000012,2.6
Systane Ultra - 10ml,ALCON,300652510149,68.9,60.54,8.360000000000007,12.1
Systane Complete - 10ml,ALCON,0300651481198,69.9,69.9,0.0,0.0
Azopt Solução Oftálmica 5ml - Alcon,ALCON,7896548168745,107.13,83.84,23.289999999999992,21.7
Cerumin Gotas - 8ml,ALCON,7896548140284,18.05,16.97,1.0800000000000018,6.0
Claril Solução de Uso Oftálmico - 15ml,ALCON,7896548113479,22.57,21.22,1.3500000000000014,6.0
Claroft Uso Oftálmico com 15ml - Alcon,ALCON,7896548133613,14.51,13.64,0.8699999999999992,6.0
Florate Uso Oftálmico 5ml - Alcon,ALCON,7896548198865,40.38,35.53,4.850000000000001,12.0
Colírio Lacrima Plus - 15ml,ALCON,300651418477,32.73,28.8,3.929999999999996,12.0
Maxidex Colírio 5ml - Alcon,ALCON,7896548111727,11.43,9.83,1.5999999999999996,14.0
"Maxidex Pomada Oftálmica 3,5g - Alcon",ALCON,7896548198292,39.32,34.6,4.719999999999999,12.0
Mydriacyl Colírio 1% 5ml - Alcon,ALCON,7896548112229,22.32,19.64,2.6799999999999997,12.0
Nevanac Colírio Gotas 5ml - Alcon,ALCON,7896548197585,92.11,81.06,11.049999999999997,12.0
Oftane Solução Oftálmica - 15ml,ALCON,300651429206,69.9,69.9,0.0,0.0
Opti-Free Replenish Solução 300ml + 120ml + Estojo Para Lentes,ALCON,300650356459,89.99,89.99,0.0,0.0
Patanol Uso Oftálmico - 5ml,ALCON,7896548115251,80.54,68.46,12.080000000000013,15.0
"Patanol Uso Oftálmico - 2,5ml",ALCON,7896548140581,80.54,68.46,12.080000000000013,15.0
Systane UL - 10ml,ALCON,7896548197738,63.78,54.21,9.57,15.0
"Travatan 0,004% Bak-Free 2,5ml - Alcon",ALCON,7896548198636,183.45,155.93,27.519999999999982,15.0
Trisorb - 15ml,ALCON,0300650426404,29.35,25.83,3.520000000000003,12.0
Azorga Uso Oftálmico 5ml - Alcon,ALCON,7896548197967,106.69,88.41,18.28,17.1
Oftane Solução Oftálmica - 10ml,ALCON,7896548197677,49.9,49.9,0.0,0.0
Anestalcon Colírio 5ml - Alcon,ALCON,7896548197158,12.66,11.9,0.7599999999999998,6.0
Opti Free Puremoist Solução Multipropósito 300ml + 120ml,ALCON,300651361070,74.9,74.9,0.0,0.0
Systane UL - 15ml,ALCON,7896548198957,90.48,76.91,13.570000000000007,15.0
"Travatan 0,004% Bak-Free 5ml - Alcon",ALCON,7896548197608,366.86,311.83,55.03000000000003,15.0
Oflox Colírio 5ml - Allergan,ALLERGAN,7897316800256,53.89,50.66,3.230000000000004,6.0
Zypred Frasco 6ml - Allergan,ALLERGAN,7897316805442,92.57,87.02,5.549999999999997,6.0
Zymar Frasco com 5ml - Allergan,ALLERGAN,7897316804902,53.93,50.69,3.240000000000002,6.0
Zymar XD 3ml - Allergan,ALLERGAN,7897316805671,53.93,50.69,3.240000000000002,6.0
"Acular LS 0,4% 10ml - Allergan",ALLERGAN,7897316804742,149.77,117.5,32.27000000000001,21.5
"Alphagan-P 0,15% 5ml - Allergan",ALLERGAN,7897316804209,132.65,102.22,30.430000000000007,22.9
Alphagan Solução Oftálmica 5 ml - Allergan,ALLERGAN,7897316801017,132.65,103.95,28.700000000000003,21.6
"Atropina 0,5 5ml - Allergan",ALLERGAN,7897316801130,12.35,10.87,1.4800000000000004,12.0
Atropina 1% 5 ml - Allergan,ALLERGAN,7897316801154,13.91,12.24,1.67,12.0
Cicloplegico Colírio 5ml - Allergan,ALLERGAN,7897316801277,13.8,12.97,0.8300000000000001,6.0
Combigan Colírio 10ml - Allergan,ALLERGAN,7897316804780,229.82,195.35,34.47,15.0
Combigan Colírio 5ml - Allergan,ALLERGAN,7897316804926,152.52,129.64,22.880000000000024,15.0
Cromolerg Colírio 2% 5ml - Allergan,ALLERGAN,7897316801390,16.73,15.73,1.0,6.0
Cromolerg Colírio 4% 5ml - Allergan,ALLERGAN,7897316801413,21.18,19.91,1.2699999999999996,6.0
Dinill Solução de Uso Oftálmico - 10ml,ALLERGAN,7897316801635,17.76,16.69,1.0700000000000003,6.0
Fresh Tears Solução de Uso Oftálmico - 10ml,ALLERGAN,7897316806760,46.7,41.31,5.390000000000001,11.5
Fresh Tears Solução Oftálmica - 15ml,ALLERGAN,7897316806777,70.1,61.2,8.899999999999991,12.7
Fresh Tears Liquigel - 15ml,ALLERGAN,7897316806784,92.86,81.85,11.010000000000005,11.9
Ganfort Esteril 3ml - Allergan,ALLERGAN,7897316805053,162.6,127.88,34.72,21.4
Lumigan Colírio 5ml - Allergan,ALLERGAN,7897316805183,297.56,222.84,74.72,25.1
Lumigan 3ml - Allergan,ALLERGAN,7897316804179,198.35,148.65,49.69999999999999,25.1
Optive - 10ml,ALLERGAN,7897316806371,62.09,53.03,9.060000000000002,14.6
Optive - 15ml,ALLERGAN,7897316806388,92.49,79.92,12.569999999999993,13.6
Pilocarpina Colírio 2% 10ml Frumt - Allergan,ALLERGAN,7897316802236,43.78,38.53,5.25,12.0
Pilocarpina Colírio 1% 10ml Frumt - Allergan,ALLERGAN,7897316802212,31.08,27.35,3.729999999999997,12.0
Pred Fort Oftálmica 5ml - Allergan,ALLERGAN,7897316800300,56.92,48.38,8.54,15.0
Relestat Colírio 5ml - Allergan,ALLERGAN,7897316805299,82.44,65.73,16.709999999999994,20.3
Still Colírio 5ml - Allergan,ALLERGAN,7897316802335,21.94,20.62,1.3200000000000003,6.0
"Alphagan Z 0,10% Solução Oftálmica 5ml - Allergan",ALLERGAN,7897316805268,69.51,54.29,15.220000000000006,21.9
Optive Ud - 30 Flaconetes,ALLERGAN,7897316806630,128.9,74.47,54.43000000000001,42.2
Lumigan RC Colírio 3ml - Allergan,ALLERGAN,7897316805404,160.21,124.06,36.150000000000006,22.6
"Lastacaft 0,25% 3ml - Allergan",ALLERGAN,7897316806012,77.63,62.13,15.499999999999993,20.0
Ganfort 5ml - Allergan,ALLERGAN,7897316805237,271.04,212.37,58.670000000000016,21.6
Latisse Gotas 5ml + 100 Aplicadores - Allergan,ALLERGAN,7897316805459,278.38,210.77,67.60999999999999,24.3
Lumigan RC Colírio 5ml - Allergan,ALLERGAN,7897316805411,266.96,204.07,62.889999999999986,23.6
Acular LS Colírio 5ml - Allergan,ALLERGAN,7897316804735,74.94,58.59,16.349999999999994,21.8
Triplenex Solução Oftálmica 5ml - Allergan,ALLERGAN,7897316806623,259.3,220.41,38.890000000000015,15.0
Avalox 400mg com 7 Comprimidos - Bayer RX,BAYER RX,7891106003384,329.89,257.5,72.38999999999999,21.9
Avalox 400mg com 5 Comprimidos - Bayer RX,BAYER RX,7891106003377,272.47,214.49,57.98000000000002,21.3
Angeliq com 28 Comprimidos - Bayer RX,BAYER RX,7891106913911,140.04,100.18,39.859999999999985,28.5
Aspirina Prevent 100mg com 30 Comprimidos - Bayer,BAYER RX,7891106001946,24.34,18.9,5.440000000000001,22.4
Baycuten N Creme 40g - Bayer RX,BAYER RX,7891106000956,48.22,42.43,5.789999999999999,12.0
Beneroc com 100 Drágeas - Bayer,BAYER RX,7891106909457,45.18,39.76,5.420000000000002,12.0
Canesten Spray - 30ml,BAYER RX,7891106914963,63.64,56.0,7.640000000000001,12.0
Canesten Creme - 20g,BAYER RX,7891106900591,31.87,28.05,3.8200000000000003,12.0
Cicloprimogyna com 21 Comprimidos - Bayer RX,BAYER RX,7891106913935,14.82,11.34,3.4800000000000004,23.5
Climene Estojo com 21 Drágeas - Bayer,BAYER RX,7896006201564,41.65,31.23,10.419999999999998,25.0
Diane 35 com 21 Comprimidos - Bayer RX,BAYER RX,7891106913966,41.18,30.52,10.66,25.9
Ephynal 400 mg com 30 Cápsulas - Bayer,BAYER RX,7891106006149,66.43,58.46,7.970000000000006,12.0
Gyno Icaden Óvulo 600 mg com 1 Dedeira - Bayer RX,BAYER RX,7501303484151,109.54,96.4,13.14,12.0
Levitra 10mg com 1 Comprimido - Bayer RX,BAYER RX,7891106005524,42.75,37.62,5.130000000000003,12.0
Mesigyna 50mg/ml com 1 Ampola - Bayer,BAYER RX,7891106911337,46.82,29.9,16.92,36.1
Primogyna 1mg com 28 Comprimidos - Bayer RX,BAYER RX,7891106914031,55.28,40.67,14.61,26.4
Qlaira com 26 + 2 Comprimidos Revestidos - Bayer RX,BAYER RX,7891106904582,73.89,60.09,13.799999999999997,18.7
Ultraproct LDO Creme 30g + Aplicador,BAYER RX,7898953165296,46.87,41.25,5.619999999999997,12.0
Xarelto 20mg com 28 Comprimidos - Bayer RX,BAYER RX,7891106907064,380.66,285.79,94.87,24.9
Xarelto 15mg com 28 Comprimidos - Bayer RX,BAYER RX,7891106907019,380.66,284.42,96.24000000000001,25.3
Nebido Injeção 250mg com 1 Ampola 4ml - Bayer RX,BAYER RX,7898582382408,842.56,560.45,282.1099999999999,33.5
Diane 35 com 3 Caixas de 21  Comprimidos - Bayer RX,BAYER RX,7891106913959,87.79,64.61,23.180000000000007,26.4
Primogyna 2mg com 28 Comprimidos - Bayer RX,BAYER RX,7891106914048,110.53,84.94,25.590000000000003,23.2
Xarelto 10mg com 10 Comprimidos - Bayer,BAYER RX,7891106007030,135.96,115.57,20.390000000000015,15.0
Xarelto 15mg com 14 Comprimidos - Bayer,BAYER RX,7891106907002,190.33,161.78,28.55000000000001,15.0
Allurene 2mg com 28 Comprimidos - Bayer RX,BAYER RX,7891106906890,238.59,180.99,57.599999999999994,24.1
Xarelto 10mg com 30 Comprimidos - Bayer RX,BAYER RX,7891106007047,407.89,303.22,104.66999999999996,25.7
Yaz com 24+4 Comprimidos - Bayer RX,BAYER RX,7891106915342,112.5,95.63,16.870000000000005,15.0
Yasmin 1 Blister 28 Comprimidos - Bayer RX,BAYER RX,7891106915311,112.5,81.41,31.090000000000003,27.6
"Yasmin 3mg + 0,03mg com 84 Comprimidos - Bayer RX",BAYER RX,7891106915335,337.44,206.61,130.82999999999998,38.8
Yaz Flex com 30 Comprimidos - Bayer RX,BAYER RX,7891106914178,140.59,119.5,21.090000000000003,15.0
"Xarelto 2,5mg com 30 Comprimidos - Bayer RX",BAYER RX,7891106908184,204.01,160.61,43.39999999999998,21.3
"Xarelto 2,5mg com 60 Comprimidos - Bayer RX",BAYER RX,7891106908191,407.99,346.79,61.19999999999999,15.0
Nitrofen 100mg com 28 Cápsulas - Teuto,TEUTO SIMILAR,7896112161158,17.02,15.57,1.4499999999999993,8.5
Dexavison Solução de Uso Oftálmico - 5ml,TEUTO SIMILAR,7896112140306,9.71,4.32,5.390000000000001,55.5
Venaflon 450mg/50mg com 60 Comprimidos - Teuto,TEUTO SIMILAR,7896112116554,162.62,51.33,111.29,68.4
Venaflon 900+100mg c/30 cpr,TEUTO SIMILAR,7896112102908,133.2,55.64,77.55999999999999,58.2
Aerodini Spray com 200 Doses - Teuto,TEUTO SIMILAR,7896112147640,45.82,17.26,28.56,62.3
Naprox 500mg c/20 cpr,TEUTO SIMILAR,7896112123675,36.45,16.51,19.94,54.7
Ibupril 300mg com 20 Comprimidos - Teuto,TEUTO SIMILAR,7896112140931,15.81,8.55,7.26,45.9
Teutovit E 400ui com 30 Cápsulas - Teuto,TEUTO SIMILAR,7896112116929,40.54,14.85,25.689999999999998,63.4
Venaflon c/30cp,TEUTO SIMILAR,7896112115151,92.75,28.99,63.760000000000005,68.7
CETOCORT N CR 30G,TEUTO SIMILAR,7896112127758,29.18,29.18,0.0,0.0
Digestil 10mg c/20 cpr,TEUTO SIMILAR,7896112170273,20.46,12.82,7.640000000000001,37.3
Beneum 300mg com 30 Comprimidos - Teuto,TEUTO SIMILAR,7896112103776,30.37,21.44,8.93,29.4
Venaflon 900+100mg c/60 cpr,TEUTO SIMILAR,7896112104070,253.06,92.98,160.07999999999998,63.3
Asmofen Xarope - 120ml,TEUTO SIMILAR,7896112143369,25.28,12.64,12.64,50.0
Baclofen 10mg com 20 Comprimidos - Teuto,TEUTO SIMILAR,7896112141693,26.05,5.83,20.22,77.6
Cetocort Creme - 30g,TEUTO SIMILAR,7896112143598,21.64,10.64,11.0,50.8
Colírio Teuto - 20ml,TEUTO SIMILAR,7896112141655,11.52,5.0,6.52,56.6
Dexason Creme com 10g - Teuto,TEUTO SIMILAR,7896112140269,10.99,4.48,6.51,59.2
Dexason 4mg - 10 comprimidos,TEUTO SIMILAR,7896112140252,11.13,6.03,5.1000000000000005,45.8
Dexason Elixir com 100ml - Teuto,TEUTO SIMILAR,7896112127673,11.14,8.64,2.5,22.4
Digestil gts 20ml,TEUTO SIMILAR,7896112141679,15.72,5.53,10.190000000000001,64.8
Ibupril 600mg c/20 cpr,TEUTO SIMILAR,7896112158363,19.45,7.09,12.36,63.5
Profergan 25mg c/20 cpr,TEUTO SIMILAR,7896112148685,11.92,5.06,6.86,57.6
Ferronil 40mg c/50 cpr,TEUTO SIMILAR,7896112144892,16.71,9.4,7.3100000000000005,43.7
Cetofenid Gotas - 20ml,TEUTO SIMILAR,7896112156482,17.04,5.53,11.509999999999998,67.5
Bio Soak Solução Para Lente De Contato - 360ml,TEUTO SIMILAR,7896112165538,50.0,41.9,8.100000000000001,16.2
Ibupril 400mg com 10 Cápsulas - Teuto,TEUTO SIMILAR,7896112160298,18.28,7.99,10.290000000000001,56.3
Flobac Pro 55mg - 30 cápsulas,TEUTO SIMILAR,7896112101666,59.9,43.46,16.439999999999998,27.4
Lestalgyn Xarope com 120ml - Teuto,TEUTO SIMILAR,7896112122289,22.44,11.39,11.05,49.2
Fenaflan Ice Aerosol com 150g - Teuto,TEUTO SIMILAR,7896112102441,19.9,16.06,3.84,19.3
Lut Vision com 60 Cápsulas - Teuto,TEUTO SIMILAR,7896112103752,69.9,44.06,25.840000000000003,37.0
Afopic 5mg - 20 comprimidos,TEUTO SIMILAR,7896112198246,12.8,5.71,7.090000000000001,55.4
Albentel gts 10ml,TEUTO SIMILAR,7896112197478,10.0,3.74,6.26,62.6
Profergan Creme com 30g - Teuto,TEUTO SIMILAR,7896112180616,17.55,15.1,2.450000000000001,14.0
"Acertalix 10mg + 2,5mg com 30 Comprimidos - Servier",SERVIER,7898029550421,150.18,127.65,22.53,15.0
"Triplixam 5mg + 1,25mg + 10mg com 30 Comprimidos - Servier",SERVIER,7898029550810,95.3,81.01,14.289999999999992,15.0
"Triplixam 10 + 2,5 + 10mg com 30 Comprimidos - Servier",SERVIER,7898029550834,136.14,115.72,20.419999999999987,15.0
"Triplixam 5mg + 1,25mg + 5mg com 30 Comprimidos - Servier",SERVIER,7898029550803,84.57,71.88,12.689999999999998,15.0
"Acertalix 5/1,25mg com 30 Comprimidos - Servier",SERVIER,7898029550407,104.82,89.1,15.719999999999999,15.0
"Triplixam 10mg + 2,5mg + 5mg com 30 Comprimidos - Servier",SERVIER,7898029550827,123.58,105.04,18.539999999999992,15.0
Acertil 5mg com 60 Comprimidos - Servier,SERVIER,7898029550223,154.96,131.72,23.24000000000001,15.0
Vastarel Caps LP 80mg com 30 Cápsulas - Servier,SERVIER,7898029558755,203.64,173.09,30.549999999999983,15.0
Arcalion com 20 Drágeas - Servier,SERVIER,7898029550124,59.53,50.6,8.93,15.0
Arcalion 200mg com 60 Drágeas - Servier,SERVIER,7898029550131,172.48,146.61,25.869999999999976,15.0
Coversyl Plus com 30 Comprimidos - Servier,SERVIER,7898029551244,128.23,107.44,20.789999999999992,16.2
Daflon 500mg com 60 Comprimidos - Servier,SERVIER,7898029551787,221.27,164.9,56.370000000000005,25.5
Daflon 500mg com 30 Comprimidos - Servier,SERVIER,7898029551770,129.5,98.9,30.599999999999994,23.6
Diamicron MR 30mg com 60 Comprimidos - Servier,SERVIER,7898029552135,101.43,80.04,21.39,21.1
Diamicron MR 30mg com 30 Comprimidos - Servier,SERVIER,7898029552128,50.96,40.39,10.57,20.7
Natrilix SR com 30 Comprimidos - Servier,SERVIER,7898029556829,57.77,42.9,14.870000000000005,25.7
"Natrilix 2,5mg com 30 Drágeas - Servier",SERVIER,7898029556539,59.17,46.89,12.280000000000001,20.8
Vastarel MR 35mg com 30 Comprimidos - Servier,SERVIER,7898029558809,94.99,78.32,16.67,17.5
Vastarel MR 35mg com 60 Comprimidos - Servier,SERVIER,7898029558816,189.96,155.0,34.96000000000001,18.4
Procoralan 5mg com 56 Comprimidos - Servier,SERVIER,7898029557123,183.62,140.9,42.72,23.3
"Procoralan 7,5mg com 56 Comprimidos - Servier",SERVIER,7898029557154,206.13,154.9,51.22999999999999,24.9
Diamicron MR 60mg com 30 Comprimidos - Servier,SERVIER,7898029552203,101.94,86.65,15.289999999999992,15.0
Diamicron MR 60mg com 60 Comprimidos - Servier,SERVIER,7898029552210,203.88,203.88,0.0,0.0
Brilinta 90mg com 60 Comprimidos - Servier,SERVIER,7896206403409,496.3,390.46,105.84000000000003,21.3
Natrilix SR com 60 Comprimidos - Servier,SERVIER,7898029556812,83.66,61.9,21.759999999999998,26.0
Daflon 1000mg com 30 Comprimidos - Servier,SERVIER,7898029551848,183.77,129.9,53.870000000000005,29.3
Acertil 10mg com 30 Comprimidos - Servier,SERVIER,7898029550247,103.31,87.81,15.5,15.0
Daflon 1000mg com 60 Comprimidos - Servier,SERVIER,7898029551855,328.49,249.9,78.59,23.9
Acertanlo 14mg+10mg com 30 Comprimidos - Servier,SERVIER,7898029550353,153.64,130.59,23.049999999999983,15.0
"Acertanlo 3,5mg + 2,5mg com 30 Comprimidos - Servier",SERVIER,7898029550315,65.27,55.48,9.79,15.0
Acertanlo 7mg + 5mg com 30 Comprimidos - Servier,SERVIER,7898029550339,88.75,75.44,13.310000000000002,15.0
Acertil 5mg com 30 Comprimidos - Servier,SERVIER,7898029550216,77.44,65.82,11.620000000000005,15.0
Acertil 10mg com 60 Comprimidos - Servier,SERVIER,7898029550254,206.6,143.9,62.69999999999999,30.3
Daflon Flex 1000mg com 30 Envelopes - Servier,SERVIER,7898029550766,183.77,156.2,27.57000000000002,15.0
Petamig 50mg com 30 Comprimidos - Herbarium,HERBARIUM,7896083412198,20.0,20.0,0.0,0.0
Maracuja 320mg com 20 Comprimidos - Herbarium,HERBARIUM,7896083412228,21.73,21.73,0.0,0.0
Cannabis Sativa 43mg/ml 30ml - Herbarium,HERBARIUM,7896083412358,629.52,520.55,108.97000000000003,17.3
Isoflavine 150mg com 30 Comprimidos - Herbarium,HERBARIUM,7896083400928,139.47,118.55,20.92,15.0
Isoflavine 75mg com 30 Comprimidos - Herbarium,HERBARIUM,7896083400775,80.22,70.59,9.629999999999995,12.0
Imunocran - 30 Cápsulas,HERBARIUM,7896083412174,93.89,93.89,0.0,0.0
Colicaliv Gotas - 30ml,HERBARIUM,7896083412082,84.9,81.93,2.969999999999999,3.5
Imunoflan Zero Acúcar com 200ml - Herbarium,HERBARIUM,7896083411764,185.32,157.52,27.799999999999983,15.0
Gamaline V com 30 Cápsulas - Herbarium,HERBARIUM,7896083402557,175.29,149.0,26.289999999999992,15.0
Kaloba 825mg/ml 20ml - Herbarium,HERBARIUM,7896641804380,99.35,84.45,14.899999999999991,15.0
Guaco Edulito Herbarium Xarope - 120ml,HERBARIUM,7896083404094,51.32,37.15,14.170000000000002,27.6
Tebonin 80mg com 30 Comprimidos - Herbarium,HERBARIUM,7896641807381,264.69,200.65,64.03999999999999,24.2
Kaloba Gotas 50ml - Herbarium,HERBARIUM,7896641804397,155.79,132.42,23.370000000000005,15.0
Clifemin com 30 Comprimidos - Herbarium,HERBARIUM,7896083402540,142.22,120.89,21.33,15.0
Guaco Xarope - 120ml,HERBARIUM,7896083404070,48.47,27.18,21.29,43.9
Ômega Mater 300+120mg - 30 Cápsulas,HERBARIUM,7896083410699,99.9,92.95,6.950000000000003,7.0
Androsten 94mg com 30 Comprimidos - Herbarium,HERBARIUM,7896083410248,144.01,122.41,21.599999999999994,15.0
Imunoflan Xarope 120ml - Herbarium,HERBARIUM,7896083402625,129.43,110.02,19.41000000000001,15.0
Androsten Uno com 15 Comprimidos - Herbarium,HERBARIUM,7896083410323,205.4,174.59,30.810000000000002,15.0
Cognitus 225mg com 60 Comprimidos - Herbarium,HERBARIUM,7896083410552,144.25,126.94,17.310000000000002,12.0
Traumeel com 50 Comprimidos - Herbarium,HERBARIUM,7898908753141,79.9,79.36,0.5400000000000063,0.7
Traumeel Pomada com 50g - Herbarium,HERBARIUM,7898908753172,73.69,73.69,0.0,0.0
"Traumeel S Injetável com 10 Ampolas 2,2ml - Herbarium",HERBARIUM,7898908753257,194.99,194.99,0.0,0.0
Vertigoheel - 50 comprimidos,HERBARIUM,7898908753097,74.9,73.04,1.8599999999999994,2.5
Cran-B Cr - 30 sachês,HERBARIUM,7896083410958,179.9,165.41,14.490000000000009,8.1
Cran-B Cr - 30 Comprimidos,HERBARIUM,7896083411399,99.9,94.37,5.530000000000001,5.5
Zeel - 50 comprimidos,HERBARIUM,7898908753134,59.99,59.99,0.0,0.0
Kaloba 20mg com 21 Comprimidos - Herbarium,HERBARIUM,7896641808227,114.94,97.7,17.239999999999995,15.0
Prostatal 160mg com 30 Cápsulas - Herbarium,HERBARIUM,7896083410415,155.67,122.99,32.67999999999999,21.0
Omater Gest com 30 Cápsulas - Herbarium,HERBARIUM,7896083411610,109.9,103.43,6.469999999999999,5.9
Simpli D 2.000ui - 20ml,HERBARIUM,7896083411801,37.89,22.01,15.879999999999999,41.9
Neurexan com 50 Comprimidos - Herbarium,HERBARIUM,7898908753301,69.9,66.09,3.8100000000000023,5.5
Convivia com 60 Comprimidos - Cellera,CELLERA,7893454714820,149.99,121.5,28.49000000000001,19.0
Benerva 300mg com 60 Comprimidos - Cellera,CELLERA,7893454714523,62.32,54.84,7.479999999999997,12.0
Alenthus Xarope 75mg com 30 Cápsulas - Cellera,CELLERA,7896422514484,119.25,92.71,26.540000000000006,22.3
Benerva 300mg com 30 Comprimidos - Cellera,CELLERA,7893454714325,34.61,30.46,4.149999999999999,12.0
Concerta 18mg com 30 Comprimidos - Janssen,CELLERA,7896212420100,312.96,259.35,53.60999999999996,17.1
Imosec 2mg com 12 Comprimidos - Janssen,CELLERA,7896212478750,11.66,10.03,1.6300000000000008,14.0
Mestinon 60mg com 60 Comprimidos - Cellera,CELLERA,7893454101569,54.63,48.07,6.560000000000002,12.0
Motilium com 60 Comprimidos - Janssen,CELLERA,7896212429745,66.47,56.5,9.969999999999999,15.0
Motilium Uso Oral 100ml - Janssen,CELLERA,7896212414468,83.52,70.99,12.530000000000001,15.0
Motilium 200ml - Janssen,CELLERA,7896212422777,103.37,87.86,15.510000000000005,15.0
Motilium Cartucho com 30 Comprimidos - Janssen,CELLERA,7896212429738,35.04,29.78,5.259999999999998,15.0
Pamelor 10mg com 30 Comprimidos - Cellera,CELLERA,7893454101668,40.68,31.49,9.190000000000001,22.6
Pamelor 25mg com 30 Cápsulas - Cellera,CELLERA,7893454101699,63.62,48.62,15.0,23.6
Pamelor 75mg com 30 Cápsulas - Cellera,CELLERA,7893454101736,125.37,93.65,31.72,25.3
Pamelor 50mg com 30 Cápsulas - Cellera,CELLERA,7893454101729,92.86,70.5,22.36,24.1
"Tylex 7,5mg com 12 Comprimidos - Cellera",CELLERA,7893454714844,33.69,29.65,4.039999999999999,12.0
Tylex 30mg com 12 Comprimidos - Cellera,CELLERA,7893454714851,46.44,40.87,5.57,12.0
Valdoxan 25mg com 28 Comprimidos - GSK,CELLERA,7898029558595,279.13,219.9,59.22999999999999,21.2
Concerta 36mg com 30 Comprimidos - Janssen,CELLERA,7896212420117,425.3,346.35,78.94999999999999,18.6
Alenthus Xarope 150mg com 30 Cápsulas - Cellera,CELLERA,7896422514460,140.15,110.35,29.80000000000001,21.3
Tylex 30mg com 24 Comprimidos - Cellera,CELLERA,7893454714868,90.56,77.88,12.680000000000007,14.0
Concerta 54mg com 30 Comprimidos - Janssen,CELLERA,7896212420124,425.31,344.65,80.66000000000003,19.0
Motilium com 90 Comprimidos - Janssen,CELLERA,7896212424597,85.75,72.89,12.86,15.0
Nourkrin Mulher com 60 Comprimidos,CELLERA,7899850900553,332.9,249.84,83.05999999999997,25.0
"Alenthus Xarope 37,5mg com 30 Cápsulas - Cellera",CELLERA,7896422519908,59.13,50.26,8.870000000000005,15.0
Baristar com 30 Cápsulas - Cellera,CELLERA,7896422544894,64.9,59.35,5.550000000000004,8.6
Baristar com 100 Cápsulas - Cellera,CELLERA,7896422544917,149.9,127.59,22.310000000000002,14.9
Valdoxan 25mg com 56 Comprimidos - GSK,CELLERA,7898029558618,455.66,334.9,120.76000000000005,26.5
Culturelle Probiótico Júnior - 10 Comprimidos Mastigáveis,CELLERA,7893454714745,54.9,50.72,4.18,7.6
Culturelle Probiótico com 30 Cápsulas - Cellera,CELLERA,7893454714813,173.99,159.01,14.980000000000018,8.6
Culturelle Probiótico Júnior - 6 Sachês,CELLERA,7893454714776,34.99,34.99,0.0,0.0
Culturelle Probiótico - 10 cápsulas,CELLERA,7893454714806,64.9,59.89,5.010000000000005,7.7
Azitromicina 500mg com 3 Comprimidos - Globo Genérico,GLOBO GENERICO,7898060132501,18.04,5.58,12.459999999999999,69.1
Azitromicina 500mg com 5 Comprimidos - Globo Genérico,GLOBO GENERICO,7898060132518,31.56,9.31,22.25,70.5
Norfloxacino 400mg com 14 Comprimidos - Globo Genérico,GLOBO GENERICO,7898060132686,27.8,10.24,17.560000000000002,63.2
Levofloxacino 500mg com 7 Comprimidos - Globo Genérico,GLOBO GENERICO,7899620912670,67.97,10.22,57.75,85.0
Levofloxacino 500mg com 10 Comprimidos - Globo Genérico,GLOBO GENERICO,7899620912687,84.11,14.96,69.15,82.2
Risperidona 2mg com 30 Comprimidos - Globo Genérico,GLOBO GENERICO,7899620915404,37.22,9.09,28.13,75.6
Risperidona 3mg com 30 Comprimidos - Globo Genérico,GLOBO GENERICO,7899620915442,43.44,10.39,33.05,76.1
Risperidona 1mg com 30 Comprimidos - Globo Genérico,GLOBO GENERICO,7899620915367,35.06,7.31,27.750000000000004,79.2
Captopril 25mg com 30 Comprimidos - Globo Genérico,GLOBO GENERICO,7899620910133,12.4,2.23,10.17,82.0
Simeticona 40mg 20 comprimidos - Globo,GLOBO GENERICO,7899620912441,10.67,4.3,6.37,59.7
Ciclopirox Olamina Creme 20g - Globo Genérico,GLOBO GENERICO,7898060132761,24.42,11.34,13.080000000000002,53.6
Cetoconazol 200mg com 30 Comprimidos - Globo Genérico,GLOBO GENERICO,7899620911376,77.76,15.59,62.17,80.0
Cloridrato de Ciclobenzaprina 5mg com 15 Comprimidos - Globo Genérico,GLOBO GENERICO,7898060139913,11.89,3.51,8.38,70.5
Loratadina Xarope 100ml - Globo Genérico,GLOBO GENERICO,7898060137544,24.63,12.53,12.1,49.1
Cloridrato de Ambroxol Xarope Pediátrico 120ml - Globo,GLOBO GENERICO,7899620912991,25.7,9.83,15.87,61.8
Cloridrato de Loperamida 2mg - 12 comprimidos,GLOBO GENERICO,7898060132600,6.13,5.84,0.29000000000000004,4.7
Cloridrato de Sertralina 100mg com 30 Comprimidos - Globo Genérico,GLOBO GENERICO,7899620911284,93.38,18.59,74.78999999999999,80.1
Nimesulida Gotas 15ml - Globo,GLOBO GENERICO,7899620914155,16.29,3.69,12.6,77.3
Acebrofilina Xarope Pediátrico 120ml - Globo Genérico,GLOBO GENERICO,7899620912748,20.64,15.28,5.360000000000001,26.0
Cloridrato de Sertralina 50mg com 30 Comprimidos - Globo Genérico,GLOBO GENERICO,7899620911277,44.14,8.35,35.79,81.1
Cloridrato de Ciclobenzaprina 10mg com 15 Comprimidos - Globo Genérico,GLOBO GENERICO,7898060139944,14.56,6.14,8.420000000000002,57.8
Omeprazol 20mg c/28 caps - Globo generico,GLOBO GENERICO,7898060134147,22.2,4.24,17.96,80.9
Acebrofilina Xarope Adulto 120ml - Globo Genérico,GLOBO GENERICO,7899620912731,32.73,17.08,15.649999999999999,47.8
Cloridrato de Ciclobenzaprina 5mg com 30 Comprimidos - Globo Genérico,GLOBO GENERICO,7898060139920,18.47,4.27,14.2,76.9
Fluconazol 150mg com 1 Cápsula - Globo Genérico,GLOBO GENERICO,7899620911963,11.72,1.53,10.190000000000001,86.9
"Desonida 0,5mg Creme 30g - Globo Genérico",GLOBO GENERICO,7898060132563,16.68,8.6,8.08,48.4
Secnidazol 1000mg com 4 Comprimidos - Globo Genérico,GLOBO GENERICO,7899620911864,34.98,6.28,28.699999999999996,82.0
Cloridrato de Ambroxol Xarope Adulto - 120ml,GLOBO GENERICO,7899620913004,23.75,10.21,13.54,57.0
Simeticona Gotas 15ml - Globo,GLOBO GENERICO,7899620912458,9.1,3.02,6.08,66.8
Secnidazol 1000mg com 2 Comprimidos - Globo Genérico,GLOBO GENERICO,7899620911857,20.22,3.82,16.4,81.1
Maleato de Dexclorfeniramina + Betametasona 120ml - Globo Genérico,GLOBO GENERICO,7898060132075,22.2,12.9,9.299999999999999,41.9
Cloridrato de Bromexina Xarope Infantil 120ml - Globo,GLOBO GENERICO,7898060131146,20.33,13.05,7.279999999999998,35.8
Doiska 180mcg com 30 Comprimidos - Biolab,BIOLAB AVERT OTC,7896112403371,123.07,123.07,0.0,0.0
Disfor Caps Com 60 Cápsulas Gelatinosas Moles - Biolab,BIOLAB AVERT OTC,7896112401186,129.22,97.45,31.769999999999996,24.6
Suplemento Alimentar Prest 615mg com 30 Cápsulas - Biolab,BIOLAB AVERT OTC,7896112407003,217.49,158.89,58.60000000000002,26.9
Sarcopore Colágeno Hidrolisado com 30 Sachês 16g - Biolab,BIOLAB AVERT OTC,7896112406150,222.48,209.69,12.789999999999992,5.7
VonauGasMax 250mg - 20 Cápsulas,BIOLAB AVERT OTC,7896112407188,42.9,21.49,21.41,49.9
VonauGasMax 250mg - 10 Cápsulas,BIOLAB AVERT OTC,7896112407171,22.9,13.78,9.12,39.8
Gel Bucal Ad.muc Kids - 10g,BIOLAB AVERT OTC,7896112403340,64.9,53.5,11.400000000000006,17.6
"OralZ 2mg/0,5ml Suspensão Uso Oral 75ml - Biolab",BIOLAB AVERT OTC,7896112403296,34.9,30.46,4.439999999999998,12.7
Fly 250mg - 20 Cápsulas,BIOLAB AVERT OTC,7896112405801,38.9,35.66,3.240000000000002,8.3
Fly 250mg - 10 Cápsulas,BIOLAB AVERT OTC,7896112403005,24.9,21.84,3.0599999999999987,12.3
Trifor Colágeno - 30 sachês,BIOLAB AVERT OTC,7896112402411,198.9,176.41,22.49000000000001,11.3
Sarcoplex com 30 Sachês - Biolab,BIOLAB AVERT OTC,7896112402602,291.9,267.02,24.879999999999995,8.5
Ad-Muc Pomada - 10g,BIOLAB AVERT OTC,7896112452461,44.57,39.22,5.350000000000001,12.0
Sinustrat neb 10 ml,BIOLAB AVERT OTC,7896082900269,18.96,17.82,1.1400000000000006,6.0
Sinustrat Spray - 10ml,BIOLAB AVERT OTC,7896082900337,22.38,19.69,2.6899999999999977,12.0
Doss 1.000ui com 30 cápsulas - Biolab,BIOLAB AVERT OTC,7896112402329,48.57,41.28,7.289999999999999,15.0
Sinustrat Solução de Uso Nasal - 30ml,BIOLAB AVERT OTC,7896082900276,27.6,22.25,5.350000000000001,19.4
Fascia Laranja 30 Sachês com 11g cada - Biolab,BIOLAB AVERT OTC,7898942324406,186.9,178.58,8.319999999999993,4.5
Doss 1000ui com 90 Cápsulas - Biolab,BIOLAB AVERT OTC,7896112402336,105.37,89.56,15.810000000000002,15.0
Pantogar Neo - 60 Cápsulas,BIOLAB AVERT OTC,7896112407164,139.9,134.86,5.039999999999992,3.6
Onicut - 60 Cápsulas,BIOLAB AVERT OTC,7896112400363,99.9,98.82,1.0800000000000125,1.1
Fascia Abacaxi 30 Sachês com 11g Cada - Biolab,BIOLAB AVERT OTC,7898549758413,186.9,186.9,0.0,0.0
"Disfor Artro com 30 Sachês com 11,5g cada - Biolab",BIOLAB AVERT OTC,7898549750127,184.9,184.9,0.0,0.0
Disfor Sabor Laranja com 45 Sachês com 11g - Biolab,BIOLAB AVERT OTC,7898549750240,179.9,179.9,0.0,0.0
Doss 2000ui com 30 Cápsulas - Biolab,BIOLAB AVERT OTC,7896112402343,47.47,40.35,7.119999999999997,15.0
Loção Antiqueda Pantogar Top com 80ml - Biolab,BIOLAB AVERT OTC,7896112400493,154.9,153.97,0.9300000000000068,0.6
Disfor com 30 Cápsulas - Biolab,BIOLAB AVERT OTC,7896112401179,105.9,89.13,16.77000000000001,15.8
Sarcopen com 30 Sachês - Biolab,BIOLAB AVERT OTC,7896112401001,214.99,214.99,0.0,0.0
Doss 1000ui Gotas com 10ml - Biolab,BIOLAB AVERT OTC,7896112401711,49.9,47.75,2.1499999999999986,4.3
Doss 2.000ui com 90 Cápsulas - Biolab,BIOLAB AVERT OTC,7896112402404,129.9,129.9,0.0,0.0
Affer Spray Umidificante Bucal - 30ml,BIOLAB AVERT OTC,7896112402046,69.97,61.57,8.399999999999999,12.0
Sinusec Spray Nasal - 30ml,BIOLAB AVERT OTC,7896112402053,46.9,44.6,2.299999999999997,4.9
Levofloxacino 750mg com 5 Comprimidos - Sandoz Genérico,SANDOZ GENERICO,7897595637505,59.89,29.01,30.88,51.6
Amoxicilina + Clavulanato Potássio 250mg 75ml - Sandoz Genérico,SANDOZ GENERICO,7897595605276,72.11,30.2,41.91,58.1
Cloridrato de Doxiciclina 100mg com 15 Comprimidos - Sandoz Genérico,SANDOZ GENERICO,7897595602473,52.12,19.01,33.11,63.5
Amoxicilina + Clavulanato de Potássio 500mg com 14 comprimidos - Sandoz Genérico,SANDOZ GENERICO,7897595624635,100.21,72.9,27.309999999999988,27.3
Amoxicilina + Clavulanato de Potássio 500mg com 21 comprimidos - Sandoz Genérico,SANDOZ GENERICO,7897595624642,149.98,120.2,29.779999999999987,19.9
Amoxicilina + Clavulanato de Potássio 500mg com 12 Comprimidos - Sandoz Genérico,SANDOZ GENERICO,7897595633309,85.57,65.94,19.629999999999995,22.9
Simeticona 125mg com 10 Cápsulas - Sandoz,SANDOZ GENERICO,7897595615480,18.99,3.19,15.799999999999999,83.2
Atenolol 50mg com 30 Comprimidos - Sandoz Genérico,SANDOZ GENERICO,7897595602589,24.61,3.25,21.36,86.8
"Losartana Potássica + Hidrocloritiazida 50/12,5mg com 30 Comprimidos - Sandoz Genérico",SANDOZ GENERICO,7897595625106,37.09,9.4,27.690000000000005,74.7
Cloridrato de Clomipramina 25mg com 20 Comprimidos - Sandoz Genérico,SANDOZ GENERICO,7897595637604,32.27,24.83,7.440000000000005,23.1
Amoxicilina + Clavulanato de Potássio 500mg com 30 Comprimidos,SANDOZ GENERICO,7897595637161,180.82,155.45,25.370000000000005,14.0
Alopurinol 100mg cm 30 Comprimidos - Sandoz Genérico,SANDOZ GENERICO,7897595605900,13.56,8.71,4.85,35.8
Valsartana + Anlodipino 160mg + 5mg com 28 Comprimidos - Sandoz Genérico,SANDOZ GENERICO,7897595634917,76.3,51.41,24.89,32.6
Anastrozol 1mg - 30 Comprimidos - Sandoz,SANDOZ GENERICO,7897595633927,922.7,57.25,865.45,93.8
Sinvastatina 10mg com 30 Comprimidos - Sandoz Genérico,SANDOZ GENERICO,7897595609816,26.18,4.03,22.15,84.6
Sinvastatina 20mg com 30 Comprimidos - Sandoz Genérico,SANDOZ GENERICO,7897595609854,123.59,5.49,118.10000000000001,95.6
Sinvastatina 40mg com 30 Comprimidos - Sandoz Genérico,SANDOZ GENERICO,7897595609892,146.86,4.88,141.98000000000002,96.7
Mirtazapina 15mg com 28 Comprimidos - Sandoz Genérico,SANDOZ GENERICO,7897595619303,70.92,33.05,37.870000000000005,53.4
Anlodipino 5mg com 30 Ccomprimidos - Sandoz Genérico,SANDOZ GENERICO,7897595631770,34.71,2.99,31.72,91.4
Cloridrato de Loperamida 2mg com 12 Comprimidos - Sandoz Genérico,SANDOZ GENERICO,7897595620279,7.24,3.73,3.5100000000000002,48.5
"Apixabana 2,5mg com 20 Comprimidos - Sandoz",SANDOZ GENERICO,7897595634764,63.38,26.85,36.53,57.6
Apixabana 5mg com 60 Comprimidos - Sandoz Genérico,SANDOZ GENERICO,7897595634795,171.16,68.1,103.06,60.2
"Apixabana 2,5mg com 60 Comprimidos - Sandoz Genérico",SANDOZ GENERICO,7897595634771,171.16,73.14,98.02,57.3
Apixabana 5mg com 20 Comprimidos - Sandoz Genérico,SANDOZ GENERICO,7897595634788,63.38,26.13,37.25,58.8
Candesartana Cilexetila 16mg com 30 Comprimidos - Sandoz Genérico,SANDOZ GENERICO,7897595611178,94.25,44.9,49.35,52.4
"Atenolol + Clortalidona 50mg + 12,5mg 30 Comprimidos - Sandoz",SANDOZ GENERICO,7897595633361,31.6,11.52,20.080000000000002,63.5
Oxalato de Escitalopram 20mg com 30 Comprimidos - Sandoz Genérico,SANDOZ GENERICO,7897595633217,126.08,16.24,109.84,87.1
"Desogestrel 0,75mg com 28 Comprimidos - Sandoz Genérico",SANDOZ GENERICO,7897595620293,34.08,10.06,24.019999999999996,70.5
Rabeprazol Sódico 10mg com 14 Comprimidos - Sandoz Genérico,SANDOZ GENERICO,7897595620415,74.42,57.61,16.810000000000002,22.6
Rabeprazol sodico 20mg com 28 Comprimidos - Sandoz Genérico,SANDOZ GENERICO,7897595620453,270.65,175.45,95.19999999999999,35.2
Gestodeno + Etinilestradiol 60mcg/15mcg com 24 Comprimidos - Sandoz Genérico,SANDOZ GENERICO,7897595614186,41.36,29.9,11.46,27.7
Crestor 5mg com 60 Comprimidos - Astrazeneca,ASTRAZENECA,7896206403652,210.92,179.28,31.639999999999986,15.0
Atacand 16 mg com 30 Cápsulas - Astrazeneca,ASTRAZENECA,7896206401146,173.21,147.23,25.980000000000018,15.0
"Atacand HCT 16 x12,5mg com 30 Comprimidos - Astrazeneca",ASTRAZENECA,7896206402082,172.14,146.32,25.819999999999993,15.0
"Atacand HCT 8/12,5mg com 30 Comprimidos - Astrazeneca",ASTRAZENECA,7896206402426,172.04,146.23,25.810000000000002,15.0
Atacand 8 mg com 30 Cápsulas - Astrazeneca,ASTRAZENECA,7896206401160,174.04,147.93,26.109999999999985,15.0
Crestor 40mg com 30 Comprimidos - Astrazeneca,ASTRAZENECA,5000456070386,400.36,340.31,60.05000000000001,15.0
Crestor 20mg com 30 Comprimidos - Astrazeneca,ASTRAZENECA,7896206402396,384.61,326.92,57.69,15.0
Crestor 10mg com 30 Comprimidos - Astrazeneca,ASTRAZENECA,7896206402372,230.55,195.97,34.58000000000001,15.0
Losec Mups 10mg com 14 Comprimidos - Astrazeneca,ASTRAZENECA,4260747720746,149.03,117.07,31.960000000000008,21.4
Nexium 40mg com 28 Comprimidos - Astrazeneca,ASTRAZENECA,7896206402976,397.62,337.98,59.639999999999986,15.0
Nexium 20mg com 28 Comprimidos - Astrazeneca,ASTRAZENECA,7896206402969,190.24,190.24,0.0,0.0
Selozok 25mg com 30 Comprimidos - Astrazeneca,ASTRAZENECA,7896206402853,40.34,25.02,15.320000000000004,38.0
Selozok 50mg com 30 Comprimidos - Astrazeneca,ASTRAZENECA,7896206402860,80.96,63.02,17.93999999999999,22.2
Selozok 100mg com 30 Comprimidos - Astrazeneca,ASTRAZENECA,7896206402877,132.69,98.32,34.370000000000005,25.9
Vannair 6/200mcg com 120 Doses - Astrazeneca,ASTRAZENECA,7896206402778,213.13,169.29,43.84,20.6
Vannair 6/100mcg com 120 Doses - Astrazeneca,ASTRAZENECA,7896206402761,202.35,153.79,48.56,24.0
Atacand Comb 16/5mg com 30 + 30 Comprimidos - Astrazeneca,ASTRAZENECA,7896206403140,123.7,99.53,24.17,19.5
Seroquel XRO 50mg com 30 Comprimidos de Liberação Prolongada - Astrazeneca,ASTRAZENECA,7896206402990,309.04,262.68,46.360000000000014,15.0
Onglyza 5mg com 28 Comprimidos - Astrazeneca,ASTRAZENECA,5000456028486,172.63,137.19,35.44,20.5
Crestor 5mg com 30 Comprimidos - Astrazeneca,ASTRAZENECA,7896206403645,114.87,97.64,17.230000000000004,15.0
Daxas 500mcg com 30 Comprimidos - Astrazeneca,ASTRAZENECA,5000456060721,305.79,265.39,40.400000000000034,13.2
Selozok Fix 50/5mg com 30 Comprimidos - Astrazeneca,ASTRAZENECA,7896206403324,92.68,74.77,17.91000000000001,19.3
"Onglyza 2,5mg com 28 Comprimidos - Astrazeneca",ASTRAZENECA,5000456028493,172.63,139.48,33.150000000000006,19.2
Selozok 25mg com 60 Comprimidos - Astrazeneca,ASTRAZENECA,7896206406707,80.6,59.44,21.159999999999997,26.3
Selozok 50mg com 60 Comprimidos - Astrazeneca,ASTRAZENECA,7896206406738,161.91,125.52,36.39,22.5
Selozok 100mg com 60 Comprimidos - Astrazeneca,ASTRAZENECA,7896206406769,265.41,197.45,67.96000000000004,25.6
Forxiga 10 mg - 30 Comprimidos,ASTRAZENECA,5000456078238,230.96,161.79,69.17000000000002,29.9
Seloken 100mg com 30 Comprimidos - Astrazeneca,ASTRAZENECA,7896206407568,58.73,46.35,12.379999999999995,21.1
Xigduo Xarope 5mg + 1000mg com 60 Comprimidos - Astrazeneca,ASTRAZENECA,5000456028370,260.65,224.82,35.829999999999984,13.7
Xigduo XR 10mg + 1000mg com 30 Comprimidos - Astrazeneca,ASTRAZENECA,5000456028387,260.79,227.48,33.31000000000003,12.8
Qtern 5mg +10mg com 30 Comprimidos - Astrazeneca,ASTRAZENECA,5000456025461,294.37,244.73,49.640000000000015,16.9
Otomixyn gts 5 ml,EMS SIMILAR,7896004707600,15.24,6.95,8.29,54.4
Naridrin Alto Volume Cloreto de Sódio 9mg/ml 30 envelopes + Frasco 240ml - Ems,EMS SIMILAR,7896004788371,59.9,59.64,0.259999999999998,0.4
Repoflor 250mg com 10 Cápsulas - Ems,EMS SIMILAR,7896004774626,61.17,30.84,30.330000000000002,49.6
Bisuran Xarope Infantil com 120ml - Ems,EMS SIMILAR,7896004720609,14.58,7.92,6.66,45.7
Sominex composto c/20 cpr,EMS SIMILAR,7896004774107,42.62,16.53,26.089999999999996,61.2
Apevitin BC Xarope com 240ml - Ems,EMS SIMILAR,7896004700502,48.08,16.99,31.09,64.7
Complexo B 100 Comprimidos - EMS,EMS SIMILAR,7896004714158,45.59,26.56,19.030000000000005,41.7
Naridrin Gotas com 15ml - Ems,EMS SIMILAR,7896004788371,21.64,9.32,12.32,56.9
Emistin drg c/20,EMS SIMILAR,7896004801902,49.19,23.47,25.72,52.3
Naridrin Gotas Infantil com 15ml - Ems,EMS SIMILAR,7896004803463,20.85,9.36,11.490000000000002,55.1
Glicerin sup ad c/6,EMS SIMILAR,7896004702735,25.83,12.62,13.209999999999999,51.1
Nociclin com 21 Comprimidos - Ems,EMS SIMILAR,7896004714196,10.64,5.4,5.24,49.2
Normolax Xarope Salada de Frutas com 120ml - Ems,EMS SIMILAR,7896004722917,37.94,17.8,20.139999999999997,53.1
Emscort Creme com 30g - Ems,EMS SIMILAR,7896004704135,36.48,12.91,23.569999999999997,64.6
Policlavumoxil 250mg/ml 75ml - Ems,EMS SIMILAR,7896004703688,66.33,41.9,24.43,36.8
Inalide 32mcg Spray com 120 Doses - Ems,EMS SIMILAR,7896004765716,25.36,21.01,4.349999999999998,17.2
Benziflex Lis 125mg+5mg com 15 Comprimidos - Ems,EMS SIMILAR,7896004753218,34.25,24.16,10.09,29.5
"Naratano 2,5mg c/10 cpr",EMS SIMILAR,7895296286015,44.94,30.58,14.36,32.0
Allexofedrin D com 10 Comprimidos - Ems,EMS SIMILAR,7896004705408,73.59,52.9,20.690000000000005,28.1
Cystex - 24 Drágeas,EMS SIMILAR,7896004801216,40.34,38.77,1.5700000000000003,3.9
Gerovital com 60 Cápsulas - Ems,EMS SIMILAR,7896004717999,103.93,63.96,39.970000000000006,38.5
Naridrin Solução de Uso Nasal com 30ml - Ems,EMS SIMILAR,7896004714578,12.99,10.99,2.0,15.4
Normolax xpe 120ml ameixa,EMS SIMILAR,7896004722924,42.69,17.42,25.269999999999996,59.2
Emsexpector Xarope Frasco de 120ml - Ems,EMS SIMILAR,7896004727806,28.28,22.51,5.77,20.4
"Sulglic 1,5g c/30 saches",EMS SIMILAR,7896004725550,203.91,82.31,121.6,59.6
Infralax com 30 Comprimidos - Ems,EMS SIMILAR,7896004705682,44.74,13.34,31.400000000000002,70.2
Infralax com 15 Comprimidos - Ems,EMS SIMILAR,7896004727158,22.49,7.38,15.11,67.2
Suplevit Mulher com 60 Cápsulas - Ems,EMS SIMILAR,7896004755465,60.7,39.93,20.770000000000003,34.2
Allexofedrin Infantil 6mg 150ml - Ems,EMS SIMILAR,7896004770901,85.17,58.9,26.270000000000003,30.8
Bio-Vagin Creme 40g com 10 Aplicadores - Zodiac,ZODIAC ADIUM,7892953003527,76.97,72.35,4.6200000000000045,6.0
Prebictal 75mg com 30 Cápsulas - Zodiac,ZODIAC ADIUM,7892953208298,98.15,69.51,28.64,29.2
Prebictal 50mg com 30 Cápsulas - Zodiac,ZODIAC ADIUM,7892953208274,83.92,63.15,20.770000000000003,24.7
Flexitrex com 60 Cápsulas - Adium,ZODIAC ADIUM,07908475806789,89.9,89.9,0.0,0.0
CONDROFLEX C/90 CAPS,ZODIAC ADIUM,7892953003022,197.51,138.95,58.56,29.6
Fenazic 15mg - 30 Comprimidos,ZODIAC ADIUM,7892953208380,190.94,154.24,36.69999999999999,19.2
Symdulor SL 10mg - 20 Comprimidos Sublinguais,ZODIAC ADIUM,7892953208625,69.06,58.7,10.36,15.0
Symdulor SL 10mg - 10 Comprimidos Sublinguais,ZODIAC ADIUM,7892953208618,36.35,30.9,5.450000000000003,15.0
Prebictal 150mg com 30 Cápsulas - Zodiac,ZODIAC ADIUM,7892953208304,184.49,135.08,49.41,26.8
Oxypynal 10mg com 30 Comprimidos - Zodiac,ZODIAC ADIUM,7892953208199,251.39,198.85,52.53999999999999,20.9
"Fenazic 7,5mg com 30 Comprimidos - Zodiac",ZODIAC ADIUM,7892953208335,156.06,137.33,18.72999999999999,12.0
"Liberfem 2 + 0,03mg com 21 Comprimidos - Zodiac",ZODIAC ADIUM,7892953003381,52.1,39.56,12.54,24.1
"Condroflex 1,5 + 1,2g Uso Oral com 30 Sachês - Zodiac",ZODIAC ADIUM,7892953003787,156.69,112.12,44.56999999999999,28.4
"Condroflex 1,5 + 1,2g Uso Oral Sacor Abacaxi com 30 Sachês - Zodiac",ZODIAC ADIUM,7892953003817,156.69,112.23,44.459999999999994,28.4
"Condroflex 1,5 + 1,2g Uso Oral Sabor Limão com 30 Sachês - Zodiac",ZODIAC ADIUM,7892953000328,156.69,112.16,44.53,28.4
Condroflex com 60 Cápsulas - Zodiac,ZODIAC ADIUM,7892953000694,142.09,104.81,37.28,26.2
Flodin Duo 150mg com 10 Comprimidos - Zodiac,ZODIAC ADIUM,7892953001745,59.44,52.31,7.1299999999999955,12.0
Paratran com 10 Comprimidos - Zodiac,ZODIAC ADIUM,7892953001318,60.19,51.76,8.43,14.0
Pyridium 100mg - 25 drágeas,ZODIAC ADIUM,7892953001370,24.28,21.37,2.91,12.0
Pyridium 200mg - 18 drágeas,ZODIAC ADIUM,7892953001387,30.42,26.77,3.650000000000002,12.0
"Tamsulon 0,4mg com 30 Comprimidos - Zodiac",ZODIAC ADIUM,7892953002186,280.93,238.79,42.140000000000015,15.0
"Tecnomet 2,5mg com 20 Comprimidos - Zodiac",ZODIAC ADIUM,7892953101865,42.52,29.9,12.620000000000005,29.7
Paratran com 20 Comprimidos - Zodiac,ZODIAC ADIUM,7892953001288,96.29,82.81,13.480000000000004,14.0
Paratran com 30 Comprimidos - Zodiac,ZODIAC ADIUM,7892953001332,122.79,105.6,17.190000000000012,14.0
"Cabertrix 0,5mg com 8 Comprimidos - Zodiac",ZODIAC ADIUM,7892953000175,339.11,280.67,58.44,17.2
Osteotec 150mg com 1 Comprimido - Zodiac,ZODIAC ADIUM,7892953000182,88.38,73.34,15.039999999999992,17.0
Mitrul 15mg com 5 Cápsulas - Zodiac,ZODIAC ADIUM,7892953001820,31.21,27.46,3.75,12.0
Prebictal 100mg com 30 Cápsulas - Zodiac,ZODIAC ADIUM,7892953208281,174.2,129.23,44.97,25.8
Varicell Proct Aesculus Hippocastanum 4DH + Associação Pomada 25g + 6 aplicadores,DIVCOM,7898040329785,29.49,28.76,0.7299999999999969,2.5
Imecap Hair Silício Orgânico com 60 cápsulas,DIVCOM,7898040321192,64.9,58.88,6.020000000000003,9.3
Cogni+ - 60 Comprimidos,DIVCOM,7898040329563,44.99,38.61,6.380000000000003,14.2
Fumasil 300mg - 60 comprimidos,DIVCOM,7898040328078,58.99,52.19,6.800000000000004,11.5
Imecap Hair Max - 60 Cápsulas,DIVCOM,7898040328733,67.9,57.88,10.020000000000003,14.8
Imecap Hair Max Shampoo - 200ml,DIVCOM,7898040328108,69.9,63.85,6.050000000000004,8.7
Imecap Hair Max Loção - 100ml,DIVCOM,7898040328481,72.9,65.6,7.300000000000011,10.0
Imecap Face Colágeno - 30 Sachês,DIVCOM,7898040328566,69.99,58.81,11.179999999999993,16.0
Lipomax Cromo - 60 Cápsulas,DIVCOM,7898040328474,49.99,39.68,10.310000000000002,20.6
Calcitran B12 com 150ml - Divcom,DIVCOM,7898040329761,42.01,36.97,5.039999999999999,12.0
Calcitran D3 com 60 Comprimidos - Divcom,DIVCOM,7898414850617,74.99,56.78,18.209999999999994,24.3
Clotrimix Creme - 20g,DIVCOM,7898040328542,32.53,28.63,3.900000000000002,12.0
Floratil 200mg - 4 sachês,DIVCOM,7898040329570,38.33,32.58,5.75,15.0
Floratil 200mg - 6 cápsulas,DIVCOM,7898040329655,49.9,43.91,5.990000000000002,12.0
Floratil 200mg - 6 sachês,DIVCOM,7898040329587,49.9,42.42,7.479999999999997,15.0
Floratil 100mg - 12 cápsulas,DIVCOM,7898040329648,56.38,47.92,8.46,15.0
Imecap Hair - 60 Cápsulas,DIVCOM,7898414851966,49.9,32.87,17.03,34.1
Calcitran D3 com 30 Comprimidos - Divcom,DIVCOM,7898414850891,45.99,32.13,13.86,30.1
Sedavan Xarope Adulto - 100ml,DIVCOM,7898040329952,25.5,21.68,3.8200000000000003,15.0
Clotrimix Unhas - 7ml,DIVCOM,7898040328900,44.9,36.23,8.670000000000002,19.3
Floratil AT 250mg - 10 Envelopes,DIVCOM,7898040329624,73.82,62.75,11.069999999999993,15.0
Fledoid Gel com 40g - Divcom,DIVCOM,7898040325183,32.47,28.57,3.8999999999999986,12.0
Calcitran Mdk - 60 Comprimidos,DIVCOM,7898040329471,94.9,73.64,21.260000000000005,22.4
Imecap Hair - 30 Cápsulas,DIVCOM,7898414852734,29.9,19.87,10.029999999999998,33.5
Fledoid 500mg Gel - 40g,DIVCOM,7898040325206,37.63,33.11,4.520000000000003,12.0
Fledoid 500mg Pomada com 40g - Divcom,DIVCOM,7898040325169,36.4,32.03,4.369999999999997,12.0
Imecap Hair Max - 30 Cápsulas,DIVCOM,7898040328023,44.9,36.81,8.089999999999996,18.0
Varicell Phyto 500mg - 30 Cápsulas,DIVCOM,7898040328535,59.98,41.43,18.549999999999997,30.9
Calcitran mdk c/30 cpr mast,DIVCOM,7898040328573,49.9,40.84,9.059999999999995,18.2
"Benicar Triplo 40mg + 12,5mg + 5mg com 30 Comprimidos - Sankyo Pharma",SANKYO PHARMA,7897411600393,177.69,140.26,37.43000000000001,21.1
"Benicar Triplo 20mg + 12,5mg + 5mg com 30 Comprimidos - Sankyo Pharma",SANKYO PHARMA,7897411600386,154.73,122.1,32.629999999999995,21.1
Benicar Triplo 40mg + 25mg + 10mg com 30 Comprimidos - Sankyo Pharma,SANKYO PHARMA,7897411600423,191.67,151.83,39.839999999999975,20.8
Desventag 50mg com 30 Comprimidos - Sankyo Pharma,SANKYO PHARMA,7897411650558,103.5,91.08,12.420000000000002,12.0
Loxonin Flex 100mg Envelope com 7 Adesivos - Sankyo Pharma,SANKYO PHARMA,7897411603141,119.83,119.83,0.0,0.0
Desventag 100mg com 30 Comprimidos - Sankyo Pharma,SANKYO PHARMA,7897411650589,140.07,123.26,16.809999999999988,12.0
Benicar Hidroclorotiazida 40/25mg com 30 Comprimidos - Sankyo Pharma,SANKYO PHARMA,7897411610682,103.32,79.07,24.25,23.5
Benicar 40mg com 30 Comprimidos - Sankyo Pharma,SANKYO PHARMA,7897411610620,84.51,64.89,19.620000000000005,23.2
"Benicar Hidroclorotiazida 20/12,5 com 30 Comprimidos - Sankyo Pharma",SANKYO PHARMA,7897411610668,90.7,69.77,20.930000000000007,23.1
Benicar 20mg com 30 Comprimidos - Sankyo Pharma,SANKYO PHARMA,7897411610606,80.4,61.45,18.950000000000003,23.6
Hirudoid Gel com 40g - Sankyo Pharma,SANKYO PHARMA,7897411601505,38.77,34.12,4.650000000000006,12.0
Hirudoid Pomada 500mg com 40g - Sankyo Pharma,SANKYO PHARMA,7897411601567,42.73,37.6,5.1299999999999955,12.0
Hirudoid Pomada 300mg com 40g - Sankyo Pharma,SANKYO PHARMA,7897411601529,40.16,35.34,4.819999999999993,12.0
Hirudoid Gel 500mg com 40g - Sankyo Pharma,SANKYO PHARMA,7897411601543,43.95,38.68,5.270000000000003,12.0
Lactulona Xarope Ameixa - 120ml,SANKYO PHARMA,7897411610750,61.1,53.77,7.329999999999998,12.0
Loxonin 60mg com 30 Comprimidos - Sankyo Pharma,SANKYO PHARMA,7897411610958,77.6,65.96,11.64,15.0
BenicarAnlo 40 + 5mg com 30 Comprimidos - Sankyo Pharma,SANKYO PHARMA,7897411611023,101.25,77.65,23.599999999999994,23.3
Loxonin 60mg com 15 Comprimidos - Sankyo Pharma,SANKYO PHARMA,7897411610941,40.86,34.73,6.130000000000003,15.0
BenicarAnlo 20 + 5mg com 30 Comprimidos - Sankyo Pharma,SANKYO PHARMA,7897411611016,89.57,68.74,20.83,23.3
"Benicar Hidroclorotiazida 40/12,5mg com 30 Comprimidos - Sankyo Pharma",SANKYO PHARMA,7897411610675,103.32,79.23,24.08999999999999,23.3
BenicarAnlo 40 + 10mg com 30 Comprimidos - Sankyo Pharma,SANKYO PHARMA,7897411611030,101.25,77.53,23.72,23.4
Effient 10mg com 30 Comprimidos - Sankyo Pharma,SANKYO PHARMA,7897411601482,457.42,354.33,103.09000000000003,22.5
"Daisan 37,5 + 325mg com 10 Comprimidos - Sankyo Pharma",SANKYO PHARMA,7897411603097,38.79,34.14,4.649999999999999,12.0
Latuda 40mg com 30 Comprimidos - Sankyo Pharma,SANKYO PHARMA,7897411602359,458.63,362.95,95.68,20.9
Latuda 80mg com 30 Comprimidos - Sankyo Pharma,SANKYO PHARMA,7897411602397,538.36,434.57,103.79000000000002,19.3
Lixiana 60mg com 30 Comprimidos - Sankyo Pharma,SANKYO PHARMA,7897411602205,140.01,120.34,19.669999999999987,14.0
Lixiana 30mg com 30 Comprimidos - Sankyo Pharma,SANKYO PHARMA,7897411602182,140.01,113.53,26.47999999999999,18.9
Latuda 20mg com 30 Comprimidos - Sankyo Pharma,SANKYO PHARMA,7897411602311,229.3,183.24,46.06,20.1
Amoxicilina + Clavulanato de Potássio 500mg com 21 Comprimidos - Ranbaxy,RANBAXY,7897076922908,149.61,136.74,12.870000000000005,8.6
Amoxicilina + Clavulanato de Potássio 875mg com 20 Comprimidos - Ranbaxy,RANBAXY,7897076922557,118.04,81.14,36.900000000000006,31.3
Amoxicilina + Clavulanato de Potássio 500mg com 12 Comprimidos - Ranbaxy,RANBAXY,7897076922519,83.84,25.25,58.59,69.9
Amoxicilina + Clavulanato de Potássio 500mg com 18 Comprimidos - Ranbaxy,RANBAXY,7897076922533,125.76,99.08,26.680000000000007,21.2
Axetilcefuroxima 250mg com 10 Comprimidos - Ranbaxy,RANBAXY,7897076918819,98.74,50.34,48.39999999999999,49.0
Axetilcefuroxima 500mg com 10 Comprimidos - Ranbaxy,RANBAXY,7897076907615,134.68,60.76,73.92000000000002,54.9
Cloridrato de Minociclina 100mg com 30 Comprimidos - Ranabxy,RANBAXY,7897076909121,138.43,83.33,55.10000000000001,39.8
Bissulfato de Clopidogrel 75mg - 28 comprimidos,RANBAXY,7897076912336,78.35,16.52,61.83,78.9
Celecoxibe 200mg com 10 Cápsulas - Ranbaxy,RANBAXY,7897076922243,47.77,9.27,38.5,80.6
Celecoxibe 200mg com 15 Cápsulas - Ranbaxy,RANBAXY,7897076922250,70.74,17.92,52.81999999999999,74.7
"Hemitartarato de Rivastigmina 1,5mg com 30 Cápsulas - Ranbaxy",RANBAXY,7897076922632,209.06,103.95,105.11,50.3
Acido Ursodesoxicólico 150mg com 30 Comprimidos - Ranbaxy,RANBAXY,7897076922687,87.93,62.94,24.99000000000001,28.4
Esomeprazol Magnésio 40mg com 28 Comprimidos - Ranbaxy,RANBAXY,7897076914088,267.9,39.99,227.90999999999997,85.1
Cinarizina 75mg com 30 Comprimidos - Ranbaxy,RANBAXY,7897076910929,22.8,16.82,5.98,26.2
Cinarizina 25mg com 30 Comprimidos - Ranbaxy,RANBAXY,7897076910905,16.28,13.65,2.630000000000001,16.2
Cloridrato de Nortriptilina 25mg com 30 Comprimidos - Ranbaxy,RANBAXY,7897076912275,38.41,14.51,23.9,62.2
Succinato de Solifenacina 10mg com 30 Comprimidos - Ranbaxy,RANBAXY,7897076921680,174.33,100.44,73.89000000000001,42.4
CL OLOPATADINA 1MG/ML SOL C/5ML,RANBAXY,7897076922878,45.66,42.3,3.3599999999999994,7.4
CLOR AMIODARONA 200MG C/30 COMP,RANBAXY,7897076911582,43.24,26.98,16.26,37.6
Cloridrato de Sertralina 50mg com 30 Comprimidos - Ranbaxy,RANBAXY,7897076908148,70.67,7.92,62.75,88.8
Aciclovir 400mg com 30 Comprimidos - Ranbaxy,RANBAXY,7897076921826,275.62,32.49,243.13,88.2
Cloridrato de Nortriptilina 50mg com 30 Comprimidos - Ranbaxy,RANBAXY,7897076912299,56.11,38.46,17.65,31.5
Cloridrato de Tizanidina 2mg com 30 Comprimidos - Ranbaxy,RANBAXY,7897076909077,43.38,30.66,12.720000000000002,29.3
Cloridrato de Nortriptilina 75mg com 30 Comprimidos - Ranbaxy,RANBAXY,7897076912310,75.87,50.41,25.460000000000008,33.6
Cloridrato de Donepezila 10mg com 30 Comprimidos - Ranbaxy,RANBAXY,7897076912060,188.3,15.79,172.51000000000002,91.6
Cloridrato de Donepezila 5mg com 30 Comprimidos - Ranbaxy,RANBAXY,7897076911421,170.0,12.64,157.36,92.6
Isotretinoina 20mg com 30 Cápsulas - Ranbaxy,RANBAXY,7897076919335,168.48,34.9,133.57999999999998,79.3
Succinato de Solifenacina 5mg com 30 Comprimidos - Ranbaxy,RANBAXY,7896112407669,142.45,82.16,60.28999999999999,42.3
Gino Canesten Balance Gel Vaginal - 7 Uni,BAYER OTC,7891106915410,84.9,69.13,15.77000000000001,18.6
Flanax XR 660mg com 8 Comprimidos - Bayer,BAYER OTC,7891106910989,30.99,26.34,4.649999999999999,15.0
Flanax 275mg com 20 Comprimidos - Bayer,BAYER OTC,7891106006491,18.49,15.72,2.769999999999998,15.0
Gino Canesten 500mg - 1 cápsula + 1 aplicador,BAYER OTC,7891106912303,112.78,95.86,16.92,15.0
Flanax 550mg com 2 Comprimidos - Bayer,BAYER OTC,7891106912471,7.49,6.37,1.12,15.0
Redoxon 500mg com 30 Comprimidos - Bayer,BAYER OTC,7891106914833,21.9,18.62,3.2799999999999976,15.0
Flanax 550mg com 15 Comprimidos - Bayer,BAYER OTC,7891106913799,30.99,27.27,3.719999999999999,12.0
Flanax 275mg com 8 Comprimidos - Bayer,BAYER OTC,7891106913683,13.99,12.03,1.9600000000000009,14.0
Claritin 10mg com 12 comprimidos - Bayer,BAYER OTC,7891106912778,22.7,10.99,11.709999999999999,51.6
Claritin 10mg com 6 comprimidos - Bayer,BAYER OTC,7891106912785,12.48,10.61,1.870000000000001,15.0
Flanax 550mg com 10 Comprimidos - Bayer,BAYER OTC,7891106006507,27.98,24.62,3.3599999999999994,12.0
Gino Canesten - 1 comprimido vaginal + 1 aplicador,BAYER OTC,7891106001755,94.99,80.74,14.25,15.0
Gino-Canesten - 35g de creme de uso vaginal e 6 aplicadores,BAYER OTC,7891106001762,85.0,72.25,12.75,15.0
Gino-Canesten Creme Vaginal - 20g e 3 Aplicadores,BAYER OTC,7891106003230,90.28,76.74,13.540000000000006,15.0
Redoxon Gotas com 20ml - Bayer,BAYER OTC,7891106006286,23.41,20.6,2.8099999999999987,12.0
Redoxon Sabor Laranja com 10 Comprimidos Efervescentes - Bayer,BAYER OTC,7891106006279,20.92,19.66,1.2600000000000016,6.0
Redoxon 2g com 10 Comprimidos Efervescentes - Bayer,BAYER OTC,7891106006262,27.53,24.23,3.3000000000000007,12.0
Aspirina 500mg com 10 Comprimidos - Bayer,BAYER OTC,7891106004213,11.49,9.77,1.7200000000000006,15.0
Aspirina C 400mg + 240mg com 2 Comprimidos Efervescentes - Bayer,BAYER OTC,7891106915151,9.49,8.07,1.42,15.0
Redoxitos Sabor Laranja com 25 Gomas - Bayer,BAYER OTC,7891106908535,22.9,13.04,9.86,43.1
Redoxon Sabor Laranja com 30 Comprimidos Efervescentes - Bayer,BAYER OTC,7891106907118,50.17,44.15,6.020000000000003,12.0
Aspirina 500mg com 20 Comprimidos - Bayer,BAYER OTC,7793640000143,16.97,14.93,2.039999999999999,12.0
Redoxitos Sabor Morango com 25 Gomas - Bayer,BAYER OTC,4008500018064,22.9,17.1,5.799999999999997,25.3
Aspirina MicroAtiva 500mg com 4 Comprimidos - Bayer,BAYER OTC,7891106908719,7.49,6.37,1.12,15.0
Redoxon Tripla Ação com 10 Comprimidos Efervescentes - Bayer,BAYER OTC,7891106912655,22.9,17.2,5.699999999999999,24.9
Redoxon Tripla Ação com 30 Comprimidos Efervescentes - Bayer,BAYER OTC,7891106912662,52.9,37.64,15.259999999999998,28.8
Redoxitos Vitamina C e D + Zinco com 25 Gomas - Bayer,BAYER OTC,7891106911504,33.9,29.04,4.859999999999999,14.3
Aspirina C 400mg + 240mg com 10 Comprimidos - Bayer,BAYER OTC,7891106910118,36.98,32.54,4.439999999999998,12.0
Dersani Hidrogel 150g - Megalabs,MEGALABS,7896026172905,123.51,123.51,0.0,0.0
Beserol 40mg com 30 Comprimidos - Megalabs,MEGALABS,7896026172370,26.17,23.03,3.1400000000000006,12.0
Biovicerin com 2 Flaconetes 5ml - Megalabs,MEGALABS,7898100268290,15.56,13.69,1.870000000000001,12.0
Dersani Hidrogel com Alginato - 30g,MEGALABS,7896026172066,59.99,45.02,14.969999999999999,25.0
Dersani Hidrogel Daudt - 85g,MEGALABS,7898087340347,74.9,64.59,10.310000000000002,13.8
Biovicerin 6 Flaconetes de 5ml,MEGALABS,7898100268290,46.18,40.64,5.539999999999999,12.0
Biovicerin 12 Flaconetes de 5ml,MEGALABS,7898100268306,89.97,79.17,10.799999999999997,12.0
Beserol 20  com 12 Comprimidos - Daudt,MEGALABS,7896026171182,26.17,23.03,3.1400000000000006,12.0
Beserol com 4 Comprimidos - Daudt,MEGALABS,7896026171199,8.43,7.92,0.5099999999999998,6.0
Binelli Gotas - 10ml,MEGALABS,7896026130004,23.0,19.78,3.219999999999999,14.0
Complexo Homeopático Nº 46 - 60 Comprimidos,MEGALABS,7898037080460,39.96,28.7,11.260000000000002,28.2
Loção Oleosa Dersani Original - 100ml,MEGALABS,7898087340040,49.9,40.73,9.170000000000002,18.4
Loção Oleosa Dersani Original - 200ml,MEGALABS,7898087340026,79.9,68.6,11.300000000000011,14.1
Droxaine - 240ml,MEGALABS,7896026120012,43.73,38.48,5.25,12.0
Droxaine - 120ml,MEGALABS,7896026170468,22.56,19.85,2.7099999999999973,12.0
Laxol - 60ml,MEGALABS,7896026170635,29.3,25.78,3.5199999999999996,12.0
Malvatricin com 100ml - Megalabs,MEGALABS,7896026120425,41.91,36.88,5.029999999999994,12.0
Malvona com 100ml - Megalabs,MEGALABS,7896026170550,26.25,23.1,3.1499999999999986,12.0
Penetro Inalante - 45ml,MEGALABS,7896026120555,32.47,28.57,3.8999999999999986,12.0
Malvatricin Spray com 50ml - Meglabs,MEGALABS,7896026120494,49.82,43.84,5.979999999999997,12.0
Dersani Hidrogel com Alginato - 85g,MEGALABS,7898087340132,77.99,68.4,9.58999999999999,12.3
Dersani Hidrogel Daudt - 30g,MEGALABS,7898087340125,45.99,41.16,4.830000000000005,10.5
Bidrilac - 15 sachês,MEGALABS,7896026100250,49.99,27.87,22.12,44.2
Bidrilac 1g - 6 sachês,MEGALABS,7896026100243,28.9,23.15,5.75,19.9
Spray Própolis e Malva com 30ml - Megalabs,MEGALABS,7896026170994,19.99,14.5,5.489999999999998,27.5
Malvatricin ppu 250ml,MEGALABS,7896026170475,38.73,34.08,4.649999999999999,12.0
Malvona com 200ml - Megalabs,MEGALABS,7896026170567,42.38,37.29,5.090000000000003,12.0
Leflora com 12 Cápsulas - Airela,AIRELA,7894164008216,21.99,16.22,5.77,26.2
Sulfermax 40mg - 40 Comprimidos,AIRELA,7894164005741,18.1,9.56,8.540000000000001,47.2
Nasonew Aires Jato Spray - 100ml,AIRELA,7894164005321,44.49,31.23,13.260000000000002,29.8
Vitaxon C Kids - 120ml,AIRELA,7894164007424,12.99,9.47,3.5199999999999996,27.1
Nasonew Spray com 50ml - Airela,AIRELA,7894164005215,15.81,8.57,7.24,45.8
Guacoflus Xarope - 120ml,AIRELA,7894164007202,16.9,10.35,6.549999999999999,38.8
Loratadina 1mg/ml 100ml - Airela,AIRELA,7894164010301,13.08,12.26,0.8200000000000003,6.3
Hidrali Pó Natural com 4 Envelopes - Airela,AIRELA,7894164009510,15.6,11.84,3.76,24.1
Nasonew Aires Spray com 100ml - Airela,AIRELA,7894164006700,49.49,32.55,16.940000000000005,34.2
Condroflan Ultrac com 60 Cápsulas - Airela,AIRELA,7894164007691,76.49,44.19,32.3,42.2
Leite de Magnésia Magmilk Tradicional com 100ml - Airela,AIRELA,7894164005727,8.99,7.09,1.9000000000000004,21.1
Leite de Magnésia Magmilk Hortelã com 100ml - Airela,AIRELA,7894164005734,8.99,7.13,1.8600000000000003,20.7
Simeticona Gotas 10ml - Airela,AIRELA,7894164010844,8.5,8.5,0.0,0.0
Expectovic Xarope com 120ml - Airela,AIRELA,7894164005031,19.9,9.72,10.179999999999998,51.2
Leite de Magnésia Magmilk Tradicional com 350ml - Airela,AIRELA,7894164008056,19.49,12.97,6.519999999999998,33.5
Flexenema Solução de Uso Retal - 130ml,AIRELA,7894164005239,22.49,17.42,5.069999999999997,22.5
Hidrali 45 Uva Roxa com 500ml - Airela,AIRELA,7894164005406,15.6,11.84,3.76,24.1
Hidrali 45 Sabor Água de Coco com 500ml - Airela,AIRELA,7894164005390,15.6,9.2,6.4,41.0
Resfenax C Triplo - 20ml,AIRELA,7894164009015,10.01,3.82,6.1899999999999995,61.8
Senebem 350mg - 20 cápsulas,AIRELA,7894164003679,49.14,16.48,32.66,66.5
Hidrali 45 Laranja com 500ml - Airela,AIRELA,7894164005420,15.6,10.78,4.82,30.9
Leite de Magnésia Magmilk Hortelã com 350ml - Airela,AIRELA,7894164008063,19.99,16.94,3.049999999999997,15.3
Sulfermax 125mg - 30ml,AIRELA,7894164005802,6.49,6.32,0.16999999999999993,2.6
Abcalcium B12 Suspensão Oral Morango com 240ml - Airela,AIRELA,7894164008094,15.99,12.33,3.66,22.9
Vitaxon C Airela com 20ml - Airela,AIRELA,7894164005871,9.9,4.37,5.53,55.9
Vitaxon c 1g c/10 cpr eferv,AIRELA,7894164001132,14.26,7.99,6.27,44.0
Vitaxon C Tripla Ação com 10 Comprimidos - Airela,AIRELA,7894164006014,31.37,10.24,21.130000000000003,67.4
CONDRES LONGBIO C/90 CAPS,SIGMA PHARMA OTC,7896004786209,187.72,183.0,4.719999999999999,2.5
CONDRES FORCE 80MG C/30 CAPS,SIGMA PHARMA OTC,7896004786827,169.99,169.99,0.0,0.0
Kollis Gotas - 8ml,SIGMA PHARMA OTC,7894916513722,128.49,128.49,0.0,0.0
Bálsamo Bengué Pomada - 20g,SIGMA PHARMA OTC,7896004817569,25.65,22.57,3.0799999999999983,12.0
Bálsamo Bengué Gel - 20g,SIGMA PHARMA OTC,7896004817576,23.17,20.39,2.780000000000001,12.0
Bálsamo Bengué Aerossol - 60g,SIGMA PHARMA OTC,7896004726793,47.28,41.61,5.670000000000002,12.0
Neutrofer Poli com 30ml - Sigma Pharma,SIGMA PHARMA OTC,7894916509985,59.9,58.3,1.6000000000000014,2.7
Energil C 1g com 10 Comprimidos Efervescentes - Sigma Pharma,SIGMA PHARMA OTC,7896004774305,16.77,8.9,7.869999999999999,46.9
Bálsamo Bengué Pomada - 60g,SIGMA PHARMA OTC,7896004753621,64.91,57.12,7.789999999999999,12.0
Condres Colágeno - 30 Cápsulas,SIGMA PHARMA OTC,7894916510486,124.9,106.17,18.730000000000004,15.0
Lacday - 30 tabletes,SIGMA PHARMA OTC,7896004755519,64.79,51.96,12.830000000000005,19.8
Suplemento Alimentar Fixare - 30 comprimidos,SIGMA PHARMA OTC,7894916514415,103.99,100.31,3.6799999999999926,3.5
Suplemento Alimentar Fixare - 60 Comprimidos,SIGMA PHARMA OTC,7894916514422,169.9,160.7,9.200000000000017,5.4
Bálsamo Bengué Gel - 60g,SIGMA PHARMA OTC,7896004753638,63.07,55.5,7.57,12.0
Lacday - 60 tabletes,SIGMA PHARMA OTC,7896004759975,114.9,97.92,16.980000000000004,14.8
Liromag - 30 Sachês 1g,SIGMA PHARMA OTC,7894916512251,69.9,63.27,6.630000000000003,9.5
Lacday 10.000 FCC - 8 Comprimidos,SIGMA PHARMA OTC,7896004762098,24.9,19.25,5.649999999999999,22.7
Condres Ultra - 30 Cápsulas,SIGMA PHARMA OTC,7894916513234,159.9,135.92,23.980000000000018,15.0
Neutrofer Prev com 60ml - Sigma Pharma,SIGMA PHARMA OTC,7894916513104,72.99,71.59,1.3999999999999915,1.9
Colágeno Condres 40mg - 90 Cápsulas,SIGMA PHARMA OTC,7894916515207,198.9,185.1,13.800000000000011,6.9
Condres Ultra - 90 Cápsulas,SIGMA PHARMA OTC,7894916515214,239.99,203.99,36.0,15.0
Fixare Pro+ Sabor Limão - 30 Comprimidos Efervescente,SIGMA PHARMA OTC,7894916514606,129.9,125.84,4.060000000000002,3.1
Fixare Pro+ Sabor Limão - 60 Comprimidos Efervescentes,SIGMA PHARMA OTC,7894916514613,199.9,199.18,0.7199999999999989,0.4
Koli D3 1.000ui com 30 Comprimidos - Sigma Pharma,SIGMA PHARMA OTC,7894916514590,32.9,24.92,7.979999999999997,24.3
Inzelm 10mg com 30 Comprimidos - Takeda,TAKEDA,7896641812767,216.82,177.32,39.5,18.2
Inzelm 20mg com 60 Comprimidos - Takeda,TAKEDA,7896641812828,429.72,357.3,72.42000000000002,16.9
Inzelm 10mg com 60 Comprimidos - Takeda,TAKEDA,7896641812774,390.65,318.86,71.78999999999996,18.4
Inzelm 20mg com 30 Comprimidos - Takeda,TAKEDA,7896641812811,238.51,197.86,40.64999999999998,17.0
Mesacol 800mg com 30 Comprimidos Revestidos - Takeda,TAKEDA,7896641802980,264.72,209.07,55.650000000000034,21.0
Noripurum 100mg com 30 Comprimidos - Takeda,TAKEDA,7898581710547,74.32,63.17,11.149999999999991,15.0
Noripurum 50mg Gotas 30ml - Takeda,TAKEDA,7898581710523,46.72,39.71,7.009999999999998,15.0
Noripurum Fólico com 30 Comprimidos - Takeda,TAKEDA,7898581710608,77.62,68.31,9.310000000000002,12.0
Noripurum Xarope 120ml - Takeda,TAKEDA,7898581710578,35.49,30.17,5.32,15.0
"Plantaben 3,5g - 10 envelopes",TAKEDA,7898560664250,69.39,58.98,10.410000000000004,15.0
"Plantaben 3,5g - 30 envelopes",TAKEDA,7898560664267,183.23,155.75,27.47999999999999,15.0
Proctyl Supositórios - 15 Uni,TAKEDA,7896641805905,92.73,78.82,13.91000000000001,15.0
Proctyl Pomada - 30g + 10 Aplicadores,TAKEDA,7896641801792,86.38,74.29,12.08999999999999,14.0
Proctyl Pomada - 50mg + 10 Bisnagas,TAKEDA,7896641803642,86.38,73.42,12.959999999999994,15.0
Siilif 50mg com 30 Comprimidos - Takeda,TAKEDA,7896641806360,94.56,75.53,19.03,20.1
Siilif 100mg com 60 Comprimidos - Takeda,TAKEDA,7896641806414,196.45,162.17,34.28,17.4
Siilif 100mg com 30 Comprimidos - Takeda,TAKEDA,7896641806407,108.14,90.0,18.14,16.8
Mesacol MMX 1200mg com 30 Comprimidos - Takeda,TAKEDA,7896641807343,431.52,349.4,82.12,19.0
Dexilant 60mg com 60 Cápsulas - Takeda,TAKEDA,7896641809033,252.1,213.58,38.51999999999998,15.3
Dexilant 30mg com 30 Cápsulas - Takeda,TAKEDA,7896641808982,120.63,104.89,15.739999999999995,13.0
Fibernorm Lata - 225g,TAKEDA,7896641813405,134.9,134.9,0.0,0.0
Dexilant 30mg com 60 Cápsulas - Takeda,TAKEDA,7896641808999,252.1,207.58,44.51999999999998,17.7
Dexilant 60mg com 30 Cápsulas - Takeda,TAKEDA,7896641809026,126.05,104.19,21.86,17.3
Mesacol 500mg com 15 Supositórios - Takeda,TAKEDA,7896641813061,158.68,124.51,34.17,21.5
Mesacol 250mg com 15 Supositórios Retais - Takeda,TAKEDA,7896641808777,79.24,67.35,11.89,15.0
Rozerem 8mg com 30 Comprimidos - Takeda,TAKEDA,7896641810770,129.59,111.45,18.14,14.0
"Jardiance Duo 12,5 + 850mg com 60 comprimidos - Boehringer",BOEHRINGER,7896026307741,336.91,286.37,50.54000000000002,15.0
Atrovent 20ml - Boehringer,BOEHRINGER,7896026307826,30.88,27.17,3.7099999999999973,12.0
Atrovent N 10ml Aerosol 200mcg/doses - Boehringer,BOEHRINGER,7896026302432,41.42,36.45,4.969999999999999,12.0
Berotec Aerosol 100mg Dosificador 10ml - Boehringer,BOEHRINGER,7896026302784,34.24,29.1,5.140000000000001,15.0
Pradaxa 110mg com 10 Cápsulas - Boehringer,BOEHRINGER,7896026303101,68.02,55.06,12.959999999999994,19.1
Pradaxa 110mg com 30 Cápsulas - Boehringer,BOEHRINGER,7896026303057,203.97,154.77,49.19999999999999,24.1
"Sifrol 0,25mg com 30 Comprimidos - Boehringer",BOEHRINGER,7896026301381,147.87,120.78,27.090000000000003,18.3
Spiriva Respimat Aero 4ml - Boehringer,BOEHRINGER,7896026302999,505.27,429.48,75.78999999999996,15.0
Pradaxa 150mg com 60 Cápsulas - Boehringer,BOEHRINGER,7896026304719,407.88,314.74,93.13999999999999,22.8
Pradaxa 150mg com 30 Cápsulas - Boehringer,BOEHRINGER,7896026304702,203.97,157.15,46.81999999999999,23.0
Trayenta 5mg com 30 Comprimidos - Boehringer,BOEHRINGER,7896026305259,307.88,261.7,46.18000000000001,15.0
Micardis HCT 80 + 25mg com 30 Comprimidos - Boehringer,BOEHRINGER,7896026304016,247.76,210.6,37.16,15.0
Micardis 40mg com 30 Comprimidos - Boehringer,BOEHRINGER,7896026304245,230.43,195.87,34.56,15.0
Micardis 80mg com 30 Comprimidos - Boehringer,BOEHRINGER,7896026304276,257.12,218.55,38.56999999999999,15.0
"Micardis HCT 80 + 12,5mg com 30 Comprimidos - Boehringer",BOEHRINGER,7896026304337,247.76,210.6,37.16,15.0
"Micardis HCT 40mg + 12,5mg com 30 Comprimidos - Boehringer",BOEHRINGER,7896026304306,221.91,188.62,33.28999999999999,15.0
Micardis Anlo 40/5mg com 30 Comprimidos - Boehringer,BOEHRINGER,7896026305327,131.83,105.67,26.16000000000001,19.8
Micardis Anlo 80/5mg com 30 Comprimidos - Boehringer,BOEHRINGER,7896026305310,168.82,131.76,37.06,22.0
Pradaxa 75mg com 30 Cápsulas - Boehringer,BOEHRINGER,7896026303088,203.97,154.31,49.66,24.3
Pradaxa 110mg com 60 Cápsulas - Boehringer,BOEHRINGER,7896026303064,407.88,316.11,91.76999999999998,22.5
"Striverdi Respimat 2,5mcg com 60 Comprimidos - Boehringer",BOEHRINGER,7896026306126,201.23,157.22,44.00999999999999,21.9
Jardiance 25mg com 30 Comprimidos - Boehringer,BOEHRINGER,7896026306188,305.8,259.93,45.870000000000005,15.0
Jardiance 10mg com 30 Comprimidos - Boehringer,BOEHRINGER,7896026306416,305.8,259.93,45.870000000000005,15.0
Glyxambi 10/5mg com 30 Comprimidos - Boehringer,BOEHRINGER,7896026306720,497.84,423.16,74.67999999999995,15.0
Glyxambi 25/5mg com 30 Comprimidos - Boehringer,BOEHRINGER,7896026306751,476.41,404.95,71.46000000000004,15.0
Spiolto Solução 4ml com 60 Doses + Inalador - Boehringer,BOEHRINGER,7896026306799,394.71,394.71,0.0,0.0
Vibramicina Solúvel 100mg com 20 Comprimidos - Pfizer,PFIZER,7891268113013,138.62,130.3,8.319999999999993,6.0
Inspra 50mg com 30 Comprimidos,PFIZER,7908236801220,98.55,82.45,16.099999999999994,16.3
Lorax 1mg com 30 Comprimidos - Pfizer,PFIZER,7891045008396,37.57,29.78,7.789999999999999,20.7
"Dostinex 0,5 mg com 2 Comprimidos - Pfizer",PFIZER,7891268102208,142.94,111.31,31.629999999999995,22.1
Feldene SL 20mg com 10 Comprimidos - Pfizer,PFIZER,7891268104028,93.25,79.26,13.989999999999995,15.0
Feldene 20 mg com 10 Cápsulas - Pfizer,PFIZER,7891268144086,43.77,37.2,6.57,15.0
Olmetec 40mg com 30 Comprimidos - Pfizer,PFIZER,7891268148756,212.67,180.77,31.899999999999977,15.0
Olmetec HCT 40/25mg com 30 Comprimidos - Pfizer,PFIZER,7891268148862,191.72,162.96,28.75999999999999,15.0
"Olmetec HCT 20/12,5mg com 30 Comprimidos - Pfizer",PFIZER,7891268148800,168.33,143.08,25.25,15.0
Olmetec 20mg com 30 Comprimidos - Pfizer,PFIZER,7891268148725,184.86,157.13,27.730000000000018,15.0
Ponstan 500mg com 24 Comprimidos - Pfizer,PFIZER,7891268118001,45.1,39.69,5.410000000000004,12.0
Pristiq 50mg com 28 Comprimidos - Pfizer,PFIZER,7891045013130,243.86,197.2,46.660000000000025,19.1
Provera 10mg com 14 Comprimidos - Pfizer,PFIZER,7891268106213,44.32,33.45,10.869999999999997,24.5
Pristiq 100mg com 28 Comprimidos - Pfizer,PFIZER,7891045014366,268.43,216.13,52.30000000000001,19.5
Olmetec Anlo 20/5mg com 30 Comprimidos - Pfizer,PFIZER,7891268148923,161.21,137.03,24.180000000000007,15.0
Hylo-Gel - 10ml,PFIZER,7897137900401,116.67,99.17,17.5,15.0
Hylo-Comod - 10ml,PFIZER,7897137900364,103.19,90.81,12.379999999999995,12.0
Olmetec Anlo 40/5mg com 30 Comprimidos - Pfizer,PFIZER,7891268148961,182.16,154.84,27.319999999999993,15.0
Eliquis 5mg com 60 Comprimidos - Pfizer,PFIZER,7891268118100,386.52,328.54,57.97999999999996,15.0
Caverject 20mcg com 1 Ampola - Pfizer,PFIZER,7891268100716,163.95,144.28,19.669999999999987,12.0
Eliquis 5mg com 20 Comprimidos - Pfizer,PFIZER,7891268118094,128.8,109.48,19.320000000000007,15.0
"Eliquis 2,5mg com 60 Comprimidos - Pfizer",PFIZER,7891268118087,386.52,328.54,57.97999999999996,15.0
Zitromax 500mg c/3 cpr,PFIZER,7891268130065,46.41,40.84,5.569999999999993,12.0
"Eliquis 2,5mg com 20 Comprimidos - Pfizer",PFIZER,7891268118070,128.8,93.6,35.20000000000002,27.3
Abc Spray - 30ml,HERTZ P-2,7896331702583,38.17,17.12,21.05,55.1
Kit Helioderm Facial FPS50 com Cor + Sabonete Facial,HERTZ P-2,7896331708219,35.99,35.99,0.0,0.0
Sabonete Helioderm Facial FPS50 Kit,HERTZ P-2,7896331708141,34.49,34.49,0.0,0.0
Helioderm Kids FPS70 120ml,HERTZ P-2,7896331708608,55.49,45.64,9.850000000000001,17.8
Helioderm Facial FPS70 Bege Médio 50g,HERTZ P-2,7896331708233,38.9,34.5,4.399999999999999,11.3
Kit Helioderm Econômico FPS50 200ml + 120ml,HERTZ P-2,7896331707632,69.9,62.54,7.3600000000000065,10.5
Helioderm Facial FPS70 Bege Claro 50g,HERTZ P-2,7896331708226,38.9,34.52,4.3799999999999955,11.3
Protetor Solar Helioderm Facial Sem Cor FPS70 - 50g,HERTZ P-2,7896331705331,34.9,32.75,2.1499999999999986,6.2
Potetor Solar Corporal Helioderm Suncare Kids FPS50 - 120ml,HERTZ P-2,7896331705348,39.9,38.63,1.269999999999996,3.2
Anti-Séptico Clo Spray 10mg com 50ml  - Hertz,HERTZ P-2,7896331706567,17.49,10.3,7.189999999999998,41.1
Protetor Labial Helioderm FPS30,HERTZ P-2,7896331707687,11.9,11.9,0.0,0.0
Kit helioderm corpo fps50 200ml+facial fps50 50g,HERTZ P-2,7896331707670,84.03,60.8,23.230000000000004,27.6
Helioderm suncare fps50 spray 200ml,HERTZ P-2,7896331707632,62.9,52.89,10.009999999999998,15.9
Helioderm facial fps50 com cor 50g,HERTZ P-2,7896331706994,34.0,31.86,2.1400000000000006,6.3
Kit Helioderm FPS50 200ml + Kids FPS50 120ml,HERTZ P-2,7896331707380,70.9,69.64,1.2600000000000051,1.8
Ritmoneuran RTM com 20 Cápsulas - Hertz,HERTZ P-2,7896331703924,36.15,16.09,20.06,55.5
Sanasar Sabonete - 80g,HERTZ P-2,7896331700121,20.4,12.38,8.019999999999998,39.3
Supra D Gotas com 30ml - Hertz,HERTZ P-2,7896331705584,24.9,22.32,2.5799999999999983,10.4
Anti-Séptico Spray com 50ml - Hertz,HERTZ P-2,7896331701104,17.9,13.16,4.739999999999998,26.5
Creme Efederm - 55g,HERTZ P-2,7896331700138,38.7,27.33,11.370000000000005,29.4
Colágeno Hidrolisado Colartrox com 300g - Hertz,HERTZ P-2,7896331705645,96.62,67.45,29.17,30.2
Osso-Pro k2 com 30 Comprimidos - Hertz,HERTZ P-2,7896331707069,92.54,46.56,45.980000000000004,49.7
Capitrat Shampoo com 150ml - Hertz,HERTZ P-2,7896331706246,24.9,24.29,0.6099999999999994,2.4
Supra C Kids Kley Vitaminado Sabor Laranja com 30 Unidades - Hertz,HERTZ P-2,7896321016966,24.9,17.69,7.209999999999997,29.0
Kit Osteonutri 600mg Leve Mais Pague Menos com 90 Comprimidos - Aspen,ASPEN,7898961620312,134.9,112.91,21.99000000000001,16.3
Xylocaina Pomada Sabor Laranja 25g - Aspen,ASPEN,7895858017101,26.75,23.54,3.210000000000001,12.0
Xylocaina Pomada 5% 25g - Aspen,ASPEN,7895858017118,29.2,25.7,3.5,12.0
Deca Durabolin 50mg/ml com Ampola 1ml - Aspen,ASPEN,7895858016265,30.67,28.83,1.8400000000000034,6.0
Aldomet 250mg com 30 Comprimidos - Aspen,ASPEN,7895858005917,43.09,34.39,8.700000000000003,20.2
Aldomet 500mg com 30 Comprimidos - Aspen,ASPEN,7895858005924,87.7,66.2,21.5,24.5
Benestare 625mg - 30 comprimidos,ASPEN,7895858017385,58.45,54.94,3.510000000000005,6.0
Calman com 20 Comprimidos - Aspen,ASPEN,7895858017156,42.9,34.34,8.559999999999995,20.0
Calman Gotas com 100ml - Aspen,ASPEN,7895858017149,49.9,44.87,5.030000000000001,10.1
Durateston com 1 Ampola - Aspen,ASPEN,7895858016241,56.07,37.9,18.17,32.4
Imuran 50mg com 50 Comprimidos - Aspen,ASPEN,7895858010362,282.51,186.91,95.6,33.8
Indocid cps 50 mg com 30 Comprimidos - Aspen,ASPEN,7895858005962,53.09,45.13,7.960000000000001,15.0
Leite de Magnésia de Phillips - 350ml,ASPEN,7895858015695,24.99,19.41,5.579999999999998,22.3
Leite de Magnésia Phillips - 120ml,ASPEN,7895858015688,14.9,11.86,3.040000000000001,20.4
Leite de Magnésia de Phillips Sabor Hortelã - 350ml,ASPEN,7895858015671,24.99,19.23,5.759999999999998,23.0
Leite de Magnésia de Phillips Sabor Hortelã - 120ml,ASPEN,7895858015664,14.9,12.45,2.450000000000001,16.4
Magnésia Bisurada Sabor Menta com 10 Pastilhas - Aspen,ASPEN,7895858017415,10.99,9.34,1.6500000000000004,15.0
Omcilon A Pomada Orabase 10g - Aspen,ASPEN,7895858015824,26.38,23.21,3.169999999999998,12.0
Osteonutri Aspen 600mg + 400ui - 60 comprimidos,ASPEN,7895858017408,125.9,122.37,3.530000000000001,2.8
Zyloric 100mg com 30 Comprimidos - Aspen,ASPEN,7895858010324,22.78,20.05,2.7300000000000004,12.0
Zyloric 300mg com 30 Comprimidos - Aspen,ASPEN,7895858010331,67.25,57.16,10.090000000000003,15.0
Magnésia Bisurada Sabor Menta com 40 Pastilhas - Aspen,ASPEN,7895858017439,43.84,38.58,5.260000000000005,12.0
Osteonutri 600mg + 400ui com 30 Comprimidos - Aspen,ASPEN,7898961620312,79.9,64.9,15.0,18.8
Xyloproct Pomada 25g - Aspen,ASPEN,7895858017125,43.78,38.53,5.25,12.0
Monuril Granulado Uso Oral com 1 Envelope - Zambon,ZAMBON,7898074614178,69.15,59.47,9.680000000000007,14.0
Monuril Granulado de Uso Oral com 2 Envelopes 8g - Zambon,ZAMBON,7898074615212,135.3,116.36,18.940000000000012,14.0
Spidufen 770mg com 10 Comprimidos - Zambon,ZAMBON,7898074610453,35.89,31.58,4.310000000000002,12.0
Spidufen Damasco 400mg/770mg com 6 Envelopes de 3g - Zambon,ZAMBON,7898074610354,23.57,20.74,2.830000000000002,12.0
Spidufen 770mg com 3 Comprimidos - Zambon,ZAMBON,7898074611344,12.36,12.36,0.0,0.0
Spidufen 770mg com 20 Comprimidos - Zambon,ZAMBON,7898074610651,62.29,54.82,7.469999999999999,12.0
Fisiogen Grávida - 30 cápsulas e 30 comprimidos,ZAMBON,7898074613096,149.9,134.13,15.77000000000001,10.5
Fisiogen Ferro Forte com 30 Cápsulas - Zambon,ZAMBON,7898074613010,119.9,115.95,3.950000000000003,3.3
Spidufen Sabor Damasco 770mg com 10 Envelopes - Zambon,ZAMBON,7898074617780,35.29,31.06,4.23,12.0
Dividol 70mg com 12 Cápsulas - Zambon,ZAMBON,7898074616042,53.73,42.38,11.349999999999994,21.1
Fluimucil 600mg com 16 Comprimidos Efervescentes - Zambon,ZAMBON,7898074617612,72.63,68.27,4.359999999999999,6.0
Fluimucil D 600mg com 16 Envelopes - Zambon,ZAMBON,7898074617322,80.7,71.02,9.680000000000007,12.0
Fluimucil Xarope Adulto Zambon com 120ml - Zambon,ZAMBON,7898074617438,44.5,38.27,6.229999999999997,14.0
Seki Xarope - 120ml,ZAMBON,7898074618183,29.55,26.0,3.5500000000000007,12.0
Spidufen Sabor Menta com 10 Envelopes - Zambon,ZAMBON,7898074610880,52.7,46.38,6.32,12.0
Spidufen Sabor Damasco com 10 Envelopes - Zambon,ZAMBON,7898074617803,52.7,46.38,6.32,12.0
Fluimucil 200mg com 16 Comprimidos Efervescentes - Zambon,ZAMBON,7898074613430,57.07,50.22,6.850000000000001,12.0
Ursacol 300mg com 30 Comprimidos - Zambon,ZAMBON,7898074618442,320.32,244.46,75.85999999999999,23.7
Ursacol 150mg com 30 Comprimidos - Zambon,ZAMBON,7898074618435,162.05,123.7,38.35000000000001,23.7
Ursacol 50mg com 30 Comprimidos - Zambon,ZAMBON,7898074614857,65.43,50.53,14.900000000000006,22.8
Fisiogen Ferro com 30 Cápsulas - Zambon,ZAMBON,7898074618091,94.9,90.33,4.570000000000007,4.8
Dividol 70mg com 36 Cápsulas - Zambon,ZAMBON,7898074618657,156.75,124.84,31.909999999999997,20.4
Spidufen Sabor Damasco 770mg com 20 Envelopes - Zambon,ZAMBON,7898074615755,68.24,60.05,8.189999999999998,12.0
Tericin AT 1 Bisnaga com 45g de Creme de Uso Vaginal - Arese,ARESE,7899824400911,78.35,68.95,9.399999999999991,12.0
Colpist MT Creme Vaginal 40g com 10 Aplicações - Arese,ARESE,7899824400928,48.9,43.03,5.869999999999997,12.0
Flenus com 30 Comprimidos - Arese,ARESE,7899824400386,117.48,99.86,17.620000000000005,15.0
Zirvit Plus com 30 Comprimidos - Arese,ARESE,7899824400676,107.9,106.14,1.7600000000000051,1.6
Zirvit Vita com 30 Cápsulas - Arese,ARESE,7899824401109,59.9,57.11,2.789999999999999,4.7
Minel 200mg com 30 Comprimidos - Arese,ARESE,7899824400331,167.96,147.8,20.159999999999997,12.0
Dexador 5000mg com 20 Comprimidos - Arese,ARESE,7899824400980,78.29,68.9,9.39,12.0
Dexador Injetável com 3 Ampolas - Arese,ARESE,7899824400942,49.98,43.98,6.0,12.0
Enax 200mg com 30 Comprimidos - Arese,ARESE,7899824400812,90.4,79.55,10.850000000000009,12.0
Folifer - 30 comprimidos,ARESE,7899824400737,74.9,73.02,1.8800000000000097,2.5
Folacin Gotas - 30ml,ARESE,7899824401017,44.9,44.9,0.0,0.0
Folifer Gotas - 30ml,ARESE,7899824400775,52.9,50.72,2.1799999999999997,4.1
Nevrix com 20 Comprimidos Revestidos - Arese,ARESE,7899824400690,71.76,63.15,8.610000000000007,12.0
Nevrix IM com 3 Ampolas - Arese,ARESE,7899824400409,25.95,22.84,3.1099999999999994,12.0
Zelix 150mg com 1 Comprimidos - Arese,ARESE,7899824400874,50.06,42.55,7.510000000000005,15.0
Zirvit Kids com 150ml - Arese,ARESE,7899824401031,70.99,70.99,0.0,0.0
Folacin 5mg com 30 Comprimidos - Arese,ARESE,7899824400560,38.76,34.11,4.649999999999999,12.0
Ossone - 30 Comprimidos,ARESE,7899824400171,99.9,99.9,0.0,0.0
Zirvit Baby com 30ml - Arese,ARESE,7899824400201,49.9,47.04,2.8599999999999994,5.7
Becan Cranberry com 20ml - Arese,ARESE,7899824400782,73.99,72.72,1.269999999999996,1.7
Jofix 4mg com 10 Comprimidos - Arese,ARESE,7899824400065,47.6,41.89,5.710000000000001,12.0
Precol Gotas com 30ml - Arese,ARESE,7899824400935,93.9,93.9,0.0,0.0
Lacass - 14 comprimidos,ARESE,7899824400478,70.66,62.18,8.479999999999997,12.0
Pazine 315mg com 30 Comprimidos - Arese,ARESE,7899824400546,79.84,70.26,9.579999999999998,12.0
"Latanoprosta 0,05mg Uso Oftálmico oft 2,5ml - Geolab",GEOLAB,7899095238299,133.77,38.08,95.69000000000001,71.5
Furosemida 40mg com 20 Comprimidos - Geolab Genérico,GEOLAB,7899095250949,9.87,2.83,7.039999999999999,71.3
Miracalcio MDK com 60 Comprimidos,GEOLAB,7899095260993,32.99,32.97,0.020000000000003126,0.1
Cisteil 200mg - 16 envelopes,GEOLAB,7899095239340,38.54,16.26,22.279999999999998,57.8
Miracálcio Vit D com 60 Comprimidos - Geolab,GEOLAB,7899095260993,76.1,23.78,52.31999999999999,68.8
Resfriliv 400mg Hortelã e Gengibre com 1 Envelope - Geolab,GEOLAB,7899095221284,2.98,1.09,1.89,63.4
Ibuprofeno Gotas 100mg 20ml - Geolab,GEOLAB,7899095236400,14.25,9.2,5.050000000000001,35.4
"Stomaliv Efervescente Sem Sabor 4,8g - Geolab",GEOLAB,7899095263147,1.99,1.99,0.0,0.0
Oncicrem-A Orabase Pomada 10g - Geolab,GEOLAB,7899095258051,18.4,5.59,12.809999999999999,69.6
Fitobiloba 80mg com 30 Comprimidos - Geolab,GEOLAB,7899095239555,29.9,16.24,13.66,45.7
Stomaliv Tabs Laranja com 10 Cápsulas - Geolab,GEOLAB,7899095200814,3.9,3.08,0.8199999999999998,21.0
Stomaliv Tabs Abacaxi com 10 Cápsulas - Geolab,GEOLAB,7899095200821,3.9,3.08,0.8199999999999998,21.0
Uniair 5mg Cereja com 30 Comprimidos Mastigáveis - Geolab,GEOLAB,7899095241275,70.32,24.91,45.41,64.6
Albel 200mg - 10ml,GEOLAB,7899095201972,9.9,4.05,5.8500000000000005,59.1
Stomaliv Abacaxi - 1 Envelope de Pó Efervescente,GEOLAB,7899095239487,1.99,1.69,0.30000000000000004,15.1
Fitobiloba 120mg - 30 Comprimidos,GEOLAB,7899095239586,75.21,26.84,48.36999999999999,64.3
Albel 400mg com 1 comprimido - Geolab,GEOLAB,7899095201330,9.6,3.08,6.52,67.9
Espaslit Duo com 20 Comprimidos - Geolab,GEOLAB,7899095220751,27.83,21.66,6.169999999999998,22.2
Cisteil 600mg com 16 Envelopes  - Geolab,GEOLAB,7899095239401,58.09,18.32,39.77,68.5
"Latanoprosta + Maleato de Timolol 2,5ml - Geolab",GEOLAB,7899095238312,150.23,39.84,110.38999999999999,73.5
Oxalato de Escitalopram 20mg 15ml - Geolab,GEOLAB,7899095237254,111.2,22.27,88.93,80.0
Hystin 2mg com 20 Comprimidos - Geolab,GEOLAB,7899095200425,9.82,2.63,7.19,73.2
Cisteil Xarope Infantil com 120ml - Geolab,GEOLAB,7899095203532,25.99,16.18,9.809999999999999,37.7
Apaxy 300mg - 20 comprimidos,GEOLAB,7899095258990,30.83,16.58,14.25,46.2
Hidrasim Pó Água de Coco - 28g,MASSIME,7898722860544,5.0,3.57,1.4300000000000002,28.6
Poligan Plus Mássime com 30 Tabletes - Mássime,MASSIME,7898722860100,67.99,43.41,24.58,36.2
Maxrub Pomada - 12g,MASSIME,7896186003088,13.34,7.96,5.38,40.3
Xantimax com 200 Comprimidos - Mássime,MASSIME,7898965191733,3.99,3.33,0.6600000000000001,16.5
Hidrasim Pó Água de Coco com 4 Envelopes de 28G - Màssime,MASSIME,7898722860537,19.49,19.49,0.0,0.0
PANTOCLER ABACAXI 10ML,MASSIME,7898722860391,11.99,11.9,0.08999999999999986,0.8
D Mássime 400UI com 10ml - Mássime,MASSIME,7898722860650,14.99,14.99,0.0,0.0
D Mássime 200UI com 20ml - Massime,MASSIME,7898722860667,7.99,7.99,0.0,0.0
Fitore 250mg com 120 Cápsulas - Massime,MASSIME,7898722860506,89.9,70.15,19.75,22.0
Venofleb 50mg com 30 Cápsulas - Massime,MASSIME,7898722860599,36.49,36.48,0.010000000000005116,0.0
Fort-Move com 30 Comprimidos - Mássime,MASSIME,7898722860131,102.49,81.24,21.25,20.7
Acetilcisteina Xarope Sabor Morango Massime com 120ml - Massime,MASSIME,7898965191979,18.45,16.22,2.2300000000000004,12.1
Acetilcisteína 200mg com 16 Comprimidos - Mássime,MASSIME,7898965191788,44.49,27.34,17.150000000000002,38.5
Lanocare Pomada - 30g,MASSIME,7898965191658,45.0,30.94,14.059999999999999,31.2
Feminidha - 30 Cápsulas,MASSIME,7898965191542,82.9,63.15,19.750000000000007,23.8
Maxrub Pomada - 40g,MASSIME,7896186003095,19.15,14.33,4.8199999999999985,25.2
Xantimax com 120ml - Mássime,MASSIME,7898965191740,15.49,11.94,3.5500000000000007,22.9
Xantimax com 30 Comprimidos - Mássime,MASSIME,7898965191726,12.49,9.28,3.210000000000001,25.7
Xantimax 10ml com 1 Flaconete - Mássime,MASSIME,7898965191757,2.49,2.05,0.4400000000000004,17.7
Cognon com 60 Cápsulas - Mássime,MASSIME,7898965191481,69.0,42.83,26.17,37.9
Magnesis B6 com 30 Cápsulas - Mássime,MASSIME,7898965191498,70.0,41.9,28.1,40.1
Dósseo com 30 Cápsulas - Massime,MASSIME,7898965191429,55.0,34.47,20.53,37.3
Dósseo K2 com 30 Cápsulas - Mássime,MASSIME,7898965191436,55.0,33.42,21.58,39.2
Pyverm 100mg com 6 Comprimidos - Cifarma,CIFARMA,7908020502722,37.64,33.11,4.530000000000001,12.0
SOROZINC SABOR NATURAL C/4 ENV 14G,CIFARMA,7908020502296,36.6,36.6,0.0,0.0
Nimsy 100mg com 12 Comprimidos - Cifarma,CIFARMA,7898505095187,41.5,35.28,6.219999999999999,15.0
Grow Imune Sabor Abacaxi - 100ml,CIFARMA,7908020506546,38.99,32.35,6.640000000000001,17.0
Dextaflam Xarope com 120ml - Cifarma,CIFARMA,7898505093756,51.87,20.0,31.869999999999997,61.4
Flora B Gotas - 5ml,CIFARMA,7908020503354,84.99,83.4,1.5899999999999892,1.9
Ferane 35 com 21 Drágeas - Cifarma,CIFARMA,7908020502630,35.82,26.44,9.379999999999999,26.2
Fertnon com 21 Drágeas - Cifarma,CIFARMA,7908020502661,51.18,36.75,14.43,28.2
Noregyna Injetável com 1 Ampla - Cifarma,CIFARMA,7898158693686,41.97,28.46,13.509999999999998,32.2
Pyverm 40ml - Cifarma,CIFARMA,7908020502715,40.24,33.37,6.8700000000000045,17.1
Grow Vit BB com 20ml - Cifarma,CIFARMA,7898495609326,33.9,33.9,0.0,0.0
Maximus A-Z - 30 Cápsulas,CIFARMA,7898495605533,79.99,79.99,0.0,0.0
Grow Vit Sabor Laranja com 240ml - Cifarma,CIFARMA,7898495609340,72.9,72.9,0.0,0.0
Flora 5 - 6 Sachês,CIFARMA,7898495605083,57.99,55.35,2.6400000000000006,4.6
Natazy Dha - 30 Cápsulas,CIFARMA,7898495608145,92.99,92.2,0.789999999999992,0.8
Imolac - 120ml,CIFARMA,7898495609364,46.9,45.82,1.0799999999999983,2.3
Maximus A-Z - 90 Cápsulas,CIFARMA,7898495605557,238.0,220.77,17.22999999999999,7.2
Imolac - 200ml,CIFARMA,7898495609487,64.9,59.65,5.250000000000007,8.1
Grow Zinco - 100ml,CIFARMA,7898495609739,41.98,41.98,0.0,0.0
Ferane 35 com 63 Drágeas - Cifarma,CIFARMA,7908020502647,90.52,61.95,28.569999999999993,31.6
Grow Ferro Sabor Chocolate - 30ml,CIFARMA,7908020502883,54.9,54.9,0.0,0.0
Grow D Tutti Frutti - 10ml,CIFARMA,7908020501435,34.9,34.9,0.0,0.0
Oss-for K Mag - 60 Comprimidos,CIFARMA,7908020503545,149.9,148.95,0.950000000000017,0.6
Hidraplex Sabor Água de Coco - 1 Envelope,NATULAB,7898133137297,24.86,12.56,12.299999999999999,49.5
Xarope de Guaco Natulab - 150ml,NATULAB,7898133131837,36.95,12.01,24.940000000000005,67.5
Arlivry Xarope Sabor Cereja 7mg com 100ml - Natulab,NATULAB,7898133136634,29.14,10.33,18.810000000000002,64.6
Nasojet Spray 9mg com 50ml - Natulab,NATULAB,7898133135248,19.65,10.15,9.499999999999998,48.3
Leite de Magnésia Magmax - 100ml,NATULAB,7899470802268,15.86,7.25,8.61,54.3
Alcachofra Natulab 300mg - 30 comprimidos,NATULAB,7899470801414,36.9,16.66,20.24,54.9
Hidralyte Sabor Coco com 500ml - Natulab,NATULAB,7898133139253,16.81,9.63,7.179999999999998,42.7
Varivax 300mg com 30 Comprimidos - Natulab,NATULAB,7899470803975,66.58,28.32,38.26,57.5
Dipirona Sódica Gotas com 20ml - Natulab,NATULAB,7899470808253,13.29,3.99,9.299999999999999,70.0
Hidraplex com 4 Envelopes Sabor Uva - Natulab,NATULAB,7898133137358,36.68,21.11,15.57,42.4
Dipirona Sódica 500mg com 30 Comprimidos - Natulab,NATULAB,7899470808260,39.99,12.21,27.78,69.5
Seakalm 600mg com 20 Comprimidos - Natulab,NATULAB,7899470807652,40.53,28.44,12.09,29.8
Maxalgina Gotas com 20ml - Natulab,NATULAB,7898133131011,7.71,4.14,3.5700000000000003,46.3
Seakalm com 20 Comprimidos - Natulab,NATULAB,7898133136047,42.59,16.4,26.190000000000005,61.5
Hidraplex Natural - 4 Envelopes,NATULAB,7898133137310,25.98,13.12,12.860000000000001,49.5
Kalonat - 10ml,NATULAB,7899470807997,24.44,14.11,10.330000000000002,42.3
Seakalm Xarope com 100ml - Natulab,NATULAB,7899470800882,29.95,21.54,8.41,28.1
Buscoplex Composto Gotas com 20ml - Natulab,NATULAB,7899470802565,20.16,13.29,6.870000000000001,34.1
Unha Gold Spray - 30ml,NATULAB,7899470805221,73.8,20.0,53.8,72.9
L-enema - 130ml,NATULAB,7898133139420,17.93,16.5,1.4299999999999997,8.0
Maxalgina Gotas com 10ml - Natulab,NATULAB,7898133130403,6.63,1.99,4.64,70.0
Polaradex Xarope com 100ml - Natulab,NATULAB,7898133131066,15.51,6.44,9.07,58.5
Celebra 100mg com 20 Cápsulas - Viatris,VIATRIS,7908236800698,95.93,82.5,13.430000000000007,14.0
Celebra 200mg com 10 Cápsulas - Viatris,VIATRIS,7908236800049,78.97,67.91,11.060000000000002,14.0
"Frontal 0,5mg com 30 Comprimidos - Viatris",VIATRIS,7908236800650,70.6,55.31,15.289999999999992,21.7
"Frontal 0,25mg com 30 Comprimidos - Viatris",VIATRIS,7908236800643,36.19,27.82,8.369999999999997,23.1
Frontal 1mg com 30 Comprimidos - Viatris,VIATRIS,7908236800667,125.5,97.47,28.03,22.3
"Frontal XR 0,5mg com 30 Comprimidos - Viatris",VIATRIS,7908236800728,70.6,53.94,16.659999999999997,23.6
Lipitor 10mg com 30 Comprimidos - Viatris,VIATRIS,7908236800544,198.33,168.58,29.75,15.0
Lipitor 80mg com 30 Comprimidos - Viatris,VIATRIS,7908236800797,343.25,291.76,51.49000000000001,15.0
Lipitor 40mg com 30 Comprimidos - Viatris,VIATRIS,7908236800773,343.25,291.76,51.49000000000001,15.0
Lyrica 150mg c/28 caps,VIATRIS,7908236800902,322.68,274.28,48.400000000000034,15.0
Lyrica 75mg com 28 Cápsulas - Viatris,VIATRIS,7908236800933,210.42,178.86,31.559999999999974,15.0
Viagra 50mg com 2 Comprimidos - Viatris,VIATRIS,7908236800186,74.09,65.2,8.89,12.0
"Xalacom Solução Oftálmica 2,5ml - Viatris",VIATRIS,7908236800841,273.78,232.71,41.069999999999965,15.0
"Xalatan Solução Oftálmica 2,5ml - Viatris",VIATRIS,7908236800858,243.67,207.12,36.54999999999998,15.0
Viagra 50mg com 1 Comprimidos - Viatris,VIATRIS,7908236800209,37.01,32.57,4.439999999999998,12.0
Norvasc 5mg com 30 Comprimidos - Viatris,VIATRIS,7908236800322,86.73,73.72,13.010000000000005,15.0
"Efexor XR 37,5mg com 30 Cápsulas - Viatris",VIATRIS,7908236800605,202.9,172.47,30.430000000000007,15.0
Efexor XR 150mg com 30 Cápsulas - Viatris,VIATRIS,7908236800568,671.24,570.55,100.69000000000005,15.0
Efexor XR 75mg com 30 Cápsulas - Viatris,VIATRIS,7908236800629,472.93,401.99,70.94,15.0
Dicoxibe 200mg com 15 Cápsulas - Viatris,VIATRIS,7908236800391,95.37,82.02,13.350000000000009,14.0
Zoloft 50mg com 30 Comprimidos - Viatris,VIATRIS,7908236800124,150.05,115.26,34.790000000000006,23.2
Stilgrip Sachê com 1 Unidades - Hertz,HERTZ P-1,7896331701029,2.49,1.37,1.12,45.0
"Unha Sana - 2,5ml",HERTZ P-1,7896331705591,108.45,58.07,50.38,46.5
Ginkocaps 80mg c/30 caps,HERTZ P-1,7896331701562,30.34,17.97,12.370000000000001,40.8
Hepatilon com 150ml - Hertz,HERTZ P-1,7896331703139,32.38,18.51,13.870000000000001,42.8
Proctosan Pomada - 20g,HERTZ P-1,7896331700459,44.17,22.29,21.880000000000003,49.5
Resfenol com 20 Cápsulas - Hertz,HERTZ P-1,7896331703443,21.94,11.59,10.350000000000001,47.2
Hederaflux Cereja com 100ml - Hertz,HERTZ P-1,7896331707106,29.0,11.0,18.0,62.1
Optocare Luteína Plus com 30 Comprimidos - Hertz,HERTZ P-1,7896331708400,54.9,43.43,11.469999999999999,20.9
Dentalfresh Sensitive com 90g - Hertz,HERTZ P-1,7896331707489,18.99,11.91,7.079999999999998,37.3
Kit Solução Para Lentes Ultrasept Sensitive 360ml + 120ml - Hertz,HERTZ P-1,7898902180820,49.0,39.9,9.100000000000001,18.6
"Enemin 6,5g c/1",HERTZ P-1,7896331706925,6.3,5.48,0.8199999999999994,13.0
Hepatilon com 1 Flaconete - Hertz,HERTZ P-1,7896331705096,4.21,1.94,2.27,53.9
Rapilax em Gotas - 30ml,HERTZ P-1,7896331704808,15.65,12.83,2.8200000000000003,18.0
Resfenol Solução de Uso Oral com 100ml - Hertz,HERTZ P-1,7896331701661,26.47,18.67,7.799999999999997,29.5
Proctosan Pomada + 6 Aplicadores - 20g,HERTZ P-1,7896331704730,54.82,23.66,31.16,56.8
Lutevit c/60 cpr,HERTZ P-1,7896331704754,67.3,49.42,17.879999999999995,26.6
Protefigan SM 200mg com 20 Comprimidos - Hertz,HERTZ P-1,7896523201504,50.9,45.79,5.109999999999999,10.0
Protefigan SM 100mg com 30 Comprimidos - Hertz,HERTZ P-1,7896331706390,43.9,43.9,0.0,0.0
Optocare - 15ml,HERTZ P-1,7898902180547,58.97,33.78,25.189999999999998,42.7
Optocare - 10ml,HERTZ P-1,7898902180530,32.9,28.4,4.5,13.7
Rinosoft Baby com 100ml - Hertz,HERTZ P-1,7896331707014,32.0,31.02,0.9800000000000004,3.1
Rinosoft Spray Nasal com 100ml - Hertz,HERTZ P-1,7896331706833,32.0,31.23,0.7699999999999996,2.4
Vurtuoso 20mg com 30 Comprimidos - Lundbeck,LUNDBECK,5702150153906,355.03,292.88,62.14999999999998,17.5
Vurtuoso 15mg com 30 Comprimidos - Lundbeck,LUNDBECK,5702150153890,275.96,224.79,51.16999999999999,18.5
Vurtuoso 10mg com 30 Comprimidos - Lundbeck,LUNDBECK,5702150153883,213.05,176.81,36.24000000000001,17.0
Vurtuoso 5mg com 30 Comprimidos - Lundbeck,LUNDBECK,5702150153937,170.74,137.78,32.96000000000001,19.3
Lexapro 20mg Gotas 15ml - Lundbeck,LUNDBECK,5702157141326,310.89,210.63,100.25999999999999,32.2
Brintellix 20mg com 30 Comprimidos - Lundbeck,LUNDBECK,5702150152619,526.13,413.84,112.29000000000002,21.3
Rexulti 2mg com 30 Comprimidos - Lundbeck,LUNDBECK,5702150152176,477.4,383.28,94.12,19.7
"Rexulti 0,5mg com 30 Comprimidos -  Lundbeck",LUNDBECK,5702150152145,271.75,220.1,51.650000000000006,19.0
Clopixol 25mg com 20 Comprimidos - Lundbeck,LUNDBECK,5702157108459,127.52,97.0,30.519999999999996,23.9
Lexapro 20mg com 30 Comprimidos - Lundbeck,LUNDBECK,5702150143006,487.55,414.42,73.13,15.0
Clopixol Depot 200mg Frasco com 1 Ampola 1ml - Lundbeck,LUNDBECK,5702150154286,117.02,100.64,16.379999999999995,14.0
Clopixol 10mg com 20 Comprimidos - Lundbeck,LUNDBECK,5702157108411,58.31,44.9,13.410000000000004,23.0
Ebix 20mg c/30 cpr,LUNDBECK,5702150142368,393.68,239.56,154.12,39.1
Brintellix 10mg com 30 Comprimidos - Lundbeck,LUNDBECK,5702157141951,357.61,284.31,73.30000000000001,20.5
Brintellix 10mg com 60 Comprimidos - Lundbeck,LUNDBECK,5702157141968,691.96,554.1,137.86,19.9
Brintellix 5mg com 30 Comprimidos - Lundbeck,LUNDBECK,5702157141920,234.44,185.99,48.44999999999999,20.7
Lexapro 15mg com 30 Comprimidos - Lundbeck,LUNDBECK,5702150142986,333.61,283.57,50.04000000000002,15.0
Brintellix 15mg com 60 Comprimidos - Lundbeck,LUNDBECK,5702157142026,708.97,552.81,156.16000000000008,22.0
Rexulti 1mg com 30 Comprimidos - Lundbeck,LUNDBECK,5702150152169,360.42,291.18,69.24000000000001,19.2
Lexapro 10mg com 30 Comprimidos - Lundbeck,LUNDBECK,5702150142948,292.09,224.24,67.84999999999997,23.2
Lexapro 10mg com 60 Comprimidos - Lundbeck,LUNDBECK,5702150151186,445.09,367.95,77.13999999999999,17.3
Duekal com 60 Comprimidos - Brace Pharma,BRACE PHARMA RX,7896004776330,198.9,198.9,0.0,0.0
Quicard 35mg com 60 Comprimidos - Sigma Pharma,BRACE PHARMA RX,7896004775593,140.03,119.03,21.0,15.0
Atelop 2.5mg com 60 Comprimidos - Sigma Pharma,BRACE PHARMA RX,7896004777603,92.78,78.86,13.920000000000002,15.0
Atelop 5mg com 30 Comprimidos - Sigma Pharma,BRACE PHARMA RX,7896004777610,100.14,83.13,17.010000000000005,17.0
Atelop 2.5mg com 30 Comprimidos - Sigma Pharma,BRACE PHARMA RX,7896004777597,51.56,43.83,7.730000000000004,15.0
Olmy 40mg com 30 Comprimidos - Sigma Pharma,BRACE PHARMA RX,7894916510325,73.86,56.11,17.75,24.0
Quicard 35mg com 30 Comprimidos - Sigma Pharma,BRACE PHARMA RX,7896004775586,77.6,65.96,11.64,15.0
Nidue 100mg + 20mg com 12 Comprimidos - Sigma Pharma,BRACE PHARMA RX,7896004775623,71.32,62.76,8.559999999999995,12.0
Aglucose 50mg com 30 Comprimidos - Sigma Pharma,BRACE PHARMA RX,7894916503754,43.23,35.75,7.479999999999997,17.3
Lipiblock 120mg com 84 Comprimidos - Brace Pharma,BRACE PHARMA RX,7896004775500,348.2,295.97,52.22999999999996,15.0
Lipiblock 120mg com 42 Comprimidos - Germed,BRACE PHARMA RX,7896004775494,226.36,226.36,0.0,0.0
"Sigmatriol 0,25mcg com 30 Cápsulas - Sigma Pharma",BRACE PHARMA RX,7896004775340,186.7,149.48,37.22,19.9
Rusovas 10mg com 30 Comprimidos - Sigma Pharma,BRACE PHARMA RX,7896004775753,68.11,50.96,17.15,25.2
Rusovas 20mg com 30 Comprimidos - Sigma Pharma,BRACE PHARMA RX,7896004775784,118.86,89.13,29.730000000000004,25.0
Rusovas 5mg com 60 Comprimidos - Eurofarma,BRACE PHARMA RX,7896004775739,106.32,83.46,22.86,21.5
Rusovas 10mg com 60 Comprimidos - Sigma Pharma,BRACE PHARMA RX,7896004775760,115.74,93.27,22.47,19.4
Imussuprex 50mg com 50 Comprimidos - Sigma Pharma,BRACE PHARMA RX,7896004775326,184.09,135.36,48.72999999999999,26.5
Olmy Anlo 40/10mg com 30 Comprimidos - Sigma Pharma,BRACE PHARMA RX,7896004775388,100.63,76.84,23.789999999999992,23.6
Olmy Anlo 40/5mg com 30 Comprimidos - Sigma Pharma,BRACE PHARMA RX,7896004775371,100.63,74.78,25.849999999999994,25.7
Olmy Anlo 20/5mg com 30 Comprimidos - Sigma Pharma,BRACE PHARMA RX,7896004775364,89.02,69.93,19.08999999999999,21.4
Clazi XR 30mg com 30 Comprimidos - Sigma Pharma,BRACE PHARMA RX,7896004775456,40.45,31.92,8.530000000000001,21.1
Naldecon Multi com 16 Unidades - Reckitt Benckiser,RECKITT BENCKISER RB,7896222721198,32.99,32.99,0.0,0.0
Naldecon Multi com 4 Comprimidos - Reckitt Benckiser,RECKITT BENCKISER RB,7898962943052,10.99,9.34,1.6500000000000004,15.0
Luftafem 200 + 500mg com 12 Comprimidos  - Reckitt Benckiser,RECKITT BENCKISER RB,7896222721150,31.79,27.02,4.77,15.0
Nuromol 200+500mg com 12 Comprimidos - Reckitt,RECKITT BENCKISER RB,7891035001109,31.79,27.98,3.8099999999999987,12.0
Luftafem 200 + 500mg com 6 Comprimidos  - Reckitt Benckiser,RECKITT BENCKISER RB,7896222721143,16.95,14.41,2.539999999999999,15.0
Nuromol 200+500mg com 6 Comprimidos - Reckitt,RECKITT BENCKISER RB,7891035001116,16.95,14.92,2.0299999999999994,12.0
"Strepsils 8,75mg Mel e Limão - 24 pastilhas",RECKITT BENCKISER RB,7896222720863,43.16,40.57,2.5899999999999963,6.0
Luftal Intantil em Gotas 75mg - 15ml,RECKITT BENCKISER RB,7896222720887,37.69,32.04,5.649999999999999,15.0
"Strepsils 8,75mg Mel e Limão com 8 Pastilhas - Reckitt Benckiser",RECKITT BENCKISER RB,7891035010842,16.28,15.3,0.9800000000000004,6.0
Luftal Gel Caps 125mg - 10 Cápsulas,RECKITT BENCKISER RB,7896016804939,24.99,20.66,4.329999999999998,17.3
Luftal em Gotas 75mg - 15ml,RECKITT BENCKISER RB,7896016804915,29.99,25.49,4.5,15.0
Luftal 40mg - 20 Comprimidos,RECKITT BENCKISER RB,7896016801501,39.99,33.99,6.0,15.0
Naldecon Noite com 4 Comprimidos - Reckitt Benckiser,RECKITT BENCKISER RB,7896016806247,13.9,11.82,2.08,15.0
Naldecon Noite com 24 Comprimidos - Reckitt Benckiser,RECKITT BENCKISER RB,7896016806261,56.9,48.37,8.530000000000001,15.0
"Strepsils 8,75mg Mel e Limão com 16 Pastilhas - Reckitt Benckiser",RECKITT BENCKISER RB,7891035010866,30.18,28.37,1.8099999999999987,6.0
Naldecon Pack Dia e Noite com 24 Comprimidos - Reckitt Benckiser,RECKITT BENCKISER RB,7896016807213,54.9,46.67,8.229999999999997,15.0
Lufta Gastro Pro em Sachê com 10ml - Reckitt Benckiser,RECKITT BENCKISER RB,7891035650130,4.43,3.77,0.6599999999999997,14.9
Luftal em Gotas 75mg - 30ml,RECKITT BENCKISER RB,7896016808302,55.9,47.52,8.379999999999995,15.0
"Strepsils 8,75mg Laranja - 16 pastilhas",RECKITT BENCKISER RB,7891035010972,31.69,29.79,1.9000000000000021,6.0
Luftal Gel Caps 125mg - 20 Cápsulas,RECKITT BENCKISER RB,7896222720856,44.99,38.96,6.030000000000001,13.4
Fostair DPIi 200 + 6mcg com 120 Doses - Chiesi Farmala,CHIESI - FARMALAB,7896672202766,247.97,210.77,37.19999999999999,15.0
Fostair 200mg + 6mcg com 120 Doses - Chiesi Farmalab,CHIESI - FARMALAB,7896672203428,247.97,210.77,37.19999999999999,15.0
Bamifix 300mg com 20 Drágeas - Chiesi Farmalab,CHIESI - FARMALAB,7896672201875,44.6,34.43,10.170000000000002,22.8
Bamifix 600mg com 20 Drágeas - Chiesi Farmalab,CHIESI - FARMALAB,7896672201882,71.17,54.25,16.92,23.8
Broncho-Vaxom 7mg com 10 Cápsulas - Chiesi Farmalab,CHIESI - FARMALAB,7896672203886,107.91,86.35,21.560000000000002,20.0
Clenil A com 10 Flaconetes - Chiesi Farmalab,CHIESI - FARMALAB,7896672202681,90.11,71.65,18.459999999999994,20.5
Clenil A Compositum com 10 Flaconetes - Chiesi Farmalab,CHIESI - FARMALAB,7896672201493,90.11,68.29,21.819999999999993,24.2
Clenil HFA Compositiun Spray 10ml - Chiesi Farmalab,CHIESI - FARMALAB,7896672201424,64.31,48.3,16.010000000000005,24.9
Clenil HFA 50mcg Spray 200 Doses - Chiesi Farmalab,CHIESI - FARMALAB,7896672202810,49.99,43.9,6.090000000000003,12.2
"Broncho-Vaxom 3,5mg Pói Granulado com 30 Sachês - Chiesi Farmalab",CHIESI - FARMALAB,7896672203923,209.16,162.12,47.03999999999999,22.5
Clenil HFA 250mcg Spray com 200 Doses - Chiesi Farmalab,CHIESI - FARMALAB,7896672202902,80.69,49.9,30.79,38.2
Fostair 100 + 6mcg com 120 Doses - Chiesi Farmalab,CHIESI - FARMALAB,7896672203336,196.83,167.31,29.52000000000001,15.0
Broncho-Vaxom 7mg com 30 Cápsulas em Gel - Chiesi Farmalab,CHIESI - FARMALAB,7896672203893,309.85,239.62,70.23000000000002,22.7
Clenil HFA 250mcg Jet com 200 Doses - Chiesi Farmalab,CHIESI - FARMALAB,7896672202919,80.69,59.9,20.79,25.8
Manivasc 10mg com 28 Comprimidos - Farmalab,CHIESI - FARMALAB,7896672202346,200.68,170.58,30.099999999999994,15.0
Manivasc 20mg com 28 Comprimidos - Farmalab,CHIESI - FARMALAB,7896672202353,370.49,285.56,84.93,22.9
Fostair DPI com 120 Doses - Chiesi Farmalab,CHIESI - FARMALAB,7896672201257,205.68,174.83,30.849999999999994,15.0
Clenil HFA 200mcg com 200 Doses Spray - Chiesi Farmalab,CHIESI - FARMALAB,7896672202872,81.81,63.99,17.82,21.8
Trimbow Solução Aero 120 Doses - Farmalab,CHIESI - FARMALAB,7896672203589,467.55,397.42,70.13,15.0
Tetralysal 300mg com 28 Cápsulas - Galderma,GALDERMA,7897930761322,341.98,263.38,78.60000000000002,23.0
Tetralysal 300mg com 16 Cápsulas - Galderma,GALDERMA,7897930760691,217.12,204.09,13.030000000000001,6.0
Tetralysal 150mg com 16 Comprimidos - Galderma,GALDERMA,7897930760943,108.51,102.0,6.510000000000005,6.0
"Epiduo 0,3mg 45g",GALDERMA,3499320015684,206.22,181.47,24.75,12.0
Soolantra Creme 30g - Galderma,GALDERMA,3499320010788,161.79,152.08,9.70999999999998,6.0
"Avicis 0,025% 100ml - Galderma",GALDERMA,7897930761568,238.85,210.19,28.659999999999997,12.0
Clob - x Creme 30g - Galderma,GALDERMA,7897930760486,50.59,44.52,6.07,12.0
"Differin 0,3% Gel 30g - Galderma",GALDERMA,7897930761476,128.09,112.72,15.370000000000005,12.0
"Loceryl Esmalte - 2,5ml",GALDERMA,7897930776722,199.9,156.06,43.84,21.9
Nutraplus Creme - 60g,GALDERMA,7897930760806,72.3,61.46,10.839999999999996,15.0
Nutraplus Loção - 120ml,GALDERMA,7897930764538,92.03,78.23,13.799999999999997,15.0
Gel Rozex - 30g,GALDERMA,7897930760172,109.9,86.9,23.0,20.9
Epiduo 1 + 25mg Gel Top Bisnaga 30g - Galderma,GALDERMA,7897930761414,141.9,124.87,17.03,12.0
"Clob - x 0,5mg Shampoo 125ml - Galderma",GALDERMA,7897930761162,189.28,166.57,22.710000000000008,12.0
"Clob - x 0,5mg Loção 59ml - Galderma",GALDERMA,7897930775213,99.6,87.65,11.949999999999989,12.0
Nutraplus Creme 20 - 60g,GALDERMA,7897930761377,98.62,83.83,14.790000000000006,15.0
Clob - x Pomada 30g - Galderma,GALDERMA,7897930760516,52.2,45.94,6.260000000000005,12.0
Clob - x Gel 30g - Galderma,GALDERMA,7897930760509,56.24,49.49,6.75,12.0
Clob - x Spray 120ml - Galderma,GALDERMA,7897930762619,183.88,161.81,22.069999999999993,12.0
Topamax 50mg com 60 Comprimidos - Janssen,JANSSEN,7896212429653,460.03,368.67,91.35999999999996,19.9
Daktarin Gel Oral 40g - Janssen,JANSSEN,7896212479825,48.91,43.04,5.869999999999997,12.0
Evra com 3 Adesivos - Janssen,JANSSEN,7898967006141,144.41,109.36,35.05,24.3
Haldol 1mg com 20 Comprimidos - Janssen,JANSSEN,7896212479054,8.77,7.72,1.0499999999999998,12.0
Haldol 5 mg co 20 Comprimidos - Janssen,JANSSEN,7896212479603,16.79,14.78,2.01,12.0
Haldol Decanoato Injetável com 5 Ampolas - Janssen,JANSSEN,7896212429295,187.14,160.94,26.19999999999999,14.0
Haldol 2mg Gotas 30ml - Janssen,JANSSEN,7896212420629,19.56,17.21,2.349999999999998,12.0
Mylicon Gotas - 15ml,JANSSEN,7896212410057,33.39,29.38,4.010000000000002,12.0
Nizoral Creme - 30g,JANSSEN,7896212469970,58.66,49.86,8.799999999999997,15.0
"Risperdal 0,5mg com 10 Comprimidos - Janssen",JANSSEN,7896212424023,40.79,34.81,5.979999999999997,14.7
Sporanox Pulso 100mg com 28 Cápsulas - Janssen,JANSSEN,7896212427185,499.88,398.94,100.94,20.2
Stugeron 25mg com 30 Comprimidos - Janssen,JANSSEN,7896212478972,27.15,23.08,4.07,15.0
Stugeron 75mg com 30 Comprimidos - Janssen,JANSSEN,7896212479689,37.88,32.2,5.68,15.0
Sporanox com 15 Cápsulas - Janssen,JANSSEN,7896212410644,309.63,263.19,46.44,15.0
Ultracet 325mg com 20 Comprimidos - Janssen,JANSSEN,7896212422968,133.36,114.69,18.670000000000016,14.0
Resolor 2mg com 14 Comprimidos - Janssen,JANSSEN,7896212424283,181.79,151.37,30.419999999999987,16.7
Resolor 1mg com 14 Comprimidos - Janssen,JANSSEN,7896212424269,157.12,131.84,25.28,16.1
Invokana 300mg com 30 Comprimidos - Jhonson,JANSSEN,7896212425082,297.5,241.45,56.05000000000001,18.8
Risperdal 2mg com 20 Comprimidos - Janssen,JANSSEN,7896212420216,332.52,266.59,65.93,19.8
Invokana 100mg com 30 Comprimidos - Jhonson,JANSSEN,7896212425037,231.71,190.21,41.5,17.9
Benalt Menta com 4 Pastilhas - JJ OTC,JJ OTC,7891010974930,13.53,11.91,1.6199999999999992,12.0
Tylenol 750mg com 10 Comprimidos - JJ,JJ OTC,7891010255855,38.0,33.44,4.560000000000002,12.0
Tylenol Sinus 500mg com 36 Comprimidos - JJ,JJ OTC,7891010246952,35.64,30.29,5.350000000000001,15.0
Tylenol 750mg - 10 Comprimidos,JJ OTC,7891010246235,23.89,21.02,2.870000000000001,12.0
Tylenol DC 1g com 4 Comprimidos - JJ,JJ OTC,7891010249298,8.79,7.47,1.3199999999999994,15.0
Tylenol 750mg com 4 Comprimidos - JJ,JJ OTC,7891010986506,9.89,8.41,1.4800000000000004,15.0
Benalet Sabor Mel e Limão - 12 pastilhas,JJ OTC,7891268402025,40.85,35.95,4.899999999999999,12.0
Benalet Sabor Menta - 12 pastilhas,JJ OTC,7891268402018,40.85,35.95,4.899999999999999,12.0
Mylanta Plus com 240ml - JJ,JJ OTC,7891268404029,56.09,49.36,6.730000000000004,12.0
Mylanta Plus Morango com 240ml - JJ,JJ OTC,7891268404036,56.09,49.36,6.730000000000004,12.0
Goma Mastigável Nicorette Icemint 4mg - 30 Uni,JJ OTC,7891010970888,104.83,89.11,15.719999999999999,15.0
Tylenol Criança com 60ml - JJ,JJ OTC,7896212409457,56.33,49.57,6.759999999999998,12.0
Tylenol Bebê em Gotas 100mg com 15ml - JJ,JJ OTC,7896212428861,57.61,50.7,6.909999999999997,12.0
Tylenol 750mg com 20 Comprimidos - JJ,JJ OTC,7896212422517,43.99,38.71,5.280000000000001,12.0
Tylenol Sinus 500mg com 24 Comprimidos - JJ,JJ OTC,7896212415618,23.77,20.2,3.5700000000000003,15.0
Tylenol DC com 20 Comprimidos - JJ,JJ OTC,7896212413560,38.0,33.44,4.560000000000002,12.0
Tylenol Infantil em Gotas 200mg com 15ml - JJ,JJ OTC,7896212479924,45.18,39.76,5.420000000000002,12.0
Tylenol 500mg com 20 Comprimidos - JJ,JJ OTC,7891010986155,35.0,30.8,4.199999999999999,12.0
Goma Mastigável Nicorette Icemint 2mg - 30 Uni,JJ OTC,7891010970871,95.07,80.81,14.259999999999991,15.0
Facoba 5 + 1mg Uso Oftálmico 5ml - Legrand,LEGRAND RX,7896004777221,44.46,41.79,2.6700000000000017,6.0
"Viofta 0,15% Solução Oftálmica 10ml - Legrand",LEGRAND RX,7896004773759,59.9,52.27,7.6299999999999955,12.7
"Solução Oftálmica Estéril ViOfta 0,40% - 10ml",LEGRAND RX,7896004780818,64.9,64.9,0.0,0.0
"Glamigan RC 0,1mg Solução Oftálmica 3ml - Sigma Pharma",LEGRAND RX,7896004779096,104.14,84.7,19.439999999999998,18.7
"Glamigan MT 0,3/5mg Solução Oftálmica 3ml - Sigma Pharma",LEGRAND RX,7896004765396,116.65,95.51,21.14,18.1
Dorzal MT Solução Oftálmica 100mg + 25mg Gotas 5ml - Legrand,LEGRAND RX,7896004726137,120.27,98.22,22.049999999999997,18.3
Vielut Ômega Luteína 12mg - 30 Cápsulas,LEGRAND RX,7896004770079,99.9,99.9,0.0,0.0
Dorzal Solução Oftálmica 5ml - Legrand,LEGRAND RX,7896004757957,81.34,66.7,14.64,18.0
Adaptis Lubrificante Ocular - 10ml,LEGRAND RX,7896004769356,29.0,23.41,5.59,19.3
Adaptis 1% Solução Oftálmica - 10ml,LEGRAND RX,7896004810188,54.99,54.99,0.0,0.0
"Drenatan 0,05mg Solução Oftálmica 2,5ml - Legrand",LEGRAND RX,7896004724843,173.73,142.21,31.519999999999982,18.1
"Travamed Solução Oftálmica 2,5ml - Sigma Pharma",LEGRAND RX,7896004725536,148.83,119.52,29.310000000000016,19.7
Glamigan Solução Oftálmica 3ml - Sigma Pharma,LEGRAND RX,7896004725222,128.87,106.32,22.55000000000001,17.5
"Solução Oftalmológica Adaptis Fresh 0,4% - 10ml",LEGRAND RX,7896004762951,59.9,59.9,0.0,0.0
"Latonan 50mcg/ml Colírio 2,5 ml - Sigma Pharma",LEGRAND RX,7896004757445,210.46,175.54,34.920000000000016,16.6
Suavicid Creme 15g - Legrand,LEGRAND RX,7896004726694,83.23,75.02,8.210000000000008,9.9
Suavicid Creme 30g - Legrand,LEGRAND RX,7896004728704,168.72,143.41,25.310000000000002,15.0
Toragesic Oftálmico 5ml - Sigma Pharma,LEGRAND RX,7896004768366,69.44,59.02,10.419999999999995,15.0
Florent 200mg - 6 cápsulas,CIFARMA SIMILAR,7898495608770,47.3,18.24,29.06,61.4
Benatux menta past,CIFARMA SIMILAR,7898158693129,20.72,16.9,3.8200000000000003,18.4
Dextamine Xarope Cereja com 120ml - Cifarma,CIFARMA SIMILAR,7908020507024,32.0,18.9,13.100000000000001,40.9
"Poslov 1,5mg com 1 Comprimido - Cifarma",CIFARMA SIMILAR,7908020503125,20.27,10.9,9.37,46.2
"Polaren 0,4mg/mL, Caixa com 1 Frasco 100mL de Xarope + Copo Medidor - Cifarma",CIFARMA SIMILAR,7898495603836,23.3,15.05,8.25,35.4
Gripeol 400mg + 4mg + 4mg com 20 Cápsulas - Cifarma,CIFARMA SIMILAR,7898158691286,15.99,14.99,1.0,6.3
Florent 100mg - 12 cápsulas,CIFARMA SIMILAR,7898158692221,47.3,20.85,26.449999999999996,55.9
Florent 200mg - 4 sachês,CIFARMA SIMILAR,7898158692238,15.9,15.32,0.5800000000000001,3.6
Gripeol xpe 100ml,CIFARMA SIMILAR,7898158691279,43.78,17.82,25.96,59.3
Aftine gotas 20ml,CIFARMA SIMILAR,7898158690517,34.44,19.14,15.299999999999997,44.4
Benatux Xarope Sabor Menta com 120ml - Cifarma,CIFARMA SIMILAR,7898495603812,27.86,12.9,14.959999999999999,53.7
Benatux Pastilha Framboesa com 12 Unidades - Cifarma,CIFARMA SIMILAR,7898158693112,19.99,17.19,2.799999999999997,14.0
Enantato Noretisterona + Valerato de Estradiol 50mg/ml + 5mg/ml - Cifarma Similar,CIFARMA SIMILAR,7898505091479,27.25,23.52,3.7300000000000004,13.7
Gerilon com 60 Cápsulas - Cifarma,CIFARMA SIMILAR,7898158691750,61.99,60.98,1.0100000000000051,1.6
Hemocort pomada 25g,CIFARMA SIMILAR,7898495600552,31.5,21.18,10.32,32.8
Varicoss 15mg + 90mg - 60 drágeas,CIFARMA SIMILAR,7898158693709,102.77,38.9,63.87,62.1
Probentol baby cr 30gr,CIFARMA SIMILAR,7898495603959,21.71,12.94,8.770000000000001,40.4
Pediderm Loção com 100ml - Cifarma,CIFARMA SIMILAR,7898158690395,25.21,17.86,7.350000000000001,29.2
Belfactrim com 20 Comprimidos - Belfar,BELFAR,7897917000260,19.74,7.7,12.04,61.0
Belfactrin F com 10 Comprimidos - Belfar,BELFAR,7897917001694,21.03,8.59,12.440000000000001,59.2
Cetoconazol + Betametasona + Neomicina Creme 30g - Belfar,BELFAR,7897917003223,34.65,7.33,27.32,78.8
Paramol 500mg com 20 Comprimidos - Belfar,BELFAR,7897917006170,7.16,5.6,1.5600000000000005,21.8
Cetoconazol Creme com 30g - Belfar,BELFAR,7897917006224,23.48,16.83,6.650000000000002,28.3
Maleato de Enalapril 10mg com 30 Comprimidos - Belfar,BELFAR,7897917005203,12.8,3.69,9.110000000000001,71.2
Paracetamol Gotas 15ml - Belfar,BELFAR,7897917005432,8.46,4.43,4.030000000000001,47.6
Maleato de Enalapril 5mg com 30 Comprimidos - Belfar,BELFAR,7897917005180,13.7,3.02,10.68,78.0
Omoprel 20 com 56 Cápsulas - Belfar,BELFAR,7897917003261,32.85,4.9,27.950000000000003,85.1
Omoprel 20mg c/28 caps,BELFAR,7897917003254,31.81,3.99,27.82,87.5
Diclofenaco Sódico 50mg com 20 Comprimidos - Belfar,BELFAR,7897917004008,27.04,4.9,22.14,81.9
Paracetamol 750mg com 20 Comprimidos - Belfar,BELFAR,7897917004909,21.45,5.19,16.259999999999998,75.8
Belfaren 50mg c/20 cpr,BELFAR,7897917001465,9.76,2.52,7.24,74.2
Belmirax - 6 comprimidos,BELFAR,7897917000031,8.02,3.08,4.9399999999999995,61.6
Castanha da Índia Belfar - 60 comprimidos,BELFAR,7897917002295,54.13,19.36,34.77,64.2
Dermotrizol cr derm 20g,BELFAR,7897917001267,20.12,7.06,13.060000000000002,64.9
Promergan Creme com 30g - Belfar,BELFAR,7897917001342,20.9,8.51,12.389999999999999,59.3
Boldo Belfar com 100ml - Belfar,BELFAR,7897917003506,12.9,12.28,0.620000000000001,4.8
Maleato Trimebutina 200mg com 30 Comprimidos - Althaia,ALTHAIA,7898945030212,82.32,39.58,42.739999999999995,51.9
Rosuvastatina Cálcica 40mg com 30 Comprimidos - Althaia,ALTHAIA,7898569760533,141.89,115.76,26.12999999999998,18.4
Ibuprofeno 400mg com 10 Cápsulas - Althaia,ALTHAIA,7898687730722,20.68,8.46,12.219999999999999,59.1
Valsartana 320mg com 28 Comprimidos - Althaia,ALTHAIA,7898687732375,68.02,47.36,20.659999999999997,30.4
Ibuprofeno 600mg Althaia com 10 Cápsulas - Althaia,ALTHAIA,7898687730500,28.04,10.4,17.64,62.9
Valsartana 80mg com 30 Comprimidos - Althaia,ALTHAIA,7898945030823,48.29,18.22,30.07,62.3
Cloridrato de Propafenona 300mg com 30 Comprimidos - Althaia,ALTHAIA,7898569761431,78.99,32.7,46.28999999999999,58.6
Acetato de Clormadinona + Etinilestradiol com 21 Comprimidos - Althaia,ALTHAIA,7898569762742,37.69,16.38,21.31,56.5
Olmesartana 20mg com 30 Comprimidos - Althaia,ALTHAIA,7898569763015,40.91,22.9,18.009999999999998,44.0
Ezetimiba 10mg com 60 Comprimidos - Althaia,ALTHAIA,7898569762681,150.64,31.55,119.08999999999999,79.1
Vitamina D3 5.000ui com 30 Cápsulas - Althaia,ALTHAIA,7898569765019,79.19,25.84,53.349999999999994,67.4
Isotretinoina 20mg com 30 Cápsulas - Althaia,ALTHAIA,7898590870331,109.49,47.14,62.349999999999994,56.9
Telmisartana 40mg com 30 Comprimidos - Althaia,ALTHAIA,7898569762803,79.86,44.35,35.51,44.5
Valsartana 160mg com 30 Comprimidos - Althaia,ALTHAIA,7898945030854,57.12,31.02,26.099999999999998,45.7
Cloridrato de Metilfenidato 10mg com 30 Comprimidos - Althaia,ALTHAIA,7898687730289,31.63,31.63,0.0,0.0
Vitamina d 50.000ui c/4 caps,ALTHAIA,7898569765170,63.9,23.79,40.11,62.8
Rosuvastatina Cálcica 5mg com 30 Comprimidos - Althaia,ALTHAIA,7898216366095,43.1,10.91,32.19,74.7
Lamotrigina 50mg com 30 Comprimidos - Athaia,ALTHAIA,7898569760267,46.39,12.06,34.33,74.0
Capilarema 75mg com 30 Comprimidos - Baldacci,BALDACCI,7897851220236,65.35,50.39,14.959999999999994,22.9
"Divelol 12,5mg com 60 Comprimidos - Baldacci",BALDACCI,7897851220762,73.95,50.47,23.480000000000004,31.8
Divelol 25mg com 60 Comprimidos - Baldacci,BALDACCI,7897851220779,73.95,51.24,22.71,30.7
Metadoxil 500mg com 30 Comprimidos - Baldacci,BALDACCI,7897851220243,74.82,65.84,8.97999999999999,12.0
Monocordil 20mg com 30 Comprimidos - Baldacci,BALDACCI,7897851250561,20.13,14.67,5.459999999999999,27.1
Monocordil 5mg Sublingual com 30 Comprimidos - Baldacci,BALDACCI,7897851250387,22.41,16.39,6.02,26.9
Sinvascor 20mg com 30 Comprimidos - Baldacci,BALDACCI,7897851250530,22.26,14.39,7.870000000000001,35.4
Sinvascor 40mg com 30 Comprimidos - Baldacci,BALDACCI,7897851250622,41.09,27.2,13.890000000000004,33.8
Sinvascor 10mg com 30 Comprimidos - Baldacci,BALDACCI,7897851250394,20.03,12.94,7.090000000000002,35.4
Ziprol 40mg com 28 Comprimidos - Baldacci,BALDACCI,7897851220823,72.21,61.38,10.829999999999991,15.0
Capilarema 75mg com 60 Comprimidos - Baldacci,BALDACCI,7897851221158,116.23,89.94,26.290000000000006,22.6
"Divelol 6,25mg com 60 Comprimidos - Baldacci",BALDACCI,7897851221141,73.95,49.48,24.470000000000006,33.1
"Divelol 3,125mg com 60 Comprimidos - Baldacci",BALDACCI,7897851221165,73.95,50.34,23.61,31.9
Pidomag com 12 Flaconetes - Baldacci,BALDACCI,7897851260010,82.9,78.03,4.8700000000000045,5.9
Ziprol 20mg com 28 Comprimidos - Baldacci,BALDACCI,7897851221134,68.64,58.34,10.299999999999997,15.0
Pidomag B3 - 60 Cápsulas,BALDACCI,7897851259649,124.9,121.62,3.280000000000001,2.6
Tecnofer 14mg com 30 Comprimidos - Baldacci,BALDACCI,7897851221608,94.9,91.76,3.1400000000000006,3.3
Gynotran 7 Óvulos + 14 Dedeiras - Exeltis,EXELTIS,7908134200040,113.98,107.14,6.840000000000003,6.0
Regenesis Premium com Lipnova com 60 Cápsulas - Exeltis,EXELTIS,7908134200712,195.49,195.49,0.0,0.0
Exelring Anel Vaginal,EXELTIS,7908134200620,87.09,69.58,17.510000000000005,20.1
Slinda 4mg com 84 Comprimidos - Exeltis,EXELTIS,7908134200552,293.11,207.79,85.32000000000002,29.1
Gynpro 200mg - 30 Cápsulas,EXELTIS,7908134200422,148.76,126.45,22.309999999999988,15.0
Slinda 4mg com 28 Comprimidos - Exeltis,EXELTIS,7908134200453,123.03,91.9,31.129999999999995,25.3
Nutrinfan Infantil - 120ml,EXELTIS,7898956544081,46.99,45.08,1.9100000000000037,4.1
Diva com 21 Comprimidos - Exeltis,EXELTIS,7898956544357,60.54,46.31,14.229999999999997,23.5
Diva com 63 Comprimidos - Exeltis,EXELTIS,7898956544340,161.65,119.1,42.55000000000001,26.3
Regenesis com 30 Cápsulas - Exeltis,EXELTIS,7898956544111,89.9,72.79,17.11,19.0
Regenesis com 60 Cápsulas - Exeltis,EXELTIS,7898956544579,128.99,117.71,11.280000000000015,8.7
Nutrinfan Gotas - 20ml,EXELTIS,7898956544098,30.99,30.12,0.8699999999999974,2.8
Diva 20 com 28 Comprimidos - Exeltis,EXELTIS,7898956544999,69.21,53.06,16.14999999999999,23.3
"Umma 20mg/g Creme Vaginal 6,5g + Aplicador - Exeltis",EXELTIS,7897322711430,108.53,92.25,16.28,15.0
Hemolip - 30 Cápsulas,EXELTIS,7908134200088,69.9,64.32,5.5800000000000125,8.0
Regenesis Pré com 30 Cápsulas - Exeltis,EXELTIS,7908134200118,73.9,70.08,3.8200000000000074,5.2
Regenesis Premium com 60 Cápsulas - Exeltis,EXELTIS,7908134200712,124.9,121.69,3.210000000000008,2.6
Lamotrigina 50mg com 30 Comprimidos - Torrent Genérico,TORRENT GENERICO,8902220107922,60.5,12.01,48.49,80.1
Carvedilol 25mg com 30 Comprimidos - Torrent Genérico,TORRENT GENERICO,8902220109049,81.48,7.74,73.74000000000001,90.5
Mirtazapina 45mg com 30 Comprimidos - Torrent Genérico,TORRENT GENERICO,8903855083513,273.83,69.93,203.89999999999998,74.5
"Cloridrato de Venlafaxina 37,5mg com 30 Cápsulas - Torrent Genérico",TORRENT GENERICO,8903855073132,51.4,15.05,36.349999999999994,70.7
Rosuvastatina Calcica 10mg com 30 Comprimidos - Torrent Genérico,TORRENT GENERICO,8902220109544,59.8,6.62,53.18,88.9
Olmesartana 20mg com 30 Comprimidos - Torrent Genérico,TORRENT GENERICO,8902220114876,46.04,15.86,30.18,65.6
Cloridrato de Sertralina 50mg com 30 Comprimidos - Torrent Genérico,TORRENT GENERICO,8903855073095,45.05,8.65,36.4,80.8
Cloridrato de Nebivolol 5mg com 30 Comprimidos - Torrent Genérico,TORRENT GENERICO,8902220114906,83.83,18.63,65.2,77.8
Rivaroxabana 20mg com30 comprimidos - Torrent Genérico,TORRENT GENERICO,8903855077796,183.64,34.9,148.73999999999998,81.0
VALSARTANA+HIDROC 160+25MG C/30 COMP,TORRENT GENERICO,8902220112278,70.6,70.6,0.0,0.0
"Valsartana + Hidroclorotiazida 160mg + 12,5mg com 30 Comprimidos - Torrent Genérico",TORRENT GENERICO,8902220112339,66.15,49.43,16.720000000000006,25.3
"Valsartana Hidroclorotiazida 80mg/12,5mg com 30 Comprimidos - Torrent Genérico",TORRENT GENERICO,8902220112179,63.3,49.41,13.89,21.9
Cloridrato de Venlafaxina 75mg com 30 Cápsulas - Torrent Genérico,TORRENT GENERICO,8903855073118,95.19,22.37,72.82,76.5
Lamotrigina 25mg com 30 Comprimidos - Torrent Genérico,TORRENT GENERICO,8902220107915,37.08,7.07,30.009999999999998,80.9
Oxalato de Escitalopram 10mg com 30 Comprimidos - Torrent Genérico,TORRENT GENERICO,8902220109339,99.69,8.44,91.25,91.5
"Indapamida 1,5mg com 30 Comprimidos - Torrent Genérico",TORRENT GENERICO,8903855069173,33.98,10.39,23.589999999999996,69.4
Suplemento Alimentar Vitatoon Lucas Neto com 30 Gomas - MaxiNutri,MAXINUTRI,7898593052277,39.9,39.9,0.0,0.0
Suplemento Alimentar Vitatoon Lucas Neto Vitamica C e Zinco com 30 Gomas - MaxiNutri,MAXINUTRI,7898593052260,39.9,39.9,0.0,0.0
SUPLE ALIMEN VITATOON LUCAS NETO A-Z 15 VITAMINAS E MINEIRAIS C/30 GOMAS,MAXINUTRI,7898593052253,42.9,42.9,0.0,0.0
SUPLE ALIMEN VITATOON LUCAS NETO VITAMINA D C/30 GOMAS,MAXINUTRI,7898593052284,39.9,39.9,0.0,0.0
Coenzima Q10 Maxinutri com 60 Cápsulas - MaxiNutri,MAXINUTRI,7898593053472,64.99,64.99,0.0,0.0
Deslac 10.000FCC/ml 15ml - MaxiNutri,MAXINUTRI,7898593050792,38.9,30.84,8.059999999999999,20.7
Dimag Di-Magnésio Malato 400mg com 60 Cápsulas - MaxiNutri,MAXINUTRI,7898593050860,32.9,32.9,0.0,0.0
Vitamina B12 com 60 Comprimidos Mastigáveis - MaxiNutri,MAXINUTRI,7898593053366,49.9,32.34,17.559999999999995,35.2
Glutezym com 6 Cápsulas - Maxinutri,MAXINUTRI,7898593052932,29.9,29.65,0.25,0.8
Glutezym com 20 Cápsulas - Maxinutri,MAXINUTRI,7898593053458,89.9,89.9,0.0,0.0
Coenzima Q10 100mg com 60 Cápsulas - MaxiNutri,MAXINUTRI,7898593050563,76.99,60.44,16.549999999999997,21.5
"Vitamina B12 9,94mg - 60 Cápsulas",MAXINUTRI,7898593050488,28.7,25.46,3.2399999999999984,11.3
Coenzima Q10 50mg com 60 Cápsulas - MaxiNutri,MAXINUTRI,7898593050570,59.99,33.63,26.36,43.9
Maca Peruana Power com 60 Cápsulas - MaxiNutri,MAXINUTRI,7898593050600,43.99,36.86,7.130000000000003,16.2
Maca Peruana com 60 Cápsulas - MaxiNutri,MAXINUTRI,7898927980641,48.92,28.13,20.790000000000003,42.5
Levedo de cerveja 450mg c/120 caps,MAXINUTRI,7898927980115,33.9,22.99,10.91,32.2
Cosopt Frasco 5ml - M S D,M S D,7898586631342,177.04,145.15,31.889999999999986,18.0
Januvia 100mg com 28 Comprimidos - M S D,M S D,7897572020290,336.04,285.63,50.410000000000025,15.0
Singulair 10mg com 30 Comprimidos - M S D,M S D,7897337706568,88.17,74.94,13.230000000000004,15.0
"Timoptol Colírio 0,5 5ml - M S D",M S D,7898586631380,22.15,18.18,3.969999999999999,17.9
"Timoptol XE Colírio 0,50% 5ml - M S D",M S D,7898586631397,76.37,61.83,14.540000000000006,19.0
Janumet 50/500mg com 56 Comprimidos - M S D,M S D,7897572020184,331.17,281.49,49.68000000000001,15.0
Janumet 50/1000mg com 56 Comprimidos - M S D,M S D,7897572020191,331.17,281.49,49.68000000000001,15.0
Janumet 50/850mg com 56 Comprimidos - M S D,M S D,7897572020177,331.17,281.49,49.68000000000001,15.0
Plagrel 75mg com 28 Comprimidos - M S D,M S D,7897595605955,61.3,47.69,13.61,22.2
Januvia 50mg com 28 Comprimidos - M S D,M S D,7897572020306,167.98,132.63,35.349999999999994,21.0
Januvia 25mg com 28 Comprimidos - M S D,M S D,7897572020283,84.04,68.2,15.840000000000003,18.8
Stezza com 28 Comprimidos - MSD,M S D,5060632508768,60.45,48.9,11.550000000000004,19.1
Janumet XR 50/1000mg com 60 Comprimidos - M S D,M S D,7897572020238,328.15,253.66,74.48999999999998,22.7
Janumet XR 50/500mg com 60 Comprimidos - M S D,M S D,7897572020269,351.57,276.14,75.43,21.5
Vytorin 10/20mg com 30 Comprimidos - M S D,M S D,7897337714488,201.5,171.28,30.22,15.0
Janumet XR 100mg/1000mg com 30 Comprimidos - M S D,M S D,7897572020252,351.57,267.38,84.19,23.9
Amoxicilina + Clavulanato de Potássio 457mg 70ml - Delta,DELTA,7893454100944,102.72,28.42,74.3,72.3
Amoxicilina + Clavulanato de Potássio 875mg com 20 Comprimidos - Delta,DELTA,7893454101019,247.35,66.52,180.82999999999998,73.1
Valerato de Betametasona + Sulfato de Gentamicina + Tolnaftat + Clioquinol Pomada 20g - Delta,DELTA,7893454101620,31.9,10.67,21.229999999999997,66.6
Valerato de Betametasona + Sulfato de Gentamicina + Tolnaftato + Clioquinol Creme 20g - Delta,DELTA,7893454101637,31.9,10.57,21.33,66.9
Olanzapina 2.5mg com 30 Comprimidos - Delta,DELTA,7893454101149,232.21,22.27,209.94,90.4
Cetoconazol + Betametasona + Neomicina Pomada 30g - Delta,DELTA,7893454101606,31.36,9.45,21.91,69.9
Ossotrat Plus - 60 comprimidos,DELTA,7893454141831,37.99,29.09,8.900000000000002,23.4
Aceratun em Gotas - 10ml,DELTA,7893454300115,21.64,17.97,3.6700000000000017,17.0
Ossotrat-D 600mg + 200UI com 60 Comprimidos - Delta,DELTA,7893454212012,82.66,29.74,52.92,64.0
Nemicina Pomaa Dermatológica com 20g - Delta,DELTA,7893454100692,25.26,11.59,13.670000000000002,54.1
Olanzapina 5mg com 30 Comprimidos - Delta,DELTA,7893454101187,342.98,21.5,321.48,93.7
Pioletal Loção com 60ml - Delta,DELTA,7893454103914,32.51,17.78,14.729999999999997,45.3
Tandene c/30cpr,DELTA,7893454100685,27.29,9.34,17.95,65.8
Alendronato de Sódio 70mg com 4 Comprimidos - Delta,DELTA,7893454101644,38.67,1.65,37.02,95.7
Olanzapina 10mg com 30 Comprimidos - Delta,DELTA,7893454101224,686.11,34.4,651.71,95.0
Azitromicina 500mg c/5 cpr - Medquimica,MEDQUIMICA GENERICO,7896862992255,16.9,11.74,5.159999999999998,30.5
Norfloxacino 400mg com 14 Comprimidos - Medquímica Genérico,MEDQUIMICA GENERICO,7896862924232,33.21,7.78,25.43,76.6
Cloridrato deTetraciclina 500mg com 8 Comprimidos - Medquímica Genérico,MEDQUIMICA GENERICO,7896862918064,18.17,5.85,12.320000000000002,67.8
Pregabalina 150mg com 30 Cápsulas - Medquímica Genérico,MEDQUIMICA GENERICO,7896862927097,189.8,17.91,171.89000000000001,90.6
Hemitartarato de Zolpidem 6.25mg com 30 Comprimidos - Medquímica Genérico,MEDQUIMICA GENERICO,7896862920418,30.86,30.86,0.0,0.0
Glibenclamida 5mg com 30 Comprimidos,MEDQUIMICA GENERICO,7896862923297,3.72,2.03,1.6900000000000004,45.4
Dicloridrato de Hidroxizina 2mg/ml Solução de Uso Oral 100ml - Medquímica Genérico,MEDQUIMICA GENERICO,7896862992309,33.19,8.78,24.409999999999997,73.5
Ácido Acetilsalicílico 100mg 30 Comprimidos - Med Química,MEDQUIMICA GENERICO,7896862991197,9.52,6.07,3.4499999999999993,36.2
Simeticona 125mg 10 cápsulas - Medquímica,MEDQUIMICA GENERICO,7896862970802,5.99,4.65,1.3399999999999999,22.4
Fluconazol 150mg com 1 Cápsula - Medquimica Genérico,MEDQUIMICA GENERICO,7896862970567,12.56,1.33,11.23,89.4
Pregabalina 75mg com 30 Cápsulas - Medquímica Genérico,MEDQUIMICA GENERICO,7896862927080,123.78,14.58,109.2,88.2
Cloridrato de Fluoxetina 20mg com 30 Cápsulas - Medquimica Genérico,MEDQUIMICA GENERICO,7896862970789,44.91,5.71,39.199999999999996,87.3
Tenoxicam 20mg com 10 Comprimidos - Medquímica Genérico,MEDQUIMICA GENERICO,7896862918675,42.8,7.54,35.26,82.4
Ibuprofeno Gotas 100mg 20ml - Medquimica Genérico,MEDQUIMICA GENERICO,7896862960087,17.27,5.4,11.87,68.7
Hidroclorotiazida 25mg com 30 Comprimidos - Medquimica Genérico,MEDQUIMICA GENERICO,7896862918583,5.24,1.57,3.67,70.0
Zylet Suspensão Oftálmica 5ml - Lomb,BAUSCH  LOMB,7896046382308,55.22,51.91,3.3100000000000023,6.0
Vyzulta Solução Oftalmológica 5ml - Bausch Lomb,BAUSCH  LOMB,7896046304089,188.84,166.18,22.659999999999997,12.0
Kit Renu Advanced 355ml + 120ml + Estojo,BAUSCH  LOMB,7896046383015,57.49,53.97,3.520000000000003,6.1
Artelac Suspensão de Uso Oftálmico - 10ml,BAUSCH  LOMB,7896046300036,25.65,22.57,3.0799999999999983,12.0
Boston Solução Simplus - 120ml,BAUSCH  LOMB,310119052440,83.9,76.03,7.8700000000000045,9.4
Epitegel 50mg 10g - Bausch Lomb,BAUSCH  LOMB,7896046303013,58.5,49.73,8.770000000000003,15.0
Liposic Gel 10g - Bausch Lomb,BAUSCH  LOMB,7896046302047,56.81,49.99,6.82,12.0
Loteprol Gotas 5ml - Bausch Lomb,BAUSCH  LOMB,7896046300104,89.47,76.05,13.420000000000002,15.0
Polivitamínico Neovite Lutein - 60 comprimidos,BAUSCH  LOMB,7896046301101,249.9,243.01,6.890000000000015,2.8
Kit Renu Fresh Solução 355ml + Solução 120ml + Estojo para Lentes,BAUSCH  LOMB,7896046381004,49.99,30.74,19.250000000000004,38.5
Renu Plus Gotas - 8ml,BAUSCH  LOMB,310119052136,24.9,22.87,2.0299999999999976,8.2
Vidisic Gel Oftálmico - 10g,BAUSCH  LOMB,7896046300067,56.81,48.29,8.520000000000003,15.0
Neovite Max - 60 Cápsulas,BAUSCH  LOMB,7896046304133,179.9,177.26,2.640000000000015,1.5
Neovite Max - 30 Cápsulas,BAUSCH  LOMB,7896046304126,129.9,120.67,9.230000000000004,7.1
Artelac Rebalance - 10ml,BAUSCH  LOMB,7896046300012,71.9,56.63,15.270000000000003,21.2
"Arulatan 50mcg/ml Solução Oftálmica x 2,5ml - Bausch Lomb",BAUSCH  LOMB,7896046300708,165.98,129.47,36.50999999999999,22.0
Triade Mulher com 30 Cápsulas - Gross,GROSS,7892828001580,39.9,39.9,0.0,0.0
Triade Osso com 30 Comprimidos - Gross,GROSS,7892828001573,100.99,86.48,14.509999999999991,14.4
Mildê 50.000 UI com 4 Cápsulas - Gross,GROSS,7892828002075,51.3,40.13,11.169999999999995,21.8
Mildê 10.000 UI com 8 Cápsulas - Gross,GROSS,7892828002051,39.72,26.12,13.599999999999998,34.2
"Etna 12,5 + 1,5mg 3 Ampolas com 3 Diluentes - Gross",GROSS,7892828001221,98.82,86.96,11.86,12.0
Flebodia 600mg com 30 Comprimidos - Gross,GROSS,3400970002146,160.7,141.42,19.28,12.0
Etna com 180 Cápsulas - Gross,GROSS,7892828001771,560.92,493.61,67.30999999999995,12.0
Organoneuro Cerebral com 100 Drágeas - Gross,GROSS,7892828001306,403.29,342.8,60.49000000000001,15.0
Adeforte Ampola com 3ml - Gross,GROSS,7892828001016,24.31,21.39,2.919999999999998,12.0
Adeforte em Gotas com 15ml - Gross,GROSS,7892828000026,95.18,83.76,11.420000000000002,12.0
Etna com 20 Cápsulas - Gross,GROSS,7892828001337,62.3,50.08,12.219999999999999,19.6
Hidrion com 30 Comprimidos - Gross,GROSS,7892828001375,40.85,32.33,8.520000000000003,20.9
Organoneuro Cerebral com 25 Drágeas - Gross,GROSS,7892828000620,112.0,95.2,16.799999999999997,15.0
Sepurin - 20 drágeas,GROSS,7892828001405,49.11,43.22,5.890000000000001,12.0
Etna com 50 Cápsulas - Gross,GROSS,7892828001344,155.84,125.85,29.99000000000001,19.2
Adeforte com 60 Cápsulas - Gross,GROSS,7892828001085,42.9,41.48,1.4200000000000017,3.3
"Spray de Vidro ABV com Mel, Própolis, Romã, Hortelã e Gengibre ABV - 35ml",ABV,7898937123069,9.99,9.99,0.0,0.0
"Spray Composto Frasco de Plástico - Mel, Própolis, Romã Gengibre e Hortelã - 30ml",ABV,7898937123069,5.99,5.49,0.5,8.3
"Spray Composto Frasco de Plástico - Mel, Própolis, Romã e Agrião - 30ml",ABV,7898970415176,5.99,5.49,0.5,8.3
Spray Composto Frasco de Plástico - Mel e Própolis - 30ml,ABV,7898970415114,5.99,5.49,0.5,8.3
"Spray Composto Frasco Plástico - Mel, Própolis e Romã - 30ml",ABV,7898970415138,5.99,5.49,0.5,8.3
Extrato de Própolis Verde Alecrim Plástico ABV - 30ml,ABV,7898937123625,9.99,8.99,1.0,10.0
Bala de Mel Própolis e Gengibre - ABV,ABV,7898937123854,3.99,3.49,0.5,12.5
Extrato de Própolis Verde Alecrim ABV - 30ml,ABV,7898937123144,11.99,11.99,0.0,0.0
Extrato Aquoso de Própolis ABV - 30ml,ABV,7898937123977,18.99,18.99,0.0,0.0
Extrato de Própolis Extra Forte 15% ABV - 30ml,ABV,7898937123571,22.99,22.99,0.0,0.0
Mel Composto Spray Extrato de Própolis Sabor Menta ABV - 35ml,ABV,7898937123830,9.99,9.99,0.0,0.0
Mel Composto Spray Extrato de Própolis Sabor Gengibre ABV - 35ml,ABV,7898937123809,9.99,9.99,0.0,0.0
Mel Composto Spray Extrato de Própolis Sabor Romã ABV - 35ml,ABV,7898937123717,9.99,9.99,0.0,0.0
Mel Composto Spray Extrato de Própolis com 35ml - ABV,ABV,7898937123564,9.99,9.99,0.0,0.0
Mel Composto Spray Extrato de Própolis Sabor Romã e Agrião ABV - 35ml,ABV,7898937123724,9.99,9.99,0.0,0.0
Xantinon After Citrus - 250ml,UNIAO QUIMICA,7896006299615,10.9,10.9,0.0,0.0
Xantinon After Frutas Vermelhas - 250ml,UNIAO QUIMICA,7896006299622,10.9,10.9,0.0,0.0
Xantinon After Tangerina - 250ml,UNIAO QUIMICA,7896006299639,10.9,10.9,0.0,0.0
Xantinon Complex com 12 Flaconetes com 10ml - União Química,UNIAO QUIMICA,7896006216629,19.9,19.9,0.0,0.0
Liris Solução de Uso Oftálmico - 10ml,UNIAO QUIMICA,7898636192182,39.99,35.19,4.800000000000004,12.0
Andriodermol - 50ml,UNIAO QUIMICA,7896006214007,20.49,19.26,1.2299999999999969,6.0
Cristalin Solução de Uso Oftálmico - 15ml,UNIAO QUIMICA,7896006290117,11.4,10.72,0.6799999999999997,6.0
Foldan Pomada de Uso Dermatológico - 45g,UNIAO QUIMICA,7896006236009,36.08,31.75,4.329999999999998,12.0
Xantinon com 10 Comprimidos - União Química,UNIAO QUIMICA,7896006219897,5.53,5.25,0.28000000000000025,5.1
Xantinon Complex Solução com 100ml - União Química,UNIAO QUIMICA,7896641804441,17.0,15.98,1.0199999999999996,6.0
Vodol Creme - 28g,UNIAO QUIMICA,7896006292005,33.23,29.24,3.9899999999999984,12.0
Xantinon Complex Flaconete com 10ml - União Química,UNIAO QUIMICA,7896006216629,3.35,3.31,0.040000000000000036,1.2
Xantinon com 30 Comprimidos - União Química,UNIAO QUIMICA,7896006216483,14.99,14.09,0.9000000000000004,6.0
Vodol em Pó - 30g,UNIAO QUIMICA,7896006296003,36.11,31.78,4.329999999999998,12.0
Rybelsus 14mg com 30 Comprimidos - Nordisk,NOVO NORDISK,7897705202753,1286.59,1286.59,0.0,0.0
Rybelsus 7mg com 30 Comprimidos - Nordisk,NOVO NORDISK,7897705202753,1286.59,1093.6,192.99,15.0
Rybelsus 3mg com 30 Comprimidos - Nordisk,NOVO NORDISK,7897705202678,1286.59,1093.6,192.99,15.0
Insulina Novolin R 100UI 10ml - Nordisk,NOVO NORDISK,7897705203224,64.46,29.9,34.559999999999995,53.6
Insulina Novolin N 100UI 10ml - Nordisk,NOVO NORDISK,7897705203231,64.46,29.9,34.559999999999995,53.6
Victoza 6mg Solução Injetável com 2 Carpules 3ml - Nordisk,NOVO NORDISK,7897705201770,701.63,596.39,105.24000000000001,15.0
Levemir Flexpen 3ml Single Pack - Nordisk,NOVO NORDISK,7897705201145,137.15,114.08,23.070000000000007,16.8
Insulina Tresiba 100u/ml Injetável com 5 Carpules x 3ml - Nordisk,NOVO NORDISK,7897705203484,1053.14,865.81,187.33000000000015,17.8
Novorapid Flexpen com 1 Sistema de Aplicação 3ml - Novo Nordisk,NOVO NORDISK,7897705201831,64.84,54.21,10.630000000000003,16.4
"Xultophy 3,6mg com Sistema de Aplicação - Nordisk",NOVO NORDISK,7897705202364,320.81,272.69,48.120000000000005,15.0
Saxenda 6mg/ml com 3 Carpules com 3ml - Nordisk,NOVO NORDISK,7897705202340,1052.51,894.63,157.88,15.0
"Ozempic 0,25/0,5mg com 6 Agulhas 4mm Novofine - Nordisk",NOVO NORDISK,7897705202548,1292.78,1098.86,193.92000000000007,15.0
Insulina Fiasp Flextouch 100ui 3ml com 1 Sistema de Aplicação - Nordisk,NOVO NORDISK,7897705202425,64.84,55.11,9.730000000000004,15.0
Insulina Fiasp 100ui Solução Injetável 10ml - Nordisk,NOVO NORDISK,7897705202395,216.23,177.63,38.599999999999994,17.9
Multisoro Ad com 30ML - Multilab,MULTILAB,7896004782591,11.1,2.93,8.17,73.6
Simeticona 40mg 20 comprimidos - Multilab,MULTILAB,7896472519170,8.66,4.3,4.36,50.3
Omeprazol 20mg com 28 Cápsulas - Multilab,MULTILAB,7896472513765,28.78,4.43,24.35,84.6
Resfegripe Sinus 500mg/30mg com 24 Cápsulas - Multilab,MULTILAB,7896472520534,15.99,15.99,0.0,0.0
Alcachofra 200mg - 30 comprimidos,MULTILAB,7896472515349,29.08,14.78,14.299999999999999,49.2
Keltrina Plus 5% com 60ml - Multilab,MULTILAB,7896472502745,41.12,17.23,23.889999999999997,58.1
Anlo 10mg com 30 Comprimidos - Multilab,MULTILAB,7894916190039,59.32,0.02,59.3,100.0
Aripiprazol 10mg - 30 comprimidos,MULTILAB,7895296219020,213.9,64.99,148.91000000000003,69.6
Resfegripe com 20 Cápsulas  - Multilab,MULTILAB,7896472520206,19.55,10.84,8.71,44.6
"Cocichimil 0,5mg c/20 cpr",MULTILAB,7896472514267,24.7,5.73,18.97,76.8
Deltalab Loção - 100ml,MULTILAB,7896472500253,18.92,10.48,8.440000000000001,44.6
Diazepam 10mg com 30 Comprimidos - Nova Química Genérico,MULTILAB,7895296411028,23.29,5.78,17.509999999999998,75.2
Losartana Potássica 50mg com 30 Comprimidos - Multilab,MULTILAB,7896472513406,14.2,3.5,10.7,75.4
Ciclatry 500mg com 14 Comprimidos - Multilab,MULTILAB,7896472510511,40.24,10.24,30.0,74.6
Tramal Retard 50mg com 20 Comprimidos - Grunenthal,GRUNENTHAL,7898582381982,156.02,134.18,21.840000000000003,14.0
Tramal 50mg com 20 Cápsulas - Grunenthal,GRUNENTHAL,7898582380763,163.44,140.56,22.879999999999995,14.0
Palexis LP 50mg com 30 Comprimidos - Grunenthal,GRUNENTHAL,7898582382118,103.99,91.51,12.47999999999999,12.0
Adorlan 25mg com 20 Comprimidos - Grunenthal,GRUNENTHAL,7898582380558,124.94,109.95,14.989999999999995,12.0
Adorlan 50mg com 20 Comprimidos - Grunenthal,GRUNENTHAL,7898582380572,249.84,234.85,14.990000000000009,6.0
"Belara 2 + 0,03mg com 21 Comprimidos - Grunenthal",GRUNENTHAL,7898582380183,65.5,49.49,16.009999999999998,24.4
Tramal 50mg com 10 Cápsulas - Grunenthal,GRUNENTHAL,7898582380756,78.01,67.09,10.920000000000002,14.0
Tramal Retard 100mg com 10 Cápsulas - Grunenthal,GRUNENTHAL,7898582380015,155.95,134.12,21.829999999999984,14.0
Toperma 5% com 10 Emplastros - Grunenthal,GRUNENTHAL,7898582380206,192.94,156.85,36.09,18.7
Tramal Retard 100mg com 20 Comprimidos - Grunenthal,GRUNENTHAL,7898582380312,296.39,254.9,41.48999999999998,14.0
Hetori 90mg com 7 Comprimidos - Grunenthal,GRUNENTHAL,7897337716482,82.53,70.98,11.549999999999997,14.0
Belarina com 24 + 4 Comprimidos - Grunenthal,GRUNENTHAL,7898582380268,65.5,49.78,15.719999999999999,24.0
Hetori 60mg com 7 Comprimidos - Grunenthal,GRUNENTHAL,7897337716451,73.52,63.23,10.29,14.0
Belara com 21 + 7 Comprimidos - Grunenthal,GRUNENTHAL,7898582380527,65.5,49.48,16.020000000000003,24.5
Gliconil 5mg c/30 cpr,MEDQUIMICA,7896862910556,11.64,1.8,9.84,84.5
Atrovex Gotas - 20ml,MEDQUIMICA,7896862940096,15.51,12.58,2.9299999999999997,18.9
Nifedipress 20mg - 30 comprimidos,MEDQUIMICA,7896862910747,25.75,8.24,17.509999999999998,68.0
Gastrogel com 20 Comprimidos - Medquímica,MEDQUIMICA,7896862910136,20.23,10.58,9.65,47.7
Boldobeba Flaconete com 10ml - Medquímica,MEDQUIMICA,7896862922085,3.56,1.06,2.5,70.2
Gripinew 250mg com 6 Comprimidos - Medquímica,MEDQUIMICA,7896862926120,5.58,2.32,3.2600000000000002,58.4
Dipimed 500mg com 10 Comprimidos - Medquímica,MEDQUIMICA,7896862926014,13.42,3.4,10.02,74.7
Deltametril D Emulsão Capilar 4% com 100ml - Medquímica,MEDQUIMICA,7896862991937,44.5,19.9,24.6,55.3
Complexo B Medquímica com 100ml - Medquímica,MEDQUIMICA,7896862990022,17.34,5.62,11.719999999999999,67.6
Dipimed Gotas com 20ml - Medquímica,MEDQUIMICA,7896862940058,12.73,4.0,8.73,68.6
Dipimed gts 10ml,MEDQUIMICA,7896862940027,8.07,1.91,6.16,76.3
Gripinew 250mg com 20 Comprimidos - Medquímica,MEDQUIMICA,7896862920029,15.59,7.52,8.07,51.8
Nasalfree Spray 9mg com 50ml - Medquímica,MEDQUIMICA,7896862940126,30.05,11.38,18.67,62.1
Gastrogel Fresh Menta com 150ml - Medquímica,MEDQUIMICA,7896862960254,23.5,17.01,6.489999999999998,27.6
Fusor 10mg com 30 Comprimidos - Ache RX,BIOSINTETICA,7896658039232,54.0,44.86,9.14,16.9
Dunia 35 com 21 Comprimidos - Ache,BIOSINTETICA,7898907313780,25.13,18.71,6.419999999999998,25.5
Antux Xarope 120ml - Ache,BIOSINTETICA,7896658001789,44.45,39.12,5.330000000000005,12.0
Antux Gotas 20ml - Ache,BIOSINTETICA,7896658001765,60.82,53.52,7.299999999999997,12.0
Betalor 5mg + 50mg com 30 Comprimidos - Ache,BIOSINTETICA,7896181909101,83.93,71.34,12.590000000000003,15.0
Lotar 5/50mg com 30 Cápsulas - Biosintetica,BIOSINTETICA,7896181915072,80.25,60.06,20.189999999999998,25.2
Lotar 5mg/100mg com 30 Cápsulas - Biosintetica,BIOSINTETICA,7896181908890,86.93,68.71,18.220000000000013,21.0
Somalium 6mg com 30 Comprimidos - Ache,BIOSINTETICA,7896658008467,55.46,42.78,12.68,22.9
Somalium 3mg com 30 Comprimidos - Ache,BIOSINTETICA,7896658008450,34.71,26.85,7.859999999999999,22.6
Vasogard 100mg com 60 Comprimidos - Ache,BIOSINTETICA,7896181907534,87.91,68.79,19.11999999999999,21.7
Vasogard 100mg com 30 Comprimidos - Ache,BIOSINTETICA,7896181907992,58.21,43.88,14.329999999999998,24.6
Vasogard 50mg com 60 Comprimidos - Ache,BIOSINTETICA,7896181907626,42.58,33.24,9.339999999999996,21.9
Formocaps 12mcg com 30 Cápsulas Refil - Ache,BIOSINTETICA,7896181907558,68.83,58.51,10.32,15.0
Maxapran 20mg com 60 Comprimidos - Biosintetica,BIOSINTETICA,7896181925170,140.37,108.05,32.32000000000001,23.0
Canderm 250mg com 20 Comprimidos - Legrand,AROVIDA,7896004813226,22.67,7.63,15.040000000000003,66.3
Repoflor 250mg com 10 Envelopes - Legrand,AROVIDA,7896004769943,65.32,31.71,33.60999999999999,51.5
LACTULIV XPE 120ML AMEIXA LEGRAND,AROVIDA,7896004768465,24.12,24.12,0.0,0.0
"Deslorana 0,5mg/ml com 60ml - Legrand",AROVIDA,7896004726649,47.64,14.13,33.51,70.3
Dorilen Gotas com 15ml - Legrand,AROVIDA,7896004715049,34.17,12.49,21.68,63.4
Dorilen com 12 Comprimidos - Legrand,AROVIDA,7896004715032,20.6,8.8,11.8,57.3
Ibuflex 100mg com 30ml - Legrand,AROVIDA,7896004799902,52.39,6.99,45.4,86.7
Allovita Spray com 50ml - Legrand,AROVIDA,7896004758596,54.53,38.53,16.0,29.3
Volig 8mg com10 Comprimidos - Legrand,AROVIDA,7896004774947,50.87,17.35,33.519999999999996,65.9
Volig 4mg com 10 Comprimidos - Legrand,AROVIDA,7896004774909,27.14,13.6,13.540000000000001,49.9
Ibuflex 400mg com 8 Cápsulas - Legrand,AROVIDA,7896004732930,23.74,11.34,12.399999999999999,52.2
Maracujá Concentrix com 100ml - Legrand,AROVIDA,7896004779201,39.1,16.33,22.770000000000003,58.2
Deslorana 5mg com 10 Comprimidos - Legrand,AROVIDA,7896004725772,56.88,10.28,46.6,81.9
Hedra Expec Xarope 7mg com 100ml - Legrand,AROVIDA,7896004780481,45.84,14.45,31.390000000000004,68.5
"Androgel Testosterona 16,2mg/g Pump com 60 Acionamentos 88g - Besins",BESINS,7898948648698,311.14,264.94,46.19999999999999,14.8
"Ogestan Blues 1,4g - 30 Cápsulas",BESINS,7898948648735,129.99,129.54,0.45000000000001705,0.3
Vagifem 10mg com 18 Comprimidos - GSK,BESINS,7898948648377,150.36,119.99,30.37000000000002,20.2
Ogestan Pré - 90 cápsulas,BESINS,7898948648612,159.9,159.9,0.0,0.0
Ogestan Gold - 90 cápsulas,BESINS,7898948648605,394.99,392.94,2.0500000000000114,0.5
"Oestrogel 0,6mg 80g - Besins",BESINS,7898948648179,82.41,63.85,18.559999999999995,22.5
Utrogestan 200mg com 14 Cápsulas - Besins,BESINS,7898948648148,77.54,68.24,9.300000000000011,12.0
Utrogestan 100mg com 30 Compirmidos - Bensins,BESINS,7898948648131,83.01,70.56,12.450000000000003,15.0
Ogestan Plus com 30 Cápsulas - Besins,BESINS,7898948648483,124.9,122.64,2.260000000000005,1.8
Androgel 50 + 10mg/g  com 30 Envelopes com 5g de Gel de Uso Dermatológico - Besins,BESINS,7898948648087,342.11,277.54,64.57,18.9
Utrogestan 200mg com 42 Cápsulas - Besins,BESINS,7898948648292,232.78,197.86,34.91999999999999,15.0
Ogestan Plus com 90 Cápsulas - Besins,BESINS,7898948648490,329.49,323.89,5.600000000000023,1.7
Ogestan Gold - 30 Cápsulas,BESINS,7898948648476,156.99,132.83,24.159999999999997,15.4
Andractiv - 30 Cápsulas,BESINS,7898948648513,179.9,179.9,0.0,0.0
Sulfametoxazol + Trimetoprima 400 + 80 com 20 Comprimidos - Vitamedic Genérico,VITAMEDIC GENERICO,7898049792672,19.63,7.43,12.2,62.1
Sulfametoxazol + Trimetoprima Suspensão de Uso Oral 100ml - Vitamedic Genérico,VITAMEDIC GENERICO,7898049792511,16.22,7.15,9.069999999999999,55.9
Cloridrato de Metformina 500mg com 30 Comprimidos - Vitamedic Genérico,VITAMEDIC GENERICO,7898049796106,8.66,8.32,0.33999999999999986,3.9
Risperidona 3mg com 30 Comprimidos - Vitamedic Genérico,VITAMEDIC GENERICO,7898049797752,47.43,10.89,36.54,77.0
Cloridrato de Fexofenadina 6mg/ml Suspensão Oral com 60ml - Vitamedic Genérico,VITAMEDIC GENERICO,7898700410488,22.64,17.9,4.740000000000002,20.9
Cloridrato de Fexofenadina 6mg/ml Suspensão Oral 150ml - Vitamedic Genérico,VITAMEDIC GENERICO,7898700410471,52.75,36.5,16.25,30.8
Atenolol 50mg com 30 Comprimidos - Vitamedic,VITAMEDIC GENERICO,7898049793631,4.9,3.56,1.3400000000000003,27.3
Ivermectina 6mg com 4 Comprimidos - Vitamedic Genérico,VITAMEDIC GENERICO,7898049793310,31.15,7.29,23.86,76.6
Nimesulida 100mg com 12 Comprimidos - Vitamedic Genérico,VITAMEDIC GENERICO,7898049797332,13.82,2.11,11.71,84.7
Fluconazol 150mg com 1 Cápsula - Vitamedic Genérico,VITAMEDIC GENERICO,7896523208763,10.89,1.48,9.41,86.4
Fosfato Sódico Prednisolona 3mg 120ml - Vitamedic Genérico,VITAMEDIC GENERICO,7898049796861,29.47,15.99,13.479999999999999,45.7
Anlodipino 5mg com 30 Comprimidos - Vitamedic Genérico,VITAMEDIC GENERICO,7898049796267,23.23,2.03,21.2,91.3
Fosfato Sódico Prednisolona 3mg 60ml - Vitamedic Genérico,VITAMEDIC GENERICO,7898049796830,30.75,12.02,18.73,60.9
Vitacid Acne Gel 25g - Theraskin,THERASKIN,7897129303937,115.6,108.66,6.939999999999998,6.0
Camomilina C com 20 Cápsulas - Theraskin,THERASKIN,7897129300059,62.85,50.4,12.450000000000003,19.8
Hixizine com 30 Comprimidos - Theraskin,THERASKIN,7897129301513,61.34,52.14,9.200000000000003,15.0
Hixizine Xarope 120ml - Theraskin,THERASKIN,7897129301506,62.5,53.13,9.369999999999997,15.0
Micolamina Creme 1% 20g - Theraskin,THERASKIN,7897129301186,57.49,48.87,8.620000000000005,15.0
Micolamina Esmalte 6g - Theraskin,THERASKIN,7897129300240,248.61,176.5,72.11000000000001,29.0
Therapsor Solução Capilar 25ml - Theraskin,THERASKIN,7897129304200,40.91,36.0,4.909999999999997,12.0
Verrux - 10ml,THERASKIN,7897129300134,64.9,64.9,0.0,0.0
Vitacid Creme 25g - Theraskin,THERASKIN,7897129300509,60.7,51.6,9.100000000000001,15.0
Vitacid Gel 25g - Theraskin,THERASKIN,7897129300516,42.47,36.1,6.369999999999997,15.0
Vitacid Plus Creme 15g - Theraskin,THERASKIN,7897129302541,146.55,124.57,21.980000000000018,15.0
Vitacid XT Bisnaga 25g - Theraskin,THERASKIN,7897129303579,75.27,63.98,11.29,15.0
Micolamina Spray 50ml - Theraskin,THERASKIN,7897129301223,95.97,81.57,14.400000000000006,15.0
Cloridrato de Sotalol 160mg com 30 Comprimidos - Merck,MERCK GENERICO,7891721202377,101.31,30.64,70.67,69.8
Acetato de Ciproterona + Etinilestradiol com 63 Comprimidos - Merck Genérico,MERCK GENERICO,7891721029417,53.14,29.09,24.05,45.3
Levotiroxina Sódica 25mcg com 30 Comprimidos - Merck Genérico,MERCK GENERICO,7891721202988,10.85,8.04,2.8100000000000005,25.9
Levotiroxina Sódica 100mcg com 30 Comprimidos - Merck Genérico,MERCK GENERICO,7891721019999,10.23,8.94,1.290000000000001,12.6
Levotiroxina Sódica 125mcg com 30 Comprimidos - Merck Genérico,MERCK GENERICO,7891721020094,14.99,12.48,2.51,16.7
Levotiroxina Sódica 175mcg com 30 Comprimidos - Merck Genérico,MERCK GENERICO,7891721020193,20.43,16.41,4.02,19.7
Levotiroxina Sódica 112mcg com 30 Comprimidos - Merck Genérico,MERCK GENERICO,7891721020049,20.12,16.54,3.580000000000002,17.8
Levotiroxina Sódica 75mcg com 30 Comprimidos - Merck Genérico,MERCK GENERICO,7891721019890,13.09,10.93,2.16,16.5
Levotiroxina Sódica 50mcg com 30 Comprimidos - Merck Genérico,MERCK GENERICO,7891721019845,11.98,10.2,1.7800000000000011,14.9
Levotiroxina Sódica 150mcg com 30 Comprimidos - Merck Genérico,MERCK GENERICO,7891721020148,16.17,13.59,2.580000000000002,16.0
Levotiroxina Sódica 88mcg com 30 Comprimidos - Merck Genérico,MERCK GENERICO,7891721019944,15.8,12.48,3.3200000000000003,21.0
Levotiroxina Sódica 200mcg com 30 Comprimidos - Merck Genérico,MERCK GENERICO,7891721202735,35.3,25.9,9.399999999999999,26.6
Aciclovir 400mg com 30 Comprimidos - Merck Genérico,MERCK GENERICO,7891721023484,281.72,40.19,241.53000000000003,85.7
Cialis 20mg com 2 Comprimidos - Lilly,LILLY,7896382703614,159.89,140.7,19.189999999999998,12.0
Insulina Humalog Injeçao 100ui 10ml - Lilly,LILLY,7896382700750,169.03,136.96,32.06999999999999,19.0
Insulina Humulin N U-100 10ml - Lilly,LILLY,7896382700583,85.59,52.14,33.45,39.1
Insulina Humulin N 100ui/ml com 2 Carpules 3ml - Lilly,LILLY,7896382703317,92.26,54.99,37.27,40.4
Humalog Lispro Refil 5 x 3ml - Lilly,LILLY,7896382705519,305.89,261.12,44.76999999999998,14.6
Humalog Kwikpen Caneta 1 Refil com 3ml - Lilly,LILLY,7896382706431,61.92,50.64,11.280000000000001,18.2
Insulina Humalog Refil 2x 3ml - Lilly,LILLY,7896382703331,135.01,110.31,24.69999999999999,18.3
Prozac 20mg com 30 Comprimidos - Lilly,LILLY,7896382706677,185.52,148.47,37.05000000000001,20.0
Zyprexa Zydis 10mg com 28 Comprimidos - Lilly,LILLY,7896382705199,1201.12,1020.95,180.16999999999985,15.0
Cialis Diário 5mg com 30 Comprimidos - Lilly,LILLY,7896382706370,299.84,212.53,87.30999999999997,29.1
Evista 60mg com 30 Comprimidos - Lilly,LILLY,7896382706660,387.3,296.52,90.78000000000003,23.4
Cymbalta 60mg com 30 Cápsulas - Lilly,LILLY,7896382706653,247.47,191.18,56.28999999999999,22.7
Cymbalta 30mg com 30 Cápsulas - Lilly,LILLY,7896382706721,123.74,94.57,29.17,23.6
Perllate com 10 Comprimidos - Eurofarma,GUMMY,7891317018207,16.89,16.89,0.0,0.0
"Ardro Gran Laranja 1,5g +1,2g Gran com 30 Sachês - Eurofarma",GUMMY,7891317025052,183.08,103.7,79.38000000000001,43.4
VITAMINA D  1000UI  30CAP,GUMMY,7891317026042,18.9,18.9,0.0,0.0
MAQ C/30 COMP,GUMMY,7891317005870,47.99,47.99,0.0,0.0
Angino-Rub 3mg com 16 Pastilhas - Eurofarma,GUMMY,7891317007256,21.44,21.44,0.0,0.0
Suplemento Alimentar Practivar Mulher - 60 Comprimidos,GUMMY,7891137006521,58.9,55.27,3.6299999999999955,6.2
MAQ Sênior com 30 Comprimidos - Gummy,GUMMY,7891317005887,48.49,42.44,6.050000000000004,12.5
Angino-Rub Menta - 16 pastilhas,GUMMY,7891317002589,21.44,21.44,0.0,0.0
Perlatte - 30 comprimidos,GUMMY,7891317189884,47.89,35.81,12.079999999999998,25.2
MAQ Derma com 30 Cápsulas - Eurofarma,GUMMY,7891317192402,72.99,72.99,0.0,0.0
Perosteo - 30 Comprimidos,GUMMY,7891317002169,78.9,69.37,9.530000000000001,12.1
MAQ - 60 comprimidos,GUMMY,7891317001100,83.99,71.15,12.83999999999999,15.3
Perosteo Km - 30 Tabletes Mastigáveis,GUMMY,7891317002930,84.9,75.26,9.64,11.4
Hinox com 60 Comprimidos,HEBRON/QUESALON,7896685304419,106.9,106.9,0.0,0.0
Florax Pediátrico Sabor Uva - 5 flaconetes,HEBRON/QUESALON,7896685303283,40.49,34.82,5.670000000000002,14.0
Florax Hydra 45 Sabor Guaraná - 500ml,HEBRON/QUESALON,7896685303818,25.76,22.15,3.610000000000003,14.0
Bromelin Xarope - 100ml,HEBRON/QUESALON,7896685300473,73.41,64.6,8.810000000000002,12.0
Florax Adulto Sabor Framboesa - 5 flaconetes,HEBRON/QUESALON,7896685301654,52.41,45.07,7.339999999999996,14.0
Gamax c/30 caps,HEBRON/QUESALON,7896685301234,156.31,137.55,18.75999999999999,12.0
Hizofito com 30 Cápsulas - Hebron/Quesalon,HEBRON/QUESALON,7896685301678,106.95,85.35,21.60000000000001,20.2
Kronel 60g de Gel de Uso Vaginal + 10 Aplicadores,HEBRON/QUESALON,7896685300657,123.33,104.83,18.5,15.0
Bromelin Própolis Spray - 50ml,HEBRON/QUESALON,7896685300497,67.49,63.21,4.279999999999994,6.3
Florax Pediátrico - 5 flaconetes,HEBRON/QUESALON,7896685301661,40.49,34.82,5.670000000000002,14.0
Bromelin S - 100ml,HEBRON/QUESALON,7896685302880,69.9,67.76,2.1400000000000006,3.1
Imunoglucan - 150ml,HEBRON/QUESALON,7896685303450,65.99,65.99,0.0,0.0
Imunoglucan DS - 60 cápsulas,HEBRON/QUESALON,7896685303634,119.9,119.9,0.0,0.0
Fosfomicina Trometamol 3g Envelope 8g - Pharmascience,PHARMASCIENCE,7896006299820,56.49,34.69,21.800000000000004,38.6
Azitromicina 500mg com 3 Comprimidos - Pharmascience,PHARMASCIENCE,7898014565416,21.98,5.94,16.04,73.0
Norfloxacino 400mg com 14 Comprimidos - Pharmascience,PHARMASCIENCE,7896523213224,32.0,9.43,22.57,70.5
Resfedryl com 5 Cápsulas - Pharmascience,PHARMASCIENCE,7898014561050,5.77,2.16,3.6099999999999994,62.6
Resfedryl com 100ml - Pharmascience,PHARMASCIENCE,7898014560268,20.1,12.6,7.500000000000002,37.3
Polydrat Sabor Framboesa com 450ml - Pharmascience,PHARMASCIENCE,7898014566178,22.01,7.65,14.360000000000001,65.2
Benzoderm Sabonete - 60g,PHARMASCIENCE,7898014560077,16.28,8.01,8.270000000000001,50.8
Benzoderm - 100ml,PHARMASCIENCE,7898014560060,18.45,9.41,9.04,49.0
Resfedryl com 20 Cápsulas - Pharmascience,PHARMASCIENCE,7898014560244,22.93,10.44,12.49,54.5
Kaosec - 4 comprimidos,PHARMASCIENCE,7898014560817,2.42,1.49,0.9299999999999999,38.4
Complexan Gotas com 30ml - Pharmascience,PHARMASCIENCE,7898014565355,15.28,5.85,9.43,61.7
Colic Calm Infantil - 59ml,PHARMASCIENCE,7898014567410,138.59,130.59,8.0,5.8
Gênova Cabelos e Unhas 60 Comprimidos,EUROFARMA OTC,7891317025588,159.9,159.9,0.0,0.0
La Immunitá Frasco X - 150ml,EUROFARMA OTC,7891317030087,129.9,129.9,0.0,0.0
CogMax com 60 Cápsulas - Eurofarma,EUROFARMA OTC,7891317020354,154.9,154.9,0.0,0.0
AltaD Gotas 500UI 10ml - Eurofarma,EUROFARMA OTC,7891317018122,77.99,71.89,6.099999999999994,7.8
Suplemento Alimentar Alta D Cal - 60 comprimidos,EUROFARMA OTC,7891317011345,147.9,145.54,2.3600000000000136,1.6
Floripa Gotas - 8ml,EUROFARMA OTC,7891317011369,109.99,109.99,0.0,0.0
Fortice com 30 comprimidos - Eurofarma,EUROFARMA OTC,7891317007560,158.9,149.13,9.77000000000001,6.1
Vitamina D Aidê 3 Gotas Eurofarma com 20ml - Eurofarma,EUROFARMA OTC,7891317144142,75.9,68.98,6.920000000000002,9.1
Vitamina D Aidê 3 Gotas com 10ml - Eurofarma,EUROFARMA OTC,7891317144166,46.9,42.6,4.299999999999997,9.2
Feminis 943mg - 30 cápsulas,EUROFARMA OTC,7891317025137,119.9,103.64,16.260000000000005,13.6
Ferrovitan Sabor Brigadeiro 60ml - Eurofarma,EUROFARMA OTC,7891317030599,57.9,54.23,3.6700000000000017,6.3
Cogmax - 60 Cápsulas,EUROFARMA OTC,7891317020354,112.9,112.9,0.0,0.0
Gaballon 50mg com 60 Comprimidos - Zydus,NIKKHO - ZYDUS,7897460401804,120.73,102.62,18.11,15.0
Reforgan 500mg com 30 Comprimidos - Zydus,NIKKHO - ZYDUS,7897460401651,82.9,81.59,1.3100000000000023,1.6
Reforgan Imuno - 30 Comprimidos,NIKKHO - ZYDUS,7897460401897,82.9,80.53,2.3700000000000045,2.9
Gaballon com 20 Comprimidos - Zydus,NIKKHO - ZYDUS,7897460401347,48.27,41.03,7.240000000000002,15.0
Transamin com 12 Comprimidos - Zydus,NIKKHO - ZYDUS,7897460401668,82.22,72.35,9.870000000000005,12.0
Valeriane 50mg com 20 Drágeas - GSK,NIKKHO - ZYDUS,7897460400517,93.48,79.46,14.02000000000001,15.0
Ginkoba 120mg com 30 Comprimidos Revestidos - Zydus,NIKKHO - ZYDUS,7897460401293,104.92,78.53,26.39,25.2
Ginkoba 80mg com 30 Comprimidos - Zydus,NIKKHO - ZYDUS,7897460401255,70.96,53.59,17.36999999999999,24.5
Oligovit Up com 60 Cápsulas - Zydus,NIKKHO - ZYDUS,7897460401378,77.99,73.98,4.009999999999991,5.1
Silimalon com 30 Drágeas - Zydus,NIKKHO - ZYDUS,7897460401422,77.92,66.23,11.689999999999998,15.0
Silimalon 140 com 30 Comprimidos - Zydus,NIKKHO - ZYDUS,7897460401743,124.7,106.0,18.700000000000003,15.0
Verutex Creme 15g - Leopharma,LEOPHARMA,5702191007985,84.16,79.11,5.049999999999997,6.0
Verutex B Creme 15g - Leopharma,LEOPHARMA,5702191007961,105.67,99.33,6.340000000000003,6.0
Advantan Creme 15g - Bayer OTC,LEOPHARMA,5702191025583,85.01,74.81,10.200000000000003,12.0
Daivobet Pomada 30g - Leopharma,LEOPHARMA,5702191007916,157.96,139.0,18.960000000000008,12.0
Icaden Creme 20g - Bayer OTC,LEOPHARMA,5702191025620,50.86,44.76,6.100000000000001,12.0
Icaden Spray 60ml - Bayer OTC,LEOPHARMA,5702191025576,113.38,99.77,13.61,12.0
Icaden Uso Dermatológico 30ml - Bayer OTC,LEOPHARMA,5702191025545,71.56,62.97,8.590000000000003,12.0
"Advantan 0,1% Loção 20g - Bayer OTC",LEOPHARMA,5702191025590,108.92,95.85,13.070000000000007,12.0
Icacort Creme 30g - Bayer OTC,LEOPHARMA,5702191025644,44.65,39.29,5.359999999999999,12.0
Daivobet Gel 30g - Leopharma,LEOPHARMA,5702191008753,148.65,130.81,17.840000000000003,12.0
Advantan Solução 20ml - Bayer  OTC,LEOPHARMA,5702191025538,116.47,102.49,13.980000000000004,12.0
Pronazol 150mg com 4 Cápsulas - Diffucap Chemobras,DIFFUCAP CHEMOBRAS,7898096577352,52.64,26.9,25.740000000000002,48.9
Arflex Retard 200mg com 12 Cápsulas - Diffucap Chemobras,DIFFUCAP CHEMOBRAS,7898096577857,92.69,59.62,33.07,35.7
Deocil10mg com 30 Ccoprimidos - Diffucap Chemobras,DIFFUCAP CHEMOBRAS,7898096578472,102.19,79.71,22.480000000000004,22.0
Nyteb 5mg com 30 Comprimidos - Diffucap Chemobras,DIFFUCAP CHEMOBRAS,7898096578458,64.84,34.9,29.940000000000005,46.2
Pronazol 150mg com 2 Cápsulas - Diffucap Chemobras,DIFFUCAP CHEMOBRAS,7898096577062,27.49,14.9,12.589999999999998,45.8
Deocil 10mg com 20 Ccomprimidos - Diffucap Chemobras,DIFFUCAP CHEMOBRAS,7898096577550,77.47,50.19,27.28,35.2
Arflex Retard 200mg com 6 Cápsulas - Diffucap Chemobras,DIFFUCAP CHEMOBRAS,7898096577840,48.83,33.15,15.68,32.1
Deocil 10mg com 10 Comprimidos - Diffucap Chemobras,DIFFUCAP CHEMOBRAS,7898096577031,42.1,26.9,15.200000000000003,36.1
Fluxtar SR 3mg com 30 Cápsulas - Diffucap,DIFFUCAP CHEMOBRAS,7898096577673,48.54,33.54,15.0,30.9
Fluxtar SR 6mg com 30 Cápsulas - Diffucap Chemobras,DIFFUCAP CHEMOBRAS,7898096577697,66.18,46.58,19.60000000000001,29.6
Specdera xpe mel 7mg 100ml,GLOBO,7899620913714,25.29,9.81,15.479999999999999,61.2
Ibuprofeno 600mg com 10 Cápsulas - Globo,GLOBO,7899620915756,21.75,10.03,11.72,53.9
Pomada Sulfato de Neomicina + Bacitracina Zíncica 10g - Globo,GLOBO,7897917004985,12.82,6.64,6.180000000000001,48.2
Glicenix Adulto Supositório com 6 Unidades - Globo,GLOBO,7899620911826,21.09,8.48,12.61,59.8
Glicenix Infantil Supositorio com 6 Unidades - Globo,GLOBO,7899620911833,21.09,8.98,12.11,57.4
Extrato de Própolis - 20ml,GLOBO,7899620914292,17.34,11.3,6.039999999999999,34.8
Prednisona 20mg com 10 Comprimidos - Globo Genérico,GLOBO,7899620912151,16.16,6.05,10.11,62.6
Sintaflat 40mg - 20 comprimidos,GLOBO,7898060132730,12.22,5.72,6.500000000000001,53.2
Captopril 50mg com 30 Comprimidos - Globo Genérico,GLOBO,7899620910164,20.09,4.68,15.41,76.7
Cetomicoss Creme com 20g - Globo,GLOBO,7898060131238,23.37,8.91,14.46,61.9
Castanha da Índia Globo - 30 comprimidos,GLOBO,7899620913127,31.98,12.08,19.9,62.2
Laranja Moro Nutrição com 60 Cápsulas - Catarinense,CATARINENSE,7896023782756,82.99,67.06,15.929999999999993,19.2
Água Inglesa com 500ml - Catarinense,CATARINENSE,7896023705397,37.99,36.78,1.2100000000000009,3.2
Elixir Paregórico - 30ml,CATARINENSE,7896023701436,27.86,17.16,10.7,38.4
Figatil com 20 Drágeas - Catarinense,CATARINENSE,7896023700101,24.9,24.9,0.0,0.0
Figatil - 150ml,CATARINENSE,7896023700118,29.99,29.99,0.0,0.0
Melagrião Xarope - 150ml,CATARINENSE,7896023719899,19.9,18.64,1.259999999999998,6.3
Gikgo Biloba 80mg com 30 Comprimidos - Catarinense,CATARINENSE,7896023743009,23.95,16.99,6.960000000000001,29.1
Figatil Flaconete com 10ml - Catarinense,CATARINENSE,7896023756849,4.29,1.99,2.3,53.6
Melagrião Propolive com 60 Cápsulas - Catarinense,CATARINENSE,7896023714900,36.9,32.18,4.719999999999999,12.8
Melagrião Spray Kids Tutti Frutti com 30ml - Catarinense,CATARINENSE,7896023719912,27.9,25.44,2.4599999999999973,8.8
Topiramato 50mg com 60 Comprimidos - Zydus Genérico,ZYDUS GENERICO,7898927562298,92.84,21.89,70.95,76.4
Cloridrato de Trazodona 100mg com 30 Comprimidos - Zydus Genérico,ZYDUS GENERICO,7898927564155,63.23,29.22,34.01,53.8
Cloridrato de Donepezila 5mg com 30 Comprimidos - Zydus Genérico,ZYDUS GENERICO,7898940658329,87.91,17.9,70.00999999999999,79.6
Cloridrato de Trazodona 50mg com 60 Comprimidos - Zydus Genérico,ZYDUS GENERICO,7898927564148,63.23,24.75,38.48,60.9
Topiramato 100mg com 60 Comprimidos - Zydus Genérico,ZYDUS GENERICO,7898927562304,171.22,29.3,141.92,82.9
Celecoxibe 200mg com 30 Cápsulas - Zydus Genérico,ZYDUS GENERICO,7898940658473,98.47,27.02,71.45,72.6
Divalproato de Sódio 500mg com 20 Comprimidos - Zydus Genérico,ZYDUS GENERICO,7898927562069,54.68,28.34,26.34,48.2
Mononitrato de Isossorbida 40mg com 20 Comprimidos - Zydus Genérico,ZYDUS GENERICO,7898910350079,19.09,5.8,13.29,69.6
Aceclofenaco 100mg com 12 Comprimidos - Zydus Genérico,ZYDUS GENERICO,7898940658800,34.86,5.73,29.13,83.6
Pyloripac IBP 500/30 7 + 28 Comprimidos - Medley,MEDLEY RX,7896422507769,260.0,219.17,40.83000000000001,15.7
Clomid com 10 Comprimidos - Medley,MEDLEY RX,7896422513098,78.43,69.02,9.41000000000001,12.0
Plavix 75mg com 28 Comprimidos - Medley,MEDLEY RX,7897595903440,438.75,335.64,103.11000000000001,23.5
Stilnox cpr 10mg c/20 (b1),MEDLEY RX,7897595902146,106.53,90.55,15.980000000000004,15.0
Moratus 20mg com 30 Comprimidos Revestidos - Medley,MEDLEY RX,7896422518697,107.98,83.82,24.16000000000001,22.4
"Stilnox Creme 12,5mg com 20 Comprimidos - Medley RX",MEDLEY RX,7891058006259,106.53,85.96,20.570000000000007,19.3
"Stilnox Creme 6,25mg com 20 Comprimidos - Medley RX",MEDLEY RX,7891058006235,53.24,45.25,7.990000000000002,15.0
Zodel 50mg c/30 cpr,MEDLEY RX,7896422520539,177.48,150.86,26.619999999999976,15.0
Zodel 100mg com 30 Comprimidos - Medley,MEDLEY RX,7896422520546,204.08,173.47,30.610000000000014,15.0
Vitamina E 400mg com 60 Cápsulas - Herbamed,HERBAMED,7898303261142,29.9,19.55,10.349999999999998,34.6
Colágeno Verisol 750g com 60 Cápsulas - Herbamed,HERBAMED,7898303263832,47.9,36.22,11.68,24.4
Biotina 500mg com 60 Cápsulas - Herbamed,HERBAMED,7898303263870,32.9,19.66,13.239999999999998,40.2
Extrato de Própolis Herbamed 500mg com 60 Cápsulas - Herbamed,HERBAMED,7898303263788,38.9,29.74,9.16,23.5
Laranja Moro 500mg com 60 Cápsulas - Herbamed,HERBAMED,7898303264266,69.9,44.51,25.390000000000008,36.3
Sbell Nutri 600mg com 60 Cápsulas - Herbamed,HERBAMED,7898303261760,38.9,25.54,13.36,34.3
Óleo de Alho 250mg com 60 Cápsulas - Herbamed,HERBAMED,7898303261067,17.9,15.68,2.219999999999999,12.4
Amora 500mg com 60 Cápsulas - Herbamed,HERBAMED,7898303261432,32.9,20.3,12.599999999999998,38.3
Kit Flexigold Colágeno Tipo2 40mg - 60 Cápsulas,HERBAMED,7898303263597,65.9,43.54,22.360000000000007,33.9
Dermacerium Creme 30g - Cristalia,CRISTALIA,7896676438116,69.66,59.91,9.75,14.0
Dermacerium Creme 50g - Cristalia,CRISTALIA,7896676438093,96.95,83.38,13.570000000000007,14.0
Escena 10mg com 60 Comprimidos - Cristalia,CRISTALIA,7896676438727,97.44,74.24,23.200000000000003,23.8
Teroquatro 4mg/ml Solução Oftálmica 5ml - Cristalia/Latinofarma,CRISTALIA,7896676437430,43.59,38.36,5.230000000000004,12.0
Gran-d 22.400ui  com 1 Comprimido - Cristalia,CRISTALIA,7896676432411,43.36,38.16,5.200000000000003,12.0
Vellana 50mg com 30 Comprimidos - Cristalia,CRISTALIA,7896676433944,101.71,89.5,12.209999999999994,12.0
Glya 75mg com 30 Cápsulas - Cristalia,CRISTALIA,7896676430127,65.79,57.9,7.890000000000008,12.0
Imipra 25mg com 20 Comprimidos - Cristalia,CRISTALIA,7896676436129,13.6,11.97,1.629999999999999,12.0
Escena 10mg com 30 Comprimidos - Cristalia,CRISTALIA,7896676418866,77.04,57.22,19.820000000000007,25.7
Trifamox IBL BD 200/50mg 30ml - Bago,BAGO,7898906376397,120.89,113.64,7.25,6.0
Trifamox IBL BD 875/125mg com 14 Comprimidos - Bago,BAGO,7898906376403,157.48,148.03,9.449999999999989,6.0
Trifamox IBL BD 200/50mg 60ml - Bago,BAGO,7898906376380,200.38,188.36,12.019999999999982,6.0
Keflex Líquido 100mg 30ml - Bago,BAGO,7898605330058,93.83,80.69,13.14,14.0
Bonviva 150mg com 1 Comprimido - Bago,BAGO,7898605330409,347.58,249.41,98.16999999999999,28.2
Tiorfan 100mg com 9 Cápsulas - Bago,BAGO,7898906376410,55.98,47.58,8.399999999999999,15.0
Tiorfan 30mg com 18 Envelopes - Bago,BAGO,7898906376465,64.78,55.06,9.719999999999999,15.0
Tiorfan 10mg com 18 Sachês - Bago,BAGO,7898906376434,61.16,51.99,9.169999999999995,15.0
Targus Lat - 10 Adesivos Transdérmicos + 1 Bandeja - Bago,BAGO,7898940448579,89.81,76.34,13.469999999999999,15.0
Keppra Xr 750mg c/60 cpr,UCB BIOPHARMA,5413787053797,466.07,129.0,337.07,72.3
Nootropil 800mg com 30 Cápsulas - Biopharma,UCB BIOPHARMA,7896070603271,46.93,39.89,7.039999999999999,15.0
Neupro 4mg/ 24h 28 Adesivos - UCB Biofarma,UCB BIOPHARMA,4030729003521,481.83,409.56,72.26999999999998,15.0
Keppra 250mg com 30 Comprimidos - UCB Biopharma,UCB BIOPHARMA,5413787002795,77.66,62.96,14.699999999999996,18.9
Keppra 750mg com 30 Comprimidos - UCB Biopharma,UCB BIOPHARMA,5413787053797,402.93,342.49,60.44,15.0
Keppra 100mg Solução de Uso Oral 150ml + Seringa 3ml - UCB Biopharma,UCB BIOPHARMA,5413787006793,168.06,142.85,25.210000000000008,15.0
Keppra 250mg com 60 Comprimidos - UCB Biopharma,UCB BIOPHARMA,5413787003792,194.13,165.01,29.120000000000005,15.0
Vimpat 100mg com 28 Comprimidos - UCB Biopharma,UCB BIOPHARMA,5413787008797,360.34,306.29,54.049999999999955,15.0
Sulfadiazina de prata 1% 30g - Nativita Genérico,NATIVITA GENERICO,7897848502406,19.63,11.16,8.469999999999999,43.1
Sulfadiazina de prata 1% 50g - Nativita Genérico,NATIVITA GENERICO,7897848502499,25.62,13.7,11.920000000000002,46.5
Bromoprida Gotas 20ml - Nativita Genérico,NATIVITA GENERICO,7897848500013,25.22,4.97,20.25,80.3
Cloridrato de Ambroxol Xarope Infantil - 100ml,NATIVITA GENERICO,7897848500617,19.15,8.28,10.87,56.8
Carbocisteina Xarope Adulto 100ml - Nativita Genérico,NATIVITA GENERICO,7897848500945,43.78,12.56,31.22,71.3
Cloridrato de Ambroxol Xarope Adulto 100ml - Nativita Genérico,NATIVITA GENERICO,7897848500488,19.32,8.96,10.36,53.6
Carbocisteina Xarope Pediátrico 100ml - Nativita Genérico,NATIVITA GENERICO,7897848500907,54.86,17.39,37.47,68.3
Cloridrato de Hidroxizina Xarope 100ml - Nativita Genérico,NATIVITA GENERICO,7897848501195,24.14,7.31,16.830000000000002,69.7
"Mercilon 0,15mg + 0,02mg com 63 Comprimidos - M S D",M S D ORGANON,7897337716284,170.32,104.04,66.27999999999999,38.9
Cerazette com 28 Comprimidos - M S D Organon,M S D ORGANON,7897337716215,59.52,37.26,22.260000000000005,37.4
Mercilon Conti com 28 Comprimidos - M S D,M S D ORGANON,7897337716321,62.33,38.08,24.25,38.9
Mercilon com 21 Comprimidos - M S D,M S D ORGANON,7897337716307,63.11,39.56,23.549999999999997,37.3
Nuvaring com 1 Anel Vaginal - M S D,M S D ORGANON,7908134200620,118.16,76.04,42.11999999999999,35.6
"Sandrena 1,0mg com 28 Sachês - M S D",M S D ORGANON,7897337716680,92.33,57.79,34.54,37.4
"Sandrena 0,5mg com 28 Sachês - M S D",M S D ORGANON,7897337716703,50.54,30.74,19.8,39.2
Cerazette com 3 x 28 Comprimidos - M S D Organon,M S D ORGANON,7897337716208,142.82,89.0,53.81999999999999,37.7
Pedialyte Max Sabor Morango com 500ml - Abbott Nurtricional,ABBOTT NUTRICIONAL,7891158106453,28.19,28.19,0.0,0.0
Pedialyte Max Sabor Uva com 500ml - Abbot Nutricional,ABBOTT NUTRICIONAL,7891158106446,28.19,28.19,0.0,0.0
Glucerna Sabor Chocolate 200ml - 4 Uni,ABBOTT NUTRICIONAL,7891158102134,75.9,75.9,0.0,0.0
Ensure Protein Sabor Baunilha - 220ml,ABBOTT NUTRICIONAL,7891158102523,15.99,15.99,0.0,0.0
Ensure Plus Sabor Chocolate - 200ml,ABBOTT NUTRICIONAL,7891158100291,11.9,11.9,0.0,0.0
Glucerna Sabor Baunilha - 400g,ABBOTT NUTRICIONAL,7896255762229,98.9,98.9,0.0,0.0
Pedialyte Plus Sabor Guaraná - 500ml,ABBOTT NUTRICIONAL,7891158104657,32.9,32.9,0.0,0.0
Glucerna Sabor Baunilha - 850g,ABBOTT NUTRICIONAL,7891158103179,179.9,179.9,0.0,0.0
Melatonina Gotas Frasco Vitafor - 20ml,VITAFOR,7898665433188,75.99,75.99,0.0,0.0
Omegador Memory 1000mg com 60 Cápsulas - Vitafor,VITAFOR,7898665435120,96.99,96.99,0.0,0.0
Mega DHA com 60 Cápsulas - Vitafor,VITAFOR,7898943044839,114.99,114.99,0.0,0.0
Ômega 3 Epa Dha Vitafor com 60 Cápsulas - Vitafor,VITAFOR,7898919865192,84.99,84.99,0.0,0.0
Omegafor Plus - 60 Cápsulas,VITAFOR,7898949730507,129.99,129.99,0.0,0.0
Omegafor Plus com 120 Cápsulas - Vitafor,VITAFOR,7898949730514,179.99,179.99,0.0,0.0
Ômega 3 EPA DHA Vitafort com 120 Cápsulas - Vitafor,VITAFOR,7898919865185,149.99,149.99,0.0,0.0
Lexotan 6mg com 30 Comprimidos - Roche,ROCHE,7898581710363,90.71,70.27,20.439999999999998,22.5
Lexotan Comprimidos 3mg com 30 Comprimidos - Roche,ROCHE,7898581710370,54.02,42.47,11.550000000000004,21.4
Rivotril Gotas 20ml - Roche,ROCHE,7898581710455,30.62,24.12,6.5,21.2
"Rivotril SL 0,25mg com 30 Comprimidos - Roche",ROCHE,7898581710462,9.82,7.73,2.09,21.3
"Rivotril 2,0mg com 30 Comprimidos - Roche",ROCHE,7898581710424,34.04,26.93,7.109999999999999,20.9
Valium 10mg com 30 Comprimidos - GSK,ROCHE,7897917005982,34.7,27.83,6.8700000000000045,19.8
Tamiflu 75mg com 10 Cápsulas em Gel - Roche,ROCHE,7896226506142,378.66,285.89,92.77000000000004,24.5
Limbitrol com 20 Cápsulas - Valeant,VALEANT,7896862992996,14.74,12.68,2.0600000000000005,14.0
Melleril 50mg com 20 Comprimidos - Valeant,VALEANT,7896862993252,31.89,24.45,7.440000000000001,23.3
Melleril cpr 25mg com 20 Comprimidos - Valeant,VALEANT,7896862993245,26.51,20.28,6.23,23.5
Melleril drg 10mg com 20 Comprimidos - Valeant,VALEANT,7898168000467,14.12,10.89,3.2299999999999986,22.9
Oxipelle 20ml - Valeant,VALEANT,7898168005967,58.2,49.47,8.730000000000004,15.0
Oxipelle Creme 20g - Valeant,VALEANT,7898168006414,56.47,48.0,8.469999999999999,15.0
Solaquin Creme 30g - Valeant,VALEANT,7896862993122,92.89,78.96,13.930000000000007,15.0
Adesivo Bye Bye Fever Bebê com 2 Unidades - Hisamtisu,HISAMITSU,4987188568712,12.99,12.99,0.0,0.0
Adesivo Bye Bye Fever Crianças com 2 Unidades - Hisamtisu,HISAMITSU,4987188568729,12.99,12.99,0.0,0.0
Salonpas Ice Cold Spray - 120ml,HISAMITSU,4987188559246,27.9,27.08,0.8200000000000003,2.9
Salonpas Adesivo Tamanho Pequeno com 4 Unidades - Hisamitsu,HISAMITSU,7896227800799,4.94,4.64,0.3000000000000007,6.1
Salonpas Adesivo Tamanho Grande - 2 Uni,HISAMITSU,7896227800812,9.86,9.27,0.5899999999999999,6.0
Salonpas Gel com 20g - Hisamitsu,HISAMITSU,7896227800089,19.62,17.27,2.3500000000000014,12.0
Salonsip - 3 Uni,HISAMITSU,7896227800171,17.38,16.34,1.0399999999999991,6.0
"Targin 5mg/2,5mg com 28 Comprimidos - Mundipharma",MUNDIPHARMA,7898586630024,210.33,172.76,37.57000000000002,17.9
Targin 10mg/5mg com 14 Comprimidos - Mundipharma,MUNDIPHARMA,7898586630048,210.29,178.48,31.810000000000002,15.1
"Targin 5mg/2,5mg com 14 Comprimidos - Mundipharma",MUNDIPHARMA,7898586630017,105.16,87.48,17.679999999999993,16.8
Restiva 10mg com 2 Adesivos Trandérmicos - Mundipharma,MUNDIPHARMA,7898586630338,181.93,151.61,30.319999999999993,16.7
Restiva 20mg com 2 Adesivos Transdérmicos - Mundipharma,MUNDIPHARMA,7898586630352,273.56,238.54,35.02000000000001,12.8
Oxycontin 10mg com 14 Comprimidos - Mundipharma,MUNDIPHARMA,7898586630192,191.14,159.07,32.06999999999999,16.8
Restiva 5mg com 2 Adesivos Transdérmicos - Mundipharma,MUNDIPHARMA,7898586630314,142.96,117.17,25.790000000000006,18.0
"Psorex 0,5mg 50g - GSK",GSK STIEFEL,7896269900594,73.82,64.96,8.86,12.0
Betnovate Pomada 30g - GSK Stiefel,GSK STIEFEL,7896269900372,58.58,51.55,7.030000000000001,12.0
Betnovate Creme 30g - GSK Stiefel,GSK STIEFEL,7896269900303,55.8,49.1,6.699999999999996,12.0
Psorex Creme 30g - GSK,GSK STIEFEL,7896269900617,49.95,42.46,7.490000000000002,15.0
Psorex Pomada 30g - GSK,GSK STIEFEL,7896269900631,51.33,43.63,7.699999999999996,15.0
"Vitanol A Creme 0,025% 30g - GSK",GSK STIEFEL,7896015591618,58.05,49.34,8.709999999999994,15.0
"Vitanol A Creme 0,1% 30g - GSK",GSK STIEFEL,7896015591656,73.06,62.1,10.96,15.0
Cloreto de Magnésio Farmax - 33g,FARMAX,7896902210035,9.99,9.99,0.0,0.0
Óleo Capilar e Corporal Farmax Semente de Uva - 100ml,FARMAX,7896902211254,8.99,8.99,0.0,0.0
Pasta d água Farmax - 120g,FARMAX,7896902217652,10.99,10.99,0.0,0.0
Sal Amargo Farmax - 30g,FARMAX,7896902210226,3.99,3.99,0.0,0.0
Tintura Iodo Farmax 2% - 30ml,FARMAX,7896902218567,5.99,5.99,0.0,0.0
Solução Antimicótica Farmax - 30ml,FARMAX,7896902212527,8.99,8.99,0.0,0.0
Pasta d água Farmax com Glicerina - 90g,FARMAX,7896902217645,11.99,11.99,0.0,0.0
"Omnic Ocas 0,4mg com 30 Comprimidos - Astellas",ASTELLAS,7899337000400,140.3,109.12,31.180000000000007,22.2
Vesicare 5mg com 30 Comprimidos - Astellas,ASTELLAS,7899337000080,229.13,171.25,57.879999999999995,25.3
Vesicare 5mg com 10 Comprimidos - Astellas,ASTELLAS,7899337000059,76.37,58.28,18.090000000000003,23.7
"Vesomni 6mg + 0,4mg com 30 Comprimidos - Astellas",ASTELLAS,7899337000813,229.13,183.9,45.22999999999999,19.7
"Omnic Ocas 0,4mg com 60 Comprimidos - Astellas",ASTELLAS,7899337000424,224.51,174.71,49.79999999999998,22.2
"Vesomni 6mg + 0,4mg com 10 Comprimidos - Astellas",ASTELLAS,7899337000806,126.53,98.67,27.86,22.0
Myrbetric 50mg com 30 Comprimidos - Astellas,ASTELLAS,7899337000653,327.48,263.78,63.700000000000045,19.5
Sinudoron Weleda com 80 Comprimidos - Welleda,WELEDA,7893093067196,79.9,69.75,10.150000000000006,12.7
Previgrip 50ml - Weleda,WELEDA,7893093016354,77.65,69.56,8.090000000000003,10.4
Infludo Weleda Solução Oral - 50ml,WELEDA,7893093015838,76.99,71.33,5.659999999999997,7.4
Ansiodoron com 80 Comprimidos - Weleda,WELEDA,7893093067240,79.9,68.5,11.400000000000006,14.3
Stressdoron com 80 Comprimidos - Weleda,WELEDA,7893093067110,72.9,68.67,4.230000000000004,5.8
Bryophyllum Argento - 50ml,WELEDA,7893093015753,76.99,67.83,9.159999999999997,11.9
Neosil Attack com 30 Comprimidos - Medicaldoctor,USK RX,7896004820422,199.9,151.23,48.670000000000016,24.3
Hormoskin Creme 15g - Medicaldoctor,USK RX,7896004726724,97.6,85.89,11.709999999999994,12.0
"Onicoryl Esmalte 2,5ml - Medicaldoctor",USK RX,7896004748221,142.81,130.59,12.219999999999999,8.6
Neosil 50mg com 90 Comprimidos - Medicaldoctor,USK RX,7896004819716,419.9,335.9,84.0,20.0
Neosil 50mg com 30 Comprimidos - Medicaldoctor,USK RX,7896004819709,182.9,158.37,24.53,13.4
Capy 50mg Uso Capilar 50ml - Germed,USK RX,7896004758480,69.93,61.54,8.390000000000008,12.0
Cloridrato de Propanolol 40mg com 30 Comprimidos - Osório de Moraes,OSORIO DE MORAES,7898089301049,4.94,3.72,1.2200000000000002,24.7
Auris Sedina Gotas com 10ml - Osório de Moraes,OSORIO DE MORAES,7898089300011,32.85,28.91,3.9400000000000013,12.0
Imescard Pomada - 25g,OSORIO DE MORAES,7898089300059,51.37,45.21,6.159999999999997,12.0
Imescard - 36 drágeas,OSORIO DE MORAES,7898089300042,39.85,35.07,4.780000000000001,12.0
Lomfer 190mg - 50 comprimidos,OSORIO DE MORAES,7898089300882,16.28,5.53,10.75,66.0
Pílulas De-Lussen com 36 Drágeas - Osório de Moraes,OSORIO DE MORAES,7898089300035,45.92,40.41,5.510000000000005,12.0
Amoxicilina 500mg com 21 Cápsulas - Unichem,UNICHEM,7898912189097,24.56,14.17,10.389999999999999,42.3
Cloridrato de Fexofenadina 180mg 10 Comprimidos - Unichem,UNICHEM,7898912189486,58.15,15.9,42.25,72.7
Aripiprazol 15mg com 30 Comprimidos - Unichem,UNICHEM,7898912189790,551.35,75.96,475.39000000000004,86.2
Lamotrigina 100mg com 30 Comprimidos - Unichem,UNICHEM,7898912189660,55.7,13.21,42.49,76.3
Lamotrigina 50mg com 30 Comprimidos - Unichem,UNICHEM,7898912189653,32.54,13.79,18.75,57.6
Lamotrigina 25mg com 30 Comprimidos - Unichem,UNICHEM,7898912189646,19.44,8.26,11.180000000000001,57.5
Forteviron 250mg com 20 Comprimidos - Waldemiro,WALDEMIRO,7896677704883,46.9,42.0,4.899999999999999,10.4
Forteviron Anti-Age - 60 comprimidos,WALDEMIRO,7896677705323,94.9,66.36,28.540000000000006,30.1
Forteviron - 120 comprimidos,WALDEMIRO,7896677701523,129.9,114.87,15.030000000000001,11.6
Forteviron - 60 comprimidos,WALDEMIRO,7896677700281,73.9,63.76,10.140000000000008,13.7
Nervocalm 250mg - 60 comprimidos,WALDEMIRO,7896677701615,59.9,50.08,9.82,16.4
Perlid 1mg com 30 Comprimidos - PratiDonaduzzi,PRATI DONADUZZI,7899547532777,37.73,33.2,4.529999999999994,12.0
Onaz 10mg com 30 Comprimidos - PratiDonaduzzi,PRATI DONADUZZI,7899547533514,128.48,113.06,15.419999999999987,12.0
Elatium 16mg - 30 Cápsulas,PRATI DONADUZZI,7899547532142,180.44,158.79,21.650000000000006,12.0
Elatium 8mg com 30 Cápsulas - PratiDonaduzzi,PRATI DONADUZZI,7899547532104,114.69,100.93,13.759999999999991,12.0
Perlid 30ml + Seringa - PratiDonaduzzi,PRATI DONADUZZI,7899547533132,63.19,55.61,7.579999999999998,12.0
Stodal 4CH Xarope - 150ml,BOIRON,7898927111311,73.99,65.83,8.159999999999997,11.0
Oscillococcinum com 6 Tubos - Boiron,BOIRON,7898927111045,84.99,76.89,8.099999999999994,9.5
Quiétude - 20 flaconetes,BOIRON,7898927111304,134.99,126.32,8.670000000000016,6.4
Sedatif PC com 60 Comprimidos - Boiron,BOIRON,7898927111014,75.99,69.9,6.089999999999989,8.0
Camilia - 30 flaconetes,BOIRON,7898927111137,148.99,141.48,7.510000000000019,5.0
Ceftriaxona Dissódica Injetável Intramuscular 1gr 3.5ml - Blau,BLAU,7896014687701,63.98,15.55,48.42999999999999,75.7
Citrato de Tamoxifeno 20mg com 30 Comprimidos - Blau,BLAU,7896014668021,231.59,31.05,200.54,86.6
Ondansetrona 4mg com 10 Comprimidos - Blau,BLAU,7896014679546,25.67,7.31,18.360000000000003,71.5
Ferropurum Solução Injetavél 20mg/ml - 5 Ampolas de 5ml,BLAU,7896014673124,76.1,76.1,0.0,0.0
Citrato de Tamoxifeno 10mg com 30 Comprimidos - Blau,BLAU,7896014668007,112.99,28.8,84.19,74.5
Razapina 30mg com 28 Comprimidos - Moksha8,MOKSHA8,7897595608307,167.9,132.53,35.370000000000005,21.1
Razapina 45mg com 28 Comprimidos - Moksha8,MOKSHA8,7897595608383,235.94,188.05,47.889999999999986,20.3
Razapina ODT 30mg com 28 Comprimidos - Moksha8,MOKSHA8,7897595619587,167.9,134.8,33.099999999999994,19.7
Razapina ODT 45mg com 28 Comprimidos - Moksha8,MOKSHA8,7897595619655,235.94,181.04,54.900000000000006,23.3
Razapina ODT 15mg com 28 Comprimidos - Moksha8,MOKSHA8,7897595619518,83.92,67.33,16.590000000000003,19.8
Camomine C Baby com 20 Cápsulas - Arte Nativa,ARTE NATIVA,7898277713210,27.98,12.47,15.51,55.4
Complexo B Arte Nativa com 100 Comprimidos - Arte Nativa,ARTE NATIVA,7898277713265,15.9,13.03,2.870000000000001,18.1
Neorub - 40g,ARTE NATIVA,7898277713654,18.7,10.04,8.66,46.3
Sulfato Ferroso Gotas com 30ml - Arte Nativa,ARTE NATIVA,7898277713302,9.9,4.5,5.4,54.5
Bioforzan Solução com 400ml - Arte Nativa,ARTE NATIVA,7898277712527,14.9,7.27,7.630000000000001,51.2
Nordette com 21 Comprimidos - Wyeth RX,WYETH RX,7891045008433,13.26,10.21,3.049999999999999,23.0
Nordette com 63 Comprimidos - Wyeth RX,WYETH RX,7891045008440,36.97,29.03,7.939999999999998,21.5
Elifore 50mg com 28 Comprimidos - Wyeth RX,WYETH RX,7891045031455,170.7,134.49,36.20999999999998,21.2
Elifore 100mg com 28 Comprimidos - Wyeth RX,WYETH RX,7891045031493,179.81,150.47,29.340000000000003,16.3
Sinvastatina 40mg com 30 Comprimidos - Novartis,NOVARTIS GENERICO,7897595632623,32.17,8.66,23.51,73.1
Sinvastatina 20mg com 30 Comprimidos - Novartis Genérico,NOVARTIS GENERICO,7897595632548,16.24,4.91,11.329999999999998,69.8
Rosuvastatina 20mg com 30 Ccomprimidos - Novartis Genérico,NOVARTIS GENERICO,7897595635808,131.44,13.45,117.99,89.8
Clopidogrel 75mg 28 comprimidos - Novartis,NOVARTIS GENERICO,7897595633675,60.56,15.49,45.07,74.4
Vildagliptina 50mg com 56 Comprimidos - Natcofarma,NATCOFARMA,7898565165103,156.35,96.74,59.61,38.1
"Apixabana 2,5mg com 60 Comprimidos - Natcofarma",NATCOFARMA,7898565164250,246.72,128.73,117.99000000000001,47.8
"Apixabana 2,5mg com 20 Comprimidos - Natcofarma",NATCOFARMA,7898565164243,82.24,46.05,36.19,44.0
Apixabana 5mg com 20 Comprimidos - Natcofarma,NATCOFARMA,7898565164458,82.24,46.77,35.46999999999999,43.1
Hidra Health Natural com 4 Sachês com 28g/ 112g - Health Labs,HEALTH LABS,7908733200007,19.49,19.38,0.10999999999999943,0.6
Melatonina 300 Doses Sabor Morango com 30ml - Health Labs,HEALTH LABS,7898655579834,17.99,17.99,0.0,0.0
Melatonina com 120 Cápsulas - Health Labs,HEALTH LABS,7898655579865,24.99,24.99,0.0,0.0
Zinco Quelato com 60 Cápsulas - Health Labs,HEALTH LABS,7898655576543,23.99,23.99,0.0,0.0
Tacroz 1mg/g Pomada 10g - Glenmark,GLENMARK,7897473206427,100.7,85.6,15.100000000000009,15.0
Cedur 400mg Retard com 30 Comprimidos - Glenmark,GLENMARK,7897473206922,188.31,150.33,37.97999999999999,20.2
Levolukast 10 + 5mg com 14 Comprimidos - Glenmark,GLENMARK,7897473206861,145.33,101.06,44.27000000000001,30.5
Levolukast 10 + 5mg com 7 Comprimidos - Glenmark,GLENMARK,7897473206854,72.64,50.28,22.36,30.8
Listogas 250mg com 10 Cápsulas - Biolab,BIOLAB SIMILAR,7896112407058,30.51,18.87,11.64,38.2
Revitam junior 120ml,BIOLAB SIMILAR,7896112453154,54.62,24.96,29.659999999999997,54.3
Listo 4mg com 10 Comprimidos - Biolab,BIOLAB SIMILAR,7896112427452,27.61,15.62,11.99,43.4
Listo 8mg com 10 Comprimidos - Biolab,BIOLAB SIMILAR,7896112427469,54.15,26.58,27.57,50.9
Colpotrofine Creme Vaginal 30g com 20 Aplicadores - Teva,TEVA,5060632500847,117.56,110.51,7.049999999999997,6.0
Colpotrofine 10mg com 20 Cápsulas - Teva,TEVA,5060632500854,98.76,92.83,5.930000000000007,6.0
Azilect 1mg com 30 Comprimidos - Teva,TEVA,7898919602391,264.08,216.1,47.97999999999999,18.2
Aceclofenaco 100mg com 12 Comprimidos - Vitamedic,VITAMEDIC,7898049795260,38.29,8.26,30.03,78.4
Kit Limp Lent Solução Estéril para Lentes de Contato - 350 + 120ml,VITAMEDIC,7898049795017,39.9,37.9,2.0,5.0
Lorasliv 10mg com 12 Comprimidos - Vitamedic,VITAMEDIC,7898049790180,13.15,2.2,10.95,83.3
Exelon 3mg com 28 Cápsulas - unitesd,UNITED RX,7898054580264,335.21,274.09,61.120000000000005,18.2
"Exelon Patch 5 4,6mg com 30 Adesivos - Novartis",UNITED RX,7898054580301,745.14,633.37,111.76999999999998,15.0
"Exelon Patch 10 9,5mg/24h com 30 Adesivos - Novartis",UNITED RX,7898054580332,868.55,738.27,130.27999999999997,15.0
Venvanse 30mg com 28 Cápsulas - Shire,SHIRE,7896641817601,465.83,405.49,60.339999999999975,13.0
Venvanse 50mg com 28 Cápsulas - Shire,SHIRE,7896641816864,590.31,485.03,105.27999999999997,17.8
Venvanse 70mg com 28 Cápsulas - Shire,SHIRE,7896641813641,590.31,503.58,86.72999999999996,14.7
Anafranil 75mg com 20 Comprimidos de Liberação Lenta - Sandoz,SANDOZ RX,7896261001480,127.59,100.64,26.950000000000003,21.1
Sirdalud 2mg com 30 Comprimidos - Sandoz,SANDOZ RX,7896261010185,63.31,53.81,9.5,15.0
Rosulib 10mg com 30 Comprimidos - Sandoz,SANDOZ RX,7897595632302,135.16,83.35,51.81,38.3
NiQuitin Pastilha 2mg - 4 Uni,PERRIGO,7898928257070,15.03,12.78,2.25,15.0
NiQuitin Adesivo 21mg - 7 Uni,PERRIGO,7898928257032,125.48,106.66,18.820000000000007,15.0
NiQuitin Adesivo 7mg - 7 Uni,PERRIGO,7898928257018,114.72,97.51,17.209999999999994,15.0
Implanon 68g - 1 Implante Subcutâneo + 1 Aplicador,ORGANON,7897337716512,1137.72,859.9,277.82000000000005,24.4
Renitec 20mg com 30 Comprimidos - Organon,ORGANON,7897337705868,79.03,74.29,4.739999999999995,6.0
Renitec 10mg com 30 Comprimidos - Organon,ORGANON,7897337705882,25.91,24.36,1.5500000000000007,6.0
Dexametasona Elixir 120ml - Farmace Genérico,FARMACE GENERICO,7898166041141,27.52,10.66,16.86,61.3
Dipirona Sódica Gotas 20ml - Farmace Genérico,FARMACE GENERICO,7898166040878,5.41,3.8,1.6100000000000003,29.8
Dipirona Sódica Gotas 10ml - Farmace Genérico,FARMACE GENERICO,7898166040847,4.42,1.8,2.62,59.3
Enxak com 12 Comprimidos,DIVERSOS SIMILARES,7893736010053,20.12,12.99,7.130000000000001,35.4
Planta Gold Sabor Laranja - 30 Sachês,DIVERSOS SIMILARES,7898277712886,104.8,48.58,56.22,53.6
Planta Gold Sabor Laranja com 10 Sachês,DIVERSOS SIMILARES,7898277712879,24.05,17.41,6.640000000000001,27.6
Dormec 100mg com 10 Comprimidos - Imec,IMEC,7898179710065,1.51,0.99,0.52,34.4
Imegov com 6 Comprimidos - Imec,IMEC,7898179711017,4.19,2.23,1.9600000000000004,46.8
Oleo mineral 100ml,IMEC,7898179711093,16.97,6.98,9.989999999999998,58.9
Algestona Acetofenida + Enantsto de Estradiol Ampola Injeção - Cifarma Genérico,CIFARMA GENERICO,7908020502517,15.51,15.51,0.0,0.0
"Gestodeno + Etinilestradiol 0,075mg + 0,03mgc com 21 Comprimidos - Cifarma Genérico",CIFARMA GENERICO,7898495605823,38.0,17.75,20.25,53.3
Acetato de Ciproterona + Etinilestradiol com 21 Comprimidos - Cifarma Genérico,CIFARMA GENERICO,7908020500797,23.0,8.98,14.02,61.0
Estreva Gel 50 Gramas - Theramex,CANINHA,5060632500878,94.35,81.14,13.209999999999994,14.0
Systen Conti com 8 Adesivos - Theramex,CANINHA,5060632508508,166.68,131.16,35.52000000000001,21.3
Systen Sequi com 8 Adesivos - Theramex,CANINHA,5060632508515,152.7,120.28,32.41999999999999,21.2
"Hyadrop 0,15% 10ml - Lebon",BIO SOFT,7898902180752,70.0,33.88,36.12,51.6
Suprilag ul sol oft 15ml,BIO SOFT,7898902180752,33.81,33.81,0.0,0.0
Suprilag Ul Sol Oft 10ml,BIO SOFT,7898902180745,25.21,25.21,0.0,0.0
Passiflora com 60 Cápsulas - Kury Ervas,VILA OLIVA,7898598728429,29.9,20.64,9.259999999999998,31.0
Castanhas da Índia com 60 Cápsulas,VILA OLIVA,7898598728344,25.9,20.64,5.259999999999998,20.3
Biotina 500mg com 60 Cápsulas - Bioalive,ALMARONI,7898408100308,32.9,32.9,0.0,0.0
Energy Testo 500mg com 60 Cápsulas - Bioalive,ALMARONI,7898170102692,49.9,40.46,9.439999999999998,18.9
Xarope da Vovó 250 ml - Bioalive,ALMARONI,78984081001860,19.9,14.15,5.749999999999998,28.9
Vitamina K2 com 60 Cápsulas - Vector Nutri,OLVEBRA,7898721910318,27.18,27.18,0.0,0.0
Acetilcisteína 600mg com 16 Sachês de 5g - Vector Nutri,OLVEBRA,7898721910042,57.02,20.19,36.83,64.6
Riodene Almotolía - 100ml,RIOQUIMICA,7897780208930,9.99,9.99,0.0,0.0
Pasta d água Rioquímica - 100g,RIOQUIMICA,7897780209159,10.99,10.99,0.0,0.0
"Naratano 2,5mg com 10 Comprimidos - Nova Química",NOVA QUIMICA SIMILAR,7895296286015,44.94,31.89,13.049999999999997,29.0
D-nova Gotas com 20ml - Nova Química,NOVA QUIMICA SIMILAR,7895296366021,16.9,9.95,6.949999999999999,41.1
Óleo Mineral Nativita - 100ml,NATIVITA SIMILAR,7857848500099,9.9,7.99,1.9100000000000001,19.3
Hemorroydina Pomada com 25g - Nativa,NATIVITA SIMILAR,7897848502284,42.84,13.9,28.940000000000005,67.6
Supositório de Glicerina Granado - 12 Uni,GRANADO,7896512901392,23.99,21.13,2.8599999999999994,11.9
Supositório de Glicerina Granado Infantil - 12 Uni,GRANADO,7896512901408,22.99,19.02,3.969999999999999,17.3
Reparil Gel com 30g - Mylan,MYLAN,7898560661563,36.21,31.86,4.350000000000001,12.0
Legalon 90mg - 30 drágeas,MYLAN,7898560664335,148.13,113.42,34.709999999999994,23.4
La Kesia Solução - 30ml,GENOMMA,7898949409458,39.9,37.91,1.990000000000002,5.0
Proctan Pomada - 25g,GENOMMA,7898949409465,38.9,38.9,0.0,0.0
Diproprianato de Beclometasona para Inalação 250mcg com 200 doses - Glenmark Genérico,GLENMARK GENERICO,7897473207103,68.68,37.02,31.660000000000004,46.1
Furoato de Mometasona Sspray 50mcg com 120 Doses - Glenmarck Genérico,GLENMARK GENERICO,7897473207011,52.26,33.82,18.439999999999998,35.3
Basaglar KW 100ui 5 Carpules com 3ml + Sistema de Aplicação - Eli Lilly,ELI LILLY,7896382708183,300.07,250.72,49.349999999999994,16.4
Basaglar 100ui Soluçãi Injetável 5 Carpules 3ml Refil - Eli Lilly,ELI LILLY,7896382707681,296.87,244.5,52.370000000000005,17.6
Fixa Cal 600mg - 90 Comprimidos,VITAMED,7896202500720,51.42,21.24,30.180000000000003,58.7
Artrodar 50mg com 30 Comprimidos - TRB,TRB,7896281152018,243.24,139.9,103.34,42.5
Flebogenol 50mg com 30 Comprimidos - Metalab,TRESEMME,7908645200065,36.99,36.99,0.0,0.0
Matricaria - 24 Papéis,SIMOES,7896210507223,32.9,31.51,1.389999999999997,4.2
Suplemento Alimentar Laransil Sabor Laranja Moro - com 60 Cápsulas,SOLLY,7898714762092,28.49,28.49,0.0,0.0
Hidratante Intravaginal Clinical KY 30g - 10 Aplicadores,SEMINA,7897211100499,49.9,49.9,0.0,0.0
Vitamina K2 MK7 com 120 Cápsulas - Sanitall,SANITALL,7898170102203,49.9,28.64,21.259999999999998,42.6
"Vitamina B12 9,94mg com 60 Cápsulas",PRONATUS,7898374657783,36.9,34.58,2.3200000000000003,6.3
Enxaguante Bucal Oaz Menta Suave - 250ml,OAZ FRESH CARE,7891317010942,16.76,11.73,5.030000000000001,30.0
Pack Mamadeira Anti-Cólica 260ml + 125ml + Bico 4 - Rosa,PHILIPS AVENTE,8720689013345,79.99,79.99,0.0,0.0
Cataflampro XT Emulgel com 50g - Novartis,NOVARTIS OTC,7896261019331,58.91,51.84,7.069999999999993,12.0
Materna com 30 Comprimidos - Nestle,NESTLE INDUSTRIAL,7891045031257,59.99,58.23,1.7600000000000051,2.9
Pomada Minâncora - 30g,MINANCORA,0000078905108,19.82,18.63,1.1900000000000013,6.0
Funchicórea Pó com 3g - Melpoejo,MELPOEJO,7897679601002,37.92,33.37,4.550000000000004,12.0
Helioral 250mg - 60 cápsulas,MELORA,7898040328313,197.21,173.54,23.670000000000016,12.0
Desogestrel + Etinilestradiol 150 + 20mcg com 21 Comprimidos - Melcon,MELCON,7898574611387,28.77,14.02,14.75,51.3
Melatonina com 10ml - Melatz,MELATZ,7898950073549,79.9,54.9,25.000000000000007,31.3
Endofolin 5mg com 90 Comprimidos - Marjan,MARJAN PBM,7896226108513,112.99,96.04,16.94999999999999,15.0
B-Tablock Colírio 5ml - Latinofarma,LATINOFARMA,7896676433210,42.67,37.55,5.1200000000000045,12.0
"Picoprep 10mg + 3,5g + 12g - Laboratorios Ferring",LABORATORIOS FERRING,7896165600727,51.79,45.58,6.210000000000001,12.0
FERINJECT 50MG ML INJ 1AMP 10ML,LEGRAND SIMILAR,7898581710622,599.99,599.99,0.0,0.0
Canabidiol 200mg 10ml - Zion,GRIFFUS,7898996076603,434.33,434.33,0.0,0.0
Dioplex DH com 60 Comprimidos - Kley Hertz,GIGITA,7896331707281,94.51,44.84,49.67,52.6
Desitin Creamy - 57g,JOHNSON  JOHNSON S/A,7702031610823,44.99,40.68,4.310000000000002,9.6
Passaja - 1 Flaconete,FARMABRAZ BETA ATALAIA LTDA,7896372500476,8.87,8.87,0.0,0.0
Manitol 20% - 250ml,DIVERSOS PERFUMARIA,7896727869357,24.99,24.99,0.0,0.0
Melatonina Equaliv - 30ml,EQUALIV,7898687732559,34.99,21.02,13.970000000000002,39.9
Hidratante Labial Oaz - 10ml,EUROFARMA OAZ,7891317025618,45.02,45.02,0.0,0.0
Funchicorp Pó - 3g,DIVERSOS MEDICAMENTOS,7898955486016,18.25,6.41,11.84,64.9
Sabonete em Barra Secatriz com 90g - Dermage,DERMAGE,7895389765212,32.49,28.52,3.9700000000000024,12.2
Óleo Age Essencial - 200ml,CURATEC,7898284483663,19.99,19.99,0.0,0.0
Laringex Sabor Menta com 16 Pastilhas - Cazi,CAZI,7893736003611,23.88,15.01,8.87,37.1
Taffman EX 110ml - Yakult,CHEEZ-IT,7891156076178,4.99,4.99,0.0,0.0
Malacal - 30 comprimidos,BRASTERAPICA,7898100243921,46.3,32.25,14.049999999999997,30.3
Dermosalic Solução Dermatológica - 30ml,BUNKER,7893454100654,47.27,16.77,30.500000000000004,64.5
Diproprianato de Betametasona + Ácido Salicílico 30ml - Cellera Farma,CELLERA FARMA,7893454714615,28.51,10.45,18.060000000000002,63.3
Insulina Glargilin 100UI/ml 3ml + Caneta Aplicadora - Biomm,BIOMM,7898616360303,56.4,48.66,7.740000000000002,13.7
Mirtazapina 30mg com 30 Comprimidos - Aurobindo,AUROBINDO,7898361886615,211.9,42.16,169.74,80.1
Acetilcisteina xpe ad sabor cereja 120ml,AURA,7898442102702,20.99,13.09,7.899999999999999,37.6
Complexo Homeopático Nº 35 com 60 Comprimidos - Almeida Prado,ALMEIDA PRADO LTDA,7898037080354,19.99,18.29,1.6999999999999993,8.5
Hidrafito Caixa com 4 Unidades - 7g,A2F,7898716456135,13.49,13.49,0.0,0.0
Cefalexina 500mg com 8 Comprimidos - Abl Brasil,ABL BRASIL,7898911244643,44.02,11.56,32.46,73.7
Teste de gravidez Tira Detect Fast - 3B,3B INDUSTRIA,7898953484052,7.99,4.07,3.92,49.1
