Nome,Marca,EAN,Preço sem desconto,Preço no pix,Valor do desconto,Porcentagem desconto,Preço com Desconto
"Trelegy 100Mcg + 62,5Mcg + 25Mcg, Caixa Com 30 Doses De Po Para Inalacao De Uso Oral + Dispositivo Inalatorio",GSK,7896015591212,438.37,"R$ 403,96 ",21.92,5% ,416.45
Lemont 10mg + 5mg Eurofarma 14 Comprimidos,Não especificada,7891317017521,123.5,"R$ 109,02 ",11.11,9% ,112.39
Alenia 6mcg + 200mcg com Inalador e 60 cápsulas,Aché,7896181905295,132.02,"R$ 121,66 ",6.6,5% ,125.42000000000002
Lemont 10mg + 5mg Eurofarma 7 Comprimidos,Não especificada,7891317017514,61.75,"R$ 54,50 ",5.56,9% ,56.19
"Seretide Diskus 50Mcg + 250Mcg, Caixa Com 1 Frasco Com 60 Doses De Po Para Inalacao De Uso Oral",GSK,7896269901720,189.12,"R$ 174,27 ",9.46,5% ,179.66
Ultibro 110 + 50mcg Pó 30 Cápsulas + 1 Inalador,Novartis,7896261018860,374.09,"R$ 344,73 ",18.7,5% ,355.39
"Piemonte 4Mg, Caixa Com 30 Saches Com Granulado De Uso Oral",Não especificada,7891317154301,86.73,"R$ 71,51 ",13.01,15% ,73.72
Montelair Montelucaste de Sódio 5mg 60 comprimidos,Não especificada,7896658030291,122.26,"R$ 100,80 ",18.34,15% ,103.92
Seretide 25mcg + 250mcg 120 Doses Gsk,Não especificada,7896269955372,307.3,"R$ 283,18 ",15.36,5% ,291.94
"Alenia 6Mcg + 200Mcg, Caixa Com 60 Capsulas Gelatinosas Duras Com Po De Uso Inalatorio  Refil",Aché,7896181905288,115.84,"R$ 106,75 ",5.79,5% ,110.05
Floratil AT 250mg 6 Cápsulas,Farmoquímica,7898040329679,49.99,"R$ 35,38 ",13.52,27% ,36.47
"Montelucaste De Sodio Comprimido Biosintética 4Mg, Caixa Com 30 Comprimidos Mastigaveis",Biosintética - Aché,7896181926757,112.49,"R$ 56,74 ",54.0,48% ,58.489999999999995
"Fumarato de Cetotifeno Xarope 0,2mg mL Genérico Prati 120mL",Prati-Donaduzzi,7899547508086,28.88,"R$ 27,17 ",0.87,3% ,28.009999999999998
"Montelucaste De Sodio Comprimido Biosintética 10Mg, Caixa Com 30 Comprimidos Revestidos",Biosintética - Aché,7896181926696,112.46,"R$ 45,81 ",65.23,58% ,47.22999999999999
"Montelair 4Mg, Caixa Contendo 30 Comprimidos Mastigaveis",Aché,7896658023323,76.28,"R$ 60,67 ",13.73,18% ,62.55
Lugano 12mcg + 250mcg 60 Cápsulas,Eurofarma,7891317132392,99.98,"R$ 87,28 ",10.0,10% ,89.98
Atrovent 025mg solução inalação frasco com 20ml,Boehringer Ingelheim,7896026307826,30.9,"R$ 26,07 ",4.02,13% ,26.88
Montelair Montelucaste de Sódio 4mg 30 sachês,Aché,7896658019531,96.8,"R$ 77,00 ",17.42,18% ,79.38
"Montelair 10Mg, Caixa Contendo 30 Comprimidos Revestidos",Aché,7896658014215,76.28,"R$ 62,89 ",11.44,15% ,64.84
"Alenia 12Mcg + 400Mcg, Caixa Com 60 Capsulas Gelatinosas Duras Com Po De Uso Inalatorio  Refil",Aché,7896181918943,155.85,"R$ 143,62 ",7.79,5% ,148.06
Relvar Ellipta 100mcg + 25mcg com 30 doses,GSK,7896015528829,209.93,209.93,10.5,5% ,199.43
Fostair HFA Spray Chiesi 120 Doses,Chiesi,7896672203336,205.68,205.68,10.28,5% ,195.4
"Alenia 6mcg + 100mcg, caixa com 60 cápsulas gelatinosas duras com pó de uso inalatório﻿ + 1 inalador",Aché,7896181905271,132.23,132.23,13.22,10% ,119.00999999999999
"Montelucaste de Sódio Medley 10mg, caixa contendo 30 comprimidos revestidos",Medley,7896422530088,92.14,92.14,48.83,53% ,43.31
"Montelucaste de Sódio Medquímica 4mg, caixa com 30 comprimidos mastigáveis",Medquímica,7896862990558,51.74,51.74,4.14,8% ,47.6
"Montelucaste de Sódio Medquímica 5mg, caixa com 30 comprimidos mastigáveis",Medquímica,7896862990664,43.12,43.12,3.45,8% ,39.669999999999995
Relvar Ellipta 200mcg + 25mcg com 30 doses,Não especificada,7896015528843,341.04,341.04,17.05,5% ,323.99
Luftafem Com 6 Comprimidos,Não especificada,7896222721143,16.95,16.95,1.69,10% ,15.26
Foraseq 12 400mcg Novartis 60+60 Cápsulas,Novartis,7896261005587,178.49,178.49,8.92,5% ,169.57000000000002
Montelucaste de Sódio 10mg Geolab com 30 Comprimidos,Não especificada,7899095241503,72.32,72.32,27.48,38% ,44.83999999999999
Symbicort Turbuhaler 12 400mcg Pó Inalante com 60 Doses,Astrazeneca,7896206402433,213.14,"R$ 196,41 ",10.66,5% ,202.48
Brometo Ipratrópio Solução para Inalação Genérico Teuto 20mL,Teuto,7896112114413,12.4,12.4,0.99,8% ,11.41
Refil Foraseq Fumarato de Formoterol Di-Hidratado 12mcg + Budesonida 400mcg 120 cápsulas para inalação,Novartis,7896261015494,167.33,167.33,8.37,5% ,158.96
Duovent N 10mL 200 Doses + Bocal,Boehringer Ingelheim,7896026304917,23.56,23.56,3.53,15% ,20.029999999999998
Montelucaste Sodico 4mg Granulado 30 Saches Eurofarma,Não especificada,7891317154332,94.27,94.27,26.4,28% ,67.87
Clenil compositum a 10flac 2ml,Chiesi,7896672201493,90.11,90.11,16.22,18% ,73.89
"Vanisto 62,5Mcg 30Doses",Não especificada,EAN não informado,207.04,207.04,37.27,18% ,169.76999999999998
"Montelucaste de Sódio Medquímica 10mg, caixa com 30 comprimidos revestidos",Medquímica,7896862990770,51.74,51.74,27.42,53% ,24.32
Vannair 6mcg + 200mcg 120 Doses Astra Zeneca,Astrazeneca,7896206402778,213.14,213.14,31.97,15% ,181.17
"Brometo De Ipratropio Biosintetica 0,25Mg Ml, Caixa Com 1 Frasco Gotejador Com 20Ml De Solucao De Uso Inalatorio",Biosintética - Aché,7896181913252,16.08,16.08,2.09,13% ,13.989999999999998
Piemonte 5Mg 30Cpr Mastigaveis,Não especificada,7891317477172,74.57,"R$ 61,48 ",11.19,15% ,63.379999999999995
"Pietra Ed 2Mg, Caixa Com 90 Comprimidos Revestidos",Não especificada,7891317020651,162.94,"R$ 134,35 ",24.44,15% ,138.5
"Symbicort 6Mcg Dose + 200Mcg Dose, Caixa Com 1 Tubo Com 60 Doses De Po De Uso Inalatorio + 1 Valvula Dosadora",Astrazeneca,7896206407902,169.5,"R$ 147,97 ",16.95,10% ,152.55
"Seretide Spray 25Mcg Dose + 50Mcg Dose, Caixa Com 1 Tubo Aerossol Com 120 Doses De Suspensao De Uso Oral + Valvula Dosadora",GSK,7896269955136,158.76,"R$ 146,30 ",7.94,5% ,150.82
Lugano 12mcg + 250mcg 60 Cápsulas + Inalador,Eurofarma,7891317132453,126.18,"R$ 110,15 ",12.62,10% ,113.56
"Symbicort Turbuhaler 6Mcg Dose + 200Mcg Dose, Caixa Com 1 Tubo Com 60 Doses De Po De Uso Inalatorio",Astrazeneca,7896206402211,135.03,"R$ 130,98 ",0.0,0% ,135.03
Brometo de Ipratrópio - Prati-Donaduzzi 025mg mL frasco gotejador com 20mL,Não especificada,7898148299010,13.08,"R$ 10,41 ",2.35,18% ,10.73
"Brometo de Ipratrópio 0,25mg ml EMS Solução Para Inalação 20ml",Não especificada,7896004725420,18.55,"R$ 13,85 ",4.27,23% ,14.280000000000001
"Montelair 10mg, caixa contendo 60 comprimidos revestidos",Aché,7896658030277,108.62,108.62,19.55,18% ,89.07000000000001
Luftafem 200+500mg 12 comprimidos,Não especificada,7896222721150,31.79,"R$ 27,75 ",3.18,10% ,28.61
Alenia 12 400 Mcg 60 Capsula Com Inalador,Aché,7896181918950,196.69,"R$ 181,25 ",9.83,5% ,186.85999999999999
"Piemonte 4Mg, Caixa Com 30 Comprimidos Mastigaveis",Eurofarma,7891317477202,74.57,"R$ 61,48 ",11.19,15% ,63.379999999999995
"Seretide Spray 25 Mcg Dose + 125 Mcg Dose, Caixa Com 1 Tubo Com 120 Doses De Suspensao De Uso Oral + Valvula Dosadora",GSK,7896269955204,189.12,"R$ 174,27 ",9.46,5% ,179.66
Montelucaste 4mg 30 Eurofarma Genérico,Não especificada,7891317477301,112.73,"R$ 56,86 ",54.11,48% ,58.620000000000005
"Clenil Compositum Hfa 50Mcg Dose + 100Mcg Dose, Caixa Com 1 Aerosol Bucal Com 200 Doses De Suspensao De Uso Inalatorio + 1 Dispositivo Oral",Chiesi,7896672201424,64.31,"R$ 53,02 ",9.65,15% ,54.660000000000004
Fostair DPI 100 6mcg com 120 Doses,Chiesi,7896672201257,205.68,"R$ 189,54 ",10.28,5% ,195.4
"Montelucaste De Sodio Comprimido Biosintetica 5Mg, Caixa Com 30 Comprimidos Mastigaveis",Biosintética - Aché,7896181926788,112.49,"R$ 51,28 ",59.62,53% ,52.87
"Montelair 5Mg, Caixa Contendo 30 Comprimidos Mastigaveis",Aché,7896658023354,76.28,"R$ 62,89 ",11.44,15% ,64.84
Piemonte Montelucaste de Sódio 10mg 30 comprimidos,Eurofarma,7891317140885,74.57,"R$ 54,25 ",18.64,25% ,55.92999999999999
Montelucaste Sódico 10mg Eurofarma 30 Comprimidos Revestidos,Não especificada,7891317140854,112.46,"R$ 45,81 ",65.23,58% ,47.22999999999999
"Spiolto Brometo de Tiotropio Monoidratado 2,5mcg + Cloridrato de Olodaterol 2,5mg Solução 4mL + 60 Acionamentos",Não especificada,7896026306799,394.71,394.71,19.74,5% ,374.96999999999997
"Spiriva Respimat 2,5 mcg Boehringer 4mL",Boehringer Ingelheim,7896026302999,505.25,505.25,25.26,5% ,479.99
Solução Aerosol Trimbow com 120 Doses,Chiesi,7896672203589,467.55,467.55,23.38,5% ,444.17
"Symbicort 6Mcg Dose + 200Mcg Dose, Caixa Com 1 Tubo Com 60 Doses De Po De Uso Inalatorio + 1 Valvula Dosadora",Astrazeneca,7896206407896,202.33,202.33,10.12,5% ,192.21
"Alopurinol Medley 100Mg, Caixa Com 30 Comprimidos",Medley,7896422516921,11.07,"R$ 10,42 ",0.33,3% ,10.74
Fortice Com 30 Comprimidos,Não especificada,7891317007560,204.82,"R$ 178,05 ",21.26,10% ,183.56
"Alopurinol Medley 300Mg, Caixa Com 30 Comprimidos",Medley,7896422516945,32.69,"R$ 21,24 ",10.79,33% ,21.9
Zyloric 100Mg 30Cpr,Aspen Pharma,7895858010324,22.78,"R$ 18,78 ",3.42,15% ,19.36
"Colchis 0,5Mg, Caixa Com 30 Comprimidos",Apsen,7896637024358,81.56,"R$ 31,03 ",49.57,61% ,31.990000000000002
"Colchicina 0,5mg 30 Comprimidos - Geolab",Não especificada,7895296449076,46.42,"R$ 27,92 ",17.64,38% ,28.78
"Cystex 15Mg + 250Mg + 20Mg + 15Mg, Caixa Com 24 Drageas",EMS,7896004801216,44.52,"R$ 39,73 ",3.56,8% ,40.96
Pyridium 200 Mg Com 18 Drageas,Zodiac,7892953001387,30.64,"R$ 29,72 ",0.0,0% ,30.64
Cramberry Kester 30 cápsulas,Não especificada,7908135001844,56.88,"R$ 43,48 ",12.06,21% ,44.82
"Pyridium 100Mg, Caixa Com 25 Drageas",Zodiac,7892953001370,24.44,"R$ 23,71 ",0.0,0% ,24.44
Sepurin 20 Drageas,Gross,7892828001405,49.11,"R$ 47,64 ",0.0,0% ,49.11
Pyverm 10mg 40ml Suspensão,Não especificada,7908020502715,40.24,"R$ 36,30 ",2.82,7% ,37.42
Litocit 1620mg 15mEq 60 Comprimidos Liberação Prolongada,Não especificada,7896637031905,156.51,"R$ 132,08 ",20.35,13% ,136.16
Litocit 1080mg 10 mEq 60 Comprimidos Liberação Prolongada,Não especificada,7896637022415,85.89,"R$ 83,31 ",0.0,0% ,85.89
Lussen 36 Pilulas,Osório de Moraes,7898089300035,45.92,45.92,6.77,15% ,39.150000000000006
Pyverm 100mg 6 Comprimidos Revestidos,Não especificada,7908020502722,37.64,37.64,2.63,7% ,35.01
Sumax Succinato de Sumatriptana 100mg 2 comprimidos,Libbs,7896094200340,49.69,49.69,8.94,18% ,40.75
"Cloridrato De Naratriptana Nova Quimica 2,5Mg, Caixa Com 20 Comprimidos Revestidos",Não especificada,7895296449830,74.54,74.54,17.14,23% ,57.400000000000006
Prakalmar 210mg 20 Comprimidos,Aspen Pharma,7895858015404,46.44,"R$ 21,18 ",24.6,53% ,21.839999999999996
Floral De Bach Polinize Estado De Depressao 30mL,Polinize Florais,7898606971045,48.77,"R$ 42,57 ",4.88,10% ,43.89
Floral De Bach Deixar De Fumar 30mL,Polinize Florais,7898606971038,48.77,"R$ 42,57 ",4.88,10% ,43.89
Florais De Bach para TPM e Menopausa 30mL,Polinize Florais,7898606971120,48.77,"R$ 42,57 ",4.88,10% ,43.89
Florais Bach Momento Harmonia Sexual Gotas 30mL,Polinize Florais,7898606971076,48.77,"R$ 42,57 ",4.88,10% ,43.89
Floral de Bach Serenidade 30ml,Não especificada,7898606971618,48.77,"R$ 42,57 ",4.88,10% ,43.89
Floral de Bach Calmstow 30ml,Não especificada,7898606971625,48.77,"R$ 42,57 ",4.88,10% ,43.89
Polinize Florais Rescue Urgências 30mL,Polinize Florais,7898606971137,48.77,48.77,8.87,18% ,39.900000000000006
Zyloric 300Mg 30Cpr,Aspen Pharma,7895858010331,67.32,"R$ 55,50 ",10.1,15% ,57.21999999999999
"Alopurinol Prati-Donaduzzi 300Mg, Caixa Com 30 Comprimidos",Prati-Donaduzzi,7899547503913,39.01,"R$ 23,46 ",14.82,38% ,24.189999999999998
Beserol Cart Colágeno Não Hidrolisado Tipo II 30 cápsulas,Não especificada,7896026172370,123.15,"R$ 91,12 ",29.21,24% ,93.94
"Alopurinol Prati-Donaduzzi 100Mg, Caixa Com 30 Comprimidos",Prati-Donaduzzi,7899547503845,13.24,"R$ 12,45 ",0.4,3% ,12.84
Alopurinol 300mg Sandoz 30 comprimidos,Não especificada,7897595602114,37.45,"R$ 24,34 ",12.36,33% ,25.090000000000003
Alopurinol 300Mg 60 Comprimidos Sandoz Genérico,Não especificada,7897595622037,50.39,"R$ 40,08 ",9.07,18% ,41.32
"Colchicina 0,5mg 30 comprimidos Geolab Genérico",Geolab,7899095245686,49.41,49.41,18.78,38% ,30.629999999999995
"Colchis 0,5mg, caixa com 20 comprimidos",Apsen,7896637022927,52.02,52.02,28.03,54% ,23.990000000000002
Colchis 1mg 30 Comprimidos,Apsen,7896637024365,94.84,94.84,14.23,15% ,80.61
Suplemento Urocran Cranberry 30 cápsulas,Myralis,7898430191244,123.21,"R$ 88,19 ",32.29,26% ,90.91999999999999
"Maxalt 10Mg, Caixa Com 2 Comprimidos Revestidos",Organon,7897337702089,37.17,"R$ 30,64 ",5.58,15% ,31.590000000000003
Zeforus Eletriptana 80mg 2 comprimidos,Não especificada,7908236801190,46.64,"R$ 45,24 ",0.0,0% ,46.64
Gel de Limpeza Facial Hidratante Revitalift Hialurônico 80g,Não especificada,7899706190145,24.28,"R$ 23,55 ",0.0,0% ,24.28
Zeforus 20mg Pfizer 4 Comprimidos Revestidos,Não especificada,7908236801169,42.95,"R$ 41,66 ",0.0,0% ,42.95
Sumax 100mg 6 Comprimidos,Não especificada,7896094211469,114.89,"R$ 100,30 ",11.49,10% ,103.4
Sumax 50mg 6 comprimidos,Não especificada,7896094211452,64.86,"R$ 56,62 ",6.49,10% ,58.37
Succinato de Sumatriptana 100mg 2 Comprimidos Revestidos - Biolab,Biolab Genéricos,7898146821640,53.86,"R$ 37,62 ",15.08,28% ,38.78
Sumax 25mg 6 comprimidos,Não especificada,7896094211445,36.57,"R$ 31,92 ",3.66,10% ,32.91
"Sumax Succinato de Sumatriptana 6mg 1 Ampola 0,5ml",Não especificada,7896094200357,84.74,84.74,12.71,15% ,72.03
"Cloridrato De Naratriptana Nova Quimica 2,5Mg, Caixa Com 4 Comprimidos Revestidos",Nova Química,7895296449816,16.62,16.62,0.5,3% ,16.12
"Urovit 200mg, caixa com 18 drágeas",União Química,7896006201007,22.61,22.61,1.81,8% ,20.8
Succinato de Sumatriptana 50mg 2 Comprimidos Revestidos - Biolab,Biolab Genéricos,7898146821633,27.46,"R$ 19,18 ",7.69,28% ,19.77
"Naramig Cloridrato de Naratriptana 2,5mg 4 comprimidos",GSK,7896269900983,27.39,"R$ 21,79 ",4.93,18% ,22.46
"Sumax 50Mg, Caixa Com 2 Comprimidos Revestidos",Libbs,7896094200432,27.11,"R$ 22,35 ",4.07,15% ,23.04
Cefaliv 12 Comprimidos,Aché,7896658001079,22.39,"R$ 18,46 ",3.36,15% ,19.03
"Cloridrato De Naratriptana Nova Quimica 2,5Mg, Caixa Com 10 Comprimidos Revestidos",Nova Química,7895296449823,37.7,"R$ 28,16 ",8.67,23% ,29.03
"Enxak 1Mg + 350Mg + 100Mg, Caixa Com 12 Comprimidos",Cazi,7893736010053,22.18,"R$ 18,28 ",3.33,15% ,18.85
Sumaxpro 500+50mg com 2 comprimidos revestidos,Libbs,7896094208278,43.03,"R$ 36,32 ",5.59,13% ,37.44
"Sumax 25Mg, Caixa Com 4 Comprimidos Revestidos",Libbs,7896094201064,32.45,"R$ 26,75 ",4.87,15% ,27.580000000000002
Sumaxpro 500+85mg com 2 comprimidos revestidos,Libbs,7896094208285,69.82,"R$ 58,92 ",9.08,13% ,60.739999999999995
Floral De Bach Polinize Sentimento De Ansiedade 30Ml,Polinize Florais,7898606971007,48.77,48.77,4.88,10% ,43.89
ZZ Valeriana 60 Comprimidoss,Não especificada,7908135001653,30.87,30.87,0.0,0% ,30.87
Polinize Florais Bom Sono Florais de Bach com 30mL,Polinize Florais,7898606971021,48.77,48.77,4.88,10% ,43.89
Floral De Bach Medo e Insegurança 30mL,Polinize Florais,7898606971083,48.77,48.77,4.88,10% ,43.89
Polinize Florais Reequilíbrio dos Chakras Florais de Bach 30mL,Polinize Florais,7898606971106,48.77,48.77,4.88,10% ,43.89
Polinize Florais Sensação de Tensão e Stress Florais de Bach com 30mL,Polinize Florais,7898606971113,48.77,48.77,4.88,10% ,43.89
Polinize Florais Peso Saudável Florais de Bach com 30mL,Polinize Florais,7898606971090,48.77,48.77,4.88,10% ,43.89
Conexium 30 Comprimidos,Não especificada,7896360001916,110.1,110.1,11.01,10% ,99.08999999999999
"Dutam 0,5Mg + 0,4Mg, Caixa Com 30 Capsulas Duras De Liberacao Prolongada",Zodiac,7892953003558,122.15,"R$ 97,16 ",21.99,18% ,100.16000000000001
Finasteriada 5mg EMS 30 Comprimidos,Não especificada,7896004703466,120.23,"R$ 43,16 ",75.74,63% ,44.49000000000001
"Cloridrato De Tansulosina Ems 0,4Mg, Caixa Com 30 Comprimidos Revestidos De Liberacao Prolongada",EMS,7896004761817,140.9,"R$ 64,23 ",74.68,53% ,66.22
"Vesomni 6Mg + 0,4Mg, Caixa Com 30 Comprimidos Revestidos De Liberacao Prolongada",Astellas Farma,7899337000813,229.13,"R$ 182,25 ",41.24,18% ,187.89
Retemic 5mg 30 Comprimidos,Apsen,7896637022552,45.05,"R$ 37,14 ",6.76,15% ,38.29
"Cloridrato De Tansulosina Ems 0,4Mg, Caixa Com 60 Comprimidos Revestidos De Liberacao Prolongada",Não especificada,7896004761824,240.1,"R$ 97,81 ",139.26,58% ,100.84
"Cloridrato De Tansulosina 0,4Mg Neo Quimica, Caixa Com 30 Comprimidos",Não especificada,7896714290201,103.59,"R$ 67,33 ",34.18,33% ,69.41
Finasterida 5mg Cimed 30 Comprimidos,Não especificada,7896523227559,115.87,"R$ 41,58 ",73.0,63% ,42.870000000000005
Retemic 5mg 60 Comprimidos,Apsen,7896637022569,74.82,"R$ 61,69 ",11.22,15% ,63.599999999999994
"Dastene 0,5mg 30 Cápsulas",Aché,7896658024887,122.75,"R$ 101,21 ",18.41,15% ,104.34
"Omnic Cloridrato de Tansulosina 0,4mg 30 comprimidos",Astellas Farma,7899337000400,140.3,"R$ 111,60 ",25.25,18% ,115.05000000000001
"Tamsulon Cloridrato de Tansulosina 0,4mg 30 cápsulas",Não especificada,7892953002186,282.62,"R$ 260,44 ",14.13,5% ,268.49
Duomo Hp 2mg + 5mg Eurofarma 60 Cápsulas,Eurofarma,7891317485764,196.31,196.31,29.45,15% ,166.86
Impere 5Mg 30 comprimidos revestidos,EMS,7894916512718,152.2,152.2,27.4,18% ,124.79999999999998
Impere 10mg 30 comprimidos revestidos,Não especificada,7894916512725,182.45,182.45,32.84,18% ,149.60999999999999
"Retemic 1mg/mL, caixa com 1 frasco de xarope com 120mL",Apsen,7896637022576,54.0,54.0,5.4,10% ,48.6
"Duomo HP 2mg + 5 mg, caixa com 30 cápsulas duras",Eurofarma,7891317485801,145.82,145.82,0.0,0% ,145.82
"Fenazic 7,5mg, caixa com 28 comprimidos revestidos de liberação prolongada",Zodiac,7892953003244,175.4,175.4,8.77,5% ,166.63
Combodart 90 Capsulas,GSK,7896015523404,392.14,392.14,19.61,5% ,372.53
"Avodart Dutasterida 0,5mg 30 cápsulas",Não especificada,7896015516642,160.35,160.35,8.02,5% ,152.32999999999998
Myrbetric 50mg com 30 comprimidos,Astellas Farma,7899337000653,327.47,327.47,58.94,18% ,268.53000000000003
Lactosil 10.000 com 30 cápsulas,Apsen,7896637026802,91.57,"R$ 48,40 ",41.67,46% ,49.89999999999999
"Omnic Ocas 0,4mg 60 comprimidos",Não especificada,7899337000424,224.52,"R$ 178,59 ",40.41,18% ,184.11
Vesicare 10mg Caixa Com 30 Comprimidos Revestidos,Astellas Farma,7899337000202,280.38,"R$ 223,01 ",50.47,18% ,229.91
Vesicare 5mg Caixa Com 30 Comprimidos Revestidos,Astellas Farma,7899337000080,229.13,"R$ 188,92 ",34.37,15% ,194.76
"Cloridrato de Tansulosina 0,4mg Comprimidos",Não especificada,7896112406105,128.6,"R$ 64,86 ",61.73,48% ,66.87
"Fenazic 7,5mg com 30 comprimidos",Zodiac,7892953208335,157.11,"R$ 129,53 ",23.57,15% ,133.54000000000002
Finasterida 5mg Eurofarma comprimidos,Eurofarma,7891317002572,126.07,126.07,79.42,63% ,46.64999999999999
"Combodart 0,5Mg + 0,4Mg, Caixa Com 30 Capsulas Gelatinosas Duras",GSK,7896015523398,151.58,151.58,26.28,17% ,125.30000000000001
"Cloridrato de Tansulosina 0,4mg Medley com 30 Comprimidos",Geolab,7899095236509,224.61,224.61,130.27,58% ,94.34
"Dutam 0,5Mg + 0,4Mg, Caixa Com 90 Capsulas Duras De Liberacao Prolongada",Zodiac,7892953003572,344.68,344.68,51.7,15% ,292.98
"Cloridrato de Tansulosina 0,4mg 30 Cápsulas Eurofarma",Biolab Genéricos,7898146826768,140.89,140.89,74.67,53% ,66.21999999999998
"Neocopan Composto 6,667Mg Ml + 333,4Mg Ml, Caixa Com 1 Frasco Gotejador Com 10Ml De Solucao De Uso Oral",Não especificada,7896006217480,15.32,"R$ 13,38 ",1.53,10% ,13.790000000000001
Dorspan Composto Gotas 10mg 250mg mL 20mL,EMS,7896004706221,26.91,"R$ 15,44 ",10.99,41% ,15.92
Lacday 10.000U.Fcc 8 Comprimidos Mastigáveis,EMS,7896004762098,34.64,"R$ 20,18 ",13.84,40% ,20.8
Duspatalin 200mg 60 Cápsulas,Abbott do Brasil,7896255767385,427.27,"R$ 393,73 ",21.36,5% ,405.90999999999997
Camomila Composta Catarinense 150mL,Não especificada,7896023700637,34.47,"R$ 30,09 ",3.45,10% ,31.02
Sonozzz Passiflora 857mg 8 Comprimidos Revestidos,Não especificada,7500435201650,25.89,"R$ 23,97 ",1.18,5% ,24.71
Siilif 100mg 30 comprimidos revestidos,Takeda,7896641806407,108.14,"R$ 89,16 ",16.22,15% ,91.92
Buscopan Pediátrico 10mg ml Solução Oral 20ml + Seringa Dosadora,Não especificada,7896094928176,25.38,"R$ 24,62 ",0.0,0% ,25.38
"Buscoduo 10Mg + 500Mg, Caixa Com 20 Comprimidos Revestidos",Cosmed,7896094921412,34.45,"R$ 33,42 ",0.0,0% ,34.45
Suplemento Alimentar Lactosil 4.500 FCC 30 Comprimidos,Não especificada,7896637034920,31.14,"R$ 27,18 ",3.12,10% ,28.02
"Buscopan 10Mg Ml, Caixa Com 1 Frasco Com 20Ml De Solucao De Uso Oral",Cosmed,7896094930001,23.57,"R$ 22,86 ",0.0,0% ,23.57
"Buscopan Composto 10Mg + 250Mg, Caixa Com 20 Comprimidos Revestidos",Cosmed,7896094921399,25.99,"R$ 25,21 ",0.0,0% ,25.99
"Buscopan 10Mg, Caixa Com 20 Drageas",Cosmed,7896094921429,23.57,"R$ 22,86 ",0.0,0% ,23.57
"Tropinal 300Mg + 1Mg + 0,0065Mg + 0,104Mg, Caixa Com 20 Comprimidos",EMS Sigma Pharma,7894916208154,26.24,"R$ 21,63 ",3.94,15% ,22.299999999999997
"Neocopan Composto 10Mg + 250Mg, Caixa Com 20 Comprimidos Revestidos",União Química,7896006217459,19.02,"R$ 18,24 ",0.22,1% ,18.8
Lacday 10.000U.Fcc 30 Comprimidos Mastigáveis,EMS,7896004755519,97.53,"R$ 94,60 ",0.0,0% ,97.53
Enzilac 4500UI com 30 comprimidos mastigáveis,Farmoquímica,7898040327910,25.44,"R$ 22,21 ",2.54,10% ,22.900000000000002
"Cocyntal 3,333mg + 3,333mg + 3,333mg, 10 Flaconetes Com 1mL De Solucao De Uso Oral",Boiron,7898927111274,110.0,"R$ 77,50 ",30.1,27% ,79.9
Lonium 40 Mg 30 Comprimidos,Apsen,7896637023443,82.31,"R$ 67,86 ",12.35,15% ,69.96000000000001
"Tropinal 300Mg Ml + 6,5Mcg Ml + 104Mcg Ml + 1Mg Ml, Caixa Com 1 Frasco Com 15Ml De Solucao De Uso Oral",EMS Sigma Pharma,7894916208833,28.27,"R$ 23,31 ",4.24,15% ,24.03
"Perlatte 9.000FCC, com 30 comprimidos",Eurofarma,7891317189884,81.0,81.0,41.09,51% ,39.91
Enzilac 9000FCC 30 Comprimidos,Farmoquímica,7898040327897,66.17,66.17,37.22,56% ,28.950000000000003
"Cocyntal 333,3mg + 333,3mg + 333,3mg, 30 flaconetes com 1mL de solução de uso oral",Boiron,7898927111281,137.67,137.67,0.0,0% ,137.67
Funchimed Baby 5g,Cimed,7897947610958,29.32,29.32,12.93,44% ,16.39
"Buscoplex Composto 6,67mg/mL + 333,4mg/mL, caixa com 1 frasco gotejador com 20mL de solução de uso oral",Natulab,7899470802565,14.44,14.44,0.0,0% ,14.44
"Neocopan Composto 6,667mg/mL + 333,4mg/mL, caixa com 1 frasco gotejador com 20mL de solução de uso oral",União Química,7896714233840,14.95,14.95,0.0,0% ,14.95
Duspatalin 200mg 30 Cápsulas Abbott,Não especificada,7896255766852,213.65,213.65,10.68,5% ,202.97
Lonium 40mg 60 Comprimidos Apsen,Apsen,7896637023450,143.18,143.18,0.0,0% ,143.18
Lizalac 10000 FCC ALU Com 30 Comprimidos,Não especificada,7896360001817,96.2,96.2,9.62,10% ,86.58
Simeticona + Metilbrometo Homatropina 80+25mg m Genérico EMS 20mL,EMS,7896004708669,16.83,16.83,0.5,3% ,16.33
"Allestra 30mg 0,075mg + 0,020mg, Caixa Com 63 Comprimidos Revestidos",Aché,7896658036965,90.33,"R$ 58,05 ",30.48,34% ,59.849999999999994
"Molieri 20 3Mg + 0,02Mg, Caixa Com 24 Comprimidos Revestidos",Eurofarma,7891317013158,71.2,"R$ 56,63 ",12.82,18% ,58.38
"Acetofenida De Algestona + Enantato De Estradiol Mabra 150Mg Ml + 10Mg Ml, Caixa Com 1 Ampola Com 1Ml De Solucao De Uso Intramuscular",Mabra,7908020502517,15.5,"R$ 14,59 ",0.46,3% ,15.04
Tadalafila 5mg Neo Química 28 Comprimidos Revestidos,Neo Química,7896714255941,89.69,"R$ 32,83 ",55.84,62% ,33.849999999999994
Qlaira Caixa Com 26 Comprimidos Ativos + 2 Comprimidos Inativos,Bayer,7891106904582,73.88,"R$ 58,76 ",13.3,18% ,60.58
"Tamisa 15 0,060Mg + 0,015Mg, Caixa Com 28 Comprimidos Revestidos",Eurofarma,7891317003067,29.13,"R$ 23,17 ",5.24,18% ,23.89
"Desogestrel Eurofarma 75Mcg, Caixa Com 84 Comprimidos",Eurofarma,7891317180553,86.52,"R$ 39,44 ",45.86,53% ,40.66
"Depo-Provera 150Mg Ml, Caixa Com 1 Frasco Com Suspensao De Uso Intramuscular + 1 Seringa Preenchida Com 1Ml De Diluente + Agulha",Pfizer,7891268101782,62.94,"R$ 45,79 ",15.73,25% ,47.209999999999994
"Elani 28 3mg+0,03mg 84 Comprimidos Revestidos",Libbs,7896094203044,227.92,"R$ 181,28 ",41.03,18% ,186.89
"Gestinol 0,30mg+0,075mg 84 Comprimidos Revestidos",Libbs,7896094203068,163.18,"R$ 129,80 ",29.37,18% ,133.81
Microdiol 015 + 003mg caixa com 21 comprimidos,Organon,7897337716345,50.47,"R$ 36,71 ",12.62,25% ,37.85
"Iumi Es 3Mg + 0,02Mg, Caixa Com 30 Comprimidos Revestidos",Libbs,7896094210271,74.0,"R$ 58,86 ",13.32,18% ,60.68
Evra 3 adesivos transdérmicos,Gedeon,7898967006141,144.41,"R$ 114,87 ",25.99,18% ,118.42
"Belarina 2Mg + 0,02Mg, Caixa Com 24 Comprimidos Revestidos + 4 Placebos",Grünenthal,7898582380268,65.5,"R$ 52,10 ",11.79,18% ,53.71
Yasmin 3 + 003mg caixa com 21 + 7 comprimidos revestidos,Bayer,7891106915311,112.49,"R$ 89,47 ",20.25,18% ,92.24
Belara 21 Comprimidos Revestidos,Grünenthal,7898582380183,65.5,"R$ 52,10 ",11.79,18% ,53.71
"Iumi 3 + 0,02Mg, Com 72 Comprimidos Revestidos",Libbs,7896094208674,180.62,"R$ 131,41 ",45.15,25% ,135.47
"Nuvaring Etonogestrel 11,7mg + Einilestradiol 2,7mg 1 Anel Vaginal Grunenthal 1 Anel Vaginal",Organon,7897337716567,118.16,"R$ 91,69 ",23.63,20% ,94.53
"Ciclo 21 0,15Mg + 0,03Mg, Caixa Com 21 Comprimidos",União Química,7896006234067,10.64,"R$ 10,32 ",0.0,0% ,10.64
Diminut 0075 + 002mg caixa com 63 comprimidos revestidos,Libbs,7896094201033,126.19,"R$ 91,80 ",31.55,25% ,94.64
"Gestrelan 0,15mg + 0,03mg com 21 comprimidos",Biolab,7896112403029,13.24,"R$ 10,53 ",2.38,18% ,10.86
Slinda Drospirenona 4mg 72 + 12 Comprimidos,Não especificada,7908134200552,293.11,"R$ 233,14 ",52.76,18% ,240.35000000000002
"Drospirenona + Etinilestradiol Ems 3Mg + 0,02Mg, Caixa Com 24 Comprimidos Revestidos",EMS,7896004744957,68.1,"R$ 31,05 ",36.09,53% ,32.00999999999999
"Cerazette 0,075Mg, Caixa Com 28 Comprimidos Revestidos",Organon,7897337716215,59.52,"R$ 43,30 ",14.88,25% ,44.64
"Desogestrel 0,075 Mg 28 Comprimidos Eur",Eurofarma,7891317180539,34.52,"R$ 20,76 ",13.12,38% ,21.400000000000006
"Stezza 2,5Mg + 1,5Mg, Caixa Com 28 Comprimidos Revestidos",Farma Vision Importadora e Exportadora de Medicamentos,5060632508768,60.47,"R$ 49,86 ",9.07,15% ,51.4
"Tamisa 20 0,075 + 0,020Mg, Caixa Com 21 Drageas",Eurofarma,7891317465049,38.32,"R$ 30,48 ",6.9,18% ,31.42
"Nactali 75Mcg, Caixa Com 28 Comprimidos Revestidos",Libbs,7896094208117,47.29,"R$ 37,62 ",8.51,18% ,38.78
"Allestra 20mg 0,075mg + 0,020mg, Caixa Com 63 Comprimidos Revestidos",Aché,7896658036996,90.49,"R$ 71,97 ",16.29,18% ,74.19999999999999
"Tantin 0,060Mg + 0,015Mg, Caixa Com 28 Comprimidos Revestidos",Biolab,7896112424123,29.11,"R$ 23,15 ",5.24,18% ,23.869999999999997
"Valerato De Estradiol + Enantato De Noretisterona Mabra 50Mg Ml + 5Mg Ml, Caixa Com 1 Ampola Com 1Ml De Solucao De Uso Intramuscular + Seringa",Mabra,7908020502524,27.24,"R$ 22,99 ",3.54,13% ,23.7
Nactali contém 3 Cartelas com 28 Comprimidos,Libbs,7896094208124,123.59,"R$ 98,30 ",22.25,18% ,101.34
"Rivaroxabana 10Mg Ems, Caixa Com 30 Comprimidos Revestidos",EMS,7896004766997,247.08,"R$ 40,74 ",205.08,83% ,42.0
"Level 100Mcg + 20Mcg, Caixa Com 21 Comprimidos Revestidos",Biolab,7896241248287,29.37,"R$ 23,36 ",5.29,18% ,24.080000000000002
"Drospirenona + Etinilestradiol Althaia 3Mg + 0,03Mg, Caixa Com 21 Comprimidos Revestidos",Althaia,7898945030014,51.86,"R$ 43,77 ",6.74,13% ,45.12
"Tamisa 20 0,075Mg + 0,020Mg, Caixa Com 63 Comprimidos Revestidos",Eurofarma,7891317465032,91.1,"R$ 72,46 ",16.4,18% ,74.69999999999999
Triquilar 21 Comprimidos Revestidos,União Química,7896006201977,13.08,"R$ 10,41 ",2.35,18% ,10.73
"Gestinol 0,075Mg + 0,030Mg, Caixa Com 28 Comprimidos Revestidos",Libbs,7896094201248,66.75,"R$ 53,10 ",12.01,18% ,54.74
"Neovlar 0,25Mg + 0,05Mg, Caixa Com 21 Drageas",União Química,7896006201687,9.53,"R$ 7,58 ",1.72,18% ,7.81
"Ceci 1Mg + 2Mg, Caixa Com 28 Comprimidos Revestidos",Libbs,7896094210424,98.54,"R$ 78,38 ",17.74,18% ,80.80000000000001
Siblima 0015 + 60mg caixa com 24 comprimidos revestidos,Libbs,7896094201453,44.89,"R$ 35,71 ",8.08,18% ,36.81
Gracial 025 + 0040 + 0125 + 0030mg caixa com 22 comprimidos,Organon,7897337716239,59.62,"R$ 43,38 ",14.9,25% ,44.72
"Mylus 0,075Mg, Caixa Com 28 Comprimidos Revestidos",União Química,7896006231134,47.66,"R$ 23,12 ",23.83,50% ,23.83
"Diad 1,5mg 1 Comprimido",Não especificada,7896523216812,22.25,"R$ 14,03 ",7.79,35% ,14.46
"Amora 2mg + 0,03mg 21 Comprimidos",Eurofarma,7891317004040,47.72,"R$ 37,96 ",8.59,18% ,39.129999999999995
"Drospirenona + Etinilestradiol 3Mg + 0,03Mg Eurofarma 63 Comprimidos",Eurofarma,7891317021931,122.14,"R$ 73,46 ",46.41,38% ,75.73
"Iumi 3Mg + 0,02Mg, Caixa Com 24 Comprimidos Revestidos",Libbs,7896094208094,74.02,"R$ 58,88 ",13.32,18% ,60.699999999999996
"Iziz 2,5mg + 1,5mg 28 Comprimidos Revestidos",Não especificada,7896094209503,48.36,"R$ 39,88 ",7.25,15% ,41.11
"Mamades 0,075 Mg 28 Comprimidos",Eurofarma,7891317180621,42.32,"R$ 34,89 ",6.35,15% ,35.97
Cerazette 75mcg Organon 84 Comprimidos,Organon,7897337716208,142.82,"R$ 103,91 ",35.7,25% ,107.11999999999999
Yaz 24 + 4 Comprimidos Revestidos,Bayer,7891106915342,112.49,"R$ 89,47 ",20.25,18% ,92.24
Diminut 0075 + 002mg caixa com 21 comprimidos revestidos,Libbs,7896094200470,49.39,"R$ 39,29 ",8.89,18% ,40.5
Femina 150mcg + 20mcg 63 comprimidos,Aché,7896658002212,95.06,"R$ 75,61 ",17.11,18% ,77.95
Molieri 30mcg 21 Comprimidos,Eurofarma,7891317010119,71.2,"R$ 56,63 ",12.82,18% ,58.38
"Desogestrel + Etinilestradiol Eurofarma 0,150 + 0,020Mg, Caixa Com 21 Comprimidos",Eurofarma,7891317448936,38.25,"R$ 19,29 ",18.36,48% ,19.89
Adorlan 25mg + 25mg Grunenthal 20 Comprimidos,Grünenthal,7898582380558,124.93,"R$ 103,00 ",18.74,15% ,106.19000000000001
Previane 63 comprimidos,Não especificada,7896004818993,97.21,"R$ 44,32 ",51.52,53% ,45.68999999999999
Rivaroxabana 15mg 30 Comprimidos EMS Genérico,EMS,7896004780504,230.59,"R$ 49,21 ",179.86,78% ,50.72999999999999
"Femiane 0,075Mg + 0,020Mg, Caixa Com 21 Drageas",União Química,7896006201588,61.31,"R$ 48,76 ",11.04,18% ,50.27
"Desogestrel 0,075Mg Ems 84 Comprimidos",EMS,7896004768687,66.0,"R$ 42,89 ",21.78,33% ,44.22
"Nordette 0,15Mg + 0,03Mg, Caixa Com 21 Drageas",Wyeth/Pfizer,7891045008433,13.26,"R$ 9,65 ",3.31,25% ,9.95
"Norestin 0,35 Mg 35 Comprimidos",Biolab,7896241274903,15.13,"R$ 12,04 ",2.72,18% ,12.41
"Desogestrel 0,075Mg Ems 28 Comprimidos",EMS,7896004751641,23.61,"R$ 18,78 ",4.25,18% ,19.36
"Allestra 30mg 0,075mg + 0,030mg, Caixa Com 21 Comprimidos Revestidos",Aché,7896658037009,38.79,"R$ 30,86 ",6.98,18% ,31.81
"Rivaroxabana 20Mg Ache, Caixa Com 28 Comprimidos Revestidos",Não especificada,7896658038921,207.91,"R$ 54,46 ",151.77,73% ,56.139999999999986
"Gestrelan 0,15mg + 0,03mg com 21 comprimidos",Biolab,7896112403036,45.77,"R$ 36,40 ",8.24,18% ,37.53
Perola 75Mcg 28 Comprimidos Revestidos,Organon,7897337713382,48.08,"R$ 38,25 ",8.65,18% ,39.43
"Elani 28 3 + 0,03mg Caixa Com 28 Comprimidos Revestidos",Libbs,7896094207516,93.34,"R$ 74,24 ",16.8,18% ,76.54
"Elani Ciclo 3mg+0,03mg 63 Comprimidos Revestidos",Libbs,7896094203051,170.8,"R$ 124,26 ",42.7,25% ,128.10000000000002
"Micropil 0,075 + 0,030mg 21 Comprimidos",EMS Sigma Pharma,7894916206419,40.38,"R$ 32,12 ",7.27,18% ,33.11
"Minian 0,150Mg + 0,02Mg, Caixa Com 21 Comprimidos Revestidos",Libbs,7896094201354,44.86,"R$ 35,69 ",8.07,18% ,36.79
"Levonorgestrel 1,5Mg Cimed, Caixa Com 1 Comprimido",Não especificada,7896523200361,16.82,"R$ 11,42 ",5.05,30% ,11.77
"Levonorgestrel Melcon 1,5Mg, Caixa Com 1 Comprimido",Biosintética - Aché,7898907312264,27.88,"R$ 13,52 ",13.94,50% ,13.94
"Microvlar 0,15Mg + 0,03Mg, Caixa Com 21 Drageas",União Química,7896006201618,11.41,"R$ 9,08 ",2.05,18% ,9.36
"Rubia 0,075Mg, Caixa Com 28 Comprimidos Revestidos",Aché,7896658034770,37.53,"R$ 29,85 ",6.76,18% ,30.770000000000003
Primera 30 63 Comprimidos,Não especificada,7891317177683,87.65,"R$ 63,77 ",21.91,25% ,65.74000000000001
Desogestrel 150mcg + Etinilestradiol 20mcg 21 Comprimidos,Biosintética - Aché,7898574611387,28.76,"R$ 17,30 ",10.93,38% ,17.830000000000002
"Hora H Uno 1,5Mg, Caixa Com 1 Comprimido",Aché,7898907312646,22.96,"R$ 18,93 ",3.44,15% ,19.52
"Mesigyna 50Mg Ml + 5Mg Ml, Caixa Com Ampola De 1Ml De Solucao De Uso Intramuscular",Bayer,7891106911337,46.82,"R$ 37,24 ",8.43,18% ,38.39
Adoless 28 Comprimidos,Farmoquímica,7898040320683,50.44,"R$ 40,12 ",9.08,18% ,41.36
"Drospirenona + Etinilestradiol 3Mg + 0,03Mg Ems 21 Comprimidos",EMS,7896004734392,54.68,"R$ 32,88 ",20.78,38% ,33.9
"Poslov 1,5mg Cifarma 1 Comprimido",Não especificada,7908020503125,15.87,"R$ 9,18 ",6.41,40% ,9.459999999999999
"Molieri 20 Sem Parar 3mg 0,02mg 30 comprimidos",Não especificada,7891317023362,71.2,"R$ 62,16 ",7.12,10% ,64.08
Tantin 3 x 28 Comprimidos,Não especificada,7896112423294,87.28,"R$ 69,42 ",15.71,18% ,71.57
"Mercilon 0,15Mg + 0,02Mg, Caixa Com 21 Comprimidos",Organon,7897337716307,63.11,"R$ 45,91 ",15.78,25% ,47.33
"Femiane gestodeno 0,075mg + etinilestradiol 0,02mg 63 drágeas",Não especificada,7896006297369,132.65,"R$ 105,51 ",23.88,18% ,108.77000000000001
Primera 20mg 63 Comprimidos,Eurofarma,7891317177652,91.14,"R$ 72,49 ",16.41,18% ,74.73
Femina 150 + 20Mcg Caixa Com 21 Comprimidos,Aché,7896658006401,43.23,"R$ 34,39 ",7.78,18% ,35.449999999999996
"Amora 2Mg+0,03Mg Com 63 Comprimidos",Não especificada,7891317004057,128.84,"R$ 102,48 ",23.19,18% ,105.65
"Elani Ciclo 3 + 0,03Mg, Caixa Com 21 Comprimidos Revestidos",Libbs,7896094202900,69.98,"R$ 55,66 ",12.6,18% ,57.38
Primera 30mg 21 Comprimidos Eurofarma,Eurofarma,7891317177676,43.37,"R$ 34,49 ",7.81,18% ,35.559999999999995
"Drospirenona + Etinilestradiol Althaia 3Mg + 0,02Mg, Caixa Com 24 Comprimidos Revestidos",Althaia,7898945030427,51.86,"R$ 43,77 ",6.74,13% ,45.12
"Previane 0,075Mg + 0,02Mg, Caixa Com 21 Comprimidos Revestidos",Legrand,7896004707846,40.94,"R$ 22,64 ",17.6,43% ,23.339999999999996
"Tamisa 30 0,75 + 0,30Mg, Caixa Com 28 Comprimidos Revestidos",Não especificada,7891317009748,49.77,"R$ 39,59 ",8.96,18% ,40.81
Niki 72 Comprimidos,Não especificada,7894916510288,180.11,"R$ 165,97 ",9.01,5% ,171.10000000000002
Ferane 35 63 Comprimidos,Cifarma,7908020502647,90.52,"R$ 58,22 ",30.5,34% ,60.019999999999996
"Feminique Conti Drospirenona 3mg + Etinilestradiol 0,03mg 28 3 0,03MG COMR BLX28",Não especificada,7896658040221,63.14,"R$ 52,06 ",9.47,15% ,53.67
Demedrox 150mg mL Suspensão Injetável Seringa Preenchida 1mL,Não especificada,7896006206781,51.5,"R$ 49,96 ",0.0,0% ,51.5
Rivaroxabana 20mg EMS com 30 Comprimidos,Não especificada,7891317018795,141.88,"R$ 100,36 ",38.42,27% ,103.46
Vacina Gripe Tetravalente Fluarix,Não especificada,EAN não informado,80.41,"R$ 72,75 ",5.41,7% ,75.0
"Juliet 0,075mg 28 Comprimidos",Sandoz,7897595620385,51.18,51.18,9.21,18% ,41.97
"Acetato de clormadinona 2mg + Etinilestradiol 0,03mg 21 Comprimidos - Eurofarma",Não especificada,7891317154721,39.73,39.73,11.12,28% ,28.61
Mínima 24 Comprimidos+4 Comprimidos Inertes,Medley,7896422507547,52.97,52.97,9.53,18% ,43.44
"Desogestrel 0,075 Mg 84 Comprimidos Mel",Não especificada,7898574611288,59.51,59.51,13.69,23% ,45.82
"Allestra 20 0,075mg + 0,020mg, caixa com 63 drágeas",Aché,7896658005046,82.01,82.01,19.68,24% ,62.330000000000005
"Rivaroxabana 20Mg Germed, Caixa Com 30 Comprimidos Revestidos",Germed Pharma,7896004759296,230.59,230.59,168.33,73% ,62.25999999999999
Rivaroxabana 20mg 30 Comprimidos EMS Genérico,EMS,7896004780511,230.59,230.59,168.33,73% ,62.25999999999999
"Exelring Etonogestrel 0,120mg + Etinilestradiol 0,015mg 1 Sachê Com 1 Anel Vaginal",Não especificada,7908134200620,87.09,87.09,23.59,27% ,63.5
"Drospirenona 3mg + Etinilestradiol 0,03mg 63 Comprimidos Legrand Genérico",Legrand,7894916148252,128.92,128.92,61.88,48% ,67.03999999999999
Rivaroxabana 15mg Cimed 30 Comprimidos Revestidos,Cimed,7896523201122,219.05,219.05,170.86,78% ,48.19
Rivaxa Rivaroxabana 20mg 30 Comprimidos,Não especificada,7891317017729,45.77,"R$ 44,40 ",0.0,0% ,45.77
Rivaxa Rivaroxabana 10mg 30 Comprimidos,Não especificada,7891317017699,46.62,"R$ 45,22 ",0.0,0% ,46.62
Rivaroxabana 20mg 14 Comprimidos EMS Genérico,Germed Pharma,7896004779430,115.27,"R$ 33,54 ",80.69,70% ,34.58
Molieri 30 Sem Parar 28 comprimidos,Não especificada,7891317020392,71.2,"R$ 62,16 ",7.12,10% ,64.08
"Tamisa 30 0,75 + 0,30Mg, Caixa Com 84 Comprimidos Revestidos",Não especificada,7891317009755,121.48,"R$ 102,52 ",15.79,13% ,105.69
"Levonorgestrel 0,15mg+ Etinilestradiol 0,03mg 63 comprimidos Biolab Genérico",Não especificada,7896112403173,22.42,"R$ 16,74 ",5.16,23% ,17.26
Niki com 24 comprimidos ativos + 4 inativos,EMS Sigma Pharma,7894916510554,81.75,"R$ 75,33 ",4.09,5% ,77.66
Rivacrist 10mg 30 comprimidos,Não especificada,7891158105814,160.14,"R$ 147,57 ",8.01,5% ,152.13
"Drospirenona 3mg + Etinilestradiol 0,03mg 28 comprimidos Eurofarma Genérico",Não especificada,7891317020415,56.56,"R$ 44,99 ",10.18,18% ,46.38
Enantato De Noretisterona 50mg mL + Valerator De Estradiol 5mg mL Solução Injetável 1mL Eurofarma Genérico,Não especificada,7891317496388,28.36,"R$ 25,31 ",2.27,8% ,26.09
"Allestra 20mg 0,075mg + 0,020mg, Caixa Com 21 Comprimidos Revestidos",Aché,7896658036989,39.73,"R$ 31,60 ",7.15,18% ,32.58
Naldecon Multi 400mg + 20mg + 400mg 4 Comprimidos,Não especificada,7898962943045,11.48,"R$ 10,66 ",0.49,4% ,10.99
"Desogestrel 0,075Mg Germed 28 Comprimidos",Germed Pharma,7896004751771,23.62,"R$ 19,93 ",3.07,13% ,20.55
"Drospirenona + Etinilestradiol 3Mg + 0,03Mg Eurofarma 21 Comprimidos",Eurofarma,7891317021948,51.86,"R$ 33,71 ",17.11,33% ,34.75
"Drospirenona + Etinilestradiol 3Mg + 0,02Mg Nova Quimica 24 Comprimidos",Multilab,7895296352017,68.1,"R$ 31,05 ",36.09,53% ,32.00999999999999
"Levonorgestrel 0,15mg+ Etinilestradiol 0,03mg 21 comprimidos Biolab Genérico",Não especificada,7896112403166,8.0,"R$ 7,76 ",0.0,0% ,8.0
"Rivaroxabana 10Mg Uniao Quimica, Caixa Com 30 Comprimidos Revestidos",União Química,7896006221067,199.02,"R$ 42,47 ",155.24,78% ,43.78
"Contraceptivo Niki 3Mg+0,02Mg 24 Comprimidos",EMS Sigma Pharma,7894916510271,70.5,"R$ 64,97 ",3.52,5% ,66.98
Level Com 3 X 21 Comprimidos Revestidos,Biolab,7896112448358,88.18,"R$ 70,14 ",15.87,18% ,72.31
Primera 20mcg 21 Comprimidos,Eurofarma,7891317177645,43.37,"R$ 35,75 ",6.51,15% ,36.86
"Tâmisa 30 0,075mg + 0,030mg, caixa com 21 comprimidos revestidos",Eurofarma,7891317008703,35.0,35.0,6.3,18% ,28.7
"Tâmisa 30 0,075mg + 0,030mg, caixa com 84 comprimidos revestidos",Eurofarma,7891317443955,116.25,116.25,20.92,18% ,95.33
FERTNON 21CPR ZZ,Não especificada,EAN não informado,46.0,46.0,16.1,35% ,29.9
ALLESTRA 15MG 28CPR,Não especificada,EAN não informado,26.35,26.35,2.37,9% ,23.98
"Allestra 30 0,075mg + 0,030mg, caixa com 21 drágeas",Aché,7896658004902,36.01,36.01,8.64,24% ,27.369999999999997
"Rubia 0,075mg, caixa com 84 comprimidos revestidos",Aché,7896658034787,101.76,101.76,18.32,18% ,83.44
"Aixa 2mg + 0,03mg, caixa com 21 comprimidos revestidos",Medley,7896422531788,59.0,59.0,10.62,18% ,48.38
"Araceli 0,075mg, caixa contendo 28 comprimidos revestidos",Medley,7896422533898,40.0,40.0,6.0,15% ,34.0
"Evanor 0,25mg + 0,05mg, caixa com 21 comprimidos",Wyeth/Pfizer,7891045000987,11.0,11.0,1.98,18% ,9.02
"Minesse 0,06mcg + 0,015mg, caixa com 24 comprimidos revestidos",Wyeth/Pfizer,7891045008204,47.0,47.0,8.46,18% ,38.54
"Drospirenona + Etinilestradiol 3Mg + 0,02Mg Eurofarma 72 Comprimidos",Eurofarma,7891317021962,160.47,160.47,85.05,53% ,75.42
"Drospirenona + Etinilestradiol Ems 3Mg + 0,02Mg, Caixa Com 3 Cartelas Com 24 Comprimidos Revestidos",EMS,7896004759722,169.4,169.4,89.78,53% ,79.62
"Yasmin 3mg + 0,03mg, caixa com 21 comprimidos revestidos",Bayer,7891106906067,101.94,101.94,24.47,24% ,77.47
"Diad 0,75mg, caixa com 2 comprimidos",Cimed,7896523206868,18.3,18.3,11.7,64% ,6.600000000000001
"Minima 0,06Mg + 0,015Mg, Caixa Com 72 Comprimidos Revestidos + 12 Comprimidos Inertes",Medley,7896422507561,103.04,103.04,18.55,18% ,84.49000000000001
"Allestra 20 0,075mg + 0,020mg, caixa com 21 drágeas",Aché,7896658004896,36.01,36.01,8.64,24% ,27.369999999999997
Rivaroxabana 15mg 30 Comprimidos EMS Genérico,Eurofarma,7891317017668,230.59,230.59,179.86,78% ,50.72999999999999
"Desogestrel Melcon 0,075mg, caixa com 28 comprimidos revestidos",Melcon,7898574611264,23.07,23.07,4.15,18% ,18.92
"Acetato de Clormadinona + Etinilestradiol Althaia 2mg + 0,03mg, caixa com 21 comprimidos revestidos",Althaia,7898569762742,36.07,36.07,6.49,18% ,29.58
Yaz Bayer 24 comprimidos,Bayer,7891106914147,112.49,112.49,20.25,18% ,92.24
"Desogestrel + Etinilestradiol Eurofarma 0,150 + 0,030Mg, Caixa Com 21 Comprimidos",Eurofarma,7891317448943,30.62,"R$ 16,93 ",13.17,43% ,17.450000000000003
"Drospirenona + Etinilestradiol Ems 3Mg + 0,03Mg, Caixa Com 3 Blisters Com 21 Comprimidos",EMS,7896004755878,129.5,"R$ 71,61 ",55.68,43% ,73.82
"Nociclin 0,15 + 0,03Mg, Caixa Com 21 Comprimidos",EMS,7896004714196,12.36,"R$ 9,84 ",2.22,18% ,10.139999999999999
Ginesse 0075 + 0020mg caixa com 21 comprimidos revestidos,Farmoquímica,7898040320584,40.62,"R$ 32,31 ",7.31,18% ,33.309999999999995
Etinilestradiol 300mcg + Gestodeno 75mcg 21 Comprimidos Aché Biosintética Genérico,Não especificada,7896658038501,28.62,"R$ 24,15 ",3.72,13% ,24.900000000000002
"Neovlar Levonorgestrel 0,25mg + Etinilestradiol 0,05mg 63 comprimidos",Não especificada,7896006298014,24.19,"R$ 19,24 ",4.35,18% ,19.840000000000003
"Triquilar Levonorgestrel 0,05mg + Etinilestradiol 0,03mg 63 drágeas",Não especificada,7896006297352,33.3,"R$ 26,49 ",5.99,18% ,27.309999999999995
"Contraceptivo Dalyne Dalyne Mono 3 Mg + 0,03 Mg 21 Comprimidos",EMS Sigma Pharma,7894916508988,71.43,"R$ 65,82 ",3.57,5% ,67.86000000000001
Desogestrel 150mcg + Etinilestradiol 20mcg 63 Comprimidos,Biosintética - Aché,7898574611400,73.61,"R$ 26,42 ",46.37,63% ,27.240000000000002
"Microvlar 0,15Mg + 0,03Mg, Caixa Com 63 Drageas",União Química,7896006201632,29.12,"R$ 23,16 ",5.24,18% ,23.880000000000003
"Iziz 2,5mg + 1,5mg com 28 Comprimidos",Não especificada,7896094209510,132.56,"R$ 105,44 ",23.86,18% ,108.7
Slinda 4Mg Com 28 Comprimidos,Não especificada,7908134200453,123.03,"R$ 93,11 ",27.04,22% ,95.99000000000001
"Tamisa 30 0,075mg + 0,030mg, Caixa Com 21 Comprimidos Revestidos",Não especificada,7891317009717,38.32,"R$ 30,48 ",6.9,18% ,31.42
"Iumi ES 3mg + 0,02mg, caixa com 120 comprimidos revestidos",Libbs,7896094210295,228.0,228.0,54.72,24% ,173.28
Paracetamol 750 Mg 20 Comprimidos Neo,Não especificada,7896714214498,22.75,22.75,2.96,13% ,19.79
"Drospirenona + Etinilestradiol 3Mg + 0,02Mg Eurofarma 24 Comprimidos",Eurofarma,7891317021955,68.1,68.1,36.09,53% ,32.00999999999999
Rivaroxabana 20mg Cimed 30 Comprimidos Revestidos,Cimed,7896523201139,219.05,219.05,159.91,73% ,59.140000000000015
Rivaroxabana 20mg 30 Comprimidos EMS Genérico,Eurofarma,7891317017675,230.59,230.59,168.33,73% ,62.25999999999999
"Depomês 25mg/mL + 5mg/mL, caixa com 1 ampola com 1mL de suspensão de uso intramuscular",Biolab,7896241235461,38.02,38.02,3.42,9% ,34.6
"Desogestrel 0,075Mg Germed 84 Comprimidos",Germed Pharma,7896004751795,66.0,66.0,21.78,33% ,44.22
"Liberfem 2mg + 0,03mg, caixa com 21 comprimidos revestidos",Zodiac,7892953003381,47.48,47.48,0.0,0% ,47.48
"Diva 3mg + 0,03mg, caixa com 21 comprimidos revestidos",Exeltis,7898956544357,60.19,60.19,10.83,18% ,49.36
"Contraceptivo Dalyne Mono 3Mg + 0,03Mg 63 Comprimidos",EMS Sigma Pharma,7894916509831,182.56,182.56,9.13,5% ,173.43
"Rivaroxabana 15Mg Ems, Caixa Com 14 Comprimidos Revestidos",EMS,7896004767017,115.27,115.27,20.75,18% ,94.52
"Rivaroxabana 20Mg Ems, Caixa Com 14 Comprimidos Revestidos",EMS,7896004767055,115.27,115.27,43.8,38% ,71.47
"Rivaroxabana 20Mg Uniao Quimica, Caixa Com 30 Comprimidos Revestidos",União Química,7896006221081,206.13,206.13,129.86,63% ,76.26999999999998
Algestona Acetofenida 150mg + Enantato de Estradiol 10mg Solução Injetável 1mL Legrand Genérico,Não especificada,7891317445300,15.45,15.45,0.0,0% ,15.45
"Drospirenona 3mg + Etinilestradiol 0,03mg 21 comprimidos EMS Genérico",Legrand,7894916147118,54.93,54.93,23.62,43% ,31.31
Perola 75Mcg 84  Comprimidos Revestidos,Não especificada,7897337713399,126.31,126.31,22.74,18% ,103.57000000000001
Dioless 150mcg + 20mcg 21 Comprimidos,Supera,7899420506253,46.32,46.32,6.95,15% ,39.37
"Drospirenona 0,03mg + Etinilestradiol 3mg Genérico Nova Química 63 Comprimidos",Multilab,7895296378017,129.5,129.5,0.0,0% ,129.5
"Drospirenona 3mg + Etinilestradiol 0,02mg 72 comprimidos Legrand Genérico",Multilab,7895296351041,184.35,184.35,97.71,53% ,86.64
"Rivaroxabana 10mg Germed, Caixa Com 30 Comprimidos Revestidos",Germed Pharma,7896004779393,247.04,247.04,192.69,78% ,54.349999999999994
"Rivaroxabana 15mg Germed, Caixa Com 30 Comprimidos Revestidos",Germed Pharma,7896004759289,230.59,230.59,179.86,78% ,50.72999999999999
Rivaroxabana 20mg 30 Comprimidos EMS Genérico,Medley,7891058002152,173.39,173.39,100.57,58% ,72.82
Rivaxa Rivaroxabana 15mg 30 Comprimidos,Não especificada,7891317017712,45.77,45.77,0.0,0% ,45.77
"Acetato de Clormadinona + Etinilestradiol 2mg + 0,03mg E.M.S., Caixa Com 21 Comprimidos",Não especificada,7896004781761,39.69,39.69,11.11,28% ,28.58
Miranova 21 Drágeas,Não especificada,7896006201649,29.4,29.4,0.0,0% ,29.4
"Desogestrel 0,075mg 84 comprimidos Neo Química",Neo Química,7896714255026,87.27,87.27,0.0,0% ,87.27
"Rivaroxabana Neo Química 15mg, caixa com 15 comprimidos Neo Química",Neo Química,7896714290812,97.71,97.71,0.0,0% ,97.71
"Rivaroxabana Neo Química 15mg, caixa com 30 comprimidos Neo Química",Neo Química,7896714290829,195.42,195.42,0.0,0% ,195.42
"Rivaroxabana Neo Química 20mg, caixa com 15 comprimidos Neo Química",Neo Química,7896714290836,97.71,97.71,0.0,0% ,97.71
"Rivaroxabana Neo Química 20mg, caixa com 30 comprimidos Neo Química",Neo Química,7896714290843,195.42,195.42,0.0,0% ,195.42
"Linofeme 0,15mg + 0,03mg 21 Comprimidos Revestidos",Não especificada,7908020502586,12.09,12.09,4.79,40% ,7.3
"Belara 2+0,3Mg Com 21 Comprimidos Revestidos + 7 Placebos",Não especificada,7898582380527,65.5,65.5,11.79,18% ,53.71
Depo-Provera Acetato de Medroxiprogesterona 150mg mL 1 Ampola 1mL de Suspensão Injetável,Não especificada,7891268101799,48.57,48.57,12.14,25% ,36.43
"Rivaroxabana 10mg Eurofarma, Caixa Com 30 Comprimidos Revestidos",Eurofarma,7891317017651,247.04,247.04,130.93,53% ,116.10999999999999
"Rivaroxabana 10mg Neo Quimica, Caixa Com 30 Comprimidos Revestidos",Neo Química,7896714290805,195.42,195.42,0.0,0% ,195.42
"Rivaroxabana 10mg Medley, Caixa Com 30 Comprimidos Revestidos",Medley,7891058002077,185.79,185.79,98.47,53% ,87.32
"Yaz Flex Drospirenona 3mg + Etinilestradiol 0,02mg 30 comprimidos",Bayer,7891106914178,140.59,140.59,25.31,18% ,115.28
"Desogestrel Neo Química 75mcg, caixa com 28 comprimidos revestidos",Neo Química,7896714255019,32.64,32.64,10.77,33% ,21.87
"Drospirenona + Etinilestradiol 3mg + 0,03mg Genérico Eurofarma 21 Comprimidos",Multilab,7895296100038,54.68,54.68,23.51,43% ,31.169999999999998
Risedronato Sodico Com 4 Comprimidos Biossintetica,Biosintética - Aché,7896181922544,197.89,"R$ 51,83 ",144.46,73% ,53.42999999999998
"Risedross 35Mg, Caixa Com 4 Comprimidos Revestidos",EMS,7894916505178,77.36,"R$ 63,79 ",11.6,15% ,65.76
Ibandronato De Sodio 150Mg 1 Comprimido Eurofarma,Eurofarma,7891317007607,87.17,"R$ 48,20 ",37.48,43% ,49.690000000000005
Dorto 150mg 1 Comprimidos Revestidos,Eurofarma,7891317002060,76.48,"R$ 63,06 ",11.47,15% ,65.01
Risedronato Sodico 150 Mg 1 Comprimidos Alth,Althaia,7898569763916,70.93,"R$ 46,09 ",23.41,33% ,47.52000000000001
Osteoban Ibandronato de Sódio 150mg 3 comprimidos,Aché,7896658036019,151.43,"R$ 139,54 ",7.57,5% ,143.86
Alendronato de Sódio 70mg 4cpr Neo Química,Nova Química,7895296420020,64.33,"R$ 12,48 ",51.46,80% ,12.869999999999997
"Alendronato De Sodio Ems 70Mg, Caixa Com 4 Comprimidos",EMS,7896004715322,90.21,"R$ 17,50 ",72.17,80% ,18.039999999999992
"Risedross 150mg, caixa com 1 comprimido revestido",EMS,7894916512565,190.71,190.71,0.0,0% ,190.71
Ibandronato de Sódio 150mg 1 comprimido Biolab Genérico,Biolab Genéricos,7898146826614,87.6,87.6,42.05,48% ,45.55
Citrato de Tamoxifeno 20mg 30 Comprimidos  G  - Genérico Blau Farmacêutica,Blau,7896014668021,255.57,"R$ 53,43 ",200.49,78% ,55.079999999999984
"Metrexato 2,5Mg, Caixa Com 24 Comprimidos",Blau,7896014669028,40.38,"R$ 30,16 ",9.29,23% ,31.090000000000003
"Losartana Potassica + Hidroclorotiazida 50 12,5Mg 30 comprimidos Biolab",Biolab Genéricos,7896112401278,46.35,"R$ 32,37 ",12.98,28% ,33.370000000000005
Loção Hidratante Paixão Avelã 200mL,Não especificada,7896094921511,231.14,"R$ 224,21 ",0.0,0% ,231.14
Citrato de Tamoxifeno 10mg Genérico Blau 30 Comprimidos,Blau,7896014668007,124.7,124.7,72.33,58% ,52.370000000000005
"Bepantriz 50Mg G, Caixa Com 1 Bisnaga Com 30G De Pomada De Uso Dermatologico",Cimed,7896523210797,25.93,"R$ 12,34 ",13.21,51% ,12.719999999999999
Nistatina + Óxido de Zinco - EMS 100mui + 200mg pomada bisnaga com 60g,EMS,7896004711195,28.49,"R$ 15,51 ",12.5,44% ,15.989999999999998
Nistatina 100.000UI g + Óxido de Zinco 200mg g Medley Bisnaga 60g,Não especificada,7896422519229,26.81,"R$ 16,91 ",9.38,35% ,17.43
Iban 150mg 1 Comprimido,Não especificada,7891317007614,56.86,"R$ 46,88 ",8.53,15% ,48.33
"Ibandronato De Sodio 150Mg Biolab, Caixa Com 3 Comprimidos",Não especificada,7896112406099,153.64,"R$ 107,30 ",43.02,28% ,110.61999999999998
Osteotrat Risedronato Sódico 35mg 12 comprimidos,Não especificada,7896658038556,224.47,"R$ 206,85 ",11.22,5% ,213.25
Osteotrat Risedronato Sódico 35mg 4 comprimidos,Aché,7896658017247,100.28,"R$ 92,41 ",5.01,5% ,95.27
Osteoban 150mg 1 Comprimido Aché,Aché,7896658019036,55.52,"R$ 45,77 ",8.33,15% ,47.190000000000005
Indosso Risedronato Sódico 150mg 1 comprimido,Não especificada,7891317015008,76.48,"R$ 63,06 ",11.47,15% ,65.01
"Actonel Chronos 35mg, caixa com 4 comprimidos revestidos de liberação retardada",Farma Vision Importadora e Exportadora de Medicamentos,7891058016159,237.0,237.0,56.88,24% ,180.12
"Risedross 35mg, caixa com 12 comprimidos revestidos",EMS,7894916509541,215.85,215.85,107.92,50% ,107.92999999999999
Alendronato de Sódio 70mg EMS com 4 comprimidos,Teuto,7896112162322,34.8,34.8,0.0,0% ,34.8
"Afrat 150mg, caixa com 1 comprimido",Laboratório Cristália,7896676420111,84.0,84.0,15.12,18% ,68.88
"Queimalive 74Mg G + 20G G, Caixa Com 1 Bisnaga Com 30G De Pomada De Uso Dermatologico",Cifarma,7898158691576,27.51,"R$ 21,24 ",5.61,20% ,21.900000000000002
Nistatina + Óxido de Zinco 100.000UI + 200g Germed Bisnaga 60g,Não especificada,7896004711355,29.77,"R$ 18,62 ",10.57,36% ,19.2
Cicatenol 50mg g Pomada Dermatólogica 30g,EMS,7896004734347,24.22,24.22,9.45,39% ,14.77
Contractubex Spray 100mL,Biolab,7896112400547,179.5,179.5,32.31,18% ,147.19
"Fitoscar 60mg/g, caixa com 1 bisnaga com 20g de pomada de uso dermatológico",Apsen,7896637017176,91.04,91.04,0.0,0% ,91.04
"Omeprazol Medley 10Mg, Caixa Com 14 Capsulas Gelatinosas Duras De Liberacao Retardada",Medley,7896422506533,21.28,"R$ 18,99 ",1.7,8% ,19.580000000000002
Pantoprazol 20mg Aché Biosintética 28 comprimidos,Biosintética - Aché,7896181918424,48.69,"R$ 16,53 ",31.65,65% ,17.04
"Inilok 40Mg, Caixa Com 30 Comprimidos Revestidos De Liberacao Retardada",Apsen,7896637031509,68.65,"R$ 62,95 ",3.75,5% ,64.9
"Mesalazina Neo Quimica 800Mg, Caixa Com 30 Comprimidos Revestidos",Neo Química,7896714223131,111.88,"R$ 78,13 ",31.33,28% ,80.55
Pantoprazol 40mg Aché Biosintética 28 comprimidos,Biosintética - Aché,7896181918691,97.3,"R$ 24,54 ",72.0,74% ,25.299999999999997
Pantoprazol 40 Mg 28 Comprimidos Eur,Eurofarma,7891317017422,45.91,"R$ 24,49 ",20.66,45% ,25.249999999999996
Pantoprazol 40Mg 28Cpr Med Gen,Não especificada,7896422506625,43.16,"R$ 27,21 ",15.11,35% ,28.049999999999997
"Pantoprazol Medley 20Mg, Caixa Com 28 Comprimidos Revestidos",Não especificada,7896422506595,27.69,"R$ 17,99 ",9.14,33% ,18.55
"Dexilant 60Mg, Caixa Com 60 Capsulas De Liberacao Retardada",Takeda,7896641809033,252.11,"R$ 220,09 ",25.21,10% ,226.9
"Omeprazol Cimed 20Mg, Caixa Com 56 Capsulas Duras De Liberacao Retardada",Cimed,7896523227191,38.49,"R$ 26,35 ",11.33,29% ,27.160000000000004
"Esio Comprimido 20Mg, Caixa Com 28 Comprimidos Revestidos",Eurofarma,7891317123543,92.72,"R$ 76,45 ",13.91,15% ,78.81
Omeprazol 20mg Globo Genérico com 56 Cápsulas Gelatinosas Duras,Laboratório Globo,7898060134154,23.6,"R$ 14,52 ",8.63,37% ,14.97
"Omeprazol Medley 20Mg, Caixa Com 42 Capsulas Gelatinosas Duras De Liberacao Retardada",Medley,7896422517843,60.56,"R$ 45,23 ",13.93,23% ,46.63
"Sucrafilm 200Mg Ml, Caixa Com 20 Flaconetes Com 10Ml De Suspensao De Uso Oral",EMS Sigma Pharma,7894916500746,117.36,"R$ 96,77 ",17.6,15% ,99.75999999999999
Esomeprazol Magnésio 40mg Genérico Germed 28 Comprimidos Revestidos,Germed Pharma,7896004743967,301.04,"R$ 116,81 ",180.62,60% ,120.42000000000002
"Lansoprazol Nova Quimica 30Mg, Caixa Com 28 Capsulas Gelatinosas Duras Com Microgranulos De Liberacao Retardada",Nova Química,7895296422024,102.48,"R$ 56,66 ",44.07,43% ,58.410000000000004
Adipept 40mg 42 Comprimidos,Aché,7896658021749,68.25,"R$ 56,27 ",10.24,15% ,58.01
"Dexilant 30Mg, Caixa Com 30 Capsulas De Liberacao Retardada",Takeda,7896641808982,126.06,"R$ 100,27 ",22.69,18% ,103.37
Divena 40mg com 60 Comprimidos,Aché,7896658027611,113.58,"R$ 93,64 ",17.04,15% ,96.53999999999999
Famox 40mg Com 30 Comprimidos,Aché,7896658000409,107.06,"R$ 88,27 ",16.06,15% ,91.0
Divena 40mg com 30 comprimidos,Aché,7896658027604,69.12,"R$ 56,99 ",10.37,15% ,58.75000000000001
Gazia 40mg com 28 comprimidos revestidos,Eurofarma,7891317023898,50.82,"R$ 41,90 ",7.62,15% ,43.2
Esomeprazol Magnésico 40mg 28 Comprimidos Revestidos - EMS,EMS,7896004742076,301.04,"R$ 116,81 ",180.62,60% ,120.42000000000002
"Dexilant 60Mg, Caixa Com 30 Capsulas De Liberacao Retardada",Takeda,7896641809026,126.06,"R$ 107,60 ",15.13,12% ,110.93
Cimetidina 200 Mg 20 Comprimidos Teu,Teuto,7896112119609,30.26,"R$ 24,07 ",5.45,18% ,24.810000000000002
Restitue 40mg 30 Comprimidos,EMS,7894916512923,75.34,"R$ 62,12 ",11.3,15% ,64.04
Famox 40mg 10 Comprimidos,Aché,7896658000393,54.08,"R$ 49,31 ",3.24,6% ,50.839999999999996
Sucrafilm 1 Gramas  30 Comprimidos Mastigaveis,EMS Sigma Pharma,7894916500869,76.72,"R$ 63,25 ",11.51,15% ,65.21
Inilok 40Mg Com 90 Comprimidos Revestidos De Liberacao Prolongada,Não especificada,7896637031608,152.28,"R$ 134,41 ",13.71,9% ,138.57
"Esomeprazol Magnésico Medley/Astrazeneca 20mg, caixa com 28 comprimidos revestidos",Medley/Astrazeneca,7896206425869,70.53,"R$ 66,36 ",2.12,3% ,68.41
Omeprazol 10mg 14 cápsulas EMS Genérico,Não especificada,7896004701998,26.28,"R$ 18,35 ",7.36,28% ,18.92
"Esio Comprimido 40Mg, Caixa Com 28 Comprimidos Revestidos",Eurofarma,7891317123604,193.86,"R$ 148,56 ",40.71,21% ,153.15
Adipept Pantoprazol 40mg 28 Comprimidos,Aché,7896658021732,55.82,"R$ 46,03 ",8.37,15% ,47.45
Esomeprazol Magnésico 20mg 28 Comprimidos Revestidos - EMS,EMS,7896004742069,144.01,"R$ 79,63 ",61.92,43% ,82.08999999999999
Gaeso 40mg 28 Comprimidos,Não especificada,7896658034435,179.65,"R$ 142,89 ",32.34,18% ,147.31
Famox 20mg 10 Comprimidos,Aché,7896658000379,34.11,"R$ 28,12 ",5.12,15% ,28.99
"Gaeso 20Mg, Caixa Com 28 Comprimidos Revestidos De Liberacao Retardada",Não especificada,7896658034466,85.92,"R$ 70,84 ",12.89,15% ,73.03
Adipept 20mg 28 Comprimidos Revestidos,Não especificada,7896658021688,55.74,"R$ 45,96 ",8.36,15% ,47.38
Inilok 40mg 60 Comprimidos Revestidos De Liberação Retardada,Não especificada,7896637031516,129.16,"R$ 125,29 ",0.0,0% ,129.16
Azulfin Sulfasalazina 500mg 60 comprimidos,Apsen,7896637022729,134.7,"R$ 107,14 ",24.25,18% ,110.44999999999999
Esomeprazol Magnésio 20mg Genérico Germed 28 Comprimidos Revestidos,Não especificada,7896004742083,144.01,"R$ 79,63 ",61.92,43% ,82.08999999999999
Mesalazina 400mg Neo Química 30 Comprimidos,Neo Química,7896714223049,115.47,"R$ 75,04 ",38.11,33% ,77.36
Rabeprazol Sodico 20 Mg 28 Comprimidos Sdz,Sandoz,7897595620453,270.68,"R$ 149,66 ",116.39,43% ,154.29000000000002
Cimetidina 200mg 10cpr teu,Não especificada,7896112110378,16.29,"R$ 12,96 ",2.93,18% ,13.36
Lozeprel 20mg 56 Cápsulas,Não especificada,7896004785295,43.26,"R$ 17,62 ",25.09,58% ,18.169999999999998
Omeprazol 20mg 56 cápsulas,Não especificada,7895296449700,57.26,"R$ 24,74 ",31.76,55% ,25.499999999999996
Mesalazina 800mg Germed 30 Comprimidos,Não especificada,7896004712970,110.94,110.94,36.61,33% ,74.33
"Dexilant 30Mg, Caixa Com 60 Capsulas De Liberacao Retardada",Takeda,7896641808999,252.11,252.11,37.82,15% ,214.29000000000002
Addera D3 4.000Ui Com 30 Capsulas,Não especificada,7891142206305,85.25,85.25,0.0,0% ,85.25
Omeprazol 20Mg 56 Cápsulas Teuto Genérico,Teuto,7896112181729,43.33,43.33,20.63,48% ,22.7
Esomeprazol Magnésico Tri-Hidratado 40mg 28 comprimidos EMS Genérico,Medley/Astrazeneca,7891058004408,177.69,177.69,58.64,33% ,119.05
Mesacol Mesalazina 500mg 15 Supositórios,Takeda,7896641813061,158.68,158.68,15.87,10% ,142.81
Uniprazol Omeprazol 20mg 56 cápsulas,União Química,7896006290285,44.31,44.31,28.79,65% ,15.520000000000003
Esomeprazol 40Mg Com 28 Comprimidos Ranbaxy,Ranbaxy,7897076914088,256.61,256.61,148.83,58% ,107.78
Famox 20mg Com 30 Comprimidos,Não especificada,7896658000386,71.73,71.73,10.76,15% ,60.970000000000006
Esomeprazol Magnésico 40mg 14 Comprimidos Revestidos - EMS,EMS,7896004743943,150.51,150.51,87.3,58% ,63.209999999999994
Nexium 40mg com 28 comprimidos,Astrazeneca,7896206402976,397.61,397.61,19.88,5% ,377.73
"Cimetidina Prati-Donaduzzi 200mg, caixa com 20 comprimidos revestidos",Prati-Donaduzzi,7899547504224,28.83,28.83,5.19,18% ,23.639999999999997
"Losec Mups 10mg, caixa com 14 comprimidos revestidos",Biopas,7896206401351,135.04,135.04,12.15,9% ,122.88999999999999
Lansoprazol 30mg 28 cápsulas Legrand Genérico,Legrand,7894916140829,101.59,101.59,43.68,43% ,57.910000000000004
Esomex Esomeprazol Magnésico 40mg 28 Comprimidos,EMS Sigma Pharma,7894916508971,258.76,258.76,12.94,5% ,245.82
Esomex Esomeprazol Magnésico 20mg 28 Comprimidos,EMS Sigma Pharma,7894916508964,154.75,154.75,73.24,47% ,81.51
Nexium 20mg com 28 comprimidos,Astrazeneca,7896206402969,190.23,190.23,9.51,5% ,180.72
Mesacol MMX 1200mg Takeda 30 Comprimidos Revestidos,Takeda,7896641807343,431.53,431.53,107.88,25% ,323.65
"Omenax 20mg, caixa com 56 cápsulas gelatinosas duras",Geolab,7899095240162,41.68,41.68,0.0,0% ,41.68
"Ciproterona+Etin 2+0,035Mg 21Cpr Cif",Mabra,7908020500797,23.0,"R$ 16,06 ",6.44,28% ,16.56
"Acetato De Ciproterona + Etinilestradiol Melcon 2,0 + 0,035Mg, Caixa Com 21 Comprimidos Revestidos",Biosintética - Aché,7898907313858,24.97,"R$ 16,23 ",8.24,33% ,16.729999999999997
"Belpele 3Mg G, Bisnaga Com 30G De Gel De Uso Dermatologico",Farmoquímica,7898040322700,122.5,"R$ 101,01 ",18.37,15% ,104.13
"Acetato De Ciproterona + Etinilestradiol Melcon 2,0 + 0,035Mg, Caixa Com 63 Comprimidos Revestidos",Melcon,7898907313872,53.16,"R$ 37,13 ",14.88,28% ,38.279999999999994
"Artemidis 35 0,035Mg + 2Mg, Caixa Com 21 Comprimidos Revestidos",EMS Sigma Pharma,7894916502962,22.84,"R$ 18,17 ",4.11,18% ,18.73
Adapaleno gel 30gr med,Não especificada,7896422515122,57.43,"R$ 45,68 ",10.34,18% ,47.09
Dunia 35 21 Comprimidos Revestidos,Aché,7898907313780,25.13,"R$ 19,99 ",4.52,18% ,20.61
Repopil 2 + 0035mg caixa com 21 comprimidos revestidos,Legrand,7896004703954,26.22,"R$ 18,31 ",7.34,28% ,18.88
Acnase Gel Antiacne Peróxido de Benzoíla 5  com 20g,Biolab,7896082900047,49.21,"R$ 38,19 ",9.84,20% ,39.370000000000005
Gel Clindoxyl Control 5  para Acne com 45g,Stiefel,7896026172295,79.22,"R$ 69,16 ",7.92,10% ,71.3
"Ferane 35 2mg + 0,035mg 21 Comprimidos Revestidos",Cifarma,7898505090236,34.28,34.28,5.14,15% ,29.14
Deriva Micro 1mg creme dermatológico bisnaga com 30g,Glenmark,7897473204270,112.03,112.03,8.96,8% ,103.07
Acnase Sabonete Clean Anti-Acneico 80g,Acnase,7898549756624,17.04,17.04,1.46,9% ,15.579999999999998
"Differin 3mg g, Caixa Com 1 Bisnaga Com 30g de Gel de Uso Dermatologico",Galderma,7897930761476,128.1,128.1,0.0,0% ,128.1
"Vitanol-A 0,25mg/g, caixa com 1 bisnaga com 30g de creme de uso dermatológico",GSK,7896251801533,43.75,43.75,3.5,8% ,40.25
Gel Clindoxyl Control 10  para Acne com 45g,Stiefel,7896026172165,81.25,81.25,8.12,10% ,73.13
Nervocalm 250mg WP Lab 60 Comprimidos,WP LAB Indústria Farmacêutica,7896677701615,66.56,"R$ 58,10 ",6.66,10% ,59.900000000000006
Calman Com 20  Drageas,Aspen Pharma,7895858017156,72.79,"R$ 40,44 ",31.1,43% ,41.690000000000005
Sintocalmy 600mg 30 Comprimidos Revestidos,Aché,7896658021428,79.81,"R$ 62,71 ",15.16,19% ,64.65
Ritmoneuran Rtm Caixa Com 20 Capsulas,Kley Hertz Farmacêutica,7896331707946,67.2,"R$ 21,18 ",45.36,68% ,21.840000000000003
"Dunia 35 2,0mg + 0035mg com 63 comprimidos",Não especificada,7898907313803,66.23,"R$ 54,61 ",9.93,15% ,56.300000000000004
Gel Secativo Antiacne 15g,Não especificada,7899852020174,22.59,"R$ 19,72 ",2.26,10% ,20.33
Nordette com 3 Cartelas de 21 Comprimidos,Wyeth/Pfizer,7891045008440,36.97,"R$ 26,90 ",9.24,25% ,27.729999999999997
Etinilestradiol 15mcg + Gestodeno 60mcg 28 Comprimidos Aché Biosintética Genérico,Biosintética - Aché,7896658038495,31.15,"R$ 24,77 ",5.61,18% ,25.54
"Acetato de Ciproterona 2mg + Etinilestradiol 0,035mg Merck 21 comprimidos Genérico",Não especificada,7891721029424,21.11,"R$ 16,79 ",3.8,18% ,17.31
Epiduo Gel 30g,Galderma,7897930761414,141.89,141.89,14.19,10% ,127.69999999999999
"Vitanol-A 0,5mg/g, caixa com 1 bisnaga com 30g de creme de uso dermatológico",GSK,7896251801540,47.36,47.36,3.79,8% ,43.57
Adapaleno 1mg g Germed Gel de Uso Dermatológico Bisnaga 30g,Não especificada,7896004712697,77.07,77.07,33.14,43% ,43.92999999999999
Acnase Creme Antiacne Biolab 25g,Biolab,7896082900351,52.14,52.14,10.43,20% ,41.71
Adacne 1 Mg Gel 30 Gramas,Glenmark,7897473201637,51.8,51.8,6.22,12% ,45.58
Sintocalmy 300mg 40 Comprimidos Revestidos,Aché,7896658013072,86.59,"R$ 71,39 ",12.99,15% ,73.60000000000001
Seakalm 260mg 20 Comprimidos,Natulab,7898133136047,62.5,"R$ 20,26 ",41.61,67% ,20.89
Varicell Phyto Frasco Com 30 capsulas,Não especificada,7898040328535,59.98,"R$ 45,74 ",12.83,21% ,47.15
"Sintocalmy 300Mg, Caixa Com 20 Comprimidos Revestidos",Aché,7896658012341,49.79,"R$ 41,05 ",7.47,15% ,42.32
"Pasalix Pi 500Mg, Caixa Com 30 Comprimidos",Marjan Farma,7896226100371,71.56,"R$ 63,98 ",5.6,8% ,65.96000000000001
"Calman 0,5Ml 5Ml + 0,35Ml Ml, Caixa Com 1 Frasco Com 100Ml De Solucao De Uso Oral",Aspen Pharma,7895858017149,80.04,"R$ 60,72 ",17.44,22% ,62.60000000000001
"Maracugina Pi 420Mg, Caixa Com 20 Comprimidos Revestidos",Cosmed,7896094907119,37.88,"R$ 36,74 ",0.0,0% ,37.88
Pasalix 30 comprimidos Revestidos,Marjan Farma,7896226109695,68.09,"R$ 60,86 ",5.35,8% ,62.74
Sominex Composto com 20 Comprimidos Revestidos - SEM,EMS,7896004774107,51.78,"R$ 19,30 ",31.88,62% ,19.900000000000002
Valerimed 50mg 20 Comprimidos Revestidos,Cimed,7896523206547,25.88,"R$ 14,39 ",11.05,43% ,14.829999999999998
"Azelan 150Mg G, Caixa Com 1 Bisnaga Com 30G De Gel De Uso Dermatologico",Não especificada,5702191025637,93.23,"R$ 74,16 ",16.78,18% ,76.45
"Diane 35 2mg+0,035mg 63 Drágeas",Bayer,7891106913959,87.8,"R$ 69,84 ",15.8,18% ,72.0
Creme Dermatológico Azelan 200mg 30g,Leo Pharma,5702191025521,93.26,"R$ 74,18 ",16.79,18% ,76.47
"Selene 0,035Mg + 2Mg, Caixa Com 63 Comprimidos Revestidos",Eurofarma,7891317465650,73.51,"R$ 58,47 ",13.23,18% ,60.28
"Gel para Pele com Rosácea Galderma Rozex 7,5mg g com 30g",Galderma,7897930760172,109.9,"R$ 91,08 ",16.0,15% ,93.9
"Selene 0,035Mg + 2Mg, Caixa Com 21 Comprimidos Revestidos",Eurofarma,7891317465667,35.58,"R$ 28,30 ",6.4,18% ,29.18
"Diclin 2Mg + 0,035Mg, Caixa Com 21 Comprimidos Revestidos",Merck,7891721010026,24.48,"R$ 19,47 ",4.41,18% ,20.07
"Tess 2,0 0,035mg 21 Comprimidos Revestidos",União Química,7896006221043,27.31,"R$ 25,16 ",1.37,5% ,25.939999999999998
"Diane 35 2Mg + 0,035Mg, Caixa Com 21 Drageas",Bayer,7891106913966,41.19,"R$ 32,77 ",7.41,18% ,33.78
"Diclin 2Mg + 0,035Mg, Caixa Com 63 Comprimidos Revestidos",Merck,7891721015366,59.04,"R$ 46,96 ",10.63,18% ,48.41
Tensart 857mg 30 Comprimidos,Myralis,7898430192692,91.31,"R$ 77,94 ",10.96,12% ,80.35
Pasalix PI 1.000mg 20 Comprimidos Revestidos,Não especificada,7896226109909,99.99,"R$ 96,99 ",0.0,0% ,99.99
Maracujá Concentrix sem Açúcar Legrand Pharma 100mL,Legrand,7896004779201,41.29,"R$ 32,04 ",8.26,20% ,33.03
Remilev 250 + 60mg caixa com 10 comprimidos revestidos,Aché,7896658004810,75.2,"R$ 66,38 ",6.77,9% ,68.43
"Seakalm 600Mg, Caixa Com 20 Comprimidos",Não especificada,7899470807652,132.77,"R$ 49,49 ",81.75,62% ,51.02000000000001
Passiflorine PI 500mg com 20 comprimidos,MR Laboratórios,7896830500697,57.93,"R$ 50,58 ",5.79,10% ,52.14
Maracugina PI Maracujá 150mL,Não especificada,7896094918924,55.65,"R$ 53,98 ",0.0,0% ,55.65
Pasalix PI 500mg 60 comprimidos,Não especificada,7896226109534,138.58,"R$ 134,42 ",0.0,0% ,138.58
Hom ap 35,Não especificada,7898037080354,25.5,"R$ 24,74 ",0.0,0% ,25.5
Quiétude com 20 flaconetes,Não especificada,7898927111304,135.2,135.2,53.8,40% ,81.39999999999999
Sedatif Pc Com 60 Comprimidos,Boiron,7898927111014,109.99,109.99,15.4,14% ,94.58999999999999
"Maracugina PI 90mg/mL, frasco com 100mL de solução de uso oral",Cosmed,7896094916135,47.88,47.88,11.98,25% ,35.900000000000006
Pazine Passiflora Incarnata 315mg 30 comprimidos,Arese Pharma,7899824400546,79.83,79.83,2.24,3% ,77.59
Sonozzz Passiflora 857mg 30 Comprimidos Revestidos,Não especificada,7500435201643,86.83,86.83,21.71,25% ,65.12
Pasalix 60 Comprimidos Revestidos,Não especificada,7896226109527,144.35,144.35,0.0,0% ,144.35
"Maracugina PI 260mg, caixa com 20 comprimidos revestidos",Cosmed,7896094916555,32.27,32.27,4.84,15% ,27.430000000000003
"Serenus 0,15mg + 0,2mg + 1,5mg, caixa com 20 comprimidos revestidos",Biolab,7896112480846,59.0,59.0,0.0,0% ,59.0
"Venocel 100Mg, Caixa Com 60 Capsulas Gelatinosas",Cifarma,7898495605977,44.12,"R$ 16,84 ",26.76,61% ,17.359999999999996
"Venocel 100Mg, Caixa Com 30 Capsulas Gelatinosas",Cifarma,7898495605960,26.45,"R$ 9,82 ",16.33,62% ,10.120000000000001
Daflon 1000mg Servier 30 Comprimidos Revestidos,Servier,7898029551848,183.78,"R$ 146,18 ",33.08,18% ,150.7
"Venaflon 450Mg + 50Mg, Caixa Com 30 Comprimidos Revestidos",Teuto,7896112115151,102.36,"R$ 49,02 ",51.82,51% ,50.54
Creme Revitalizante Para Pernas Cedraflon 150ml,Servier,7898029550063,125.99,"R$ 103,88 ",18.9,15% ,107.09
Dobeven 500mg Apsen 30 Cápsulas,Apsen,7896637025492,100.87,"R$ 83,17 ",15.13,15% ,85.74000000000001
Flavenos 1g com 30 comprimidos,Não especificada,7896112403517,120.35,"R$ 98,35 ",18.96,16% ,101.38999999999999
Diosmin SDU 900mg + 100mg Aché 30 Sachês Sabor Laranja Limão,Aché,7896658011368,188.63,"R$ 173,82 ",9.43,5% ,179.2
Perivasc 1000mg 30 comprimidos,Eurofarma,7891317004965,155.23,"R$ 127,99 ",23.28,15% ,131.95
Creme para Pernas Cansadas Varicell com 150g,Não especificada,7898040329112,37.0,"R$ 32,30 ",3.7,10% ,33.3
Capilarema 75mg 30 Comprimidos,Baldacci,7897851220236,65.34,"R$ 53,87 ",9.8,15% ,55.540000000000006
Fledoid 500mg Pomada 40g,Não especificada,7898040325169,36.39,"R$ 27,27 ",8.28,23% ,28.11
Varicoss 20 Drageas,Cifarma,7898158693693,45.84,"R$ 26,45 ",18.57,41% ,27.270000000000003
Venocel Gel 300 Gramas  + Valv Pump,Cifarma,7898495608329,73.85,"R$ 47,65 ",24.73,33% ,49.11999999999999
Hirudoid 5mg g gel bisnaga com 40g,Daiichi-Sankyo,7897411601543,43.95,"R$ 34,11 ",8.79,20% ,35.160000000000004
Creme Para Pernas E Pes Venalot 240Ml,Takeda,7896094921849,72.98,"R$ 70,79 ",0.0,0% ,72.98
"Creme Para Varizes Varicell Pele Normal, 300G",Varicell,7898414852420,63.5,"R$ 50,27 ",11.68,18% ,51.82
"Fledoid 5Mg G, Caixa Com 1 Bisnaga Com 40G De Gel De Uso Dermatologico",Farmoquímica,7898040325206,37.63,"R$ 27,27 ",9.52,25% ,28.110000000000003
Venula 200mg 60 Cápsulas,Biolab,7896112452690,88.46,"R$ 72,93 ",13.27,15% ,75.19
Daflon 500Mg 30Cpr Rev,Servier,7898029551770,129.49,"R$ 106,77 ",19.42,15% ,110.07000000000001
Daflon 1000mg Servier 60 Comprimidos,Servier,7898029551855,328.5,"R$ 261,29 ",59.13,18% ,269.37
Venalot 60 Drágeas,Cosmed,7896094922143,133.7,"R$ 102,45 ",28.08,21% ,105.61999999999999
Trombofob Gel 40Gr,Abbott do Brasil,7896255717885,32.34,"R$ 31,37 ",0.0,0% ,32.34
Daflon 500mg Servier 60 Comprimidos Revestidos,Servier,7898029551787,221.27,"R$ 160,97 ",55.32,25% ,165.95000000000002
Flavonid 450mg + 50mg 60 Comprimidos Revestidos,Neo Química,7896714221847,177.69,"R$ 76,18 ",99.15,56% ,78.53999999999999
Venaflon 900 100mg 60 Comprimidos Revestidos,Não especificada,7896112104070,279.29,"R$ 166,20 ",107.95,39% ,171.34000000000003
Creme para as Pernas Diosmin com 200g,Não especificada,7896658035913,82.0,"R$ 79,54 ",0.0,0% ,82.0
Locao Para Pernas E Pes Fletop 200Ml,Fletop,7898040324438,84.7,"R$ 62,49 ",20.28,24% ,64.42
Castanha Da India Atalaia 30Drg,Farmabraz,7896372505006,56.48,"R$ 50,58 ",4.34,8% ,52.14
Flebon 50mg Farmoquimica 30 Comprimidos,Farmoquímica,7898040322670,84.36,"R$ 69,56 ",12.65,15% ,71.71
Venula Hidrosmina 200mg 30 cápsulas,Não especificada,7896112452775,44.27,"R$ 36,50 ",6.64,15% ,37.63
Hirudoid 5mg g pomada bisnaga com 40g,Daiichi-Sankyo,7897411601567,42.73,"R$ 41,45 ",0.0,0% ,42.73
"Flavonid 450Mg + 50Mg, Caixa Com 30 Comprimidos Revestidos",Neo Química,7896714203768,103.88,"R$ 47,10 ",55.32,53% ,48.559999999999995
Hirudoid 3mg g pomada bisnaga com 40g,Daiichi-Sankyo,7897411601529,40.16,"R$ 35,06 ",4.02,10% ,36.14
"Venalot 15Mg + 90Mg, Caixa Com 30 Comprimidos Revestidos",Cosmed,7896094921177,73.99,"R$ 61,00 ",11.1,15% ,62.88999999999999
"Topcoid 5Mg G, Caixa Com 1 Bisnaga Com 40G De Gel De Uso Dermatologico",União Química,7896006280507,34.1,"R$ 29,77 ",3.41,10% ,30.69
"Diosmin 450Mg + 50Mg, Caixa Com 60 Comprimidos Revestidos",Aché,7896658006050,140.89,"R$ 129,83 ",7.04,5% ,133.85
Diosmin 450 50mg 30 comprimidos,Aché,7896658006043,66.82,"R$ 61,58 ",3.34,5% ,63.47999999999999
Venaflon 450Mg + 50Mg 60 Comprimidos Revestidos,Teuto,7896112116554,179.49,"R$ 92,28 ",84.36,47% ,95.13000000000001
Capilarema 75Mg 60Cpr,Baldacci,7897851221158,116.24,"R$ 95,84 ",17.44,15% ,98.8
Hirudoid 300mg Gel com 40g,Daiichi-Sankyo,7897411601505,38.77,"R$ 37,61 ",0.0,0% ,38.77
Dobeven Dobesilato 500mg 60 cápsulas,Apsen,7896637025485,181.58,"R$ 149,71 ",27.24,15% ,154.34
"Vecasten Melilotus Officinalis 26,7mg 30 comprimidos",Marjan Farma,7896226109435,138.83,"R$ 114,47 ",20.82,15% ,118.01000000000002
"Flavenos 450mg + 50mg, caixa com 30 comprimidos revestidos",Biolab,7896112436102,81.0,81.0,24.3,30% ,56.7
"Flavenos 450mg + 50mg, caixa com 60 comprimidos revestidos",Biolab,7896112419648,147.12,147.12,44.14,30% ,102.98
Arnica Gel 250mg 30g,Kley Hertz Farmacêutica,7896331707090,56.9,56.9,24.22,43% ,32.68
"Venolise 26,7mg, caixa com 30 comprimidos revestidos",Myralis,7898430192425,121.57,121.57,21.88,18% ,99.69
Daflon Flex 1000mg Suspensão Oral,Servier,7898029550766,183.78,183.78,9.19,5% ,174.59
Reparil Gel 30g Mylan,Mylan,7898560661563,36.21,36.21,3.62,10% ,32.59
"Nebacetin 5Mg G + 250Ui G, Caixa Com 1 Bisnaga Com 15G De Pomada De Uso Dermatologico",Cosmed,7896094922105,26.23,"R$ 25,44 ",0.0,0% ,26.23
"Nebacetin 5Mg G + 250Ui G, Caixa Com 1 Bisnaga Com 50G De Pomada De Uso Dermatologico",Cosmed,7896094922099,51.49,"R$ 49,95 ",0.0,0% ,51.49
"Sulfato De Neomicina + Bacitracina Zincica Medley 5Mg G + 250Ui G, Caixa Com 1 Bisnaga Com 15G De Pomada De Uso Dermatologico",Não especificada,7896422504454,13.08,"R$ 12,69 ",0.0,0% ,13.08
Sulfato De Neomicina + Bacitracina Ems 15Gr,EMS,7896004715902,12.73,"R$ 12,35 ",0.0,0% ,12.73
"Diosmin Sdu 900Mg + 100Mg, Caixa Com 30 Saches Com 5G De Granulado Para Solucao Oral  Sabor Abacaxi",Aché,7896658000911,188.63,"R$ 173,82 ",9.43,5% ,179.2
Venaflon 900mg + 100mg 30 Comprimidos Revestidos,Não especificada,7896112102908,147.03,"R$ 112,80 ",30.74,21% ,116.29
Perivasc 500mg 60 Comprimidos Revestidos,Não especificada,7891317008598,142.57,"R$ 117,54 ",21.39,15% ,121.17999999999999
Varicell Duo 30 comprimidos,Não especificada,7898040329792,54.33,"R$ 42,80 ",10.21,19% ,44.12
Varicell Proct Pomada para Hemorroida 25g com 6 Aplicadores,Não especificada,7898040329785,43.24,"R$ 36,07 ",6.05,14% ,37.190000000000005
Varicoss 60 Drageas,Cifarma,7898158693709,113.41,113.41,69.99,62% ,43.42
Vecasten Gel para Pernas com 150g,Marjan Farma,7896226109053,83.84,83.84,12.58,15% ,71.26
ZZ Castanha Da India 60 Comprimidoss,Não especificada,7908135001585,38.9,38.9,0.0,0% ,38.9
Diosmin 900 100mg caixa com 30 comprimidos,Não especificada,7896658036477,148.7,148.7,22.3,15% ,126.39999999999999
"Varivax 100mg, caixa com 30 comprimidos",Natulab,7898133136450,77.67,77.67,58.03,75% ,19.64
"Sulfato De Neomicina + Bacitracina Zincica Medley 5Mg G + 250Ui G, Caixa Com 1 Bisnaga Com 50G De Pomada De Uso Dermatologico",Não especificada,7896422504478,28.16,"R$ 27,32 ",0.0,0% ,28.16
Nebacimed Pomada Bisnaga 15g,Não especificada,7896523206783,20.61,"R$ 14,00 ",6.18,30% ,14.43
Efurix 50mg g creme bg 15g,Bausch + Lomb,7896862993054,25.5,25.5,3.06,12% ,22.44
"Sulfato De Neomicina + Bacitracina Zincica Cimed 5Mg + 250Ui G, Caixa Com 1 Bisnaga Com 15G De Pomada De Uso Dermatologico",Cimed,7896523209142,11.81,11.81,0.0,0% ,11.81
Nebacimed 5mg g + 250Ul g Pomada 50g,Não especificada,7896523201658,34.99,34.99,0.0,0% ,34.99
"Dipirona Monoidratada Ache 50Mg Ml, Caixa Com 1 Frasco Com 100Ml De Solucao Oral + 1 Copo Medidor",Biosintética - Aché,7896181911036,17.54,"R$ 17,01 ",0.0,0% ,17.54
Engov 24Cpr,Cosmed,7896094907324,28.95,"R$ 28,08 ",0.0,0% ,28.95
Cimegripe 77c Sabor Mel e Limão Sachê 5g 1 Unidade,Cimed,7896523208640,1.65,"R$ 1,47 ",0.13,8% ,1.52
"Dipirona Monoidratada Comprimido Ems 500Mg, Blister Com 10 Comprimidos",EMS,7896004703398,7.26,"R$ 7,04 ",0.0,0% ,7.26
"Dipirona Sodica Prati-Donaduzzi 500Mg, Blister Com 10 Comprimidos",Prati-Donaduzzi,7898148294121,5.91,"R$ 5,73 ",0.0,0% ,5.91
"Novalgina 50Mg Ml, Caixa Com 1 Frasco Com 100Ml De Solucao De Uso Oral + Seringa Dosadora Copo",Sanofi,7891058005566,45.66,"R$ 35,40 ",9.17,20% ,36.489999999999995
"Paracetamol Prati-Donaduzzi 750Mg, Blister Com 10 Comprimidos Revestidos",Prati-Donaduzzi,7898148295081,7.73,"R$ 7,50 ",0.0,0% ,7.73
"Novalgina 1G, Caixa Com 10 Comprimidos",Sanofi,7891058001155,23.0,"R$ 19,00 ",3.41,15% ,19.59
"Tylenol Bebe 100Mg Ml, Caixa Com 1 Frasco Com 15Ml De Suspensao De Uso Oral + Seringa Dosadora",Janssen-Cilag,7896212428861,57.61,"R$ 47,52 ",8.62,15% ,48.99
Advil Extra 400 Mg 8 Capsula,GSK,7896009498442,31.77,"R$ 20,85 ",10.28,32% ,21.490000000000002
"Doril Enxaqueca 250Mg + 250Mg + 65Mg, Caixa Com 18 Comprimidos Revestidos",Cosmed,7896094908529,41.7,"R$ 40,45 ",0.0,0% ,41.7
Floratil At 250Mg Com 6 Envelopes,Farmoquímica,7898040329600,49.99,"R$ 35,38 ",13.52,27% ,36.47
"Vick Pyrena, 1 Envelope Canela E Maca",P&G,7501006718065,4.75,"R$ 4,61 ",0.0,0% ,4.75
Alivium 100Mg 20Ml,Cosmed,7891142115492,49.07,"R$ 47,60 ",0.0,0% ,49.07
"Novalgina 500Mg, Blister Com 10 Comprimidos",Sanofi,7891058001599,15.78,"R$ 14,44 ",0.89,6% ,14.889999999999999
Calmasyn 900mg 20 Comprimidos,Não especificada,7908020506621,69.97,"R$ 33,46 ",35.48,51% ,34.49
Sonridor Caf 2Cpr Eferv X12,Não especificada,7896015517090,9.19,"R$ 8,91 ",0.0,0% ,9.19
Sonrisal 2 Comprimidos Efervescentes,GSK,7896015520533,2.93,"R$ 2,84 ",0.0,0% ,2.93
"Vick Pyrena, 1 Envelope Camomila E Erva-Cidreira",P&G,0000075023393,4.75,"R$ 4,61 ",0.0,0% ,4.75
Doralgina com 20 drágeas,Neo Química,7896714210018,29.92,"R$ 12,21 ",17.33,58% ,12.590000000000003
"Dipirona Monoidratada Medley 500Mg, Blister Com 10 Comprimidos",Não especificada,7896422507066,9.05,"R$ 7,46 ",1.36,15% ,7.69
Galvus Met 50 500mg Novartis Biociências 56 Comprimidos,Cosmed,7897322710464,11.88,"R$ 11,52 ",0.0,0% ,11.88
"Lisador 500Mg + 5Mg + 10Mg, Caixa Com 16 Comprimidos",Cosmed,7897322702209,44.98,"R$ 43,63 ",0.0,0% ,44.98
"Dorilen 500Mg + 10Mg + 5Mg 1,5Ml, Caixa Com 1 Frasco Gotejador Com 15Ml De Solucao De Uso Oral",Legrand,7896004715049,38.04,"R$ 16,61 ",20.92,55% ,17.119999999999997
Neosaldina 30 Drageas,Não especificada,7896094999992,43.89,"R$ 38,32 ",4.39,10% ,39.5
"Dipirona Monoidratada Medley 500Mg, Caixa Com 30 Comprimidos",Não especificada,7896422507059,31.55,"R$ 18,97 ",11.99,38% ,19.560000000000002
"Ibuprofeno Gotas Cimed 100Mg Ml, Caixa Com 1 Frasco Gotejador Com 20Ml De Suspensao De Uso Oral",Cimed,7896523227566,19.67,"R$ 15,27 ",3.93,20% ,15.740000000000002
Advil 400Mg 8 Capsulas Gelatinosas Moles Blister,GSK,7896009498428,22.74,"R$ 22,06 ",0.0,0% ,22.74
"Dipirona Comprimido Neo Quimica 1G, Caixa Com 10 Comprimidos",Neo Química,7896714207551,22.49,"R$ 10,66 ",11.5,51% ,10.989999999999998
"Ibuprofeno Comprimido Neo Quimica 400Mg, Caixa Com 10 Comprimidos",Neo Química,7896714211275,24.44,"R$ 18,96 ",4.89,20% ,19.55
"Doriless Comprimido 500Mg + 10Mg + 5Mg, Caixa Com 12 Comprimidos",Cifarma,7898495607889,17.74,"R$ 12,95 ",4.39,25% ,13.349999999999998
"Ibuflex 100Mg Gotas, Caixa Com 1 Frasco Gotejador Com 30Ml De Suspensao De Uso Oral",Não especificada,7896004799902,36.17,"R$ 9,93 ",25.93,72% ,10.240000000000002
Neosaldina 20 Drageas,Cosmed,7896094921979,33.95,"R$ 27,99 ",5.09,15% ,28.860000000000003
"Vick Pyrena, 1 Envelope Mel E Limao",P&G,0000078911246,4.75,"R$ 4,61 ",0.0,0% ,4.75
Tylenol Paracetamol 750mg 10 comprimidos,Janssen-Cilag,7891010246235,23.89,"R$ 18,54 ",4.78,20% ,19.11
"Neosaldina 30Mg + 300Mg + 30Mg, Blister Com 4 Drageas",Cosmed,7896094922402,8.69,"R$ 7,37 ",1.09,13% ,7.6
Advil 400Mg Com 20 Capsulas Liquidas,GSK,7896009498459,51.49,"R$ 49,95 ",0.0,0% ,51.49
"Dipirona Sodica Prati-Donaduzzi 500Mg, Caixa Com 30 Comprimidos",Prati-Donaduzzi,7899547531213,27.79,"R$ 16,71 ",10.56,38% ,17.229999999999997
"Dorflex Uno 1G, Caixa Com 20 Comprimidos",Sanofi,7891058000103,27.82,"R$ 26,99 ",0.0,0% ,27.82
"Paracetamol Uniao Quimica 750Mg, Caixa Com 20 Comprimidos",União Química,7896006298571,22.13,"R$ 8,58 ",13.28,60% ,8.85
"Tormiv Sl 10Mg, Caixa Com 10 Comprimidos Sublinguais",Não especificada,7896658038112,38.86,"R$ 30,91 ",6.99,18% ,31.869999999999997
"Toragesic 10Mg, Caixa Com 10 Comprimidos Sublinguais",EMS Sigma Pharma,7894916516006,49.39,"R$ 34,82 ",13.49,27% ,35.9
Sonrisal 2 Comprimidos Efervescentes Sabor Limao,GSK,7896090604517,2.93,"R$ 2,84 ",0.0,0% ,2.93
Neosaldina 10 Drageas,Cosmed,7896094922396,18.99,"R$ 18,42 ",0.0,0% ,18.99
"Paracetamol Gotas Biosintetica 200Mg Ml, Caixa Com 1 Frasco Gotejador Com 15Ml De Solucao De Uso Oral",Biosintética - Aché,7896181909712,12.97,"R$ 12,58 ",0.0,0% ,12.97
"Tylenol Comprimido 750Mg, Caixa Com 20 Comprimidos Revestidos",Não especificada,7896212422517,43.99,"R$ 34,13 ",8.8,20% ,35.19
"Engov 15Mg + 150Mg +150Mg + 50Mg, Blister Com 6 Comprimidos",Cosmed,7896094903104,9.99,"R$ 9,69 ",0.0,0% ,9.99
Tylenol DC 500mg + 130mg com 20 comprimidos,Não especificada,7891010255855,38.0,"R$ 29,49 ",7.6,20% ,30.4
Lisador Dip 1 Gramas  20 Comprimidos,Cosmed,7896094916234,42.98,"R$ 29,97 ",12.08,28% ,30.9
"Tylenol Dc 1g, Caixa Com 20 Comprimidos",Janssen-Cilag,7896212413560,38.0,"R$ 29,49 ",7.6,20% ,30.4
"Aspirina 500Mg, Cartela Com 10 Comprimidos",Bayer,7891106004213,11.48,"R$ 11,14 ",0.0,0% ,11.48
"Dorflex Uno 1G, Caixa Com 10 Comprimidos",Sanofi,7891058022815,17.2,"R$ 16,68 ",0.0,0% ,17.2
"Camilia 3,333Mg + 3,333Mg + 3,333Mg, 30 Flaconetes Com 1Ml De Solucao De Uso Oral",Boiron,7898927111137,170.91,"R$ 165,78 ",0.0,0% ,170.91
"Tylenol Comprimido 500Mg, Caixa Com 20 Comprimidos Revestidos",Janssen-Cilag,7891010986155,35.0,"R$ 27,16 ",7.0,20% ,28.0
"Dipirona Gotas Neo Quimica 500Mg Ml, Caixa Com 1 Frasco Com 20Ml De Solucao De Uso Oral",Neo Química,7896714213736,14.11,"R$ 12,98 ",0.73,5% ,13.379999999999999
"Paracetamol Cimed 200Mg Ml, Caixa Com 1 Frasco Com 15Ml De Solucao De Uso Oral",Cimed,7896523201467,12.3,"R$ 11,93 ",0.0,0% ,12.3
Novalgina 500mg ml Gotas 20ml,Sanofi,7891058000165,29.68,"R$ 28,79 ",0.0,0% ,29.68
Tyflen 200mg mL Solução Gotas com 15mL,Não especificada,7898100240777,10.82,"R$ 10,50 ",0.0,0% ,10.82
Neosaldina Dip 1Gr Com 10 Comprimidos,Cosmed,7896094999558,20.49,"R$ 16,90 ",3.07,15% ,17.419999999999998
"Dipimed 500Mg Ml, Caixa Com 1 Frasco Com 20Ml De Solucao De Uso Oral",Medquímica,7896862940058,13.19,"R$ 3,56 ",9.52,72% ,3.67
Dipirona Monoidratada 500mg 10 comprimidos Prati Donaduzzi Genérico,Não especificada,7895296210959,7.83,"R$ 6,84 ",0.78,10% ,7.05
"Paracetamol Prati-Donaduzzi 500Mg, Caixa Com 20 Comprimidos",Prati-Donaduzzi,7898148295012,18.21,"R$ 15,02 ",2.73,15% ,15.48
Paracetamol 750mg 20 Comprimidos - Cimed,Cimed,7896523201726,24.66,"R$ 14,36 ",9.86,40% ,14.8
"Novalgina 1G, Caixa Com 10 Comprimidos Efervescentes",Sanofi,7891058015756,32.57,"R$ 31,59 ",0.0,0% ,32.57
"Spray de Higiene Nasal Neosoro Fluid 0,9  50mL",Não especificada,7896714290515,30.39,"R$ 22,41 ",7.29,24% ,23.1
"Dipirona 1Gr Ems, Caixa Com 10 Comprimidos",Não especificada,7896004782546,19.21,"R$ 14,54 ",4.22,22% ,14.990000000000002
"Drospirenona + Etinilestradiol 3Mg+0,02Mg Ems, Caixa Com 24+4 Comprmidos Revestidos",EMS,7896004773117,68.13,"R$ 37,67 ",29.3,43% ,38.83
Advil Mulher 400Mg Com 2 Comprimidos,GSK,7896009498466,6.6,"R$ 6,40 ",0.0,0% ,6.6
Doril Enxaqueca 4  Comprimidosx25,Cosmed,7896094910546,10.4,"R$ 10,09 ",0.0,0% ,10.4
Advil Extra 400 Mg 3 Capsula,GSK,7896009498411,9.9,"R$ 9,60 ",0.0,0% ,9.9
"Dividol 70Mg, Caixa Com 36 Capsulas Gelatinosas Duras",Zambon,7898074618657,156.75,156.75,23.51,15% ,133.24
Vitaceklitos Gotas 20ml,Não especificada,7908135001493,14.97,"R$ 13,07 ",1.5,10% ,13.47
Alivium 400Mg 10 Capsulas,Cosmed,7891142201638,29.96,"R$ 18,33 ",11.06,37% ,18.9
Lisador Dip 1Gr 10Cpr,Cosmed,7896094916227,23.89,"R$ 16,39 ",6.99,29% ,16.9
Spidufen 770mg 10 comprimidos,Zambon,7898074610453,35.9,"R$ 30,29 ",4.67,13% ,31.229999999999997
Deocil SL 10mg comprimidos,Diffucap Chemobras,7898096577031,42.1,"R$ 29,80 ",11.38,27% ,30.72
Anador 24 Comprimidos,Sanofi,7891058021597,27.59,"R$ 26,76 ",0.0,0% ,27.59
"Toragesic 10Mg, Caixa Com 20 Comprimidos Sublinguais",EMS Sigma Pharma,7894916516013,49.93,"R$ 42,10 ",6.53,13% ,43.4
Paracetamol 500mg + Cafeína 65mg EMS 20 Comprimidos Revestidos,EMS,7896004721323,24.49,"R$ 20,52 ",3.34,14% ,21.15
Paracetamol 200Mg Gts 15Ml Ems Gen,EMS,7896004700038,11.3,"R$ 10,96 ",0.0,0% ,11.3
Alivium 400Mg 8 Capsulas,Cosmed,7891142201621,24.67,"R$ 19,30 ",4.77,19% ,19.900000000000002
Advil Mulher 10 Capsulas,GSK,7896009498480,31.8,"R$ 30,85 ",0.0,0% ,31.8
"Acido Mefenamico Medley 500Mg, Caixa Com 24 Comprimidos",Medley,7896422517195,23.05,"R$ 20,57 ",1.84,8% ,21.21
"Dorilen 500Mg + 10Mg + 5Mg, Caixa Com 12 Comprimidos",Legrand,7896004715032,23.01,"R$ 15,70 ",6.82,30% ,16.19
"Difebril Gotas 500Mg Ml, Caixa Com 1 Frasco Gotejador Com 20Ml De Solucao De Uso Oral",Cifarma,7898158690555,13.45,"R$ 4,04 ",9.28,69% ,4.17
Sedamed 20 Comprimidos,Cimed,7896523209173,26.91,"R$ 12,85 ",13.66,51% ,13.25
"Atroveran Dip 1G, Caixa Com 20 Comprimidos",Cosmed,7896094915381,27.3,"R$ 26,48 ",0.0,0% ,27.3
Advil 12 Horas 600Mg Com 6 Comprimidos,GSK,7896015592752,24.98,"R$ 20,27 ",4.08,16% ,20.9
"Neralgyn 30Mg + 300Mg + 30Mg, Frasco Com 20 Drageas",Cifarma,7898158694416,17.96,"R$ 12,16 ",5.42,30% ,12.540000000000001
Tylemax Paracetamol 200mg mL Solução Oral 15mL,Natulab,7898133130410,16.08,"R$ 7,17 ",8.69,54% ,7.389999999999999
"Aspirina C 400Mg + 240Mg, Envelope Com 2 Comprimidos Efervescentes Sabor Limao",Bayer,7891106000888,9.49,"R$ 9,21 ",0.0,0% ,9.49
"Lisador Dip 1G, Blister Com 8 Comprimidos",Cosmed,7896094916258,18.74,"R$ 18,18 ",0.0,0% ,18.74
Alivium Ibuprofeno 400mg 3 cápsulas,Cosmed,7891142201676,9.88,"R$ 9,58 ",0.0,0% ,9.88
Anador 500mg 4  Comprimidos X128,Sanofi,7891058021740,5.35,"R$ 5,19 ",0.0,0% ,5.35
Paracetamol Bebê 100mg mL Suspensão Oral 15mL,EMS,7896004716299,23.08,"R$ 17,91 ",4.62,20% ,18.459999999999997
Dipirona Sódica 500mg + Cafeína 65mg Neo Química 16 Comprimidos,Não especificada,7896714261515,24.58,"R$ 17,89 ",6.14,25% ,18.439999999999998
Paracetamol 200mg ml Medley Solução Gotas Frasco 15ml,Não especificada,7896422505390,18.26,"R$ 15,05 ",2.74,15% ,15.520000000000001
Novalgina 1 Gramas  Efervecente  Limao 2 X50,Não especificada,7891058015787,6.74,"R$ 6,54 ",0.0,0% ,6.74
"Deocil Sl 10Mg, Caixa Com 20 Comprimidos Sublinguais",Não especificada,7898096577550,77.47,"R$ 54,83 ",20.94,27% ,56.53
"Camilia 3,333Mg + 3,333Mg + 3,333Mg, 10 Flaconetes Com 1Ml De Solucao De Uso Oral",Boiron,7898927111113,93.68,"R$ 90,87 ",0.0,0% ,93.68
"Dipirona Sodica Prati-Donaduzzi 500Mg, Caixa Com 20 Comprimidos",Prati-Donaduzzi,7899547531206,19.94,"R$ 11,60 ",7.98,40% ,11.96
"Dolamin 125mg, caixa com 16 comprimidos revestidos",Farmoquímica,7898040320768,33.52,"R$ 27,64 ",5.03,15% ,28.490000000000002
Anador Gotas 20 Ml,Sanofi,7891058021580,26.78,"R$ 25,98 ",0.0,0% ,26.78
Advil Extra Alivio 16 Capsulas,GSK,7896009498398,45.99,"R$ 38,70 ",6.09,13% ,39.900000000000006
Desrinite 120 Mg 10 Comprimidos,Não especificada,7896714290591,47.91,"R$ 34,91 ",11.92,25% ,35.989999999999995
Ácido Mefenâmico 500mg 24 comprimidos EMS Genérico,Não especificada,7896004720869,27.26,"R$ 19,04 ",7.63,28% ,19.630000000000003
"Clilon 0,5  Solucao Oftalmica Gotas 5Ml",Não especificada,EAN não informado,44.24,"R$ 39,05 ",3.98,9% ,40.260000000000005
Atrofem 400mg 10caps,Não especificada,7896094914971,27.97,"R$ 27,13 ",0.0,0% ,27.97
SONRISAL LIMAO 5X2CPR EFERV,Não especificada,7896015591847,14.0,"R$ 11,32 ",2.33,17% ,11.67
Capsfen 600mg com 10 cápsulas,Não especificada,7898495602358,46.38,"R$ 24,74 ",20.88,45% ,25.500000000000004
Dipirona Monoidratada 1g 20 comprimidos EMS Genérico,Não especificada,7896004782553,37.91,"R$ 29,42 ",7.58,20% ,30.33
Spidufen 770mg 6 comprimidos,Zambon,7898074610354,23.58,"R$ 18,75 ",4.25,18% ,19.33
MIGRALIV 12CPR,Não especificada,7896004760995,21.57,"R$ 20,92 ",0.0,0% ,21.57
"Neosoro Fluid Alto Volume 0,9  para Lavagem Nasal com 30 Sachês e Frasco Aplicador de 240mL",Não especificada,7896714295305,86.49,"R$ 52,87 ",31.99,37% ,54.5
Advil Ibuprofeno 600mg 12 comprimidos,Não especificada,7896015592769,39.98,"R$ 38,78 ",0.0,0% ,39.98
"Acido Acetilsalicilico Ems 500Mg, Blister Com 10 Comprimidos",EMS,7896004768397,3.55,3.55,0.0,0% ,3.55
"Tylenol Gotas 200Mg Ml, Caixa Com 1 Frasco Gotejador Com 15Ml De Solucao De Uso Oral",Janssen-Cilag,7896212479924,45.18,45.18,7.28,16% ,37.9
Paracetamol 750mg 10 comprimidos Cimed Genérico,Cimed,7896523209449,10.28,10.28,3.6,35% ,6.68
"Doril DC 500 500mg + 65mg, blister com 4 comprimidos",Cosmed,7896094917347,8.64,8.64,0.0,0% ,8.64
"Tyflen Bebê 100Mg Ml,  1 Frasco Com 15Ml De Suspensao De Uso Oral + Ser Dosador",Brasterápica,7898100242719,29.97,29.97,16.71,56% ,13.259999999999998
"Acido Mefenamico Ache 500Mg, Caixa Com 24 Comprimidos",Biosintética - Aché,7896181911517,27.49,27.49,6.32,23% ,21.169999999999998
Calmasyn Solucao Oral 100Ml,Não especificada,7898495608985,53.08,53.08,22.2,42% ,30.88
Spidufen Damasco 770mg 6 Envelopes,Zambon,7898074617742,23.32,23.32,3.03,13% ,20.29
Ácido Acetilsalicílico 500mg 10 comprimidos Cimed Genérico,Cimed,7896523226729,3.86,3.86,0.0,0% ,3.86
"Ibuflex Cápsula 400mg, Caixa Com 8 Cápsulas Gelatinosas Moles",Legrand,7896004732930,26.2,26.2,16.3,62% ,9.899999999999999
Analgésico Tylenol Criança Líquido 60mL,Janssen-Cilag,7896212409457,56.33,56.33,11.27,20% ,45.06
Melhoral Adulto 8 Comprimidos X25,Não especificada,7896090610501,11.07,11.07,0.0,0% ,11.07
Alivium 400mg 20 Capsulas,Não especificada,EAN não informado,49.0,49.0,19.29,39% ,29.71
"Ibuprofeno Biosintética - Aché 100mg/mL, caixa com 1 frasco gotejador com 20mL de suspensão de uso oral",Biosintética - Aché,7896181919698,21.04,21.04,3.16,15% ,17.88
Spidufen 400 770Mg 20Env,Zambon,7898074615755,65.26,65.26,8.48,13% ,56.78
Dipirona Sódica - Germed 30 comprimidos,Não especificada,7896004756622,20.65,20.65,4.75,23% ,15.899999999999999
Tylenol 750Mg Com 4 Comprimidos,Não especificada,7891010986506,9.88,9.88,0.49,5% ,9.39
Spidufen 770mg 20 comprimidos,Zambon,7898074610651,64.77,64.77,8.42,13% ,56.349999999999994
"Neosaldina 50Mg + 300Mg + 30Mg, Caixa Com 1 Frasco Com 15Ml De Solucao De Uso Oral",Cosmed,7896094999985,43.11,43.11,1.28,3% ,41.83
"Anador 1Gr, Caixa Com 20 Comprimidos",Não especificada,7891058003883,27.63,27.63,0.0,0% ,27.63
Pralívio Ibuprofeno 400mg 10 Cápsulas Gel Mole,Não especificada,7896523201320,22.51,"R$ 19,65 ",2.25,10% ,20.26
Sonridor 2Cpr Eferv X12,Não especificada,7896015500016,7.9,"R$ 7,66 ",0.0,0% ,7.9
"Maxalgina Solucao Oral 500Mg Ml, Caixa Com 1 Frasco Gotejador Com 20Ml De Solucao De Uso Oral",Natulab,7898133131011,19.21,"R$ 6,58 ",12.43,65% ,6.780000000000001
"Alivium Capsula 600Mg, Caixa Com 10 Capsulas Gelatinosas Moles",Cosmed,7891142115126,47.31,"R$ 41,30 ",4.73,10% ,42.58
Equilibrisse 420mg 10 Comprimidos,Não especificada,7896714274423,22.01,"R$ 21,35 ",0.0,0% ,22.01
Tylenol Dc 500mg + 65mg Com 4 Comprimidos,Não especificada,7891010255862,8.79,"R$ 7,17 ",1.4,16% ,7.389999999999999
Ibuprofeno 400mg 10 cápsulas Medley Genérico,Não especificada,7891058002725,20.93,"R$ 20,30 ",0.0,0% ,20.93
Alivium Gc 200Mg Ml Gotas 20Ml,Não especificada,7891142205490,58.92,"R$ 57,15 ",0.0,0% ,58.92
Dipirona Sódica Solução Oral 50mg mL Genérico Biosintética 100mL,Não especificada,7896422506243,22.63,"R$ 17,56 ",4.53,20% ,18.099999999999998
Paracetamol 750mg Prati Donaduzzi 20 comprimidos,Não especificada,7899547531237,15.55,"R$ 13,58 ",1.55,10% ,14.0
Mirador Colica 20 Comprimidos,Não especificada,7896714291987,16.04,"R$ 14,01 ",1.6,10% ,14.44
"Atroveran Dip 500Mg Ml, Caixa Com 1 Frasco Gotejador Com 20Ml De Solucao De Uso Oral",Cosmed,7896094917460,22.49,"R$ 19,25 ",2.64,12% ,19.849999999999998
"Cefalium One 750Mg, Caixa Com 20 Comprimidos",Aché,7896658036057,28.44,"R$ 25,93 ",1.71,6% ,26.73
"Lisador Dip 500Mg Ml, Frasco Com 20Ml De Solucao De Uso Oral",Cosmed,7896094919396,26.74,"R$ 25,94 ",0.0,0% ,26.74
"Lisador 500Mg + 5Mg + 10Mg, Blister Com 8 Comprimidos",Cosmed,7897322710440,22.9,"R$ 22,21 ",0.0,0% ,22.9
"Lisador 500Mg + 5Mg + 10Mg, Caixa Com 24 Comprimidos",Cosmed,7897322707211,60.74,"R$ 52,82 ",6.29,10% ,54.45
"Dorflex Uno 1G, Caixa Com 10 Comprimidos",Não especificada,7891058005474,17.2,"R$ 16,68 ",0.0,0% ,17.2
Paracetamol 750mg 30 Comprimidos Nova Química,Não especificada,7895296289016,26.37,"R$ 10,13 ",15.93,60% ,10.440000000000001
"Doril 500Mg + 30Mg, Blister Com 6 Comprimidos",Cosmed,7896094910553,12.18,"R$ 11,81 ",0.0,0% ,12.18
Ibuprofeno 50mg ml Medley Sabor Frutas Frasco 30ml,Não especificada,7896422519793,16.5,"R$ 16,01 ",0.0,0% ,16.5
"Dividol 70mg, caixa com 12 Cápsulas Gelatinosas Duras",Zambon,7898074616042,56.15,56.15,6.74,12% ,49.41
ASPIRINA C 1X2 MORANGO EFERV,Não especificada,7891106907101,4.86,4.86,0.0,0% ,4.86
DIPIRONA GTS 20ML GEN PRATI,Não especificada,7898148294022,11.72,11.72,0.0,0% ,11.72
"Tyflen Suspensão Oral 160mg/5mL, caixa com 1 frasco com 60mL de suspensão de uso oral + 1 copo medidor",Brasterápica,7898100242726,21.44,21.44,0.0,0% ,21.44
"Neralgyn 30mg + 300mg + 30mg, blíster com 4 drágeas",Cifarma,7898158694423,4.63,4.63,0.0,0% ,4.63
"Lisador Dip 1g, blister com 4 comprimidos",Cosmed,7896094916289,8.59,8.59,0.0,0% ,8.59
"Doril DC 500 500mg + 65mg, caixa com 16 comprimidos",Cosmed,7896094917323,24.98,24.98,2.5,10% ,22.48
"Doril 500mg + 30mg, caixa com 20 comprimidos",Cosmed,7896094904675,32.06,32.06,0.0,0% ,32.06
"Paracetamol Prati-Donaduzzi 750mg, caixa com 24 comprimidos revestidos",Prati-Donaduzzi,7898148294954,16.7,16.7,0.4,2% ,16.3
"Ibuprofeno Suspensão Oral Medquímica 100mg/mL, caixa com 1 frasco gotejador com 20mL de suspensão de uso oral",Medquímica,7896862960087,28.95,28.95,11.58,40% ,17.369999999999997
Symdulor SL Trometamol Cetorolaco 10mg 10 comprimidos,Não especificada,7892953208618,36.59,"R$ 26,62 ",9.15,25% ,27.440000000000005
Dorflex Uno 1Gr 10Cpr Eferv,Sanofi,7891058022792,32.77,"R$ 31,79 ",0.0,0% ,32.77
Symdulor SL Trometamol Cetorolaco 10mg 20 comprimidos,Não especificada,7892953208625,69.49,"R$ 50,56 ",17.37,25% ,52.11999999999999
Paracetamol 200mg mL 15mL Neoquímica Genérico G,Não especificada,7895296274012,15.33,"R$ 11,89 ",3.07,20% ,12.26
Toragesic 10Mg Com 30 Comprimidos Sublinguais,Não especificada,7894916516457,93.91,"R$ 80,99 ",10.42,11% ,83.49
Lisador Cólica Caixa 20 comprimidos,Não especificada,7896094928732,25.18,"R$ 24,42 ",0.0,0% ,25.18
Enzilac 4 Comprimidos Mastigaveis 10000 U.fcc,Não especificada,7898244720296,7.77,"R$ 6,78 ",0.78,10% ,6.989999999999999
Paracetamol 750mg Com 20 Comprimidos Genérico,Medquímica,7896862918149,15.47,"R$ 15,01 ",0.0,0% ,15.47
Desrinite 180mg 10 Comprimidos,Não especificada,7896714290584,71.77,"R$ 44,61 ",25.78,36% ,45.989999999999995
Sonrisal Sabor Tradicional 10 Comprimidos Efervescentes,Não especificada,7896090611508,14.58,"R$ 11,54 ",2.68,18% ,11.9
"Paracetamol Medquímica 200mg/mL, caixa com 1 frasco gotejador com 15mL de solução de uso oral",Medquímica,7896862918170,12.1,12.1,0.6,5% ,11.5
Dipirona Monoidratada 500mg mL EMS Gotas 10mL,Não especificada,7896004715841,7.65,7.65,3.26,43% ,4.390000000000001
Ibuliv 400mg 8 Cápsulas Gelatinosas Moles,Não especificada,7896004746012,27.72,27.72,8.15,29% ,19.57
Gripemed Solução Oral 120mL,Não especificada,7898037084925,26.92,26.92,0.0,0% ,26.92
Ibuliv 400mg 20 Cápsulas,Não especificada,7896004779805,49.01,49.01,19.33,39% ,29.68
Ibuprofeno 100mg mL 20mL Neo Química Genérico,Neo Química,7898095343880,33.34,33.34,13.34,40% ,20.000000000000004
Nuromol 6 Comprimidos,Não especificada,7891035001116,16.95,16.95,1.69,10% ,15.26
Nuromol Com 12 Comprimidos,Não especificada,7891035001109,31.79,31.79,3.18,10% ,28.61
"Novalgina 300mg, Caixa Com 5 Supositorios Infantil",Sanofi,7891058467098,19.27,19.27,0.0,0% ,19.27
Alivium Ibuprofeno 50mg mL Gotas Sabor Tutti-Frutti 20mL,Cosmed,7891142115478,47.58,47.58,0.0,0% ,47.58
"Omcilon-A Orabase 1Mg G, Caixa Com 1 Bisnaga Com 10G De Pasta De Uso Bucal  Orabase Ã  Ã Â»Ã Â¿",Aspen Pharma,7895858015824,26.4,"R$ 23,56 ",2.11,8% ,24.29
Novacort 20 + 05 + 25mg pomada dermatológica bisnaga com 30g,Aché,7896658000577,45.21,"R$ 39,91 ",4.07,9% ,41.14
Prednisolona 40mg Althaia 7 Comprimidos,Althaia,7898569765514,37.18,"R$ 27,77 ",8.55,23% ,28.63
"Prednisona Germed Pharma 20Mg, Caixa Com 10 Comprimidos",Germed Pharma,7896004707990,24.95,"R$ 18,63 ",5.74,23% ,19.21
"Candicort 20Mg G + 0,64Mg G, Caixa Com 1 Bisnaga Com 30G De Creme De Uso Dermatologico",Aché,7896658001116,43.58,"R$ 35,93 ",6.54,15% ,37.04
Desonida Creme 30Gr Ems Gen,EMS,7896004710402,39.46,"R$ 27,56 ",11.05,28% ,28.41
Drenison Creme 30g,Biolab,7896241270363,46.5,"R$ 38,34 ",6.97,15% ,39.53
"Prednisona Neo Quimica 20mg, Caixa Com 20 Comprimidos",Neo Química,7896714212098,47.87,"R$ 31,11 ",15.8,33% ,32.06999999999999
Valerato de Betametasona 1mg Neo Química Creme Dermatológico 30g,Neo Química,7896714205861,28.29,"R$ 23,87 ",3.68,13% ,24.61
Prednisolona 5mg Eurofarma 10 Comprimidos,Eurofarma,7891317004293,8.09,"R$ 5,65 ",2.27,28% ,5.82
"Ibuliv Gotas 100mg mL, caixa com 1 frasco gotejador com 20mL de suspensão de uso oral",Não especificada,7896004730042,26.95,26.95,15.64,58% ,11.309999999999999
"Tylenol Comprimido 750mg, blíster com 4 comprimidos revestidos",Janssen-Cilag,7896212422524,7.69,7.69,0.0,0% ,7.69
Doriless Gotas 15mL,Cifarma,7898158691170,37.56,37.56,15.77,42% ,21.790000000000003
Atrofem 400 Mg 2 Capsulas X24,Cosmed,7896094917255,6.98,6.98,0.0,0% ,6.98
Prednisolona 5mg Eurofarma 20 Comprimidos,Eurofarma,7891317004316,16.24,"R$ 10,55 ",5.36,33% ,10.879999999999999
Acetato de Prednisolona - EMS 20mg caixa com 10 comprimidos revestidos,EMS,7896004733234,21.22,"R$ 12,77 ",8.06,38% ,13.159999999999998
Dexametasona Creme 10 Gramas  Teuto Ge,Teuto,7896112101352,12.51,"R$ 11,16 ",1.0,8% ,11.51
Propionato de Clobetasol - Prati-Donaduzzi 05mg/g - solução capilar - 50 g,Prati-Donaduzzi,7899547520408,44.67,"R$ 39,87 ",3.57,8% ,41.1
"Advantan Creme Dermatologico 1Mg G, Caixa Com 1 Bisnaga Com 15G De Creme Dermatologico",Não especificada,5702191025583,85.02,"R$ 67,63 ",15.3,18% ,69.72
Camomilina C 20 Cápsulas,Theraskin,7897129300059,62.85,"R$ 50,58 ",10.71,17% ,52.14
Prelone 20mg Aché 10 Comprimidos,Aché,7896658005145,32.97,"R$ 27,18 ",4.95,15% ,28.02
"Predsim Comprimido 20Mg, Caixa Com 20 Comprimidos",Cosmed,7891142200143,71.66,"R$ 57,00 ",12.9,18% ,58.76
Drenison Oclusivo Fludroxicortida 4mcg Curativo 200cm,Biolab,7896241261248,140.14,"R$ 115,55 ",21.02,15% ,119.11999999999999
"Prednisona Ems 5mg, caixa com 20 comprimidos",EMS,7896004706306,17.06,"R$ 14,39 ",2.22,13% ,14.839999999999998
"Nene Dent N 150Mg G + 3,4Mg G + 3,2Mg G, Caixa Com 1 Bisnaga Com 10G De Gel De Uso Bucal",Cosmed,7896094922129,21.85,"R$ 21,19 ",0.0,0% ,21.85
"Decadron Injetável 4mg ml 1 Frasco-Ampola 2,5ml",Não especificada,7896658003189,21.39,"R$ 17,63 ",3.21,15% ,18.18
"Predsim Comprimido 20Mg, Caixa Com 10 Comprimidos",Cosmed,7891142981363,38.98,"R$ 29,87 ",8.19,21% ,30.79
Dipropionato de Betametasona 5mg mL + Fosfato Dissódico de Betametasona 2mg mL Suspensão Injetável 1 ampola 1mL Eurofarma Genérico,Eurofarma,7891317141967,26.72,"R$ 17,36 ",8.82,33% ,17.9
Trok N Pomada 30g,Eurofarma,7891317445744,41.91,"R$ 34,55 ",6.29,15% ,35.62
"Adinos 0,5Mg G, Caixa Com 1 Bisnaga Com 15G De Gel Creme De Uso Dermatologico",Aché,7896658003165,21.57,"R$ 17,78 ",3.24,15% ,18.33
"Dexametasona Ems 4Mg, Caixa Com 10 Comprimidos",EMS,7896004712147,15.18,"R$ 14,28 ",0.46,3% ,14.719999999999999
"Propionato De Clobetasol Neo Quimica 0,5Mg G, Caixa Com 1 Bisnaga Com 30G De Pomada De Uso Dermatologico",Neo Química,7896714207018,24.61,"R$ 19,57 ",4.43,18% ,20.18
"Prednisolona Prati-Donaduzzi 20Mg, Caixa Com 10 Comprimidos",Prati-Donaduzzi,7899547527971,20.96,"R$ 13,62 ",6.92,33% ,14.040000000000001
"Propionato De Clobetasol Neo Quimica 0,50Mg G, Caixa Com 1 Bisnaga Com 30G De Creme De Uso Dermatologico",Neo Química,7896714209852,24.25,"R$ 21,18 ",2.42,10% ,21.83
"Cimecort 20Mg G + 0,64Mg G + 2,5Mg G, Caixa Com 1 Bisnaga Com 30G De Creme De Uso Dermatologico",Cimed,7896523206691,30.9,"R$ 14,28 ",16.18,52% ,14.719999999999999
"Trok Cetoconazol 20mg + Betametasona 0,5mg Pomada 30g Eurofarma",Não especificada,7891317025540,40.36,"R$ 33,28 ",6.05,15% ,34.31
Cetobeta creme bisnaga 30g,Não especificada,7893454100630,39.99,"R$ 25,85 ",13.34,33% ,26.650000000000002
Valerato de Betametasona 1mg g Solução 50ml Neo Química Genérico,Neo Química,7896714224114,49.48,"R$ 41,76 ",6.43,13% ,43.05
Pomada Dermatológico Trok-N 10g,Eurofarma,7891317412555,20.76,"R$ 17,12 ",3.11,15% ,17.650000000000002
"Cetoconazol + Dipropionato De Betametasona + Sulfato De Neomicina Medley 20Mg G + 0,5Mg G + 2,5Mg G, Caixa Contendo 1 Bisnaga Com 30G De Creme De Uso Dermatologico",Medley,7896422507301,31.74,"R$ 29,87 ",0.95,3% ,30.79
"Cetoconazol + Dipropionato De Betametasona + Sulfato De Neomicina Eurofarma 20Mg G + 0,64Mg G + 2,5Mg G, Caixa Com 1 Bisnaga Com 30G De Pomada De Uso Dermatologico",Eurofarma,7891317002497,27.08,"R$ 25,48 ",0.81,3% ,26.27
Prednisolona 20mg Germed 10 Comprimidos,Germed Pharma,7896004733241,21.61,"R$ 13,00 ",8.21,38% ,13.399999999999999
"Predsim Gotas 11Mg Ml, Caixa Com 1 Frasco Gotejador Com 20Ml De Solucao De Uso Oral",Cosmed,7891142177124,44.79,"R$ 36,49 ",7.17,16% ,37.62
Prelone Gotas Aché 20mL,Aché,7896658011276,37.88,"R$ 31,23 ",5.68,15% ,32.2
"Decadron 4Mg, Caixa Com 10 Comprimidos",Aché,7896658003141,25.06,"R$ 20,66 ",3.76,15% ,21.299999999999997
"Icacort 1Mg G + 10Mg G, Caixa Com 1 Bisnaga Com 30G De Creme De Uso Dermatologico",Leo Pharma,5702191025644,44.64,"R$ 39,40 ",4.02,9% ,40.620000000000005
"Topison 1Mg G, Caixa Com 1 Bisnaga Com 20G De Creme De Uso Dermatologico",Libbs,7896094201767,71.87,"R$ 59,26 ",10.78,15% ,61.09
"Betatrinta 5Mg Ml + 2Mg Ml, Caixa Com 1 Ampola Com 1Ml De Suspensao De Uso Intramuscular + Seringa Dosadora",Eurofarma,7891317103323,30.15,"R$ 24,86 ",4.52,15% ,25.63
Baycuten N Creme 40Gr,Bayer,7891106000956,48.22,"R$ 39,76 ",7.23,15% ,40.989999999999995
"Cetoconazol + Dipropionato De Betametasona Eurofarma 20Mg G + 0,5Mg G, Caixa Com 1 Bisnaga Com 30G De Creme De Uso Dermatologico",Eurofarma,7891317002442,26.74,"R$ 22,56 ",3.48,13% ,23.259999999999998
"Predsim Comprimido 5Mg, Caixa Com 10 Comprimidos",Cosmed,7891142981318,13.32,"R$ 12,92 ",0.0,0% ,13.32
Dexametasona Elixir Teu Gen,Teuto,7896112127666,15.19,"R$ 14,29 ",0.46,3% ,14.729999999999999
"Advantan Locao 1Mg G, Caixa Com 1 Bisnaga Com 20G De Emulsao De Uso Dermatologico",Leo Pharma,5702191025590,108.92,"R$ 89,80 ",16.34,15% ,92.58
"Diprospan 5Mg Ml + 2Mg Ml, Caixa Com 1 Ampola Com 1Ml De Suspensao De Uso Intramuscular + Seringa Dosadora",Cosmed,7891142142252,48.15,"R$ 42,51 ",4.33,9% ,43.82
Acetato de Hidrocortisona 10mg g Creme Dermatológico 20g União Química Genérico,União Química,7896006267072,15.04,"R$ 13,42 ",1.2,8% ,13.84
"Cetoconazol + Dipropionato De Betametasona Eurofarma 20Mg G + 0,5Mg G, Caixa Com 1 Bisnaga Com 30G De Pomada De Uso Dermatologico",Eurofarma,7891317002459,26.13,"R$ 23,32 ",2.09,8% ,24.04
Predsim 5mg Farmasa 20 Comprimidos,Cosmed,7891142981301,26.74,"R$ 22,05 ",4.01,15% ,22.729999999999997
"Prelone Solucao Oral 3Mg Ml, Caixa Com 1 Frasco Com 60Ml De Solucao De Uso Oral + 1 Pipeta Dosadora",Aché,7896658009518,30.7,"R$ 25,32 ",4.6,15% ,26.1
"Cetoconazol + Dipropionato De Betametasona + Sulfato De Neomicina Medley 20Mg G + 0,5Mg G + 2,5Mg G, Caixa Contendo 1 Bisnaga Com 30G De Pomada De Uso Dermatologico",Medley,7896422507318,30.94,"R$ 27,61 ",2.48,8% ,28.46
"Predsim Comprimido 40Mg, Caixa Com 7 Comprimidos",Cosmed,7891142177216,66.43,"R$ 56,06 ",8.64,13% ,57.790000000000006
Creme Dermatológico Trok-N Bisnaga 10g,Eurofarma,7891317412531,21.82,"R$ 17,99 ",3.27,15% ,18.55
"Postec 2,5Mg G + 150Utr G, Caixa Com 1 Bisnaga Com 20G De Pomada De Uso Dermatologico",Apsen,7896637025362,149.94,"R$ 136,71 ",9.0,6% ,140.94
Psorex Pomada 30 Gramas,GSK,7896269900631,51.33,"R$ 47,30 ",2.57,5% ,48.76
"Prednisona Neo Quimica 20Mg, Caixa Com 10 Comprimidos",Neo Química,7896714212104,25.22,"R$ 20,06 ",4.54,18% ,20.68
Celestone Betametasona 2mg 10 comprimidos,Cosmed,7891142128096,30.11,"R$ 25,41 ",3.91,13% ,26.2
Acetato De Dexametasona 1mg g EMS Creme Dermatológico 10g,Não especificada,7896004721903,12.64,"R$ 12,26 ",0.0,0% ,12.64
Flutivate 05mg creme dermatológico frasco com 15g,GSK,7896269900945,60.19,"R$ 49,63 ",9.03,15% ,51.16
Creme Dermatológico Cortigen Genom 20g,União Química,7896006214557,23.04,"R$ 22,35 ",0.0,0% ,23.04
Dordent 1Flaconete  3Ml,Hearst Laboratórios,7896888500120,7.46,"R$ 7,24 ",0.0,0% ,7.46
"Psorex Propionato de Clobetasol 0,5mg g Creme 30g",GSK,7896269900617,49.95,"R$ 46,03 ",2.5,5% ,47.45
Clob-X 30g Creme,Galderma,7897930760486,50.6,"R$ 41,72 ",7.59,15% ,43.010000000000005
"Decadron 0,5Mg 5Ml, Caixa Com 1 Frasco Com 120Ml De Elixir + Copo Dosador",Aché,7896658003554,34.75,"R$ 28,65 ",5.21,15% ,29.54
"Triancinolona Acetonida Eurofarma 1Mg G, Caixa Com 1 Bisnaga Com 10G De Pomada De Uso Bucal",Eurofarma,7891317465643,15.75,"R$ 14,06 ",1.26,8% ,14.49
Prednisolona 3mg Genérico Biosintética 120mL,Biosintética - Aché,7896181914303,37.39,"R$ 33,37 ",2.99,8% ,34.4
Trok-N Creme 30g,Eurofarma,7891317445737,41.91,"R$ 35,37 ",5.45,13% ,36.459999999999994
Creme Dermatológico Trok Bisnaga 30g,Eurofarma,7891317025571,40.36,"R$ 34,06 ",5.25,13% ,35.11
Valerato De Betametasona 1mg G Creme Dermatológico 30g Germed Genérico,Não especificada,7898216369652,27.63,"R$ 20,64 ",6.35,23% ,21.28
AD-Muc Pomada com 10g,Biolab,7896112452461,53.08,"R$ 45,82 ",5.84,11% ,47.239999999999995
"Novacort 20mg + 0,64mg + 2,5mg Creme",Aché,7896658007088,21.97,"R$ 18,75 ",2.64,12% ,19.33
"Adinos 0,5Mg G, Caixa Com 1 Bisnaga Com 30G De Gel Creme De Uso Dermatologico",Aché,7896658002960,43.13,"R$ 35,56 ",6.47,15% ,36.660000000000004
Dexametasona Creme 1mg g Genérico União Química 10g,União Química,7896006267010,11.04,"R$ 10,71 ",0.0,0% ,11.04
Emistin EMS Creme 20g,EMS,7896004714295,46.34,"R$ 28,86 ",16.59,36% ,29.750000000000004
"Diprosone 0,5mg ml pomada bisnaga 30g",Cosmed,7891142141293,57.07,"R$ 48,16 ",7.42,13% ,49.65
Valerato de Betametasona 1mg Medley Pomada 30g,Medley,7896422505338,25.83,"R$ 24,31 ",0.77,3% ,25.06
Diprosalic 064 + 20mg solução frasco com 30ml,Cosmed,7891142142221,55.71,"R$ 45,93 ",8.36,15% ,47.35
"Cetoconazol + Dipropionato De Betametasona + Sulfato De Neomicina Eurofarma 20Mg G + 0,5Mg G + 2,5Mg G, Caixa Com 1 Bisnaga Com 30G De Creme De Uso Dermatologico",Eurofarma,7891317002503,29.02,"R$ 27,31 ",0.87,3% ,28.15
Protetor Solar Vichy Ideal Soleil Purify FPS 70 40g,Vichy,7899706192965,85.85,"R$ 83,27 ",0.0,0% ,85.85
Predsim 10mg 10 Comprimidos Revestidos,Não especificada,7891142982889,21.35,"R$ 16,98 ",3.84,18% ,17.51
Pomada Dermatológico Trok 10g,Eurofarma,7891317025533,19.72,"R$ 16,26 ",2.96,15% ,16.759999999999998
Meticorten Prednisona 20mg 10 comprimidos,Organon,7897337712576,34.03,"R$ 30,04 ",3.06,9% ,30.970000000000002
Permese Suspensao Injetavel 1 Ml+Seringa,Eurofarma,7891317015343,30.15,"R$ 24,86 ",4.52,15% ,25.63
Prednisolona Eurofarma Solução Gotas 20ml,Não especificada,7891317004347,27.14,"R$ 25,54 ",0.81,3% ,26.330000000000002
"Cetoconazol 20mg g + Dipropionato De Betametasona 0,5mg g Medley Creme Dermatológico 30g",Não especificada,7896422506274,30.47,"R$ 27,19 ",2.44,8% ,28.029999999999998
Gel Bucal Gengi Baby 10g,Biolab,7896112401926,81.98,81.98,17.19,21% ,64.79
"Predsim Solucao Oral 3Mg Ml, Caixa Com 1 Frasco Com 60Ml De Solucao De Uso Oral + Dosador",Cosmed,7891142177162,36.29,36.29,5.44,15% ,30.849999999999998
Trinulox Creme 15g,EMS,7896004726502,110.33,110.33,27.16,25% ,83.17
"Predsim Solucao Oral 3Mg Ml, Caixa Com 1 Frasco Com 100Ml De Solucao De Uso Oral + Dosador",Cosmed,7891142177155,62.66,62.66,9.4,15% ,53.26
"Suavicid 40mg + 0,5mg + 0,1mg Creme com 30g",Legrand,7896004728704,218.08,218.08,67.6,31% ,150.48000000000002
Decadron 2mg mL Solução Injetável 2 ampolas,Aché,7896658003172,17.27,17.27,2.07,12% ,15.2
Prednisolona 40mg Eurofarma 70 Comprimidos,Eurofarma,7891317004330,41.19,41.19,9.47,23% ,31.72
"Vitacid Plus Creme 0,1mg + 40g + 0,5mg Theraskin 15g",Theraskin,7897129302541,140.45,140.45,21.07,15% ,119.38
"Esperson-N 2,5Mg G, Caixa Com 1 Bisnaga Com 20G De Pomada De Uso Dermatologico",Sanofi,7891058260071,53.21,53.21,7.98,15% ,45.230000000000004
"Desonida 0,5mg g Creme Dermatológico 30g",Medley,7896422508957,36.77,36.77,4.78,13% ,31.990000000000002
"Diprosone 0,64mg g Creme",Cosmed,7891142141279,54.59,54.59,8.19,15% ,46.400000000000006
Prednisolona 3mg Genérico Biosintética 60mL,Biosintética - Aché,7896181914280,18.95,18.95,0.57,3% ,18.38
Acetato de Hidrocortisona 10mg g Teuto Creme com 15g,Não especificada,7896112132936,14.16,14.16,1.84,13% ,12.32
Halobex Creme 30g,Glenmark,7897473206403,22.33,22.33,1.79,8% ,20.54
"Berlison 10mg/g, caixa com 1 bisnaga com 15g de creme de uso dermatológico﻿",Bayer,7795320000849,17.55,17.55,1.75,10% ,15.8
"Cimecort 20mg/g + 0,64mg/g + 2,5mg/g, caixa com 1 bisnaga com 15g de creme de uso dermatológico",Cimed,7896523207780,19.0,19.0,7.96,42% ,11.04
"Coliaft 1mg/g, caixa com 1 bisnaga com 10g de pasta de uso dermatológico",EMS,7896004759586,15.44,15.44,8.65,56% ,6.789999999999999
"Betametasona Elixir 0,5mg 5ml EMS 120ml",EMS,7896004704616,25.27,"R$ 20,21 ",4.44,18% ,20.83
Mel Rosado Farmax 30mL,Farmax,7896902210813,7.88,"R$ 6,88 ",0.79,10% ,7.09
Prelone Prednisolona 5mg 20 Comprimidos,Não especificada,7896658005763,22.69,"R$ 18,71 ",3.4,15% ,19.290000000000003
Therapsor Capilar Theraskin 25mL,Theraskin,7897129304200,42.73,"R$ 35,23 ",6.41,15% ,36.31999999999999
"Dipropionato De Betametasona Ems 0,5Mg G, Caixa Com 1 Bisnaga Com 30G De Creme De Uso Dermatologico",EMS,7896004711850,32.73,"R$ 30,80 ",0.98,3% ,31.749999999999996
"Triancinolona Acetonida Prati-Donaduzzi 1Mg G, Caixa Com 1 Bisnaga Com 10G De Pomada De Uso Bucal",Prati-Donaduzzi,7898148293490,15.59,"R$ 13,15 ",2.03,13% ,13.56
"Candicort 20Mg G + 0,64Mg G, Caixa Com 1 Bisnaga Com 30G De Pomada De Uso Dermatologico",Aché,7896658001123,42.87,"R$ 35,35 ",6.43,15% ,36.44
Diprosalic 064 + 30mg pomada bisnaga com 30g,Cosmed,7891142142214,44.8,"R$ 37,81 ",5.82,13% ,38.98
"Mel Rosado Adv Farma 10 , Frasco Com 30Ml De Solucao Topica",ADV Farma,7896230302068,18.34,"R$ 16,01 ",1.83,10% ,16.509999999999998
Acetato de Hidrocortisona 10mg g Teuto Creme com 30g,Teuto,7896112132974,25.54,"R$ 21,55 ",3.32,13% ,22.22
"Prednisolona Legrand 20mg, caixa com 10 comprimidos",Legrand,7894916146852,19.67,19.67,7.47,38% ,12.200000000000003
"Dexametasona Legrand 4mg, caixa com 10 comprimidos",Legrand,7894916141499,14.0,14.0,0.42,3% ,13.58
"Deflazacorte Nova Química 30mg, caixa com 10 comprimidos",Nova Química,7895296277174,125.0,125.0,28.75,23% ,96.25
"Esperson 2,5Mg G, Caixa Com 1 Bisnaga Com 20G De Pomada De Uso Dermatologico",Sanofi,7891058263096,53.08,53.08,7.96,15% ,45.12
Prednisona 5mg Germed 20 Comprimidos,Germed Pharma,7896004708003,17.06,17.06,2.22,13% ,14.839999999999998
"Prednisona Ems 10mg, caixa com 10 comprimidos",EMS,7896004706313,24.94,24.94,5.74,23% ,19.200000000000003
"Celestone 0,5mg Cosmed 20 Comprimidos",Não especificada,7891142128133,22.24,22.24,2.0,9% ,20.24
Fosfato Sódico de Prednisolona 3mg mL Solução Oral 120mL Aché Biosintética Genérico,Vitamedic,7898049796861,32.52,32.52,0.98,3% ,31.540000000000003
Xafac Rivaroxabana 10mg 10 Comprimidos,Não especificada,7896637032940,68.02,68.02,3.4,5% ,64.61999999999999
"Betametasona 0,1mg mL EMS Elixir com 120mL",Prati-Donaduzzi,7898148296101,23.57,23.57,1.89,8% ,21.68
Etna 25mg + 15mg + 1mg com 20 cápsulas,Gross,7892828001337,62.3,"R$ 58,62 ",1.87,3% ,60.43
Lacday 10.000U.Fcc 60 Comprimidos Mastigáveis,Não especificada,7896004759975,134.41,"R$ 118,60 ",12.14,9% ,122.27
Mestinon 60 Mg 60 Comprimidos,Cellera Farma,7893454101569,54.63,"R$ 45,05 ",8.19,15% ,46.440000000000005
"Dexa-Citoneurin Nff 100Mg + 100Mg + 5Mg + 4,37Mg, Caixa Com 3 Ampolas Com 1Ml De Solucao De Uso Intramuscular + 3 Ampolas Com 2Ml De Diluente",P&G,7891721024481,52.59,"R$ 45,91 ",5.26,10% ,47.330000000000005
Pastilha Benalet Sabor Mel e Limão 12 unidades,Arese Pharma,7899824400980,78.35,"R$ 64,60 ",11.75,15% ,66.6
Suplemento Alimentar Fixare Pro+ 60 Comprimidos,Não especificada,7894916514613,308.63,308.63,108.08,35% ,200.55
"Sanasar Emulsao 250Mg Ml, Caixa Com 1 Frasco Com 100Ml De Emulsao De Uso Dermatologico",Kley Hertz Farmacêutica,7896331704037,23.68,"R$ 22,42 ",0.57,2% ,23.11
Permetrina 10mg g Loção 60ml Prati,Prati-Donaduzzi,7899547515022,23.89,"R$ 21,32 ",1.91,8% ,21.98
Foldan Pom 45Gr,União Química,7896006236009,43.76,"R$ 38,52 ",4.05,9% ,39.71
"Albendazol Prati-Donaduzzi 400Mg, Caixa Com 3 Comprimidos Mastigaveis",Prati-Donaduzzi,7899547527650,25.08,"R$ 22,38 ",2.01,8% ,23.07
Betnovate 1mg Creme com 30g,GSK,7896269900303,55.8,55.8,2.79,5% ,53.01
Fosfato Sódico de Prednisolona 3mg mL Solução Oral 100mL Prati Donaduzzi Genérico,Prati-Donaduzzi,7898148296477,34.7,34.7,9.72,28% ,24.980000000000004
Drenison N 30g Creme Biolab,Biolab,7896241270400,44.27,44.27,6.64,15% ,37.63
Prednisona 20mg 10 Comprimidos Biosintética,Biosintética - Aché,7896181924173,20.66,20.66,1.65,8% ,19.01
Clotrimazol+Acetato Dexametasona 40g Genérico,Medley,7896422507202,27.96,27.96,5.03,18% ,22.93
Emscort Creme EMS 30g,EMS,7896004704135,40.25,40.25,16.42,41% ,23.83
Valerato de Betametasona 1mg g Creme 30g Neo Química,Germed Pharma,7896004708881,27.61,27.61,3.59,13% ,24.02
Meticorten 5mg 20 comprimidos,Organon,7897337712590,25.26,25.26,3.79,15% ,21.470000000000002
Prelone 3mg Solução com 120mL,Aché,7896658009532,54.39,54.39,8.16,15% ,46.230000000000004
Etna 25mg + 15mg + 1mg com 50 cápsulas,Gross,7892828001344,155.84,"R$ 133,03 ",18.7,12% ,137.14000000000001
Cetobeta pomada bisnaga com 30g,Não especificada,7893454100647,39.99,"R$ 25,83 ",13.36,33% ,26.630000000000003
"Corticorten 20Mg, Caixa Com 20 Comprimidos",Neo Química,7896714200699,30.63,"R$ 15,70 ",14.44,47% ,16.189999999999998
"Decadron 0,5mg 20 Comprimidos",Aché,7896658003516,11.98,"R$ 9,87 ",1.8,15% ,10.18
Creme Dermatológico Trok Bisnaga 10g,Não especificada,7891317025564,20.28,"R$ 17,11 ",2.64,13% ,17.64
"Prednisona Neo Quimica 5Mg, Caixa Com 20 Comprimidos",Neo Química,7896714212081,17.27,"R$ 15,41 ",1.38,8% ,15.89
"Acetato De Dexametasona Prati-Donaduzzi 1Mg G, Caixa Com 1 Bisnga Com 10G De Creme De Uso Dermatologico",Prati-Donaduzzi,7898148294596,12.51,"R$ 11,77 ",0.38,3% ,12.129999999999999
Triancinolona Acetonida 1mg EMS Pomada 10g,Não especificada,7896004712048,15.9,"R$ 11,87 ",3.66,23% ,12.24
Furoato de Mometasona 1mg g Neo Química Creme Dermatológico 20g,Não especificada,7896714218892,50.95,"R$ 40,53 ",9.17,18% ,41.78
Dexametasona 4mg 10 Comprimidos - Teuto,Não especificada,7896112194576,15.18,"R$ 14,28 ",0.46,3% ,14.719999999999999
Corticorten 5mg 20 Comprimidos Neo Química,Neo Química,7896714200705,17.55,"R$ 10,47 ",6.76,39% ,10.790000000000001
Duoflam injetável com 1 ampoula 1mL,Não especificada,7896676410198,31.77,"R$ 27,12 ",3.81,12% ,27.96
"Decadron 0,75mg Aché 20 Comprimidos",Aché,7896658003523,14.92,"R$ 12,30 ",2.24,15% ,12.68
Furoato de Mometasona Creme 1  Genérico EMS 20g,Não especificada,7896004715537,38.01,"R$ 33,92 ",3.04,8% ,34.97
Fosfato Sódico de Prednisolona 3mg mL Solução Oral 120mL,Não especificada,7891317004361,37.35,"R$ 35,14 ",1.12,3% ,36.230000000000004
"Predsim Comprimido 40Mg, Caixa Com 10 Comprimidos",Cosmed,7891142981271,89.38,"R$ 73,69 ",13.41,15% ,75.97
Acetato de Dexametasona Creme 1mg Genérico 10g,Não especificada,7895296449267,12.65,"R$ 12,27 ",0.0,0% ,12.65
Deflazacorte 6mg Genérico EMS 20 Comprimidos,EMS,7896004709307,59.46,"R$ 50,18 ",7.73,13% ,51.730000000000004
Novacort 200 + 064 + 25mg creme dermatológico bisnaga com 30g,Aché,7896658000560,45.21,"R$ 39,91 ",4.07,9% ,41.14
Deflazacorte 30 mg 10 comprimidos,EMS,7896004709291,142.06,"R$ 106,11 ",32.67,23% ,109.39
"Dexametasona Germed Pharma 1Mg G, Caixa Com 1 Bisnaga Com 10G De Creme De Uso Dermatologico",Germed Pharma,7896004721897,12.65,"R$ 11,29 ",1.01,8% ,11.64
"Ivermectina Germed 6Mg, Caixa Com 4 Comprimidos",Não especificada,7896004777801,35.19,"R$ 23,89 ",10.56,30% ,24.629999999999995
Sanasar Sabonete 80 Gramas,Kley Hertz Farmacêutica,7896331700121,23.49,"R$ 22,00 ",0.81,3% ,22.68
"Pediderm 0,2mg ml Shampoo 100ml",Cifarma,7898158690401,27.82,"R$ 20,18 ",7.02,25% ,20.8
Pediletan locao capilar 60ml,Cimed,7896523209364,29.49,"R$ 20,02 ",8.85,30% ,20.64
Parasin 400mg 1 comprimido,Não especificada,7896658002687,17.0,"R$ 14,51 ",2.04,12% ,14.96
"Albendazol Prati-Donaduzzi 400Mg, Caixa Com 5 Comprimidos Mastigaveis",Prati-Donaduzzi,7899547527681,42.08,"R$ 35,51 ",5.47,13% ,36.61
Deltalab Loção 100mL,Não especificada,7896472500253,20.87,"R$ 16,20 ",4.17,20% ,16.700000000000003
"Pediderm 0,2Mg Ml, Caixa Com 1 Frasco Com 100Ml De Locao De Uso Dermatologico",Cifarma,7898158690395,27.82,"R$ 24,29 ",2.78,10% ,25.04
"Ivermectina Vitamedic 6Mg, Caixa Com 4 Comprimidos",Vitamedic,7898049793310,34.37,34.37,9.6,28% ,24.769999999999996
"Albendazol Prati-Donaduzzi 40Mg Ml, Caixa Com 1 Frasco Com 10Ml De Suspensao De Uso Oral",Prati-Donaduzzi,7898148292936,8.92,8.92,0.27,3% ,8.65
"Kwell 10mg/g, caixa com 1 frasco com 60mL de loção de uso capilar",Aspen Pharma,7895858016814,39.37,39.37,5.91,15% ,33.459999999999994
Ivermectina 6Mg 2Cpr L2 Vitamedic,Vitamedic,7898049792351,20.06,20.06,6.62,33% ,13.439999999999998
Deltametrina Shampoo 100mL,Medquímica,7896862912017,32.96,32.96,3.3,10% ,29.66
"Parasin 40Mg Ml, Caixa Contendo 1 Frasco Com 10Ml De Suspensao De Uso Oral",Aché,7896658002670,16.44,16.44,2.47,15% ,13.97
Keltrina Plus 5  Loção Cremosa 60mL,Multilab,7896472502745,45.37,45.37,9.07,20% ,36.3
"Ivermectina Germed 6Mg, Caixa Com 2 Comprimidos",Não especificada,7896004777795,19.27,19.27,6.36,33% ,12.91
Dipirona Gotas 10ml Germed,Não especificada,7896004719115,7.24,"R$ 2,12 ",5.05,70% ,2.1900000000000004
20 bi com 30 cápsulas,Momenta Farma,7891317019310,224.9,"R$ 163,92 ",55.91,25% ,168.99
Colidis Gotas 10Ml,Aché,7896658028205,194.35,"R$ 175,36 ",13.57,7% ,180.78
Simbioflora 15 Saches Com 6G De Po Para Solucao De Uso Oral,Farmoquímica,7898040323806,104.49,"R$ 75,83 ",26.31,25% ,78.17999999999999
"Enterogermina 2Bcfu 5Ml, Caixa Com 10 Flaconetes Com 5Ml De Suspensao De Uso Oral",Sanofi,7891058016999,59.58,"R$ 47,43 ",10.68,18% ,48.9
Suplemento Alimentar Prolive 30 Cápsulas,Aché,7896658025112,147.62,"R$ 126,09 ",17.63,12% ,129.99
Suplemento Alimentar Probid 30 Cápsulas,Não especificada,7896637032209,126.5,"R$ 87,20 ",36.6,29% ,89.9
Probiótico Colidis Gotas 5mL,Aché,7896658027796,126.01,"R$ 92,43 ",30.72,24% ,95.29
"Enterogermina Plus 4Bcfu 5Ml, Caixa Com 5 Frascos Com 5Ml De Suspensao De Uso Oral",Sanofi,7891058020286,58.4,"R$ 50,98 ",5.84,10% ,52.56
Probiatop 30 Saches Com 1G De Po Para Solucao De Uso Oral,Farmoquímica,7898040323844,164.57,"R$ 133,08 ",27.37,17% ,137.2
Suplemento Alimentar Probians 30 Cápsulas,Apsen,7896637032223,126.5,"R$ 87,20 ",36.6,29% ,89.9
Lactofos 15saches 6gr,Não especificada,7898040325114,104.89,"R$ 89,43 ",12.69,12% ,92.2
Prolive Caixa Contendo 15 Capsulas,Aché,7896658025129,76.35,"R$ 66,73 ",7.56,10% ,68.78999999999999
Carverol 250mg 20 comprimidos,União Química,7896006201014,43.46,"R$ 31,62 ",10.86,25% ,32.6
Enterogermina Plus 10X5Ml,Sanofi,7891058022594,96.61,"R$ 84,34 ",9.66,10% ,86.95
"Provance 100.000.000Ufc, Caixa Com 30 Comprimidos Mastigaveis, Limao",Aché,7896658027819,134.33,"R$ 123,86 ",6.64,5% ,127.69000000000001
Suplemento Alimentar Biotta 25Bi 10 Cápsulas,Não especificada,7896226110349,91.52,"R$ 73,68 ",15.56,17% ,75.96
Suplemento Alimentar Probid 15 Cápsulas,Não especificada,7896637032216,71.23,"R$ 53,11 ",16.48,23% ,54.75
Florax SM Pediátrico Sabor Uva com 5 Flaconetes Hebron,Hebron,7896685303283,42.3,"R$ 35,67 ",5.53,13% ,36.769999999999996
Suplemento Alimentar ProVance Imune Suspensão Gotas 10ml,Não especificada,7896658039911,197.51,"R$ 172,43 ",19.75,10% ,177.76
Suplemento Alimentar em Pó Provance Mini 5 Sachês,Aché,7896658037061,30.24,"R$ 26,68 ",2.73,9% ,27.509999999999998
20 bi com 5 cápsulas,Momenta Farma,7891317019297,62.79,"R$ 60,91 ",0.0,0% ,62.79
Sérum Facial Ácido Hialurônico Hidraderm Ciclos - 30ml,Não especificada,7896902286030,65.29,"R$ 63,33 ",0.0,0% ,65.29
Culturelle Adulto Probiótico Saude Digestiva 10 capsulas,Não especificada,7893454714806,80.62,"R$ 63,92 ",14.72,18% ,65.9
Florastor Caixa Com 6 Saches Com 4G De Po Para Solucao De Uso Oral,União Química,7896006213178,45.49,45.49,26.27,58% ,19.220000000000002
Creme Rejuvenescedor Mantecorp Ivy C10 - 30g,Mantecorp,7891142206084,221.17,221.17,51.27,23% ,169.89999999999998
Culturelle Junior Probiotico com 30 saches,Não especificada,7893454714783,174.7,174.7,32.7,19% ,142.0
Bifilac Geflora 5Bi 14 Sticks,Não especificada,7891142206718,109.38,109.38,10.94,10% ,98.44
Lizalac 5000 FCC ALU Com 30 Saches,Dovalle,7896360001411,54.45,54.45,5.44,10% ,49.010000000000005
Ivy C Aox Gel Rejuvenescedor Facial Com 30g,Ivy C,7891142204257,254.05,254.05,0.0,0% ,254.05
Lizalac 10000 Fcc Alu 30Saches,Não especificada,EAN não informado,110.12,110.12,11.01,10% ,99.11
Simbiotil 10 sachês com 1g de pó para solução de uso oral,Farmoquímica,7898040328115,52.91,52.91,23.01,43% ,29.899999999999995
Lactoflor caixa com 15 sachês de 2g de pó para solução de uso oral,EMS,7896004761657,127.39,127.39,89.29,70% ,38.099999999999994
Biovicerin 2 Flaconetes com 5mL,Não especificada,7898100268290,15.56,15.56,0.69,4% ,14.870000000000001
Culturelle Probiotico Adulto Com 30 Capsulas,Não especificada,7893454714813,182.26,182.26,33.35,18% ,148.91
Probiótico Multi-Bi com 10 Cápsulas,Não especificada,7899420507656,91.16,91.16,0.0,0% ,91.16
Suplemento Alimentar em Pó Provance Mini 30 Sachês,Não especificada,7896658037047,112.06,112.06,8.84,8% ,103.22
Bifilac Geflora 10Bi 7 Capsulas,Não especificada,EAN não informado,91.78,91.78,28.83,31% ,62.95
"Steaton 200Mg, Caixa Com 60 Capsulas",Aché,7896658028519,166.49,"R$ 137,27 ",24.97,15% ,141.52
"Sal De Frutas Eno 2 Envelopes Com 5G De Po Efervescente De Uso Oral, Laranja",PF Consumer Healthcare,7896015560034,4.6,"R$ 4,46 ",0.0,0% ,4.6
"Sal De Frutas Eno 2 Envelopes Com 5G De Po Efervescente De Uso Oral, Tradicional",PF Consumer Healthcare,7896015560027,4.6,"R$ 4,46 ",0.0,0% ,4.6
Lufta Gastro Pro C 12 Sachet 10Ml,Não especificada,7891035650147,45.28,"R$ 39,53 ",4.53,10% ,40.75
"Orlistate Prati-Donaduzzi 120Mg, Caixa Com 84 Capsulas Duras",Prati-Donaduzzi,7899547500257,377.33,"R$ 172,03 ",199.98,53% ,177.35
"Bicarbonato De Sodio - Adv Caixa Com 10 Saches De 2,5G De Po Para Solucao Oral",ADV Farma,7896230304338,7.77,"R$ 6,78 ",0.78,10% ,6.989999999999999
Culturelle Junior 6 Saches,Não especificada,7893454714776,40.46,"R$ 31,91 ",7.56,19% ,32.9
Culturelle Junior Probiótico Saude Digestiva 10 capsulas,Não especificada,7893454714745,55.82,"R$ 44,52 ",9.92,18% ,45.9
Suplemento Alimentar Biotta 25Bi 30 Cápsulas,Não especificada,7896226110356,233.2,"R$ 203,58 ",23.32,10% ,209.88
Probiótico Enterogermina com 20 frascos de 50mL,Não especificada,7891058017002,96.0,"R$ 83,81 ",9.6,10% ,86.4
Floripa Solucao Gotas 8Ml,Não especificada,7891317011369,148.48,"R$ 120,98 ",23.76,16% ,124.71999999999998
Coristina D Pro 4 Comprimidos,Não especificada,7891142982186,12.7,"R$ 12,32 ",0.0,0% ,12.7
Culturelle Junior Probiotico com 30 comprimidos mastigaveis,Não especificada,7893454714752,164.37,164.37,36.38,22% ,127.99000000000001
Bifilac Geflora 5Bi 6 Sticks,Não especificada,7891142206701,47.84,47.84,5.25,11% ,42.59
20 bi com 10 cápsulas,Momenta Farma,7891317019303,86.32,86.32,6.92,8% ,79.39999999999999
Florastor 200mg 12 Cápsulas,União Química,7896006213161,55.96,55.96,36.97,66% ,18.990000000000002
Riopan 80mg ml + 10mg ml gel frasco com 240ml,Takeda,7896641800740,50.45,"R$ 44,53 ",4.54,9% ,45.910000000000004
"Domperidona Nova Quimica 10Mg, Caixa Com 30 Comprimidos",Nova Química,7895296048033,21.81,"R$ 17,34 ",3.93,18% ,17.88
"Epocler 100Mg Ml + 50Mg Ml + 10Mg Ml, Flaconete Com 10Ml De Solucao De Uso Oral",Cosmed,7896094912298,4.17,"R$ 4,04 ",0.0,0% ,4.17
"Epocler 100mg mL + 50mg mL + 10mg mL, caixa com 6 flaconetes com 10mL de solução de uso oral",Cosmed,7896094909182,23.6,"R$ 19,47 ",3.53,15% ,20.07
Esmalte Tratamento Sos Unhas Concreto 7Ml,Top Beauty,7899083116325,8.07,"R$ 6,97 ",0.88,11% ,7.19
"Luftal 75Mg Ml, Caixa Com 1 Frasco Gotejador Com 30Ml De Emulsao De Uso Oral",Reckitt Benckiser,7896016808302,55.9,"R$ 47,71 ",6.71,12% ,49.19
"Hidroxido De Aluminio Ems 61,5Mg Ml, Caixa Com 1 Frasco Com 240Ml De Solucao De Uso Oral",EMS,7896004701288,20.47,"R$ 19,86 ",0.0,0% ,20.47
Magnesia Bisurada 10 Comprimidos,Não especificada,7895858017415,10.98,"R$ 10,65 ",0.0,0% ,10.98
Droxaíne Suspensão Oral 240ml,Megalabs,7896026120012,43.74,"R$ 37,34 ",5.25,12% ,38.49
"Sal De Frutas Eno 2 Envelopes Com 5G De Po Efervescente De Uso Oral, Guarana",PF Consumer Healthcare,7896015517014,4.6,"R$ 4,46 ",0.0,0% ,4.6
Xantinon Complex União Química 1 Flaconete 10mL,União Química,7896006216636,3.68,"R$ 3,57 ",0.0,0% ,3.68
Digeplus 30 Comprimidos,Aché,7896658008023,55.52,"R$ 45,77 ",8.33,15% ,47.190000000000005
"Estomazil Pastilha 230Mg + 185Mg + 185Mg, Caixa Com 20 Comprimidos Mastigaveis, Abacaxi",Cosmed,7896094903753,17.65,"R$ 15,06 ",2.12,12% ,15.529999999999998
Domped 5mg ml Suspensão Oral Gotas 20ml,Não especificada,7896658028120,59.07,"R$ 48,70 ",8.86,15% ,50.21
"Sal De Frutas Eno Frasco Com 100G De Po Efervescente De Uso Oral, Laranja",PF Consumer Healthcare,7896015560331,28.91,"R$ 17,36 ",11.01,38% ,17.9
"Domperidona Comprimido Eurofarma 10Mg, Caixa Com 30 Comprimidos",Eurofarma,7891317452995,22.07,"R$ 18,62 ",2.87,13% ,19.2
Estomazil 1 Envelope Abacaxi X50,Cosmed,7896094912977,3.35,"R$ 3,25 ",0.0,0% ,3.35
Bicarbonato Sodio Farmax Pote 100 Gramas,Farmax,7896902210165,6.78,"R$ 5,92 ",0.68,10% ,6.1000000000000005
"Xantinon Complex 40Mg Ml + 53Mg Ml + 50Mg Ml, Caixa Com 1 Frasco Com 100Ml De Solucao De Uso Oral",União Química,7896006216605,17.77,"R$ 17,24 ",0.0,0% ,17.77
Estomazil Laranja 1  Envelope X50,Cosmed,7896094912991,3.35,"R$ 3,25 ",0.0,0% ,3.35
"Sal De Frutas Eno 2 Envelopes Com 5G De Po Efervescente De Uso Oral, Abacaxi",PF Consumer Healthcare,7896015521684,4.6,"R$ 4,46 ",0.0,0% ,4.6
Simeticona 125mg Biosintética 10 Cápsulas Gelatinosas Moles,Aché,7896181928676,22.54,"R$ 15,31 ",6.76,30% ,15.78
"Xantinon 100Mg + 20Mg, Caixa Com 30 Comprimidos Revestidos",União Química,7896006216483,15.66,"R$ 14,45 ",0.76,5% ,14.9
"Sal De Frutas Eno Frasco Com 100G De Po Efervescente De Uso Oral, Tradicional",PF Consumer Healthcare,7896015560300,28.91,"R$ 17,36 ",11.01,38% ,17.9
Simeticona 75mg ml Biosintética Sabor Laranja Emulsão Gotas 10ml,Biosintética - Aché,7896181928683,12.38,"R$ 12,01 ",0.0,0% ,12.38
Eparema Takeda 200mL Líquido,Cosmed,7896094922150,74.89,"R$ 72,64 ",0.0,0% ,74.89
"Mylanta Plus 80Mg Ml + 80Mg Ml + 6Mg Ml, Caixa Com 1 Frasco Com 240Ml De Suspensao De Uso Oral, Morango",Janssen-Cilag,7891268404036,56.09,"R$ 47,88 ",6.73,12% ,49.36
"Mylicon 75Mg Ml, Caixa Com 1 Frasco Gotejador Com 15Ml De Suspensao De Uso Oral",Janssen-Cilag,7896212410057,35.4,"R$ 34,34 ",0.0,0% ,35.4
Bicarbonato de Sódio Adv 100g,ADV Farma,7896230300439,9.49,"R$ 8,28 ",0.95,10% ,8.540000000000001
"Luftal 75Mg Ml, Caixa Com 1 Frasco Gotejador Com 15Ml De Emulsao De Uso Oral",Reckitt Benckiser,7896016804915,29.99,"R$ 29,09 ",0.0,0% ,29.99
Legalon Silimarina 90mg 30 drágeas,Mylan,7898560664335,148.13,"R$ 127,74 ",16.44,11% ,131.69
"Bromoprida Capsulas Medley 10Mg, Caixa Contendo 20 Capsulas Gelatinosas Duras",Medley,7896422507158,24.69,"R$ 22,03 ",1.98,8% ,22.71
Simeco Plus suspensão oral sabor hortelã 240ml,Eurofarma,7891317020101,58.4,"R$ 50,98 ",5.84,10% ,52.56
"Domperidona Comprimido Eurofarma 10 Mg, Caixa Com 60 Comprimidos",Eurofarma,7891317453008,40.57,"R$ 26,36 ",13.39,33% ,27.18
"Luftal 40Mg, Caixa Com 20 Comprimidos",Reckitt Benckiser,7896016801501,39.99,"R$ 34,91 ",4.0,10% ,35.99
Xantinon 10 Drágeas Revestidas,Não especificada,7896006216254,5.78,"R$ 5,61 ",0.0,0% ,5.78
"Gastrogel Fresh Frasco Com 240Ml De Suspensao De Uso Oral, Menta",Medquímica,7896862960261,34.0,"R$ 25,61 ",7.6,22% ,26.4
"Luftal Gel Caps 125Mg, Caixa Com 10 Capsulas Gelatinosas Moles",Reckitt Benckiser,7896016804939,27.9,"R$ 25,70 ",1.41,5% ,26.49
Simeticona 75mg ml Frasco 15ml - Cimed,Cimed,7896523212319,13.74,"R$ 12,00 ",1.37,10% ,12.370000000000001
"Domperidona Nova Quimica 10Mg, Caixa Com 60 Comprimidos",Nova Química,7895296048057,41.08,"R$ 26,69 ",13.56,33% ,27.519999999999996
Orlistate 120Mg 21Cap Prat,Prati-Donaduzzi,7899547500219,90.49,"R$ 63,20 ",25.34,28% ,65.14999999999999
"Plasil 10Mg, Caixa Com 20 Comprimidos",Sanofi,7891058059149,14.03,"R$ 11,57 ",2.1,15% ,11.93
Pepsamar 10 comprimidos mastigáveis sabor menta,Neo Química,7896714275390,7.77,"R$ 7,54 ",0.0,0% ,7.77
"Orlistate Prati-Donaduzzi 120Mg, Caixa Com 42 Capsulas Duras",Prati-Donaduzzi,7899547500233,188.71,"R$ 113,49 ",71.71,38% ,117.00000000000001
Simeticona 125mg 10 Cápsulas - Biolab,Biolab,7896112401728,13.46,"R$ 13,06 ",0.0,0% ,13.46
Gastrogel Fresh Susp 150 Ml,Medquímica,7896862960254,22.0,"R$ 18,14 ",3.3,15% ,18.7
Cera Tratamento Sos Unhas 6G,Top Beauty,7899083116363,8.65,"R$ 7,56 ",0.86,10% ,7.79
"Gastrogel Comprimido 153Mg + 200Mg + 25Mg, Caixa Com 20 Comprimidos Mastigaveis",Medquímica,7896862910136,22.33,"R$ 19,50 ",2.23,10% ,20.099999999999998
"Mylanta Plus 80Mg Ml + 80Mg Ml + 6Mg Ml, Caixa Com 1 Frasco Com 240Ml De Suspensao De Uso Oral, Menta",Janssen-Cilag,7891268404029,56.09,"R$ 47,88 ",6.73,12% ,49.36
Simeticona 40 Mg 20 Comprimidos Bio,Biosintética - Aché,7896181928669,16.61,"R$ 16,11 ",0.0,0% ,16.61
"Gotas Preciosas 0,67Ml Ml, Caixa Com 1 Frasco Com 30Ml De Solucao De Uso Oral",Kley Hertz Farmacêutica,7896331700404,57.66,"R$ 24,73 ",32.17,56% ,25.489999999999995
"Bromoprida Biosintetica 4Mg Ml, Caixa Com 1 Frasco Gotejador Com 20Ml De Solucao De Uso Oral",Biosintética - Aché,7896181913306,23.29,"R$ 19,65 ",3.03,13% ,20.259999999999998
"Sal De Frutas Eno Frasco Com 100G De Po Efervescente De Uso Oral, Abacaxi",PF Consumer Healthcare,7896015521622,28.91,"R$ 17,36 ",11.01,38% ,17.9
"Cloridrato De Metoclopramida Gotas Teuto 4Mg Ml, Caixa Com 1 Frasco Gotejador Com 10Ml De Solucao De Uso Oral",Teuto,7896112144816,6.73,"R$ 6,33 ",0.2,3% ,6.53
Simeticona 125 Mg 10 Capsulas Cimed,Não especificada,7896523226675,18.53,"R$ 8,99 ",9.26,50% ,9.270000000000001
Luftal Gel Caps 125mg 20 Cápsulas Gelatinosas Moles,Não especificada,7896222720856,53.01,"R$ 49,44 ",2.04,4% ,50.97
Magnazia Abacaxi 30 Comprimidos Mastigaveis,1Farma,7898075310192,22.14,"R$ 18,98 ",2.57,12% ,19.57
"Peridal 10Mg, Caixa Com 60 Comprimidos",Cosmed,7896714274652,52.03,"R$ 41,38 ",9.37,18% ,42.660000000000004
"Leite De Magnésia ADV Farma 8%, frasco com 100g de solução de uso oral",ADV Farma,7896230302242,8.82,"R$ 7,70 ",0.88,10% ,7.94
"Gastrol 185Mg + 231,5Mg + 178Mg, Caixa Com 20 Pastilhas",Neo Química,7896622300443,20.86,"R$ 18,12 ",2.18,10% ,18.68
"Simeticona Medley 125Mg, Caixa Com 10 Capsulas Gelatinosas Moles",Não especificada,7896422520669,23.21,"R$ 13,51 ",9.28,40% ,13.930000000000001
Simeticona Gotas 15 Ml Med Gen,Não especificada,7896422504744,16.9,"R$ 9,12 ",7.5,44% ,9.399999999999999
Forfig Silimarina 300Mg 30 Càpsulas,Não especificada,7891317014902,187.92,"R$ 154,94 ",28.19,15% ,159.73
"Forfig 200Mg, Caixa Com 60 Comprimidos Revestidos",Eurofarma,7891317023348,198.27,"R$ 171,30 ",21.67,11% ,176.60000000000002
"Motilium 10Mg, Caixa Com 30 Comprimidos",Janssen-Cilag,7896212429738,36.62,"R$ 30,20 ",5.49,15% ,31.129999999999995
Esmalte Tratamento Sos Unhas Fermento 7Ml,Top Beauty,7899083126461,8.07,"R$ 6,97 ",0.88,11% ,7.19
"Sal De Frutas Eno 2 Envelopes Com 5G De Po Efervescente De Uso Oral, Tonica",PF Consumer Healthcare,7896015593230,4.42,"R$ 4,29 ",0.0,0% ,4.42
"Frusalt 460Mg G + 100Mg G + 440Mg G, Frasco Com 100G De Po Efervescente De Uso Oral",Cimed,7896523219608,29.5,"R$ 20,33 ",8.54,29% ,20.96
Flagass Simeticona 75mg ml Gotas 10mL,Aché,7896658033094,25.31,"R$ 21,36 ",3.29,13% ,22.02
Digesan 10Mg Com 20 Capsulas,Sanofi,7897595901798,54.1,"R$ 44,61 ",8.11,15% ,45.99
Luftagastro Pro Sachê Líquido 10mL Com 12 Unidades,Não especificada,7891035650130,4.43,"R$ 4,30 ",0.0,0% ,4.43
Simeticona 125 Mg 10 Capsulas Biol,Não especificada,7896112406778,18.21,"R$ 17,66 ",0.0,0% ,18.21
Metadoxil Pidolato de Piridoxina 500mg 30 comprimidos,Não especificada,7897851220243,74.83,"R$ 61,70 ",11.22,15% ,63.61
Esmalte Tratamento Sos Unhas Ton Milagr,Top Beauty,7899083126492,8.07,"R$ 6,97 ",0.88,11% ,7.19
Digesan 4mg solução oral frasco gotejador com 20ml pediátrico,Sanofi,7897595901767,47.3,"R$ 39,00 ",7.09,15% ,40.209999999999994
"Sal De Frutas Eno 2 Envelopes Com 5G De Po Efervescente De Uso Oral, Limao",PF Consumer Healthcare,7896015518486,4.6,"R$ 4,46 ",0.0,0% ,4.6
Esmalte Tratamento Sos Unhas Dtone,Top Beauty,7899083116356,8.07,"R$ 6,97 ",0.88,11% ,7.19
Domperidona 1mg mL Suspensão Oral 100mL Medley,Eurofarma,7891317452971,51.86,"R$ 36,22 ",14.52,28% ,37.34
"Maleato De Trimebutina Althaia 200Mg, Caixa Com 30 Capsulas Gelatinosas Moles",Althaia,7898945030212,82.32,"R$ 65,48 ",14.82,18% ,67.5
"Beserol 300Mg + 125Mg + 50Mg + 30Mg, Caixa Com 30 Comprimidos",Não especificada,7896026171359,46.44,"R$ 38,29 ",6.97,15% ,39.47
Luftal 75mg ml Infantil 15ml,Não especificada,7896222720887,37.69,"R$ 34,46 ",2.16,6% ,35.53
"Sal De Frutas Eno Frasco Com 100G De Po Efervescente De Uso Oral, Guarana",PF Consumer Healthcare,7896015517045,27.67,"R$ 22,81 ",4.15,15% ,23.520000000000003
Estomazil Pó Efervescente Sabor Abacaxi Frasco 100g,Cosmed,7896094904330,26.77,"R$ 22,85 ",3.21,12% ,23.56
Peridal 10mg caixa com 30 comprimidos,Cosmed,7896714274645,27.32,"R$ 22,52 ",4.1,15% ,23.22
Luftal Infantil Simeticona Gotas 30Ml,Não especificada,7898962943144,67.85,"R$ 65,81 ",0.0,0% ,67.85
"Silimalon 100mg + 70mg, Caixa Com 30 Drageas",Zydus Nikkho,7897460401422,81.44,"R$ 67,14 ",12.22,15% ,69.22
Motilium Domperidona 10mg 60 comprimidos,Não especificada,7896212429745,69.46,"R$ 57,27 ",10.42,15% ,59.03999999999999
Epocler Todo Dia Com 30 Comprimidos,Não especificada,7896094927537,22.22,"R$ 19,40 ",2.22,10% ,20.0
Esmalte Tratamento Sos Unhas Xi Lascou,Top Beauty,7899083116349,8.07,"R$ 6,97 ",0.88,11% ,7.19
Figatil Catarinense Solução Oral 150mL,Catarinense Pharma,7896023700118,43.5,"R$ 42,20 ",0.0,0% ,43.5
Esmalte Tratamento Sos Unhas Camuflagem 7Ml,Top Beauty,7899083121794,8.07,"R$ 6,97 ",0.88,11% ,7.19
Magnazia Sabor Lima Limão 240ml,1Farma,7898075311854,35.43,"R$ 18,67 ",16.18,46% ,19.25
Sabonete Dermotivin Control foam 130ml,Não especificada,7897930761933,64.23,"R$ 62,30 ",0.0,0% ,64.23
Simeticona 125mg 10 cápsulas,EMS,7896004708652,30.55,"R$ 22,28 ",7.58,25% ,22.97
Irritratil 200mg com 60 cápsulas,Althaia,7896658038884,143.16,"R$ 120,81 ",18.61,13% ,124.55
Simeticona 125mg 10 Cápsulas Gelatinosas Biosintética,Não especificada,7895296192019,18.88,"R$ 18,31 ",0.0,0% ,18.88
Colina + Vitamina Fígaro Solução 100mL,Não especificada,7898100244935,41.7,"R$ 23,32 ",17.66,42% ,24.040000000000003
Digedrat 200Mg 30Cap,Cosmed,7896094904989,145.77,"R$ 115,44 ",26.76,18% ,119.01
Fígaro com 6 comprimidos,Não especificada,7898100244942,13.57,"R$ 8,61 ",4.69,35% ,8.879999999999999
Simeticona 40mg 20 comprimidos,Não especificada,7895296290012,15.07,"R$ 14,62 ",0.0,0% ,15.07
Estomazil Pó Efervescente Sem Sabor Frasco 100g,Cosmed,7896094904354,26.77,"R$ 22,77 ",3.3,12% ,23.47
Orlistate 120mg Neo Química 30 Cápsulas,Não especificada,7896714270913,136.88,"R$ 82,32 ",52.01,38% ,84.87
Bicarbonato de Sódio ADV Antiácido em Pó com 50g,Não especificada,7896230303454,10.1,"R$ 8,82 ",1.01,10% ,9.09
Estomazil Sem Sabor 1 Envelope X50,Cosmed,7896094912960,3.35,"R$ 3,25 ",0.0,0% ,3.35
Gastrol Laranja 1 Envelope X25,Neo Química,7896622305844,3.9,"R$ 3,78 ",0.0,0% ,3.9
"Domperidona Sanofi Medley 1Mg Ml, Caixa Com 1 Frasco Com 100Ml De Suspensao De Uso Oral + 1 Pipeta Dosadora",Medley,7896422513173,35.51,"R$ 33,41 ",1.07,3% ,34.44
"Hepa-Merz 0,6g g 10 envelopes",Não especificada,7896241245989,143.84,"R$ 118,59 ",21.58,15% ,122.26
Figatil com 20 Drageas,Catarinense Pharma,7896023700101,34.94,"R$ 33,89 ",0.0,0% ,34.94
"Eparema 103Mg Ml, Flaconete Com 10Ml De Solucao De Uso Oral, Laranja",Cosmed,7896094922358,4.67,"R$ 4,53 ",0.0,0% ,4.67
"Hepatilon 0,67Ml 10Ml, Frasco Com 150Ml De Solucao De Uso Oral",Kley Hertz Farmacêutica,7896331707144,71.73,"R$ 32,25 ",38.48,54% ,33.25000000000001
"Eparema 125Mg, Caixa Com 20 Drageas",Cosmed,7896094922167,41.79,41.79,0.0,0% ,41.79
Orlistate 120mg 84 cápsulas EMS Genérico,EMS,7896004737225,389.82,389.82,187.11,48% ,202.70999999999998
"Bromoprida Gotas Prati-Donaduzzi 4Mg Ml, Caixa Com 1 Frasco Gotejador Com 20Ml De Solucao De Uso Oral",Prati-Donaduzzi,7898148298747,21.21,21.21,1.7,8% ,19.51
"Simeticona Comprimido Ems 40Mg, Caixa Com 20 Comprimidos",EMS,7896004708973,17.36,17.36,4.34,25% ,13.02
Vitamina D Doss 1.000UI Gotas com 10mL,Não especificada,7896112401711,63.61,63.61,20.4,32% ,43.21
Bicarbonato de Sódio Farmax caixa com 80g de pó para solução de uso oral,Farmax,7896902203297,4.55,4.55,0.45,10% ,4.1
"Simeticona Legrand 40mg, caixa com 20 comprimidos",Legrand,7894916143103,16.38,16.38,5.73,35% ,10.649999999999999
"Bromoprida Comprimido Prati-Donaduzzi 10Mg, Caixa Com 20 Comprimidos",Prati-Donaduzzi,7898148298587,31.21,31.21,5.62,18% ,25.59
"Simeticona Medley 40Mg, Caixa Com 20 Comprimidos",Não especificada,7896422522823,35.17,35.17,7.03,20% ,28.14
"Dulcogas 75mg/mL, caixa com 1 frasco gotejador com 15mL de emulsão de uso oral",Sanofi,7891058022600,16.69,16.69,0.0,0% ,16.69
"Eparema 103Mg Ml, Flaconete Com 10Ml De Solucao Oral, Hortela",Cosmed,7896094922334,4.68,"R$ 4,54 ",0.0,0% ,4.68
Gastrol Abacaxi 1 Envelope X25,Neo Química,7896094918665,3.9,"R$ 3,78 ",0.0,0% ,3.9
Simeticona 75mg mL EMS Gotas 15mL,EMS,7896004705330,24.93,"R$ 12,41 ",12.14,49% ,12.79
"Orlistate Neo Quimica 120Mg, Caixa Com 42 Capsulas Gelatinosas Duras",Neo Química,7896714237497,203.95,203.95,97.9,48% ,106.04999999999998
"Pepsamar 230Mg, Caixa Com 50 Comprimidos Mastigaveis",Neo Química,7896714292144,37.64,37.64,5.65,15% ,31.990000000000002
Magnesia Bisurada 40 Pastilhas,Aspen Pharma,7895858017439,43.84,43.84,0.0,0% ,43.84
"Orlistate Neo Quimica 120Mg, Caixa Com 84 Capsulas Gelatinosas Duras",Neo Química,7896714237510,441.36,441.36,233.92,53% ,207.44000000000003
Orlistate 120mg 42 cápsulas EMS Genérico,EMS,7896004737218,194.91,194.91,83.81,43% ,111.1
Ursacol Ácido Ursodesoxicólico 150mg 30 comprimidos,Zambon,7898074618435,162.05,162.05,24.31,15% ,137.74
Lufta Gastro Pro 10Ml 150Ml,Não especificada,EAN não informado,45.35,45.35,7.31,16% ,38.04
Ursacol Ácido Ursodesoxicólico 300mg 30comp.,Zambon,7898074618442,306.54,306.54,45.98,15% ,260.56
"Frusalt 460mg/g + 100mg/g + 440mg/g, envelope com 5g de pó efervescente de uso oral",Cimed,7896523219707,1.46,1.46,0.12,8% ,1.3399999999999999
Sabonete Dermotivin Foam Salix Espuma 130ml,Não especificada,7897930762558,62.9,62.9,0.0,0% ,62.9
Simeticona gts 15ml prat gen,Não especificada,7898148290321,18.97,18.97,5.69,30% ,13.279999999999998
Orlistate 120mg 42 cápsulas Germed Genérico,Germed Pharma,7896004745626,194.92,194.92,74.07,38% ,120.85
Gastroliv Abacaxi 1 Envelope X50 FR5,Não especificada,7898158695826,3.38,3.38,0.63,19% ,2.75
VonauGasMax 250mg 10 Cápsulas Moles Geolab,Não especificada,7896112407171,32.0,32.0,5.88,18% ,26.12
Frutaxx Efervecente 5G Com 1 Sachê Sabor Abacaxi,União Química,7896006214915,2.39,2.39,0.0,0% ,2.39
Extrato de Própolis Propomune Xarope 150mL,Não especificada,7898593050952,38.0,38.0,8.02,21% ,29.98
Esmalte Tratamento Sos Unhas Sara Bifinho,Top Beauty,7899083121770,7.22,7.22,1.23,17% ,5.99
"Simeticona Medquímica 125mg, caixa com 10 cápsulas",Medquímica,7896862970802,17.0,17.0,6.46,38% ,10.54
Simeticona 125mg 10 cápsulas Cimed Genérico,União Química,7896006214441,17.88,17.88,8.06,45% ,9.819999999999999
Motilium 1mg Suspensão 100mL,Janssen-Cilag,7896212414468,87.17,87.17,13.08,15% ,74.09
Gelmax 178 mg + 185 mg + 230 mg pastilha  24 Comprimidos,EMS,7896004817460,26.07,26.07,2.27,9% ,23.8
Esmalte Tratamento Sos Unhas Sorinho,Top Beauty,7899083121787,7.22,7.22,1.23,17% ,5.99
Saxenda 6mg ml solução injetável 3 carpules com 3ml + 3 sistema para aplicação,Novo Nordisk,7897705202340,1052.51,1052.51,105.25,10% ,947.26
Simeticona 75mg mL Gotas 15mL Teuto,Teuto,7896112129301,8.87,8.87,0.0,0% ,8.87
Domperidona 10mg 30 comprimidos - Germed,Não especificada,7896004723587,21.99,21.99,0.66,3% ,21.33
"Irritratil 200mg, caixa com 30 cápsulas gelatinosas moles",Althaia,7898569763732,78.85,78.85,16.56,21% ,62.28999999999999
"Simeticona Medquímica 75mg/mL, caixa com 1 frasco gotejador com 15mL de emulsão de uso oral",Medquímica,7896862940188,19.25,19.25,0.0,0% ,19.25
"Natrilix 2,5mg, caixa com 30 drágeas",Servier,7898029556539,59.17,"R$ 48,78 ",8.88,15% ,50.29
"INDAPAMIDA 1,5MG 30CPR TOR",Não especificada,8903855069173,33.98,"R$ 22,09 ",11.21,33% ,22.769999999999996
"Hidroclorotiazida Neo Quimica 50Mg, Caixa Com 20 Comprimidos",Neo Química,7896714205779,6.19,"R$ 5,82 ",0.19,3% ,6.0
Espironolactona 100mg Genérico Germed 30 Comprimidos,Não especificada,7896004716152,57.54,"R$ 37,39 ",18.99,33% ,38.55
Espironolactona 25mg 30 Comprimidos Eurofarma Genérico,Não especificada,7896004708959,27.04,"R$ 22,81 ",3.52,13% ,23.52
Hidrion 40 + 100mg com 30 comprimidos,Gross,7892828001375,40.86,"R$ 39,63 ",0.0,0% ,40.86
Espironolactona - EMS 25mg caixa com 30 comprimidos,Não especificada,7896004708942,27.2,"R$ 22,95 ",3.54,13% ,23.66
"Espironolactona Eurofarma 25Mg, Caixa Com 30 Comprimidos",Eurofarma,7891317431358,27.84,27.84,6.4,23% ,21.439999999999998
"Aldactone 25mg, Caixa Com 30 Comprimidos",Pfizer,7891268100211,43.63,43.63,6.54,15% ,37.09
"Lasix Comprimido 40Mg, Caixa Com 20 Comprimidos",Sanofi,7891058431037,25.02,25.02,3.75,15% ,21.27
Silimalon 140 com 30 Comprimidos,Não especificada,7897460401743,130.22,130.22,19.53,15% ,110.69
Sabonete Dermotivin Original Espuma 130ml,Não especificada,7897930761698,63.62,63.62,0.0,0% ,63.62
Simeticona Gotas 75mg mL Genérico Cimed 15mL,Legrand,7894916140089,17.09,17.09,5.63,33% ,11.46
"Gastrol 185mg + 231,5mg + 178mg, blíster com 10 pastilhas",Neo Química,7896622302805,9.15,9.15,0.0,0% ,9.15
"Gelmax Dim 400mg/5mL + 400mg/5mL + 30mg/5mL, caixa com 1 frasco com 240mL de suspensão de uso oral",EMS,7896004721361,43.86,43.86,15.35,35% ,28.509999999999998
Cloridrato de Metoclopramida 4mg ml Cimed Gotas 10mL,Cimed,7896523212203,7.08,7.08,1.06,15% ,6.02
"Clortalidona Ems 25Mg, Caixa Com 60 Comprimidos",EMS,7896004706368,34.42,"R$ 32,39 ",1.03,3% ,33.39
"Espironolactona Ems 100Mg, Caixa Com 30 Comprimidos",EMS,7896004716138,47.87,"R$ 40,40 ",6.22,13% ,41.65
"Hidroclorotiazida Sanofi Medley 25Mg, Caixa Com 30 Comprimidos",Medley,7891058002657,5.64,"R$ 4,48 ",1.02,18% ,4.619999999999999
"Espironolactona Eurofarma 50Mg, Caixa Com 30 Comprimidos",Eurofarma,7891317431334,43.78,"R$ 30,57 ",12.26,28% ,31.520000000000003
"Natrilix SR 1,5mg 60 Comprimidos Revestidos",Servier,7898029556812,83.67,"R$ 68,99 ",12.55,15% ,71.12
"Indapen Sr 1,5Mg, Caixa Com 30 Comprimidos Revestidos De Liberacao Prolongada",Torrent,8902220105676,35.47,"R$ 29,25 ",5.32,15% ,30.15
"Indapamida Eurofarma 1,5Mg, Caixa Com 30 Comprimidos Revestidos De Liberacao Prolongada",Eurofarma,7891317127404,34.93,"R$ 24,40 ",9.78,28% ,25.15
Clortalidona 50mg Genérico EMS - 30 Comprimidos,EMS,7896004705583,26.24,"R$ 24,69 ",0.79,3% ,25.45
"Clorana 25Mg, Caixa Com 30 Comprimidos",Não especificada,7897595901521,14.85,"R$ 12,24 ",2.23,15% ,12.62
Cloridrato de Amilorida + Hidroclorotiazida - EMS 50 + 50mg caixa com 30 comprimidos,EMS,7896004711454,21.93,"R$ 19,57 ",1.75,8% ,20.18
Espironolactona 50mg Genérico Germed 30 Comprimidos,Não especificada,7896004711041,43.21,"R$ 32,27 ",9.94,23% ,33.27
"Indapen SR 1,5mg 60 Comprimidos",Torrent,8903855076096,70.91,"R$ 56,41 ",12.76,18% ,58.15
Diupress 25mg + 5mg cm 30 Comprimidos,Não especificada,7891317010065,45.1,"R$ 37,19 ",6.76,15% ,38.34
Clorana 50mg caixa com 20 comprimidos,Sanofi,7897595900722,15.39,"R$ 12,69 ",2.31,15% ,13.08
"Hidroclorotiazida Medquimica 25Mg, Caixa Com 30 Comprimidos",Medquímica,7896862918583,3.32,"R$ 2,02 ",1.24,37% ,2.08
"Hidroclorotiazida Neo Quimica 25Mg, Caixa Com 30 Comprimidos",Neo Química,7896714211978,4.01,"R$ 3,89 ",0.0,0% ,4.01
"Furosemida Biosintetica 40Mg, Caixa Com 30 Comprimidos",Biosintética - Aché,7896181906582,21.34,"R$ 13,87 ",7.04,33% ,14.3
"Cloridrato De Amilorida 2,5mg + Hidroclorotiazida 25mg EMS 30 Comprimidos",EMS,7896004710860,13.12,"R$ 12,35 ",0.39,3% ,12.729999999999999
"Clortalidona Ems 12,5Mg, Caixa Com 60 Comprimidos",EMS,7896004706375,19.59,"R$ 18,43 ",0.59,3% ,19.0
"Indapamida 1,5mg 30 comprimidos EMS Genérico",EMS,7896004728827,36.88,"R$ 22,18 ",14.01,38% ,22.870000000000005
"Furosemida Neo Quimica 40Mg, Caixa Com 20 Comprimidos",Neo Química,7896714234557,10.92,"R$ 10,27 ",0.33,3% ,10.59
"Indapamida Germed Pharma 1,5Mg, Caixa Com 30 Comprimidos Revestidos",Germed Pharma,7896004728834,36.88,"R$ 22,18 ",14.01,38% ,22.870000000000005
"Natrilix SR 1,5mg 30 Comprimidos Revestidos de Liberação Prolongada",Servier,7898029556829,57.77,"R$ 47,63 ",8.67,15% ,49.1
Espironolactona - EMS 50mg caixa com 30 comprimidos,Não especificada,7896004711034,43.73,"R$ 32,66 ",10.06,23% ,33.669999999999995
Hidroclorotiazida 25mg c 30 Comprimidos Genérico Teuto,Teuto,7896112165651,4.45,4.45,0.0,0% ,4.45
Furosemida 40mg 30 Comprimidos Cimed,Não especificada,7896523200910,14.71,14.71,1.91,13% ,12.8
Aldactone 50Mg 30Cpr,Pfizer,7891268100228,65.69,65.69,16.42,25% ,49.269999999999996
"Diupress 25mg + 5mg, caixa com 20 comprimidos",Eurofarma,7891317000288,28.79,28.79,3.74,13% ,25.049999999999997
"Indapamida Pharlab 1,5mg, caixa com 30 comprimidos revestidos de liberação prolongada",Pharlab,7898216369980,31.7,31.7,16.8,53% ,14.899999999999999
"Furosemida Comprimido Teuto 40mg, caixa com 20 comprimidos",Teuto,7896112170310,7.9,7.9,0.24,3% ,7.66
"Indapen Sr Indapamida 1,5mg 90 comprimidos",Não especificada,8903855083490,99.77,99.77,19.95,20% ,79.82
"Melagriao 0,125Mg Ml + 0,125Mg Ml + 0,0064Mg Ml, Caixa Com 1 Frasco Com 150Ml De Xarope",Catarinense Pharma,7896023719899,25.42,"R$ 16,88 ",8.02,32% ,17.400000000000002
Bromelin S Frasco Com 100Ml De Solucao Oral,Hebron,7896685302880,75.34,"R$ 68,70 ",4.52,6% ,70.82000000000001
Vick Xarope 44E 240 Ml,P&G,7500435144384,67.31,"R$ 48,40 ",17.41,26% ,49.900000000000006
Polvilho Antisseptico Granado 200Gr,Granado Pharmácias,7896512902504,24.38,"R$ 23,65 ",0.0,0% ,24.38
"Merthiolate 10Mg Ml, Caixa Com 1 Frasco Spray Com 45Ml De Solucao Aquosa De Uso Dermatologico",Cosmed,7896094901155,49.84,"R$ 48,34 ",0.0,0% ,49.84
ZZ Sabonete Soapelle Darrow Liquido Com 140Ml,Darrow,7896290401473,54.75,54.75,0.0,0% ,54.75
Sabonete Antisséptico Darrow Soapelle barra com 70g,Darrow,7896290402593,22.99,22.99,0.0,0% ,22.99
Lysoform Aerossol Original 55Ml,Não especificada,7894650940167,14.0,14.0,1.4,10% ,12.6
Anti Septico Spray 30 Ml Kester,Não especificada,7898646017666,19.0,19.0,1.9,10% ,17.1
Anti-septico Clo Hertz 30mL,Kley Hertz Farmacêutica,7896331704983,18.32,18.32,4.08,22% ,14.24
Dozemast 1000mcg com 90 comprimidos,Não especificada,7896226109640,256.2,"R$ 203,78 ",46.12,18% ,210.07999999999998
"Cloridrato De Amiodarona Medley 200Mg, Caixa Com 30 Comprimidos",Medley,7891058001681,34.78,"R$ 32,73 ",1.04,3% ,33.74
"Cloridrato De Amiodarona Medley 100Mg, Caixa Com 30 Comprimidos",Medley,7891058001667,19.19,"R$ 18,05 ",0.58,3% ,18.610000000000003
Gripeol Solução Oral Frasco 100mL,Não especificada,7908020506904,35.2,35.2,14.9,42% ,20.300000000000004
"Expectovic 13,33mg/mL, caixa com 1 frasco com 120mL de xarope",Airela,7898636190782,19.9,19.9,0.0,0% ,19.9
"Aires 20mg/mL, frasco com 100mL de xarope + copo medidor",Eurofarma,7899640808984,33.29,33.29,2.66,8% ,30.63
Lavitan Kids Sabor Tutti-Frutti Solução Oral com 240ml,Cimed,7897947614673,29.9,29.9,2.99,10% ,26.909999999999997
"Spray para Garganta Extrato de Mel, Própolis e Gengibre Ambroxmel Sabor Gengibre 30ml",Ambroxmel,7899785200681,10.87,10.87,0.0,0% ,10.87
"Cutisanol Gel 1,5Mg G + 45Mg G, Tubo Com 100G De Gel De Uso Dermatologico",BioChimico,7897406119879,73.34,"R$ 62,10 ",9.32,13% ,64.02000000000001
Antimais Septico Spray 50Ml com anestésico,Kley Hertz Farmacêutica,7896331701104,25.61,"R$ 20,28 ",4.7,18% ,20.91
Polvilho Antisséptico Pink 100g,Granado Pharmácias,7896512913708,15.35,"R$ 13,41 ",1.53,10% ,13.82
Polvilho Antisseptico Granado 100Gr,Granado Pharmácias,7896512904089,15.35,"R$ 13,41 ",1.53,10% ,13.82
"Merthiolate 10Mg Ml, Caixa Com 1 Frasco Com 30Ml De Solucao Aquosa De Uso Dermatologico",Cosmed,7896094901148,27.55,"R$ 26,72 ",0.0,0% ,27.55
Ancoron Cloridrato de Amiodarona 100mg 30 comprimidos,Libbs,7896094207844,26.96,"R$ 22,23 ",4.04,15% ,22.92
Cloridrato de Propafenona Althaia 300mg com 60 comprimidos revestidos,Althaia,7898569761448,136.02,"R$ 88,40 ",44.89,33% ,91.13000000000001
"Vatis 150Mg, Caixa Com 60 Comprimidos Revestidos",Libbs,7896094208933,88.32,"R$ 72,82 ",13.25,15% ,75.07
"Vatis 150Mg, Caixa Com 90 Comprimidos Revestidos",Libbs,7896094208940,132.44,"R$ 105,34 ",23.84,18% ,108.6
Cloridrato de Propafenona Althaia 300Mg com 30 Comprimidos Revestidos,Althaia,7898569761431,78.99,"R$ 55,16 ",22.12,28% ,56.86999999999999
"Dozemast 1.000Mcg, Caixa Com 60 Comprimidos Sublingual",Não especificada,7896226108933,197.98,"R$ 168,99 ",23.76,12% ,174.22
"Ancoron 200Mg, Caixa Com 30 Comprimidos Revestidos",Libbs,7896094207851,54.01,54.01,8.1,15% ,45.91
Vatis 300mg Com 60 Comprimidos,Libbs,7896094208896,176.54,176.54,26.48,15% ,150.06
Ancoron 200Mg Com 60 Comprimidos Revestidos,Não especificada,7896094211001,78.67,78.67,11.8,15% ,66.87
Ancoron 100Mg Com 60 Comprimidos Revestidos,Não especificada,7896094210981,39.26,39.26,5.89,15% ,33.37
Ritmonorm 300mg 30 Comprimidos,Abbott do Brasil,7896255764384,146.86,146.86,7.34,5% ,139.52
Ritmonorm 300mg 60 Comprimidos Abbott,Abbott do Brasil,7896255764858,293.76,293.76,14.69,5% ,279.07
"Suplemento Calceos Kids Cereja, 200Ml",Myralis,7898430194467,63.67,"R$ 45,74 ",16.52,26% ,47.150000000000006
"Magnen B6 722,22Mg + 1Mg, Caixa Com 30 Comprimidos Revestidos",Marjan Farma,7896226102955,121.26,"R$ 99,98 ",18.19,15% ,103.07000000000001
"Unizinco 17,60Mg Ml, Caixa Com 1 Frasco Com 100Ml De Solucao De Uso Oral + Copo Medidor",Myralis,7898430192067,34.56,"R$ 28,50 ",5.18,15% ,29.380000000000003
Cálcio Mobility Os-Cal 500mg 60 comprimidos revestidos,Não especificada,7891058002343,104.16,"R$ 90,93 ",10.42,10% ,93.74
"Unizinco Comprimido 20Mg, Caixa Com 14 Comprimidos",Myralis,7898430193309,42.21,"R$ 36,85 ",4.22,10% ,37.99
"Slow-K 600Mg, Caixa Com 20 Drageas",União Química,7896006219545,18.67,18.67,2.24,12% ,16.43
"Mobility Oscal D 500Mg + 400Ui, Caixa Com 60 Comprimidos Revestidos",Sanofi,7891058002336,112.63,112.63,13.52,12% ,99.11
OSTEONUTRI 600MG+400UI 60CP,Não especificada,7895858017408,133.63,133.63,24.73,19% ,108.89999999999999
Kalyamon Kids frasco com 250mL de suspensão de uso oral + copo medidor,Janssen-Cilag,7896212422562,33.0,33.0,0.0,0% ,33.0
Osteonutri 600mg+400UI 30 comprimidos,Medley,7895858017392,91.47,91.47,9.92,11% ,81.55
Ossotrat-D 60 Comprimidos Revestidos,Não especificada,7893454714516,91.22,91.22,49.65,54% ,41.57
Odorizante De Ambiente Bendita Canfora 8 Tabletes,Bravir,7896186002548,15.72,"R$ 13,73 ",1.57,10% ,14.15
Pantogar Neo com 60 Capsulas,Biolab,7896112400448,175.06,"R$ 132,84 ",38.11,22% ,136.95
Aflexa colágeno 60 cápsulas,Kester,7908135001417,116.9,"R$ 113,39 ",0.0,0% ,116.9
Dorflex 10 Comprimidos X30,Sanofi,7891058017392,7.67,"R$ 7,44 ",0.0,0% ,7.67
Aflexa colágeno 30 cápsulas,Kester,7908135000984,89.0,"R$ 56,99 ",30.25,34% ,58.75
Zinpass + Eze 20mg 10mg Com 30 Comprimidos Revestidos,Medley,7896422504645,128.1,"R$ 105,62 ",19.21,15% ,108.88999999999999
"Dorflex, Caixa Com 36 Comprimidos",Sanofi,7891058017507,22.52,"R$ 19,66 ",2.25,10% ,20.27
Condres Colágeno 40mg 90 Cápsulas,EMS,7894916515207,383.52,"R$ 192,52 ",185.05,48% ,198.46999999999997
Imecap Rejuvenecedor Com 30 Saches,Farmoquímica,7898040328566,70.43,"R$ 58,54 ",10.08,14% ,60.35000000000001
Colágeno Tipo II Colaten HA 60 cápsulas,Não especificada,7896226109589,250.02,"R$ 203,69 ",40.03,16% ,209.99
Preten 30 Sachês com 11g Cada,Não especificada,7896658039805,192.17,"R$ 93,21 ",96.08,50% ,96.08999999999999
Probiótico Bio 5 120g 30 Sachês,Não especificada,7896006212089,106.7,"R$ 103,50 ",0.0,0% ,106.7
Suplemento Alimentar Imecap Hair Silicio Organico Com 60 Capsulas,Não especificada,7898040321192,60.57,"R$ 58,10 ",0.67,1% ,59.9
Zinpass + Eze 10mg 10mg Com 30 Comprimidos Revestidos,Medley,7896422504621,90.62,"R$ 74,72 ",13.59,15% ,77.03
Aflexa Max colágeno 30 cápsulas,Kester,7908135001769,99.0,"R$ 96,03 ",0.0,0% ,99.0
Suplemento Alimentar Colaten Force 60 comprimidos,Não especificada,7896226109732,258.86,"R$ 203,58 ",48.98,19% ,209.88000000000002
Suplemento Alimentar Cognicx 60 Cápsulas Moles,Não especificada,7896006217572,128.32,"R$ 112,03 ",12.83,10% ,115.49
Bendita Cânfora Bravir Líquida Multiuso Spray 100mL,Bravir,7896186002296,18.98,"R$ 16,57 ",1.9,10% ,17.080000000000002
"Arpadol 400Mg, Caixa Com 30 Comprimidos Revestidos",Apsen,7896637033589,113.35,"R$ 82,46 ",28.34,25% ,85.00999999999999
Suplemento Alimentar em Pó S-Copen MPVA-4 30 Sachês 24g Cada,Biolab,7896112401001,269.43,"R$ 213,96 ",48.85,18% ,220.58
Infralax 300 + 30 + 125 + 50mg caixa com 30 comprimidos,EMS,7896004705682,49.38,"R$ 21,31 ",27.41,56% ,21.970000000000002
"Biotina 250Mg Qualynutri, Com 60 Capsulas",Não especificada,7895143227024,30.0,"R$ 25,03 ",4.2,14% ,25.8
"Tandrilax 30Mg + 125Mg + 50Mg + 300Mg, Caixa Contendo 30 Comprimidos",Aché,7896658001666,35.33,"R$ 29,13 ",5.3,15% ,30.029999999999998
Motilex Caps Caixa Com 30 Capsulas,Apsen,7896637030854,104.01,"R$ 67,89 ",34.02,33% ,69.99000000000001
Alivik Pomada Aliviadora e Refrescante Bravir 40g,Bravir,7896186003316,14.37,"R$ 12,54 ",1.44,10% ,12.93
"Torsilax 125Mg + 50Mg + 300Mg + 30Mg, Caixa Com 30 Comprimidos",Neo Química,7896714200804,34.96,"R$ 20,47 ",13.86,40% ,21.1
Unguento Canela Pomada P  Massagem 100g,Pierry Wermon Cosméticos,7893590110579,17.77,"R$ 15,51 ",1.78,10% ,15.99
"Torsilax 125Mg + 50Mg + 300Mg + 30Mg, Caixa Com 12 Comprimidos",Neo Química,7896714218267,17.41,"R$ 10,69 ",6.39,37% ,11.02
"Trimusk 125Mg + 50Mg + 300Mg + 30Mg, Caixa Com 15 Comprimidos",Eurofarma,7891317005931,24.8,"R$ 20,45 ",3.72,15% ,21.080000000000002
"Infralax 300 + 30 + 125 + 50Mg, Caixa Com 15 Comprimidos",EMS,7896004727158,24.82,"R$ 11,62 ",12.84,52% ,11.98
"Sulfato Glicosamina 1,5g Nova Química com 30 envelopes",EMS Sigma Pharma,7895296250016,176.74,"R$ 85,72 ",88.37,50% ,88.37
"Baclofeno Uniao Quimica 10Mg, Caixa Com 20 Comprimidos",União Química,7896006209027,26.34,"R$ 17,12 ",8.69,33% ,17.65
"Tandrilax 30Mg + 125Mg + 50Mg + 300Mg, Caixa Contendo 15 Comprimidos",Aché,7896658004704,18.45,"R$ 15,21 ",2.77,15% ,15.68
"Beserol 300Mg + 125Mg + 50Mg + 30Mg, Caixa Com 12 Comprimidos",Megalabs,7896026171182,26.17,"R$ 21,57 ",3.93,15% ,22.240000000000002
"Nevralgex 300Mg + 50Mg + 35Mg, Caixa Com 30 Comprimidos",Cimed,7896523208404,24.25,"R$ 14,64 ",9.16,38% ,15.09
"Cloridrato De Ciclobenzaprina Biosintetica 10Mg, Caixa Com 15 Comprimidos Revestidos",Biosintética - Aché,7896181901327,19.34,"R$ 14,44 ",4.45,23% ,14.89
Colágeno Hidrolisado Tipo II Flex S com 30 sachês de 4g,União Química,7896006215738,142.94,"R$ 116,38 ",22.96,16% ,119.97999999999999
Motix Pomada Bisnaga Com 50G De Pomada De Uso Dermatologico,Farmoquímica,7898040324971,88.4,"R$ 75,46 ",10.61,12% ,77.79
Fenaflan Ice Teuto Aerosol 150g,Não especificada,7896112102441,62.42,"R$ 27,36 ",34.21,55% ,28.21
Motilex Ha Com 30 Capsulas,Apsen,7896637032193,198.97,"R$ 140,89 ",53.72,27% ,145.25
Colaten Artro 30 Comprimidos,Não especificada,7896226110141,180.99,"R$ 158,00 ",18.1,10% ,162.89000000000001
Gel de Massagem Bendita Cânfora Relaxante 80g,Bravir,7896186002173,23.72,"R$ 20,71 ",2.37,10% ,21.349999999999998
Miosan 10mg 10 Comprimidos Revestidos,Apsen,7896637023665,22.34,"R$ 17,45 ",4.35,19% ,17.990000000000002
Colageno Artrogen Plus D 30 Saches,Não especificada,7896658039874,249.32,"R$ 120,92 ",124.66,50% ,124.66
"Suplemento Alimentar Trifor Sabor Tangerina 30 Sachês 12,3g",Não especificada,7896112402411,247.63,"R$ 196,53 ",45.02,18% ,202.60999999999999
Atenolol 50mg 30cpr neo gen,Não especificada,7896714215129,16.74,"R$ 13,32 ",3.01,18% ,13.729999999999999
"Colageno Hidrolisado 750Mg Qualynutri, Com 120 Capsulas",Não especificada,7898483536047,65.0,"R$ 55,19 ",8.1,12% ,56.9
"Motore 250Mg, Caixa Contendo 60 Capsulas",Aché,7896658020988,164.07,"R$ 143,23 ",16.41,10% ,147.66
"Musculare 10Mg, Caixa Com 15 Comprimidos",Eurofarma,7891317432362,22.84,"R$ 18,83 ",3.43,15% ,19.41
Cloridrato de Ciclobenzaprina 10mg Genérico Biosintética 15 Comprimidos,Não especificada,7896523214641,14.19,"R$ 13,76 ",0.0,0% ,14.19
"Cloridrato De Ciclobenzaprina Eurofarma 10Mg, Caixa Com 30 Comprimidos Revestidos",Eurofarma,7891317433642,42.25,"R$ 35,66 ",5.49,13% ,36.76
"Miosan 5Mg, Caixa Com 30 Comprimidos Revestidos",Apsen,7896637022835,63.25,"R$ 46,02 ",15.81,25% ,47.44
"Dorilax Dt 450Mg 50Mg + 35Mg, Caixa Com 12 Comprimidos",Aché,7896658026546,9.62,"R$ 9,33 ",0.0,0% ,9.62
Cloridrato de Ciclobenzaprina 10mg Biosintética 30 Comprimidos Revestidos,Biosintética - Aché,7896181901341,38.96,"R$ 30,99 ",7.01,18% ,31.950000000000003
Mirtax 10mg 15 Comprimidos Revestidos,Aché,7896658008559,17.49,"R$ 14,42 ",2.62,15% ,14.869999999999997
Cataflam Aerosol Sport Ice 120g,Não especificada,7896261018563,70.5,"R$ 61,55 ",7.05,10% ,63.45
Colágeno Hidrolisado em Pó Biolab com 30 Sachês de 11g,Biolab Genéricos,7896112401537,94.32,"R$ 64,20 ",28.13,30% ,66.19
"Sirdalud 2mg, caixa com 30 comprimidos",Novartis,7896261010185,63.0,"R$ 50,11 ",11.34,18% ,51.66
Poma Belladonna Almeida Prado 25,Homeopatia Almeida Prado,7898037086639,50.05,"R$ 41,26 ",7.51,15% ,42.54
"Novalgina 1Gr, Caixa Com 20 Comprimidos",Não especificada,7891058002565,42.07,"R$ 40,73 ",0.08,0% ,41.99
Miorrelax 10 Comprimidos X20,Neo Química,7896714273532,6.08,"R$ 5,47 ",0.44,7% ,5.64
Flex Sensor Colágeno Tipo II Ácido Hialurônico 30 Capsulas,Não especificada,0618231640379,66.94,"R$ 53,24 ",12.05,18% ,54.89
Miosan Odt 5mg 10 Comprimidos Orodispersíveis,Não especificada,7896637034050,20.94,"R$ 17,27 ",3.14,15% ,17.8
"Dorflex 35Mg Ml + 300Mg Ml + 50Mg Ml, Caixa Com 1 Frasco Com 20Ml De Solucao De Uso Oral",Sanofi,7891058009458,21.4,"R$ 19,10 ",1.71,8% ,19.689999999999998
Alivik Bravir 12g,Bravir,7896186002944,8.37,"R$ 7,30 ",0.84,10% ,7.529999999999999
Mioflex A 12 Comprimidos,Cosmed,7897322714462,26.32,"R$ 22,21 ",3.42,13% ,22.9
Condres Performa 30 Sachês,Não especificada,7894916516709,306.76,"R$ 194,93 ",105.8,34% ,200.95999999999998
Musculare 10mg c  30 Comprimidos Revestidos,Eurofarma,7891317432386,45.7,"R$ 37,68 ",6.85,15% ,38.85
"Cloridrato De Ciclobenzaprina Eurofarma 10Mg, Caixa Com 15 Comprimidos Revestidos",Eurofarma,7891317446772,21.12,"R$ 16,80 ",3.8,18% ,17.32
"Cloridrato De Ciclobenzaprina Biosintetica 5Mg, Caixa Com 15 Comprimidos Revestidos",Biosintética - Aché,7896181901150,17.2,"R$ 15,35 ",1.38,8% ,15.82
"Cloridrato De Ciclobenzaprina Eurofarma 5Mg, Caixa Com 30 Comprimidos Revestidos",Eurofarma,7891317433673,37.92,"R$ 28,32 ",8.72,23% ,29.200000000000003
Doricin 36 Comprimidos,EMS,7896004769028,25.76,"R$ 15,00 ",10.3,40% ,15.46
"Musculare 5Mg, Caixa Com 15 Comprimidos",Eurofarma,7891317432447,20.51,"R$ 16,91 ",3.08,15% ,17.43
"Nevralgex 300Mg + 50Mg + 35Mg, Blister Com 10 Comprimidos",Cimed,7896523207360,7.7,"R$ 5,78 ",1.74,23% ,5.96
"Miosan Caf 10Mg + 60Mg, Caixa Com 15 Comprimidos Revestidos",Apsen,7896637025102,35.04,"R$ 33,99 ",0.0,0% ,35.04
Miosan 10mg 30 Comprimidos Revestidos,Não especificada,7896637022842,70.38,"R$ 51,21 ",17.59,25% ,52.78999999999999
Addera +Muscular Com 30 Saches,Addera,7891142981172,253.31,"R$ 245,71 ",0.0,0% ,253.31
Arpadol 400mg com 60 comprimidos revestidos,Apsen,7896637033596,220.0,"R$ 202,73 ",11.0,5% ,209.0
Artrodar 50mg caixa com 30 drágeas,TRB Pharma,7896281152018,254.2,"R$ 221,92 ",25.42,10% ,228.77999999999997
Piascledine 300mg 30 cápsulas,Abbott do Brasil,7896255766906,324.49,"R$ 299,02 ",16.22,5% ,308.27
Baclofeno 10mg com 20 Comprimidos - Teuto - Genérico,Teuto,7896112175858,26.25,"R$ 18,33 ",7.35,28% ,18.9
"Colageno Hidrolisado 750Mg Qualynutri, Com 60 Capsulas",Não especificada,7898483536030,33.66,"R$ 29,38 ",3.37,10% ,30.289999999999996
"Dolamin Flex 125Mg + 5Mg, Caixa Com 15 Comprimidos Revestidos",Farmoquímica,7898040321253,64.76,"R$ 54,65 ",8.42,13% ,56.34
Mioflex A 30 Comprimidos Hypera,Cosmed,7897322714479,65.62,"R$ 54,11 ",9.84,15% ,55.78
Suplemento Alimentar Protena Pro 60 Cápsulas,Não especificada,7896658048074,249.0,"R$ 193,22 ",49.8,20% ,199.2
Vit Neo Quimica Cabelos E Unhas Com 60 Capsulas,Centrotabs,7896714291246,146.3,"R$ 29,09 ",116.31,80% ,29.99000000000001
Permear 300mg 30cpr,Não especificada,7896226103037,227.16,"R$ 180,68 ",40.89,18% ,186.26999999999998
Baclon 10mg União Química 20 comprimidos,Não especificada,7896006270072,30.87,"R$ 29,94 ",0.0,0% ,30.87
Condroflex 500mg + 400mg 90 Cápsulas,Não especificada,7892953003022,198.74,"R$ 192,78 ",0.0,0% ,198.74
Condroflex Zodiac Sabor Abacaxi 30 Sachês,Zodiac,7892953003817,157.65,"R$ 137,63 ",15.76,10% ,141.89000000000001
HialuSkin Ácido Hialurônico 150gm Stem com 30 comprimidos,Não especificada,7898323762414,71.08,"R$ 58,10 ",11.18,16% ,59.9
Amalfi 20Mg Com 30 Capsulas,Não especificada,7891317018559,128.12,"R$ 108,12 ",16.66,13% ,111.46000000000001
Motore Extrato Seco de Curcuma 250mg 120 cápsulas,Não especificada,7896658020995,265.87,"R$ 232,10 ",26.59,10% ,239.28
Cataflam 60g Sport Ice Aerosol,GSK,7896261018303,47.52,"R$ 41,49 ",4.75,10% ,42.77
"Colageno Femme Qualynutri, Com 60 Capsulas",Não especificada,0602883980655,43.22,"R$ 37,73 ",4.32,10% ,38.9
Novalgina 500mg 30 Comprimidos,Não especificada,7891058008635,41.99,"R$ 40,73 ",0.0,0% ,41.99
Hyaluderma Qualy Nutri 150mg 30 Cápsulas,Não especificada,0618231640362,66.94,"R$ 48,40 ",17.04,25% ,49.9
Tandene 30 Comprimidos Delta,Cellera Farma,7893454100685,30.12,"R$ 27,08 ",2.2,7% ,27.92
Miosan 5mg 10 Comprimidos Revestidos,Apsen,7896637023658,20.06,"R$ 13,57 ",6.07,30% ,13.989999999999998
Ciclobenzaprina 5mg Eurofarma 15 Comprimidos,Eurofarma,7891317446819,18.95,"R$ 15,07 ",3.41,18% ,15.54
"Amora Miura 500Mg Qualynutri, Com 60 Capsulas",Não especificada,7898483534609,45.0,"R$ 34,82 ",9.1,20% ,35.9
Gripalce Com 10 Capsulas,Não especificada,7898100244447,12.75,"R$ 5,72 ",6.85,54% ,5.9
Tanderalgin 30 Comprimidos Delta,Não especificada,7893454714486,46.24,"R$ 28,07 ",17.3,37% ,28.94
"Ácido Ursodesoxicólico EMS 300mg, caixa com 30 comprimidos",Não especificada,7896004780191,181.42,"R$ 109,11 ",68.94,38% ,112.47999999999999
Artrogen Duo 30 Saches De 11G Com Po Para Solucao Oral,Aché,7896658033278,202.32,202.32,20.23,10% ,182.09
Fascia Prime Sabor Tangerina com 30 sachês,Não especificada,7896112402312,357.12,357.12,122.39,34% ,234.73000000000002
Colaten Plenne Com 30 Saches,Não especificada,7896226109718,199.9,199.9,19.99,10% ,179.91
Coltrax 2mg solução injetável caixa com 3 ampolas com 2ml,Sanofi,7891058021894,19.66,"R$ 16,59 ",2.56,13% ,17.1
Beserol 300 + 125 + 50 + 30mg caixa com 4 comprimidos,Megalabs,7896026171199,8.43,"R$ 7,36 ",0.84,10% ,7.59
"Ácido Ursodesoxicólico EMS 150mg, caixa com 30 comprimidos",Não especificada,7896004780184,91.76,"R$ 68,54 ",21.1,23% ,70.66
Suplemento Alimentar Condres AH com 30 Cápsulas,Não especificada,7894916515672,288.68,"R$ 166,92 ",116.6,40% ,172.08
"Cloridrato De Ciclobenzaprina Biosintetica 5Mg, Caixa Com 30 Comprimidos Revestidos",Biosintética - Aché,7896181901198,34.76,"R$ 29,33 ",4.52,13% ,30.24
Artrolive 500mg 400mg 30 Cápsulas,Aché,7896658004858,122.75,"R$ 113,11 ",6.14,5% ,116.61
Suplemento Alimentar Protena Pro 30 Cápsulas,Não especificada,7896658048050,159.0,"R$ 77,12 ",79.5,50% ,79.5
Artrolive 400mg + 500mg com 90 cápsulas,Aché,7896658004391,345.69,"R$ 318,56 ",17.28,5% ,328.40999999999997
"Miosan Caf 5Mg + 30Mg, Caixa Com 15 Comprimidos Revestidos",Apsen,7896637025096,31.48,"R$ 30,54 ",0.0,0% ,31.48
Artrolive 1200mg + 1500mg com 30 envelopes de 4g,Aché,7896658021268,237.34,"R$ 218,71 ",11.87,5% ,225.47
Suplemento Alimentar Semblé Fort Max 60 Cápsulas Softgel,Não especificada,7896658044922,190.44,190.44,95.22,50% ,95.22
Suplemento Alimentar Imecap Hair Men Com 60 Capsulas,Não especificada,7898040321604,41.09,41.09,0.0,0% ,41.09
Colágeno Para Articulação Protena 40mg Ache 60 Cápsulas,Aché,7896658033575,201.36,201.36,20.14,10% ,181.22000000000003
Semble Collagen Ultra 30Saches,Não especificada,7896658046377,179.0,179.0,89.5,50% ,89.5
Suplemento Alimentar Monessa Pos Parto Po Limão 14g 30 Sachês,Não especificada,7896112406853,242.45,242.45,61.82,25% ,180.63
Cloridrato De Tizanidina 2mg 30 Comprimidos Ranbaxy,Ranbaxy,7897076909077,41.94,41.94,7.55,18% ,34.39
Suplemento Alimentar Flex-HA com 30 Cápsulas,Não especificada,7896006201021,172.34,172.34,40.34,23% ,132.0
"Suplemento Alimentar Sarcopore Sabor Tangerina 30 Sachês com 16,10g Cada",Não especificada,7896112406150,253.63,253.63,81.31,32% ,172.32
"Miorrelax 300Mg + 50Mg + 35Mg, Caixa Com 30 Comprimidos",Neo Química,7896714273525,20.64,20.64,4.82,23% ,15.82
"Dorflex Icyhot Caixa Com 5 Adesivos, Tamanho P",Sanofi-Aventis(baixada),7891058017095,35.64,35.64,6.25,18% ,29.39
Dorflex Icy Hot Spray 118mL,Sanofi-Aventis(baixada),7891058017149,62.18,62.18,12.59,20% ,49.59
"Clonixinato De Lisina + Cloridrato De Ciclobenzaprina Ems 125Mg + 5Mg, Caixa Com 15 Comprimidos Revestidos",EMS,7896004756875,34.94,34.94,1.05,3% ,33.89
Calminex Ice frasco com 170 g de aerossol com gelo instantâneo,Cosmed,7891142118080,76.5,76.5,6.12,8% ,70.38
Suplemento Alimentar Nouve Da Comprimido 30 Stick,Mantecorp,7896094925564,112.84,112.84,18.89,17% ,93.95
Algi Articular 30 Sachês,Não especificada,7896360001794,242.55,242.55,24.25,10% ,218.3
Artroflan 40Cpr,Cosmed,7896094918443,189.99,189.99,28.5,15% ,161.49
Calminex Ice Aero 60Gr,Cosmed,7891142118073,53.69,53.69,0.0,0% ,53.69
Benziflex Lis 125 5mg com 15 Comprimidos,EMS,7896004753218,37.79,37.79,12.12,32% ,25.67
Suplemento Alimentar Condres AH com 30 Cápsulas,EMS,7894916513234,246.91,246.91,116.37,47% ,130.54
"Acido Ursodesoxicolico Ranbaxy 300Mg, Caixa Com 30 Comprimidos",Não especificada,7897076922724,167.14,167.14,46.8,28% ,120.33999999999999
"Condroflex 1,5g + 1,2g Sabor Limão 30 sachês",Não especificada,7892953000328,157.66,157.66,28.38,18% ,129.28
Algi Muscular 30 Sachês,Não especificada,7896360001855,223.38,223.38,22.34,10% ,201.04
Elastigen 30 Sachês,Não especificada,7896360001886,334.15,334.15,33.41,10% ,300.74
"Colageno Hidrolisado Verisol 1750Mg Qualynutri, Com 60 Capsulas",Não especificada,0602883980648,60.0,60.0,5.1,9% ,54.9
Condres Colágeno Tipo II 40mg Não Hidrolisado com 30 cápsulas,EMS,7894916510486,212.98,212.98,87.68,41% ,125.29999999999998
Doilamim Flex Clonixinato de Lisina 125mg + Cloridrato de Ciclobenzaprina 5mg 12comp.,Farmoquímica,7898040322441,49.63,49.63,4.96,10% ,44.67
"Sulglic 1,5g, caixa com 30 envelopes com 3,95g de pó para solução de uso oral",EMS,7896004725550,215.33,215.33,133.07,62% ,82.26000000000002
Lumier Force Com 30 Capsulas,Não especificada,7896006217381,119.68,119.68,26.78,22% ,92.9
Suplemento Alimentar Extima Baunilha Com 30 Saches,Não especificada,7896637032544,364.92,364.92,36.49,10% ,328.43
Gel Calmante de Arnica Boiron Arnilivium Gel 45g,Boiron,7898927111298,44.33,44.33,4.43,10% ,39.9
Progress 600mg com 30 saches,Aché,7896658035265,269.33,269.33,26.93,10% ,242.39999999999998
Motix caixa com 50 comprimidos sublinguais,Farmoquímica,7898040324957,80.0,80.0,0.0,0% ,80.0
Colágeno Tipo II Não Hidrolisado Colflex Complet 30Cpr,Não especificada,EAN não informado,158.0,158.0,57.92,37% ,100.08
Suplemento Alimentar Fixare Pro+ 30 Comprimidos,Não especificada,7894916514606,192.87,192.87,68.6,36% ,124.27000000000001
Pantoprazol Sódico Sesqui-Hidratado 20mg Medley 42 Comprimidos,Não especificada,7896422517263,57.37,57.37,0.0,0% ,57.37
"Ártico 1,5g + 1,2g Sabor Guaraná 30 sachês de 5g",Não especificada,7891317009342,246.83,246.83,66.47,27% ,180.36
"Ártico 1,5g + 1,2g Sabor Maracuja 30 sachês de 5g",Não especificada,7891317009304,246.83,246.83,74.42,30% ,172.41000000000003
Cafeína + Carisoprodol + Diclofenaco Sódico + Paracetamol 15 comprimidos Eurofarma Genérico,Eurofarma,7891317005917,15.94,15.94,1.28,8% ,14.66
Cafeína + Carisoprodol + Diclofenaco Sódico + Paracetamol 30 comprimidos Eurofarma Genérico,Eurofarma,7891317005900,30.58,30.58,2.45,8% ,28.13
"Condres Colageno 40Mg, Caixa com 60 Capsulas",Não especificada,7894916510493,316.8,316.8,31.68,10% ,285.12
Miosan Odt 10mg 10 Comprimidos Orodispersíveis,Não especificada,7896637034067,23.38,23.38,3.51,15% ,19.869999999999997
Gravisop 30 sachês,Não especificada,7908135002216,139.34,139.34,13.93,10% ,125.41
"Condroflex Mix Sulfato de Glicosamida 1,5mg + Sulfato de Condrotina 1,2mg - 30 sachês",Não especificada,7892953208052,157.66,157.66,0.0,0% ,157.66
"Coltrax 4mg, caixa com 20 comprimidos",Sanofi,7891058006334,68.03,68.03,10.2,15% ,57.83
Nouve Collagen Ha caixa com 30 sachês com 84g de pó para solução de uso oral,Cosmed,7891142207432,202.37,202.37,72.47,36% ,129.9
Artico 500mg + 400mg 30 Cápsulas,Eurofarma,7891317100933,117.0,117.0,20.01,17% ,96.99
Flixotide Spray 50mcg GSK 120 doses,GSK,7896015516581,208.56,"R$ 192,19 ",10.43,5% ,198.13
"Clenil Hfa 50Mcg Dose, Caixa Com 1 Tubo Com 200 Doses De Suspensao De Uso Inalatorio + 1 Dispositivo Oral",Chiesi,7896672202810,49.99,"R$ 34,91 ",14.0,28% ,35.99
"Clenil Hfa 200Mcg Dose, Caixa Com 1 Tubo Com 200 Doses De Suspensao De Uso Inalatorio + 1 Dispositivo Oral",Chiesi,7896672202872,81.81,"R$ 67,45 ",12.27,15% ,69.54
Busonid 200mcg Refil com 60 cápsulas,Aché,7896181904441,66.31,"R$ 54,67 ",9.95,15% ,56.36
Pomada Imescard Caixa Com 1 Bisnaga Com 25G De Pomada De Uso Retal + Aplicador,Osório de Moraes,7898089300059,51.37,"R$ 41,39 ",8.7,17% ,42.67
"Ultraproct LDO 1mg g + 20mg g, caixa com 1 bisnaga",Moksha8 Brasil,7898953165296,46.87,"R$ 38,64 ",7.03,15% ,39.839999999999996
Hemofiss Pomada 30 Gramas  Com 1 Aplicador,Cimed,7896523213828,41.05,"R$ 28,79 ",11.37,28% ,29.68
"Proctosan 0,5  + 2  + 2  + 10 , Caixa Com 1 Bisnaga Com 20G De Pomada De Uso Retal + 6 Aplicadores",Kley Hertz Farmacêutica,7896331704730,88.76,"R$ 44,64 ",42.74,48% ,46.02
Hemovirtus PRO Pomada 30g com 10 Aplicadores,Não especificada,7896714293356,50.58,"R$ 49,06 ",0.0,0% ,50.58
"Xyloproct 50mg g + 2,2mg g + 180mg g + 35mg g bisnaga com 25g + 10 Aplicadores",Aspen Pharma,7895858017125,43.3,43.3,4.33,10% ,38.97
"Proctosan 0,5% + 2% + 2% + 10%, caixa com 1 bisnaga com 20g de pomada de uso retal + 1 aplicador",Kley Hertz Farmacêutica,7896331700459,68.94,68.94,33.99,49% ,34.949999999999996
Pomada para Hemorroidas Hemodase 25g + 10 aplicadores,Vitamedic,7898049790395,46.51,46.51,21.56,46% ,24.95
Pant Solucao Capilar 50Ml Com 3 Unidades,Aché,7896658035340,168.78,"R$ 139,16 ",25.32,15% ,143.46
"Contractubex 100Mg G + 10Mg G + 0,4Mg G, Caixa Com 1 Bisnaga Com 20G De Gel De Uso Dermatologico",Biolab,7896112403418,119.85,"R$ 116,25 ",0.0,0% ,119.85
"Clenil Hfa 250Mcg Dose, Caixa Com 1 Tubo Com 200 Doses De Suspensao De Uso Inalatorio + 1 Dispositivo Oral",Chiesi,7896672202902,80.69,"R$ 66,53 ",12.1,15% ,68.59
"Pulmicort 0,25mg mL, Caixa Com 5 Frascos Com 2mL de Suspensao para Nebulização",Astrazeneca,7896206402013,57.22,57.22,5.15,9% ,52.07
Flixotide Fluticasona 250mcg Spray 60 doses,GSK,7896269900808,156.37,156.37,7.82,5% ,148.55
Busonid 200mcg Refil 60 Cápsulas Biosintética,Aché,7896181900740,53.11,53.11,7.97,15% ,45.14
"Pulmicort 0,5mg mL, Caixa Com 5 Frascos Com 2mL de Suspensao para Nebulização",Astrazeneca,7896206402020,71.53,71.53,10.73,15% ,60.8
"Clenil A 400Mcg Ml, Caixa Com 10 Flaconetes Com 2Ml De Suspensao Para Nebulizacao",Chiesi,7896672202681,90.11,90.11,13.52,15% ,76.59
"Proctyl 50Mg G + 10Mg G, Caixa Com 1 Bisnaga Com 30G De Pomada De Uso Retal + 10 Aplicadores",Takeda,7896641801792,86.39,"R$ 77,10 ",6.91,8% ,79.48
"Proctyl 100Mg + 27Mg, Caixa Com 15 Supositorios De Uso Retal",Takeda,7896641805905,92.73,"R$ 81,85 ",8.35,9% ,84.38000000000001
Hidraenema 5 Bisnagas 3g + 5 Aplicadores Descartáveis,Não especificada,7898957601714,83.33,"R$ 72,75 ",8.33,10% ,75.0
"Proctan 5Mg G + 20Mg G + 20Mg G + 100Mg G, Caixa Com 1 Bisnaga Com 25G De Pomada De Uso Retal",Não especificada,7898949409465,46.45,"R$ 45,06 ",0.0,0% ,46.45
"Pant 50Mg Ml, Caixa Contendo 1 Frasco Com 50Ml De Solucao De Uso Capilar + 1 Valvula Spray",Aché,7896658026904,76.25,"R$ 62,87 ",11.44,15% ,64.81
Finasterida - EMS 1mg caixa com 30 comprimidos,Não especificada,7896004706405,73.19,"R$ 40,47 ",31.47,43% ,41.72
Gel para Cicatrizes Cicatricure Rosto e Corpo 60g,Não especificada,7898949409762,44.65,"R$ 43,31 ",0.0,0% ,44.65
"Babymed 10000Ui G + 400Ui G + 100Mg G, Bisnaga Com 45G De Pomada De Uso Dermatologico",Cimed,7896523223223,16.49,"R$ 9,71 ",6.48,39% ,10.009999999999998
Calicida Frasco Com 10Ml De Solucao De Uso Dermatologico,ADV Farma,7896230301689,25.78,"R$ 22,50 ",2.58,10% ,23.200000000000003
Minancora Pomada 30 Gramas,Minâncora,7896044600091,19.81,"R$ 16,24 ",3.07,15% ,16.74
Calotrat 5 Ml Galenogal,Kley Hertz Farmacêutica,7896331706451,45.01,"R$ 19,16 ",25.26,56% ,19.749999999999996
Cicatricure Gel Cicatrizante 30g,Não especificada,7898949409625,25.65,"R$ 24,88 ",0.0,0% ,25.65
"Untral Biotina 2,5mg 30 cápsulas",Aché,7896658027055,144.4,"R$ 133,06 ",7.22,5% ,137.18
"Finalop 1Mg, Caixa Com 30 Comprimidos Revestidos",Libbs,7896094203075,84.61,"R$ 69,76 ",12.69,15% ,71.92
Hidroquinona 40mg g Creme 30g EMS Genérico,EMS,7896004726229,55.67,"R$ 44,28 ",10.02,18% ,45.650000000000006
Suplemento Alimentar Pantogar 30Cap,Biolab,7896112425328,113.34,"R$ 93,45 ",17.0,15% ,96.34
Finasterida 1mg EMS 30 Comprimidos União Química,Não especificada,7896006299769,75.05,"R$ 45,13 ",28.52,38% ,46.53
Finasterida 1mg 30 Comprimidos Cimed,Não especificada,7896523227542,73.19,"R$ 40,47 ",31.47,43% ,41.72
Principia Loção Hidratante Uréia Glicerina Óleo de Semente de Girasol 200ml,Não especificada,0609963220687,34.0,"R$ 32,98 ",0.0,0% ,34.0
Removedor de Verrugas Verrux com 10mL,Theraskin,7897129300134,100.62,"R$ 87,84 ",10.06,10% ,90.56
Suavie sab liquido 140ml,Suavié,7896290401626,43.99,43.99,0.0,0% ,43.99
Pantogar Resist Silício 10g - 30 sachês,Não especificada,7896112405962,244.37,"R$ 188,54 ",50.0,20% ,194.37
Principia Tônico 7  de Ácido Lático e 1  de Ácido Salicílico 120M,Não especificada,0609963220380,44.0,"R$ 42,68 ",0.0,0% ,44.0
Pantogar Suplemento com 90 cápsulas,Biolab,7896112425496,340.07,"R$ 313,38 ",17.0,5% ,323.07
Sabonete Soapex Cremoso 120mL,Soapex,7897930750050,47.52,"R$ 38,70 ",7.62,16% ,39.900000000000006
"Suavicid 40mg + 0,5mg + 0,1mg Creme com 15g",Não especificada,7896004726694,108.98,"R$ 81,30 ",25.17,23% ,83.81
Pantogar 60 Cápsulas,Biolab,7896112425410,226.69,"R$ 208,90 ",11.33,5% ,215.35999999999999
Sabonete Soapex 1  80g,Soapex,7897930761209,40.69,"R$ 31,91 ",7.79,19% ,32.9
Sabonete Antisséptico em barra Galderma Soapex com 80g,Soapex,7897930750043,29.17,"R$ 22,98 ",5.48,19% ,23.69
Pomada para Prevenção de Assaduras Babymed 40g,Não especificada,7897947610965,18.96,"R$ 16,55 ",1.9,10% ,17.060000000000002
Nutraplus 01g g creme dermatológico bisnaga com 60g,Galderma,7897930760806,69.19,"R$ 57,05 ",10.38,15% ,58.809999999999995
Álcool Gel Higienizante Munila Bichinhos Mistos 30g,Não especificada,7898941674335,16.66,"R$ 9,40 ",6.97,42% ,9.690000000000001
ZZ CANFORA GEL ACTIVE 80GR BRAVIR,Não especificada,7896186003309,20.33,"R$ 17,75 ",2.03,10% ,18.299999999999997
Aloxidil 50mg mL Solução Capilar com 50mL,Theraskin,7897129303654,85.84,"R$ 73,27 ",10.3,12% ,75.54
Finasterida 5mg Eurofarma 30 comprimidos,Não especificada,7895296276047,176.22,"R$ 46,15 ",128.64,73% ,47.58000000000001
Finasterida 1mg Genérico Germed 30 Comprimidos Revestidos,Não especificada,7895296275040,73.19,"R$ 47,57 ",24.15,33% ,49.04
Minoxidil 50mg Frasco 50ml Neo Química Genérico,Não especificada,7896714274393,93.75,"R$ 47,29 ",45.0,48% ,48.75
Pant Solucao Capilar 50mL Com 2 Unidades,Aché,7896658035388,119.85,119.85,15.58,13% ,104.27
"Vitacid Tretinoína 0,50mg g Creme 25g",Theraskin,7897129300509,63.43,63.43,8.25,13% ,55.18
"Vitacid Tretinoína 0,25mg g Gel 25g",Theraskin,7897129300516,44.38,44.38,6.66,15% ,37.72
"Pant Sec 50mg mL, Caixa Com 3 Frascos Com 50Ml De Solucao De Uso Capilar + 1 Válvula Spray",Não especificada,7896658038709,217.19,217.19,10.86,5% ,206.32999999999998
Pantogar Men Com 30 Cápsulas,Biolab,7896112400332,175.23,175.23,45.33,26% ,129.89999999999998
Finasterida 1mg 30 Comprimidos Teuto,Teuto,7896112190844,63.08,63.08,23.97,38% ,39.11
Pilox 50mg mL Spray Capilar Com 50mL,Não especificada,7891317025243,34.7,34.7,0.0,0% ,34.7
Gel Dermatológico Hidroquinona 40mg Genérico Legrand Pharma 30g,Legrand,7894916145503,55.67,55.67,7.24,13% ,48.43
Pointts Anti-Verrugas C 12 Aplicações 80Ml,Não especificada,0650240030499,189.99,189.99,0.0,0% ,189.99
"Glyquin XM 40mg/g + 100mg/g, caixa com 28 sachês com 1g de creme de uso dermatológico",Bausch + Lomb,7898168006391,108.32,108.32,26.0,24% ,82.32
Finasterida 1mg Biosintética - Aché caixa com 30 comprimidos revestidos,Biosintética - Aché,7896181905691,73.71,73.71,28.01,38% ,45.69999999999999
"Hidropeek 40mg/g, caixa com 1 bisnaga com 30g de gel de uso dermatológico",EMS,7896004726373,59.33,59.33,14.83,25% ,44.5
Soapex Sabonete Liquido 1  120 Ml,Soapex,7897930761834,70.13,70.13,20.23,29% ,49.89999999999999
Cleankinol Hidroquinona 40mg g Gel 30g,Legrand,7896004725987,56.82,56.82,22.73,40% ,34.09
"Dixil 50Mg Ml, Caixa Contendo 1 Frasco Com 50Ml De Solucao De Uso Capilar + 1 Valvula Spray",Não especificada,7891317025205,69.42,69.42,8.33,12% ,61.09
Sérum Rejuvenescedor Ivy C Ferulic com 30g,Ivy C,7891142981240,230.79,230.79,20.89,9% ,209.89999999999998
Hidralyte 45 Sabor Uva 500ml,Natulab,7898133139239,26.57,"R$ 16,71 ",9.34,35% ,17.23
Hidralyte Água de Coco 500ml,Natulab,7898133139253,26.57,"R$ 16,71 ",9.34,35% ,17.23
"Hidraplex 4 Envelopes Com 27,9G De Po Para Solucao De Uso Oral, Sabor Natural",Natulab,7898133137310,71.34,"R$ 19,95 ",50.77,71% ,20.57
"Hidraplex 4 Envelopes Com 27,9G De Po Para Solucao De Uso Oral, Sabor Agua De Coco",Natulab,7898133137297,66.92,66.92,46.34,69% ,20.58
Hydralyte Guarana 500mL,Natulab,7898133139246,26.54,26.54,9.31,35% ,17.229999999999997
Rehidrat 50 Sabor Laranja Rehidrat 4 envelopes,Eurofarma,7891317007508,35.48,35.48,4.26,12% ,31.22
"Hidraplex 1 envelope com 28,31g de pó para solução de uso oral, sabor uva",Natulab,7898133137358,33.32,33.32,18.09,54% ,15.23
"Babydrax 1,5g + 2,9g + 3,5g + 20g, sachê com 27,9g de pó para solução de uso oral",União Química,7896006212317,6.01,6.01,0.6,10% ,5.41
"Babydrax 3,5mg + 2,9mg + 20mg + 1,5mg, caixa com 4 envelopes com 27,9g de pó para solução de uso oral",União Química,7896006210306,23.09,23.09,9.03,39% ,14.06
"Rehidrat po 50 4env 7,337gr",Eurofarma,7891317007454,36.21,36.21,4.71,13% ,31.5
"Hidraplex 4 Envelopes Com 27,9G De Po Para Solucao De Uso Oral, Sabor Guarana",Natulab,7898133137334,61.08,61.08,40.5,66% ,20.58
Legalon 64mg 5ml Frasco 100ml,Não especificada,7898560664373,103.66,"R$ 91,50 ",9.33,9% ,94.33
"Natifa 1Mg, Caixa Com 28 Comprimidos Revestidos",Libbs,7896094201460,73.32,"R$ 58,32 ",13.2,18% ,60.11999999999999
"Levotiroxina Sodica Merck 100Mcg, Caixa Com 30 Comprimidos",Merck,7891721202858,10.23,"R$ 9,13 ",0.82,8% ,9.41
Angeliq Estradiol 1mg + Drospirenona 2mg 28 comprimidos,Bayer,7891106913911,140.03,"R$ 111,38 ",25.21,18% ,114.82
Puran T4 50Mcg 30 Comprimidos,Sanofi,7897595901316,19.88,"R$ 16,39 ",2.98,15% ,16.9
"Cicloprimogyna 2Mg +  2Mg + 0,25Mg , Caixa Com 21 Drageas",Bayer,7891106913935,14.82,"R$ 11,79 ",2.67,18% ,12.15
"Puran T4 12,5Mcg 30 Comprimidos",Sanofi,7891058003555,3.77,"R$ 3,10 ",0.57,15% ,3.2
"Puran T4 37,5Mcg 30 Comprimidos",Sanofi,7891058003562,11.37,"R$ 9,37 ",1.71,15% ,9.66
Puran T4 25Mcg 30 Comprimidos,Sanofi,7897595901309,17.97,"R$ 14,81 ",2.7,15% ,15.27
"Levotiroxina Sodica Merck 50Mcg, Caixa Com 30 Comprimidos",Merck,7891721202810,11.98,"R$ 10,69 ",0.96,8% ,11.02
"Levotiroxina Sodica Merck 75Mcg, Caixa Com 30 Comprimidos",Merck,7891721202834,13.09,"R$ 11,68 ",1.05,8% ,12.04
Primosiston 30 Comprimidos,União Química,7896006201731,14.52,"R$ 12,40 ",1.74,12% ,12.78
Utrogestan 200Mg Caixa Com 14 Cápsulas,Besins,7898948648148,77.54,"R$ 61,67 ",13.96,18% ,63.580000000000005
"Levoid 50Mcg, Caixa Contendo 30 Comprimidos",Aché,7896658008764,20.25,"R$ 16,69 ",3.04,15% ,17.21
"Sandrena 0,5mg 0,5g Organon 28 Sachês",Organon,7897337716703,50.54,"R$ 40,20 ",9.1,18% ,41.44
"Buscofem 400Mg, Caixa Com 10 Capsulas Gelatinosas Moles",Cosmed,7896094921344,32.31,"R$ 28,40 ",3.03,9% ,29.28
"Levoid 25Mcg, Caixa Contendo 30 Comprimidos",Aché,7896658008740,18.05,"R$ 14,88 ",2.71,15% ,15.34
"Euthyrox 75Mcg, Caixa Com 50 Comprimidos",Merck,7891721014741,47.6,"R$ 39,25 ",7.14,15% ,40.46
Puran T4 125Mcg 30 Comprimidos,Sanofi,7897595901446,24.86,"R$ 20,50 ",3.73,15% ,21.13
"Levotiroxina Sodica Merck 150Mcg, Caixa Com 30 Comprimidos",Merck,7891721202711,16.17,"R$ 14,43 ",1.29,8% ,14.880000000000003
Synthroid 100mcg 30 Comprimidos,Abbott do Brasil,7896255716970,52.05,"R$ 42,96 ",7.76,15% ,44.29
"Levoid 75Mcg, Caixa Contendo 30 Comprimidos",Aché,7896658008788,20.81,"R$ 17,16 ",3.12,15% ,17.689999999999998
"Levotiroxina Sodica Merck 200Mcg, Caixa Com 30 Comprimidos",Merck,7891721202735,35.3,"R$ 31,51 ",2.82,8% ,32.48
Climene 21 drágeas,Não especificada,7891106913942,41.65,"R$ 34,34 ",6.25,15% ,35.4
"Levoid 38Mcg, Caixa Contendo 30 Comprimidos",Aché,7896658002076,11.85,"R$ 9,77 ",1.78,15% ,10.07
"Synthroid 50Mcg, Caixa Contendo 30 Comprimidos",Abbott do Brasil,7896255716956,44.87,"R$ 32,64 ",11.22,25% ,33.65
"Libiam 1,25Mg, Caixa Com 28 Comprimidos Revestidos",Libbs,7896094201378,61.44,"R$ 48,87 ",11.06,18% ,50.379999999999995
"Euthyrox 100Mcg, Caixa Com 50 Comprimidos",Merck,7891721014239,49.19,"R$ 39,13 ",8.85,18% ,40.339999999999996
"Noretisterona 0,35mg 35 comprimidos Biolab Genérico",Biolab Genéricos,7896112401407,10.42,"R$ 9,10 ",1.04,10% ,9.379999999999999
"Levotiroxina Sodica Merck 125Mcg, Caixa Com 30 Comprimidos",Merck,7891721202889,14.99,"R$ 13,38 ",1.2,8% ,13.790000000000001
"Puran T4 62,5Mcg 30 Comprimidos",Sanofi,7891058003579,18.94,"R$ 15,62 ",2.84,15% ,16.1
Puran T4 88Mcg 30 Comprimidos,Sanofi,7897595903365,26.14,"R$ 21,55 ",3.92,15% ,22.22
Puran T4 75Mcg 30 Comprimidos,Sanofi,7897595901323,21.7,"R$ 17,90 ",3.25,15% ,18.45
"Levotiroxina Sodica Merck 88Mcg, Caixa Com 30 Comprimidos",Merck,7891721202841,15.8,"R$ 14,10 ",1.26,8% ,14.540000000000001
Puran T4 100Mcg 30 Comprimidos,Sanofi,7897595901033,16.94,"R$ 13,97 ",2.54,15% ,14.400000000000002
"Natifa Pro 1Mg + 0,5Mg, Caixa Com 28 Comprimidos Revestidos",Libbs,7896094201477,95.68,"R$ 76,11 ",17.22,18% ,78.46000000000001
"Oestrogel 0,6Mg G, Tubo Com Valvula Dosadora Com 80G De Gel De Uso Dermatologico",Besins,7898948648179,82.41,"R$ 67,95 ",12.36,15% ,70.05
"Tibolona Nova Quimica 2,5Mg, Caixa Com 30 Comprimidos",Nova Química,7895296132039,78.69,"R$ 43,50 ",33.84,43% ,44.849999999999994
Tapazol 5mg 100 Comprimidos,Biolab,7896241231616,38.11,"R$ 31,42 ",5.72,15% ,32.39
"Levotiroxina Sodica Merck 25Mcg, Caixa Com 30 Comprimidos",Merck,7891721202988,10.85,"R$ 9,68 ",0.87,8% ,9.98
Synthroid 112Mcg 30 Comprimidos,Abbott do Brasil,7896255700283,54.43,"R$ 42,23 ",10.89,20% ,43.54
"Buscofem 400Mg, Blister Com 2 Capsulas Gelatinosas Moles",Cosmed,7896094921320,6.99,"R$ 6,30 ",0.5,7% ,6.49
"Euthyrox 137Mcg, Caixa Com 50 Comprimidos",Merck,7891721015007,58.5,"R$ 48,24 ",8.77,15% ,49.730000000000004
"Euthyrox 88Mcg, Caixa Com 50 Comprimidos",Merck,7891721014963,43.51,"R$ 35,87 ",6.53,15% ,36.98
"Dienogeste 2Mg E.M.S., Caixa Com 30 Comprimidos",Não especificada,7896004779713,55.34,"R$ 38,64 ",15.5,28% ,39.84
Euthyrox Levotiroxina Sódica 50mcg 50 comprimidos,Merck,7891721014697,43.07,"R$ 35,51 ",6.46,15% ,36.61
"Synthroid 75Mcg, Caixa Contendo 30 Comprimidos",Abbott do Brasil,7896255716963,50.29,"R$ 41,51 ",7.5,15% ,42.79
Puran T4 150Mcg 30 Comprimidos,Sanofi,7897595901330,26.67,"R$ 21,99 ",4.0,15% ,22.67
Aplause 20mg caixa com 30 comprimidos,Não especificada,7896226101156,133.28,"R$ 106,59 ",23.39,18% ,109.89
Primogyna 1mg 28 Drágeas,Bayer,7891106914031,55.29,"R$ 43,98 ",9.95,18% ,45.34
"Euthyrox 112Mcg, Caixa Com 50 Comprimidos",Merck,7891721014987,55.43,"R$ 45,71 ",8.31,15% ,47.12
Duphaston 10mg 28 Comprimidos Revestidos,Abbott do Brasil,7896255766333,82.38,"R$ 67,12 ",13.18,16% ,69.19999999999999
Suprema 2mg 1mg Biolab 28 Comprimidos revestidos,Não especificada,7896241265543,49.06,"R$ 40,45 ",7.36,15% ,41.7
"Levoid 112Mcg, Caixa Contendo 30 Comprimidos",Aché,7896658008849,33.53,"R$ 27,65 ",5.03,15% ,28.5
Puran T4 200Mcg 30 Comprimidos,Sanofi,7897595903259,58.37,"R$ 48,12 ",8.76,15% ,49.61
Kalist 2mg 28 Comprimidos,Aché,7896658027703,63.76,"R$ 55,66 ",6.38,10% ,57.379999999999995
Synthroid 125mcg 30 Comprimidos,Não especificada,7896255700054,57.1,"R$ 44,31 ",11.42,20% ,45.68
"Euthyrox 125Mcg, Caixa Com 50 Comprimidos",Merck,7891721014086,54.98,"R$ 45,33 ",8.25,15% ,46.73
"Cabergolina 0,5mg 2 comprimidos Prati Donaduzzi Genérico",Prati-Donaduzzi,7899547510911,83.57,"R$ 54,31 ",27.58,33% ,55.989999999999995
"Reduclim Tibolona 1,25mg 35 Comprimidos",Não especificada,7898040322199,96.0,"R$ 76,36 ",17.28,18% ,78.72
"Levoid 125Mcg, Caixa Contendo 30 Comprimidos",Aché,7896658008863,26.6,"R$ 21,93 ",3.99,15% ,22.61
Stele 1mg g Creme Vaginal 50 Gramas Com 5 Aplicadores,Biolab,7896112400608,67.18,"R$ 53,44 ",12.09,18% ,55.09
"Synthroid 25Mcg, Caixa Contendo 30 Comprimidos",Abbott do Brasil,7896255716949,39.57,"R$ 28,79 ",9.89,25% ,29.68
"Levoid 88Mcg, Caixa Contendo 30 Comprimidos",Aché,7896658008801,26.57,"R$ 21,90 ",3.99,15% ,22.58
"Levoid 100Mcg, Caixa Contendo 30 Comprimidos",Aché,7896658008825,17.43,"R$ 14,38 ",2.61,15% ,14.82
"Euthyrox 25Mcg, Caixa Com 50 Comprimidos",Merck,7891721014642,37.62,"R$ 31,02 ",5.64,15% ,31.979999999999997
Soyfemme Isoflavonas de Soja 150mg 30 cápsulas,Aché,7896658006005,143.87,"R$ 118,62 ",21.58,15% ,122.29
Antrofi Creme Vaginal Eurofarma 30g + 20 Aplicadores,Eurofarma,7891317490133,98.9,"R$ 81,55 ",14.83,15% ,84.07000000000001
"Promestrieno Eurofarma 10Mg G, Caixa Com 1 Bisnaga Com 30G De Creme De Uso Ginecologico + 20 Aplicadores",Eurofarma,7891317490003,71.21,"R$ 56,64 ",12.82,18% ,58.38999999999999
"Pietra Ed 2Mg, Caixa Com 30 Comprimidos Revestidos",Eurofarma,7891317140533,67.88,"R$ 55,97 ",10.18,15% ,57.699999999999996
"Alurax 2Mg, Caixa Com 30 Comprimidos Revestidos",Eurofarma,7891317013943,67.88,"R$ 53,99 ",12.22,18% ,55.66
"Synthroid 88Mcg, Caixa Contendo 30 Comprimidos",Abbott do Brasil,7896255700276,51.18,"R$ 37,24 ",12.79,25% ,38.39
"Levotiroxina Sodica Merck 175Mcg, Caixa Com 30 Comprimidos",Merck,7891721202728,20.43,"R$ 18,24 ",1.63,8% ,18.8
"Levotiroxina Sodica Merck 112Mcg, Caixa Com 30 Comprimidos",Merck,7891721202872,20.12,"R$ 17,95 ",1.61,8% ,18.51
Estriol Creme Vaginal 50g + Aplicador - Biolab,Biolab Genéricos,7896112401209,41.94,"R$ 37,42 ",3.36,8% ,38.58
"Synthroid 137Mcg, Caixa Contendo 30 Comprimidos",Abbott do Brasil,7896255762205,59.4,"R$ 46,09 ",11.88,20% ,47.519999999999996
Androgel 50mg 10mg g Gel Dermatológico 30 envelopes de 5g,Besins,7898948648087,342.11,"R$ 272,11 ",61.58,18% ,280.53000000000003
"Primolut-Nor 10Mg, Caixa Com 30 Comprimidos",União Química,7896006201717,28.04,"R$ 23,12 ",4.21,15% ,23.83
Puran T4 112Mcg 30 Comprimidos,Sanofi,7897595903372,33.23,"R$ 27,40 ",4.98,15% ,28.249999999999996
Puran T4 175Mcg 30 Comprimidos,Sanofi,7897595901576,33.73,"R$ 27,81 ",5.06,15% ,28.669999999999998
Flogo Rosa Po 10Env,Aché,7896658005336,55.9,55.9,8.43,15% ,47.47
Aplause 20mg Caixa Com 60 Comprimidos,Marjan Farma,7896226109855,227.17,227.17,34.08,15% ,193.08999999999997
Primogyna Estradiol 2mg 28 drágeas,Bayer,7891106914048,110.53,110.53,19.9,18% ,90.63
"Indux 50Mg, Caixa Com 10 Comprimidos",EMS Sigma Pharma,7894916501408,75.77,75.77,11.37,15% ,64.39999999999999
"Tapazol 10Mg, Caixa Com 50 Comprimidos",Biolab,7896241231630,37.75,37.75,5.66,15% ,32.09
Propilracil 100mg com 30 Comprimidos Biolab,Biolab,7896241279908,33.22,33.22,4.98,15% ,28.24
"Suprelle 1mg + 0,5mg, caixa com 28 comprimidos revestidos",Biolab,7896241265406,55.13,55.13,9.92,18% ,45.21
"Synthroid 175mcg, caixa com 30 comprimidos",Abbott do Brasil,7896255700245,64.74,64.74,9.71,15% ,55.029999999999994
Listo 8mg 10 Comprimidos,Biolab,7896112427469,54.15,54.15,23.43,43% ,30.72
"Comprar Libiam 1,25mg, caixa com 84 comprimidos",Não especificada,7896094211407,167.69,167.69,30.18,18% ,137.51
Diost 2mg 30 Comprimidos,Myralis,7898430191893,66.33,"R$ 52,76 ",11.94,18% ,54.39
Flogo Rosa - Benzidamina 50mg ml - Sol Ginecológica 100ml,Não especificada,7896658002892,41.34,"R$ 34,09 ",6.2,15% ,35.14
Gynpro 200mg 30 Capsulas Moles,Não especificada,7908134200422,155.46,"R$ 150,80 ",0.0,0% ,155.46
Gynpro 200mg 15 Capsulas Moles,Não especificada,7908134200415,77.8,"R$ 64,15 ",11.67,15% ,66.13
"Androgel Testosterona 16,2 mg g Pump Gel 88g",Não especificada,7898948648698,325.14,"R$ 268,08 ",48.77,15% ,276.37
Gynpro 100mg 30 Capsulas Moles,Não especificada,7908134200392,77.73,"R$ 61,83 ",13.99,18% ,63.74
Kalist Dienogeste 2mg 84 comprimidos,Não especificada,7896658048265,154.56,"R$ 136,43 ",13.91,9% ,140.65
Dienogeste 2mg 30 comprimidos,Não especificada,7896004782249,55.34,"R$ 41,33 ",12.73,23% ,42.61
"Libiam 2,5mg Libbs 28 Comprimidos",Libbs,7896094200920,97.17,"R$ 77,29 ",17.49,18% ,79.68
Minel Trifolium Pratense L 200mg 30 comprimidos,Não especificada,7899824400331,167.95,"R$ 162,91 ",0.0,0% ,167.95
Euthyrox Levotiroxina Sódica 150mcg 50 comprimidos,Não especificada,7891721014130,58.99,"R$ 48,64 ",8.85,15% ,50.14
Utrogestan 200mg Besins Healthcare 42 Comprimidos,Não especificada,7898948648292,232.76,"R$ 191,91 ",34.91,15% ,197.85
"Cabergolina 0,5mg 2 comprimidos Genérico Germed",Não especificada,7896004747453,85.72,"R$ 47,39 ",36.86,43% ,48.86
"Cabergolina 0,5mg Eurofarma 8 Comprimidos",Não especificada,7891317005764,313.59,"R$ 173,39 ",134.84,43% ,178.74999999999997
"Levoid 150Mcg, Caixa Contendo 30 Comprimidos",Aché,7896658008887,28.46,"R$ 23,46 ",4.27,15% ,24.19
Vagifem Estradiol 10mcg 18 comprimidos,Não especificada,7898948648377,150.35,"R$ 137,09 ",9.02,6% ,141.32999999999998
"Synthroid 150Mcg, Caixa Contendo 30 Comprimidos",Abbott do Brasil,7896255716987,61.54,"R$ 47,75 ",12.31,20% ,49.23
"Natifa Pro UBD 0,5mg + 0,1mg 28 Comprimidos Revestidos",Não especificada,7896094208506,95.68,"R$ 76,11 ",17.22,18% ,78.46000000000001
Dorflex 50cpr,Sanofi,7891058020941,26.9,26.9,0.0,0% ,26.9
Clomid 50mg caixa com 10 comprimidos,Medley,7896422513098,78.43,78.43,11.76,15% ,66.67
Femoston Conti 28 Comprimidos Revestidos,Abbott do Brasil,7896255766371,95.94,95.94,14.39,15% ,81.55
Eliquis 5mg 60 comprimidos,Pfizer,7891268118100,386.52,"R$ 356,17 ",19.33,5% ,367.19
"Eliquis 2,5mg 60 Comprimidos Revestidos",Pfizer,7891268118087,386.52,"R$ 356,17 ",19.33,5% ,367.19
Pradaxa 150mg Boehringer 30 Cápsulas,Boehringer Ingelheim,7896026304702,203.97,"R$ 168,17 ",30.6,15% ,173.37
"Xarelto 10mg, caixa com 30 comprimidos revestidos",Bayer,7891106007047,369.62,"R$ 322,68 ",36.96,10% ,332.66
"Varfarina Sodica Uniao Quimica 5Mg, Caixa Com 30 Comprimidos",União Química,7896006209690,17.94,"R$ 14,27 ",3.23,18% ,14.71
"Marevan 2,5Mg, Caixa Com 60 Comprimidos",Farmoquímica,7898040321284,34.31,"R$ 28,29 ",5.15,15% ,29.160000000000004
Lixiana 60mg 30 Comprimidos Revestidos,Não especificada,7897411602205,140.0,"R$ 129,01 ",7.0,5% ,133.0
"Eliquis 2,5mg 20 Comprimidos Revestidos",Não especificada,7891268118070,128.8,"R$ 118,69 ",6.44,5% ,122.36000000000001
"Marevan 5Mg, Caixa Com 30 Comprimidos",Farmoquímica,7898040320928,34.34,"R$ 28,31 ",5.15,15% ,29.190000000000005
Lixiana 30mg com 30 comprimidos,Daiichi-Sankyo,7897411602182,140.0,"R$ 129,01 ",7.0,5% ,133.0
Pradaxa Etexilato de Dabigatrana 150mg 60 cápsulas,Não especificada,7896026304719,407.87,"R$ 395,63 ",0.0,0% ,407.87
"Roteas 60mg, caixa com 30 comprimidos",Não especificada,7897411650855,216.17,"R$ 209,68 ",0.0,0% ,216.17
"Xakilis Apixabana 2,5mg 20 Comprimidos",Não especificada,7896004785639,97.02,"R$ 89,40 ",4.85,5% ,92.17
"Xarelto 15Mg, Caixa Com 28 Comprimidos Revestidos",Bayer,7891106907019,364.28,"R$ 353,35 ",0.0,0% ,364.28
"Xarelto 20mg, caixa com 14 comprimidos revestidos",Bayer,7891106907057,172.49,"R$ 150,58 ",17.25,10% ,155.24
Pradaxa Etexilato de Dabigatrana 110mg 30 cápsulas,Boehringer Ingelheim,7896026303057,203.97,203.97,30.6,15% ,173.37
Xarelto 20mg 28 Comprimidos,Bayer,7891106907064,380.67,380.67,152.27,40% ,228.4
Pradaxa 110mg 60 Cápsulas,Boehringer Ingelheim,7896026303064,407.87,407.87,61.18,15% ,346.69
Picbam Apixabana 5mg 60 comprimidos,Não especificada,7896714291857,277.79,277.79,41.67,15% ,236.12
Xafac 20mg Com 28 Comprimidos Revestidos,Apsen,7896637033015,190.32,190.32,9.52,5% ,180.79999999999998
Eliquis Apixabana 5mg 20 comprimidos,Não especificada,7891268118094,128.8,128.8,6.44,5% ,122.36000000000001
Xafac Rivaroxabana 15mg 28 Comprimidos,Apsen,7896637032988,190.32,190.32,9.52,5% ,180.79999999999998
Niquitin 21Mg 7 Adesivos,Mappel Indústria de Embalagens,7898928257032,125.49,"R$ 115,64 ",6.27,5% ,119.22
Fumasil 300 Mg 60 Comprimidos,Vidfarma,7898040328078,79.34,"R$ 64,40 ",12.95,16% ,66.39
NiQuitin Nicotina 14mg 7 Adesivos,Mappel Indústria de Embalagens,7898928257025,120.12,"R$ 110,69 ",6.01,5% ,114.11
Nicorette 4 Mg Mint 30 Gomas,Janssen-Cilag,7891010970888,103.35,"R$ 90,23 ",10.33,10% ,93.02
"Nicorette 2Mg, Caixa Com 30 Gomas Mastigaveis",Janssen-Cilag,7891010970871,94.9,"R$ 82,85 ",9.49,10% ,85.41000000000001
"Nicotinell 14mg, caixa com 7 adesivos transdérmicos",GSK,7896261015890,68.25,68.25,6.82,10% ,61.43
Valda Imune Adulto Com 30 Gomas,Não especificada,7891137006491,37.86,"R$ 25,12 ",11.96,32% ,25.9
Leucogen 20mg 5ml Aché Xarope 120mL,Aché,7896658002403,114.2,"R$ 97,49 ",13.7,12% ,100.5
Leucogen 80mg Aché 30 Cápsulas,Não especificada,7896658029028,161.81,"R$ 136,55 ",21.04,13% ,140.77
Imussuprex 50mg Brace Pharma 50 Comprimidos Revestidos,Germed Pharma,7896004775326,184.09,"R$ 151,79 ",27.61,15% ,156.48000000000002
"Vertix 5Mg Ml, Caixa Contendo 1 Frasco Gotejador Com 30Ml De Solucao De Uso Oral",Aché,7896658004834,13.7,"R$ 11,70 ",1.64,12% ,12.059999999999999
"Vertigium 10Mg, Caixa Com 50 Comprimidos",Neo Química,7896714239712,15.69,"R$ 10,23 ",5.14,33% ,10.55
"Labirin 24Mg, Caixa Com 30 Comprimidos",Apsen,7896637028523,56.72,"R$ 21,24 ",34.82,61% ,21.9
"Dicloridrato De Betaistina Eurofarma 24Mg, Caixa Com 30 Comprimidos",Eurofarma,7891317478810,37.63,"R$ 28,11 ",8.65,23% ,28.980000000000004
N DISP,Apsen,7896637028530,112.33,"R$ 52,37 ",58.34,52% ,53.989999999999995
"Vertizine D 11,8Mg + 3Mg, Caixa Contendo 20 Comprimidos",Aché,7896658002700,95.32,"R$ 78,59 ",14.3,15% ,81.02
Ginkgo Catarinense Ginkgo Biloba 80mg 30 comprimidos,Catarinense Pharma,7896023743009,23.96,"R$ 22,09 ",1.19,5% ,22.77
Betadine XR 48mg 30 Comprimidos De Liberação Prolongada,Aché,7896658030369,86.87,"R$ 71,62 ",13.03,15% ,73.84
"Vicog 5Mg, Caixa Com 90 Comprimidos",Marjan Farma,7896226109275,94.19,"R$ 77,66 ",14.13,15% ,80.06
"Stugeron 25Mg, Caixa Com 30 Comprimidos",Janssen-Cilag,7896212478972,27.14,"R$ 22,90 ",3.53,13% ,23.61
Pentoxifilina 400mg 30 Comprimidos Genérico Germed,EMS,7896004713571,78.58,"R$ 51,07 ",25.93,33% ,52.65
"Labirin 16Mg, Caixa Com 30 Comprimidos",Apsen,7896637028479,42.37,"R$ 15,42 ",26.47,62% ,15.899999999999999
Soanza Xr 35Mg Com 30 Comprimidos Revestidos De Liberacao Prolongada,Não especificada,7896658038440,56.74,56.74,8.51,15% ,48.230000000000004
Betadine XR 32mg 30 Comprimidos De Liberação Prolongada,Não especificada,7896658030345,65.06,"R$ 53,64 ",9.76,15% ,55.300000000000004
"Dicloridrato De Betaistina Biosintetica 8Mg, Caixa Com 30 Comprimidos",Biosintética - Aché,7896181921288,23.25,"R$ 20,75 ",1.86,8% ,21.39
Vicog 5mg 30 Comprimidos,Marjan Farma,7896226102542,34.41,"R$ 28,37 ",5.16,15% ,29.249999999999996
"Dicloridrato De Betaistina Biosintetica 16mg, Caixa Com 30 Comprimidos",Biosintética - Aché,7896181921325,28.89,"R$ 25,78 ",2.31,8% ,26.580000000000002
Fluxon 75mg 30 Comprimidos,Neo Química,7896714203492,20.7,"R$ 16,96 ",3.22,16% ,17.48
Equitam 120Mg Caixa Com 30 Comprimidos Revestidos,Não especificada,7891317014797,110.3,"R$ 97,36 ",9.93,9% ,100.37
Miocardil 30mg 30 Comprimidos,Vitamedic,7898049790593,67.32,67.32,25.58,38% ,41.739999999999995
Flunarin 10mg 60 Cápsulas,Aché,7896658005473,35.74,35.74,5.36,15% ,30.380000000000003
Soanza Xr 35Mg Com 60 Comprimidos Revestidos De Liberacao Prolongada,Não especificada,7896658038457,106.85,106.85,16.03,15% ,90.82
"Nimovas 30mg, caixa com 30 comprimidos revestidos",Diffucap Chemobras,7898096577239,47.9,47.9,6.23,13% ,41.67
"Betaserc 24mg, Caixa Com 30 Comprimidos",Abbott do Brasil,7896255766401,72.16,72.16,10.82,15% ,61.339999999999996
Benatux Xarope Sabor Menta Frasco 120ml + Copo Medidor,Cifarma,7898495603812,21.26,"R$ 17,79 ",2.92,14% ,18.340000000000003
"Sulfato De Salbutamol Prati-Donaduzzi 0,48Mg Ml, Caixa Com 1 Frasco Com 120Ml De Xarope + Copo Medidor",Prati-Donaduzzi,7899547502565,7.9,"R$ 7,05 ",0.63,8% ,7.2700000000000005
"Aminofilina Comprimido Teuto 200Mg, Caixa Com 20 Comprimidos",Teuto,7896112110354,6.76,"R$ 6,36 ",0.2,3% ,6.56
Promim Creme 30g Com 20 Aplicadores,Não especificada,7899420501791,98.94,98.94,14.84,15% ,84.1
"Suprelle 1mg + 0,5mg, caixa com 84 comprimidos revestidos﻿",Biolab,7896112414247,137.88,137.88,24.82,18% ,113.06
"Utrogestan 100mg, caixa com 30 cápsulas gelatinosas moles",Besins,7898948648131,79.43,79.43,11.91,15% ,67.52000000000001
Listo 4mg 10 Comprimidos,Biolab,7896112427452,28.84,28.84,8.05,28% ,20.79
Euthyrox 175mcg 50 comprimidos,Merck,7891721014185,66.34,66.34,9.95,15% ,56.39
"Cabergolina 0,5mg Eurofarma 2 Comprimidos",Eurofarma,7891317005757,90.7,90.7,34.47,38% ,56.230000000000004
Buona 150mg 30 Cápsulas Duras,Momenta Farma,7891317014377,163.26,163.26,17.58,11% ,145.68
"Synthroid 200mcg, caixa com 30 comprimidos",Abbott do Brasil,7896255700252,67.52,67.52,14.18,21% ,53.339999999999996
"Allurene 2mg, caixa com 28 comprimidos",Bayer,7891106906890,228.32,228.32,41.1,18% ,187.22
"Sandrena 0,1mg g Organon 28 Sachês",Organon,7897337716680,92.33,92.33,16.62,18% ,75.71
Betadine 24mg 30 Comprimidos,Aché,7896658016585,40.41,"R$ 33,32 ",6.06,15% ,34.349999999999994
"Stugeron 75Mg, Caixa Com 30 Comprimidos",Janssen-Cilag,7896212479689,37.88,"R$ 31,23 ",5.68,15% ,32.2
"Cinarizina Ranbaxy 25Mg, Caixa Com 30 Comprimidos",Ranbaxy,7897076910905,16.28,"R$ 14,53 ",1.3,8% ,14.98
"Cinarizina Ranbaxy 75Mg, Caixa Com 30 Comprimidos",Ranbaxy,7897076910929,22.79,"R$ 20,34 ",1.82,8% ,20.97
Ginkomed Ginkgo Biloba 80mg 30 comprimidos,Não especificada,7896523206479,36.07,"R$ 29,80 ",5.35,15% ,30.72
"Fluxon 25Mg, Caixa Com 30 Comprimidos",Neo Química,7896714203515,13.81,"R$ 13,40 ",0.0,0% ,13.81
"Betina 24Mg, Caixa Com 30 Comprimidos",Eurofarma,7891317478964,38.89,"R$ 32,82 ",5.06,13% ,33.83
Labirin 8mg 30 Comprimidos,Apsen,7896637028417,38.66,"R$ 37,50 ",0.0,0% ,38.66
"Dicloridrato De Betaistina Eurofarma 16Mg, Caixa Com 30 Comprimidos",Eurofarma,7891317478766,28.08,"R$ 25,06 ",2.25,8% ,25.83
"Dicloridrato De Betaistina Biosintetica 24Mg, Caixa Com 30 Comprimidos",Biosintética - Aché,7896181921363,43.36,"R$ 38,69 ",3.47,8% ,39.89
Ibuprofeno 100mg Medley Frasco 20ml,Não especificada,7896422519830,16.23,"R$ 15,27 ",0.49,3% ,15.74
"Acetilcisteina Injetavel Uniao Quimica 10 , Caixa Com 5 Ampolas Com 3Ml De Solucao De Uso Intramuscular",União Química,7896006259732,22.11,"R$ 20,81 ",0.66,3% ,21.45
Acetilcisteína  200mg Kester 16 sachês,Não especificada,7908135002315,31.35,"R$ 25,33 ",5.24,17% ,26.11
"Kaloba 825Mg Ml, Caixa Com 1 Frasco Com 50Ml De Solucao De Uso Oral",Herbarium,7896641804397,155.79,"R$ 119,38 ",32.72,21% ,123.07
"Ems Expector 0,4Mg Ml, + 4Mg Ml + 20Mg Ml, Caixa Com 1 Frasco Com 120Ml De Xarope + Copo Dosador",Não especificada,7896004727806,31.22,"R$ 30,28 ",0.0,0% ,31.22
"Kaloba 111,111Mg, Caixa Com 21 Comprimidos Revestidos",Herbarium,7896641808227,114.94,"R$ 94,77 ",17.24,15% ,97.7
"Aerolin 100Mcg Dose, Caixa Com 1 Lata Aerosol Com 200 Doses Com Aplicador",GSK,7896269900150,26.9,"R$ 24,79 ",1.34,5% ,25.56
Fluimucil 600 Mg 16 Comprimidos Efer,Zambon,7898074617612,72.64,"R$ 58,10 ",12.74,18% ,59.9
Acetilcisteína 600mg Granulado Sabor Laranja 16 envelopes EMS Genérico,EMS,7896004713342,62.93,"R$ 48,83 ",12.59,20% ,50.34
Abrilar 7mg Xarope 100ml + Copo Medidor,Farmoquímica,7898040320973,47.05,"R$ 39,70 ",6.12,13% ,40.93
Cloridrato de Bromexina Xarope Infantil Expectorante Morango sem Açúcar 4mg 5ml EMS 120ml,EMS,7896004720241,15.12,"R$ 14,67 ",0.0,0% ,15.12
Acetilcisteína  600mg Kester 16 sachês,Não especificada,7908135002308,47.03,"R$ 42,57 ",3.14,7% ,43.89
Acetilcisteína 40mg Kester xarope 120ml,Kester,7908135002582,30.31,"R$ 22,05 ",7.58,25% ,22.729999999999997
"Kaloba 825 Mg Ml, Caixa Com 1 Frasco Com 20Ml De Solucao De Uso Oral",Herbarium,7896641804380,99.35,"R$ 80,95 ",15.9,16% ,83.44999999999999
"Berotec 2Mg Ml, Caixa Com 1 Tubo Com 10Ml De Solucao Aerossol Dosificado + 1 Bocal + 1 Aerocamera",Boehringer Ingelheim,7896026302784,34.21,"R$ 29,20 ",4.11,12% ,30.1
Stodal Xarope 150Ml,Boiron,7898927111311,73.14,"R$ 63,04 ",8.15,11% ,64.99
"Ambroxmel 3Mg Ml, Caixa Com 1 Frasco Com 120Ml De Xarope Pediatrico, Mel",Cimed,7896523207667,25.01,"R$ 18,20 ",6.25,25% ,18.76
"Bamifix 300Mg, Caixa Com 20 Drageas",Chiesi,7896672201875,44.6,"R$ 36,77 ",6.69,15% ,37.910000000000004
Acebrofilina Xpe Ped Cim,Cimed,7896523209128,26.79,"R$ 20,79 ",5.36,20% ,21.43
"Aminofilina Comprimido Teuto 100Mg, Caixa Com 20 Comprimidos",Teuto,7896112110347,5.99,"R$ 5,64 ",0.18,3% ,5.8100000000000005
Xarope Ambroxmel Adulto Cimed 120mL,Cimed,7896523207681,26.47,"R$ 20,12 ",5.73,22% ,20.74
"Cloridrato De Ambroxol Ems 6Mg Ml, Caixa Com 1 Frasco Com 120Ml De Xarope + Copo Medidor",EMS,7896004706290,30.8,"R$ 26,89 ",3.08,10% ,27.72
"Bamifix 600mg, Caixa Com 20 Drageas",Chiesi,7896672201882,71.17,"R$ 56,61 ",12.81,18% ,58.36
Torante Extrato Seco de Hedera Helix 15mg Xarope 100mL,Momenta Farma,7891317015985,62.34,"R$ 57,44 ",3.12,5% ,59.220000000000006
Acetilcisteína 100mg Granulado Sabor Laranja 16 envelopes Eurofarma Genérico,Eurofarma,7891317001056,33.49,"R$ 23,39 ",9.38,28% ,24.11
Acebrofilina 50mg com 120ml - Cimed,Cimed,7896523209111,37.09,"R$ 26,99 ",9.27,25% ,27.820000000000004
Phitóss Xarope Brasterapica 100ml,Brasterápica,7898100243112,36.09,"R$ 25,91 ",9.38,26% ,26.71
Acebrofilina 25mg 5mL Xarope Adulto 120mL,Biosintética - Aché,7896181924081,38.38,"R$ 24,20 ",13.43,35% ,24.950000000000003
Carbocisteina 100mg Xarope Pediátrico 100mL Genérico,Biosintética - Aché,7896181909262,30.23,"R$ 24,93 ",4.53,15% ,25.7
Cloridrato de Bromexina 8mg 5ml Medley Frasco 120ml + Copo Medidor,Medley,7896422505154,30.83,"R$ 26,92 ",3.08,10% ,27.75
"Acetilcisteína Biosintética - Aché 40mg mL, caixa com 1 frasco com 120mL de xarope adulto + 1 copo medidor",Não especificada,7896181922285,47.51,"R$ 32,26 ",14.25,30% ,33.26
Acetilcisteína Xarope 40mg ml Eurofarma 120ml,Não especificada,7891317011154,44.58,"R$ 34,59 ",8.92,20% ,35.66
Acetilcisteína 20mg mL Xarope Infantil 120mL,Não especificada,7891317025083,33.45,"R$ 25,96 ",6.69,20% ,26.76
Coristina D Congest Xarope Sabor Uva 120ml + Copo Dosador,Não especificada,7891142982971,20.36,"R$ 19,75 ",0.0,0% ,20.36
Acetilcisteína 600mg 16 Sachês com 5g Healthy,Não especificada,7908531900109,47.03,"R$ 42,57 ",3.14,7% ,43.89
Cimetosse 30mg 5mL Xarope 120mL,Não especificada,7896523228150,27.29,"R$ 22,50 ",4.09,15% ,23.2
Acebrofilina 25mg 5mL Genérico EMS Xarope Adulto 120mL,Não especificada,7896004710471,39.54,"R$ 28,77 ",9.88,25% ,29.659999999999997
"Acetilcisteina Ems 40Mg Ml, Caixa Com 1 Frasco Com 120Ml De Xarope + Copo Medidor",Não especificada,7896004713366,44.57,"R$ 36,74 ",6.69,15% ,37.88
Carbocisteína 250mg EMS Xarope Adulto 100ml,Não especificada,7896004700571,33.01,"R$ 28,82 ",3.3,10% ,29.709999999999997
Acetilcisteína 200mg EMS Sabor Laranja 16 Envelopes,Não especificada,7896004708706,32.64,"R$ 28,49 ",3.27,10% ,29.37
"Fluimucil 40Mg Ml, Caixa Com 1 Frasco Com 120Ml De Xarope + Copo Medidor",Zambon,7898074617438,44.5,44.5,0.0,0% ,44.5
Expectuss Expect Adulto Xarope 100mL,EMS,7896004705743,30.42,30.42,8.28,27% ,22.14
Expectuss Xarope Infantil 100mL,Não especificada,7896004805368,20.94,20.94,2.09,10% ,18.85
"Expec 0,4Mg Ml + 20Mg Ml + 4Mg Ml + 6Mg Ml, Caixa Com 1 Frasco Com 120Ml De Xarope",Legrand,7896004812168,48.06,48.06,16.82,35% ,31.240000000000002
"Acetilcisteina 40Mg Ml Geovit, Caixa Com 1 Frasco Com 120Ml De Xarope",A2F Laboratório Farmacêutico,7898638349843,41.35,41.35,12.42,30% ,28.93
Phitoss Kids 7Mg Ml Xarope Com 100Ml,Não especificada,7898100244669,31.88,31.88,6.11,19% ,25.77
Bronxol 6mg ml Xarope Adulto 120ml,Não especificada,7898158691774,45.55,45.55,27.97,61% ,17.58
"Aerolin 4mg, caixa com 20 comprimidos",GSK,7896269900044,10.56,10.56,1.37,13% ,9.190000000000001
"Mucosolvan 3mg/mL, caixa com 1 frasco com 120mL de xarope de uso pediátrico",Sanofi,7896026300544,36.43,36.43,0.0,0% ,36.43
Acetilcisteína 600mg Granulado Sabor Laranja 16 envelopes EMS Genérico,Eurofarma,7891317001070,83.22,83.22,33.29,40% ,49.93
"Cloridrato De Ambroxol Cimed 3Mg Ml, Caixa Com 1 Frasco Com 120Ml De Xarope + Copo Medidor",Cimed,7896523207643,21.05,"R$ 19,81 ",0.63,3% ,20.42
Acetilcisteína 20mg Kester xarope 120ml,Não especificada,7908135002575,40.76,"R$ 29,65 ",10.19,25% ,30.57
Acetilcisteína 40mg mL Xarope Sabor Framboesa 120mL,Geolab,7899095233799,46.09,"R$ 31,29 ",13.83,30% ,32.260000000000005
Fluimucil D 600 16Env,Zambon,7898074617322,80.69,"R$ 67,80 ",10.79,13% ,69.9
Brondilat Acebrofilina 50mg 5mL Xarope Adulto 120mL,Aché,7896658002113,56.82,"R$ 46,85 ",8.52,15% ,48.3
Brondilat Xarope Pediátrico 5mg mL Aché 120mL,Aché,7896658002120,44.64,"R$ 38,10 ",5.36,12% ,39.28
Cloridrato de Ambroxol 30mg 5mL Xarope 120mL EMS Genérico,Não especificada,7896004706276,19.08,"R$ 18,51 ",0.0,0% ,19.08
"Cloridrato De Ambroxol Cimed 6Mg Ml, Caixa Com 1 Frasco Com 120Ml De Xarope + Copo Medidor",Cimed,7896523207636,29.51,"R$ 22,90 ",5.9,20% ,23.61
"Abrilar 7mg/mL, frasco com 200mL de xarope + copo medidor",Farmoquímica,7898040321970,98.73,"R$ 81,40 ",14.81,15% ,83.92
"Acebrofilina 5Mg Ml Neo Quimica, Xarope Com 120Ml",Neo Química,7896714214115,27.96,"R$ 23,06 ",4.19,15% ,23.77
Bronfeniramina+Cloridrato De Fenilefrina 20Ml de Solução Oral Neo Quimica,Não especificada,7896714293370,12.77,"R$ 12,39 ",0.0,0% ,12.77
Cloridrato De Bromexina Xarope Pediatrico Medley,Medley,7896422505147,23.95,"R$ 20,91 ",2.39,10% ,21.56
"Flavonid Creme 200Ml, Neo Quimica",Não especificada,7896714292533,67.49,"R$ 45,82 ",20.25,30% ,47.239999999999995
Carbocisteina Xarope Pediátrico 100mL Genérico Biosintética,Biosintética - Aché,7896181909453,20.15,"R$ 17,60 ",2.01,10% ,18.14
Benatux 5 + 50 + 10mg Sabor Menta 12 Pastilhas,Cifarma,7898158693129,22.88,"R$ 16,68 ",5.68,25% ,17.2
"Hederaflux 7Mg Ml, Caixa Com 1 Frasco Com 100Ml De Xarope + Copo Dosador",Kley Hertz Farmacêutica,7896331707106,25.58,"R$ 22,33 ",2.56,10% ,23.02
Acebrofilina 25mg 5mL Genérico EMS Xarope Pediátrico 120mL,Não especificada,7896004710464,28.03,"R$ 21,75 ",5.61,20% ,22.42
Cloridrato de Ambroxol Adulto 30mg 5ml Biosintética Sabor Laranja e Pêssego 120ml,Não especificada,7896181909279,29.85,"R$ 23,16 ",5.97,20% ,23.880000000000003
Maleato de Bronfeniramina + Cloridrato de Fenilefrina Neo Química 120mL,Não especificada,7896714293387,18.77,"R$ 18,21 ",0.0,0% ,18.77
Spray Nasal Vick Primeira Proteção 15mL,Vick,7500435177450,55.36,"R$ 50,62 ",3.17,6% ,52.19
Cloridrato de Ambroxol Pediátrico 15mg 5mL Biosintética Sabor Laranja e Pêssego 120mL,Biosintética - Aché,7896181909460,18.54,18.54,0.0,0% ,18.54
Fluimucil Acetilcisteína 600mg 60 comprimidos,Não especificada,7898074611276,143.99,143.99,10.34,7% ,133.65
"Imunoflan Pelargonium Sidoides 307,39mg mL Xarope 120mL",Herbarium,7896083402625,129.43,129.43,12.94,10% ,116.49000000000001
Acebrofilina 25mg 5mL Xarope Pediátrico 120mL,Biosintética - Aché,7896181924098,27.17,27.17,5.16,19% ,22.01
"Aerodini 100Mcg Jato-Dose, Caixa Com 1 Tubo Aerossol Com 200 Doses De Solucao De Uso Oral",Teuto,7896112147640,52.3,52.3,22.5,43% ,29.799999999999997
"Acebrofilina 10Mg Ml Neo Quimica, Xarope Com 120Ml",Neo Química,7896714214146,37.96,37.96,12.53,33% ,25.43
"Phitóss 7mg/mL, caixa com 1 frasco com 240mL de xarope",Brasterápica,7898100243129,68.33,68.33,35.53,52% ,32.8
"Fluir 12mcg, caixa com 60 cápsulas de pó para inalação, refil",Cosmed,7891142156235,103.23,103.23,10.32,10% ,92.91
"Carbocisteína EMS 50mg/mL, caixa com 1 frasco com 20mL de solução de uso oral",EMS,7896004712215,16.46,16.46,1.65,10% ,14.81
"Acetilcisteína Eurofarma 20mg/mL, caixa com 1 frasco com 100mL de xarope infantil + 1 copo medidor",Eurofarma,7891317001940,33.9,33.9,10.17,30% ,23.729999999999997
Carbocisteína - EMS 100mg xarope frasco com 100ml infantil,Não especificada,7896004700564,22.78,"R$ 17,67 ",4.56,20% ,18.220000000000002
Bronfeniramina+Cloridrato De Fenilefrina 12 Comrpimidos Neo Quimica,Não especificada,7896714295077,22.09,"R$ 21,43 ",0.0,0% ,22.09
Carbocisteína Xarope Genérico Prati 100mL,Não especificada,7898148293353,28.63,"R$ 25,00 ",2.86,10% ,25.77
Ibuprofeno 50mg mL 30mL Neo Química Genérico,Não especificada,7898095343873,26.7,"R$ 18,13 ",8.01,30% ,18.689999999999998
Sulfato De Salbutamol 100mcg Dose Glenmark Caixa Com 1 Lata Aerosol Com 200 Doses Com Aplicador,Não especificada,7897473202771,33.39,"R$ 28,18 ",4.34,13% ,29.05
"Aerolin 0,4mg/mL, caixa com 1 frasco com 120mL de xarope",GSK,7896269900075,14.78,14.78,2.22,15% ,12.559999999999999
"Acetilcisteina Eurofarma 200Mg G, Caixa Com 16 Envelopes Com 5G De Granulado De Uso Oral",Eurofarma,7891317001063,37.4,37.4,11.22,30% ,26.18
Xarope Vick Infantil 120Ml,P&G,7500435153072,37.45,37.45,7.55,20% ,29.900000000000002
"Acetilcisteina Ems 20Mg Ml, Caixa Com 1 Frasco Com 120Ml De Xarope De Uso Pediatrico + Copo Medidor",Não especificada,7896004715292,33.45,33.45,3.34,10% ,30.110000000000003
"Filinar 5mg/mL, caixa com 1 frasco com 120mL de xarope infantil + copo medidor",Eurofarma,7891317181604,28.0,28.0,5.04,18% ,22.96
"Filinar G 5mg/mL, caixa com 1 frasco com 120mL de gel de uso oral + colher medidora",Eurofarma,7891317485153,27.0,27.0,0.0,0% ,27.0
"Aerolin para Nebulização Nebules 1mg/mL, caixa com 20 ampolas com 2,5mL de solução para nebulização + envelope",GSK,7896015522506,22.0,22.0,0.0,0% ,22.0
"Acetilcisteína Legrand 20mg/mL, caixa com 1 frasco com 120mL de xarope infantil + copo medidor",Legrand,7894916143400,32.43,32.43,6.49,20% ,25.939999999999998
"Xarope Vick 16mg/mL, frasco com 120mL de xarope, sabor mel",P&G,7500435153089,35.97,35.97,3.6,10% ,32.37
Fenergan Exp  Adu 100Ml,Não especificada,7891058017439,23.62,23.62,2.36,10% ,21.26
Cloridrato de Ambroxol 15mg 5mL,Não especificada,7896112127338,15.58,15.58,0.0,0% ,15.58
Onbrize 150mg 30 cápsulas,Não especificada,7896261016385,193.12,193.12,9.66,5% ,183.46
"Aglix 0,1mL mL, frasco com 120mL de xarope",Tauens,7898371190061,35.26,35.26,0.0,0% ,35.26
Bronxol 3mg ml Xarope Infantil 120ml,Não especificada,7898158691781,30.2,30.2,16.67,55% ,13.529999999999998
Carbocisteína Adulto 50mg mL Prati Donaduzzi Xarope com 100mL,Cimed,7896523207711,22.53,22.53,3.38,15% ,19.150000000000002
Carbocisteína Pediátrico 20mg mL Prati Donaduzzi Xarope com 100mL,Cimed,7896523207728,15.07,15.07,1.51,10% ,13.56
Cloridrato de Ambroxol 6mg mL Genérico Neo Química Xarope Adulto 120mL,Neo Química,7896714202891,25.87,25.87,0.0,0% ,25.87
Filinar G 10mg ml xpe fr 120 ml+copo med,Eurofarma,7891317181611,40.92,40.92,6.14,15% ,34.78
Aerolin 5mg 10ml Solução GSK,GSK,7896269900068,23.76,23.76,4.28,18% ,19.48
Pastilha Benatux Sabor Framboesa 12unid.,Cifarma,7898158693112,22.88,22.88,5.98,26% ,16.9
Carbocisteína Xarope Genérico Prati 100mL,Não especificada,7898148293339,18.7,18.7,0.0,0% ,18.7
"Aerolin 2mg, caixa com 20 comprimidos",GSK,7896269900037,7.39,7.39,0.96,13% ,6.43
Xarope De Guaco G500 Balsamico 150Ml,Catarinense Pharma,7896023788796,23.88,23.88,7.26,30% ,16.619999999999997
"Sinvastatina Sandoz 20Mg, Caixa Com 30 Comprimidos Revestidos",Sandoz,7897595609854,123.59,"R$ 10,33 ",112.94,91% ,10.650000000000006
"Ciprofibrato Biolab Genericos 100Mg, Caixa Com 30 Comprimidos",Biolab Genéricos,7896112401193,57.76,"R$ 31,93 ",24.84,43% ,32.92
"Sinvastatina Multilab Nova Quimica 20Mg, Caixa Com 30 Comprimidos Revestidos",Multilab,7895296449274,17.14,"R$ 9,15 ",7.71,45% ,9.43
Trezete 20mg + 10mg 30 Comprimidos Revestidos,Aché,7896658027130,128.17,"R$ 101,95 ",23.07,18% ,105.1
"Rosuvastatina Calcica Ems 20Mg, Caixa Com 30 Comprimidos Revestidos",EMS,7896004728858,173.57,"R$ 37,04 ",135.38,78% ,38.19
Ômega 3 - 1gr Kester 60 cápsulas,Não especificada,7908135001219,45.28,"R$ 39,53 ",4.53,10% ,40.75
"Rosuvastatina Calcica Nova Quimica 20Mg, Caixa Com 30 Comprimidos Revestidos",Nova Química,7895296096096,173.57,"R$ 28,62 ",144.06,83% ,29.50999999999999
"Sinvastatina Sandoz 40Mg, Caixa Com 30 Comprimidos Revestidos",Sandoz,7897595609892,146.85,"R$ 21,37 ",124.82,85% ,22.03
"Sinvastatina Ems 20Mg, Caixa Com 30 Comprimidos Revestidos",EMS,7896004710761,46.64,"R$ 10,34 ",35.98,77% ,10.660000000000004
"Rosuvastatina Calcica Ems 10Mg, Caixa Com 30 Comprimidos Revestidos",EMS,7896004729640,99.09,"R$ 28,84 ",69.36,70% ,29.730000000000004
Rosuvastatina Cálcica 10mg 30 Comprimidos - Althaia,Althaia,7898569760458,54.48,"R$ 30,12 ",23.43,43% ,31.049999999999997
"Ciprofibrato Neo Quimica 100Mg, Caixa Com 30 Comprimidos",Neo Química,7896714215976,79.88,"R$ 36,41 ",42.34,53% ,37.53999999999999
Rosuvastatina Cálcica 10mg Biosintética 30 Comprimidos Revestidos,Biosintética - Aché,7896181920502,123.85,"R$ 38,44 ",84.22,68% ,39.629999999999995
"Cedur Retard 400Mg, Caixa Com 30 Comprimidos De Acao Prolongada",Glenmark,7898587901529,198.86,"R$ 158,18 ",35.79,18% ,163.07000000000002
"Ezetimiba + Sinvastatina Ems 10Mg + 30Mg, Caixa Com 30 Comprimidos",EMS,7896004747064,179.02,"R$ 107,66 ",68.03,38% ,110.99000000000001
"Genfibrozila Medley 600Mg, Caixa Com 30 Comprimidos Revestidos",Medley,7896422508209,117.89,"R$ 70,90 ",44.8,38% ,73.09
Rosuvastatina Cálcica 5mg 30 Comprimidos Revestidos - EMS,EMS,7896004743745,74.9,"R$ 34,14 ",39.7,53% ,35.2
Trezete 10mg + 10mg 30 Comprimidos Revestidos,Aché,7896658027123,90.65,"R$ 74,74 ",13.6,15% ,77.05000000000001
Clinfar 10mg caixa com 30 comprimidos revestidos,Merck,7891721003042,28.84,"R$ 18,79 ",9.47,33% ,19.369999999999997
"Rosuvastatina Calcica Althaia 5Mg, Caixa Com 30 Comprimidos Revestidos",Althaia,7898569760410,43.1,"R$ 30,10 ",12.07,28% ,31.03
"Rosucor 10Mg, Caixa Com 60 Comprimidos Revestidos",Torrent,8902220109582,80.29,"R$ 63,86 ",14.45,18% ,65.84
Trezete 10mg + 10mg 60 Comprimidos Revestidos,Não especificada,7896658047992,163.98,"R$ 135,20 ",24.6,15% ,139.38
Trezete 20mg + 10mg 60 Comprimidos Revestidos,Não especificada,7896658048012,231.78,"R$ 191,10 ",34.77,15% ,197.01
Plenance Eze 5mg + 10mg 30 Comprimidos,Não especificada,7896094210028,78.27,"R$ 64,53 ",11.74,15% ,66.53
Plenance 10mg 90 comprimidos,Libbs,7896094208858,138.66,"R$ 114,32 ",20.8,15% ,117.86
Atorvastatina 10 Mg 30 Comprimidos Eur,Eurofarma,7891317489328,73.85,"R$ 33,67 ",39.14,53% ,34.709999999999994
Atorvastatina 40 Mg 30 Comprimidos Ems,EMS,7896004729442,155.62,"R$ 46,79 ",107.38,69% ,48.24000000000001
"Sinvastatina Pharlab 10Mg, Caixa Com 30 Comprimidos Revestidos",Pharlab,7898216366286,21.35,"R$ 16,98 ",3.84,18% ,17.51
Ezetimiba 10Mg Com 60 Comprimidos Althaia,Althaia,7898569762681,150.64,"R$ 73,06 ",75.32,50% ,75.32
Rosuvastatina Cálcica 20mg 30 comprimidos - Althaia,Não especificada,7898569760496,79.13,"R$ 36,07 ",41.94,53% ,37.19
Ciprofibrato 100mg 30 comprimidos Biolab Genérico,Biosintética - Aché,7896181923367,63.24,"R$ 34,97 ",27.19,43% ,36.05
"Clinfar 20Mg, Caixa Com 30 Comprimidos Revestidos",Merck,7891721012884,55.19,"R$ 45,50 ",8.28,15% ,46.91
Trezor 10mg 30 Comprimidos Revestidos,Aché,7896658015380,39.3,"R$ 32,41 ",5.89,15% ,33.41
"Fenofibrato 200Mg Neo Quimica, Caixa Com 30 Capsulas Gelatinosas Duras",Não especificada,7896094919174,106.95,"R$ 74,69 ",29.95,28% ,77.0
"Ezetimiba + Sinvastatina Ems 10Mg + 20Mg, Caixa Com 30 Comprimidos",EMS,7896004747057,101.76,"R$ 76,01 ",23.4,23% ,78.36000000000001
Zinpass + Eze 40mg 10mg Com 30 Comprimidos Revestidos,Não especificada,7896422504652,184.95,"R$ 141,73 ",38.84,21% ,146.10999999999999
Cipide 100mg 60 Comprimidos,Aché,7896658038587,84.92,"R$ 71,66 ",11.04,13% ,73.88
"Cipide 100Mg, Caixa Com 30 Comprimidos",Aché,7896658019562,51.66,"R$ 42,59 ",7.75,15% ,43.91
"Atorvastatina Calcica Nova Quimica 10Mg, Caixa Com 30 Comprimidos Revestidos",Nova Química,7895296087032,76.46,"R$ 31,15 ",44.35,58% ,32.10999999999999
Trezor 20mg 30 Comprimidos Revestidos,Aché,7896658015427,67.56,"R$ 62,25 ",3.38,5% ,64.18
"Rosuvastatina Calcica Biosintetica 5Mg, Caixa Com 30 Comprimidos Revestidos",Biosintética - Aché,7896181926429,70.63,"R$ 28,77 ",40.97,58% ,29.659999999999997
"Rosuvastatina Calcica Nova Quimica 10Mg, Caixa Com 30 Comprimidos Revestidos",Nova Química,7895296096034,99.09,"R$ 25,95 ",72.34,73% ,26.75
Atorvastatina 20 Mg 30 Comprimidos Ems,EMS,7896004729435,77.49,"R$ 35,33 ",41.07,53% ,36.419999999999995
Livalo 2mg Caixa Com 30 Comprimidos Revestidos,Biolab,7896112405856,140.53,"R$ 81,79 ",56.21,40% ,84.32
Trezor 10mg 60 Comprimidos Revestidos,Aché,7896658035289,76.5,"R$ 70,50 ",3.82,5% ,72.68
Trezor 20mg 60 Comprimidos Revestidos,Não especificada,7896658035272,129.44,"R$ 119,28 ",6.47,5% ,122.97
Ezetimiba - Althaia 10mg caixa 30 comprimidos revestidos,Althaia,7898569762674,83.67,"R$ 46,26 ",35.98,43% ,47.690000000000005
"Pitavastatina Calcica 2Mg, Caixa Com 30 Comprimidos",Não especificada,7896112405818,98.88,"R$ 69,05 ",27.69,28% ,71.19
Trezor 5mg 60 Comprimidos Revestidos,Não especificada,7896658035319,63.03,"R$ 58,08 ",3.15,5% ,59.88
"Sinvastatina Multilab Nova Química 40Mg, Caixa Com 30 Comprimidos Revestidos",Multilab,7895296449281,33.98,"R$ 15,82 ",17.67,52% ,16.309999999999995
"Rosucor 10Mg, Caixa Com 30 Comprimidos Revestidos",Torrent,8902220109506,42.63,"R$ 33,91 ",7.67,18% ,34.96
Atorvastatina 20 Mg 30Cpr Nq,Nova Química,7895296087087,76.46,"R$ 34,86 ",40.52,53% ,35.93999999999999
Rosucor 10mg Torrent 100 Comprimidos,Não especificada,8902220108578,123.24,"R$ 98,03 ",22.18,18% ,101.06
Unak Sinvastatina 20mg 30 comprimidos,Não especificada,7898096578243,37.25,"R$ 26,36 ",10.07,27% ,27.18
Runner Rosuvastatina Cálcica 20mg 30 comprimidos,Aché,7896658039461,65.75,"R$ 54,21 ",9.86,15% ,55.89
Lipitor Atorvastatina Cálcica 10mg 30 comprimidos,Mylan,7908236800544,198.32,"R$ 182,75 ",9.92,5% ,188.4
Rox Rosuvastatina Cálcica 20mg 30 comprimidos,Não especificada,7891317015800,95.25,"R$ 81,31 ",11.43,12% ,83.82
Unak Sinvastatina 10mg 30 comprimidos,Não especificada,7898096578236,22.83,"R$ 16,16 ",6.17,27% ,16.659999999999997
Unak Sinvastatina 40mg 30 comprimidos,Não especificada,7898096578250,60.06,"R$ 42,52 ",16.23,27% ,43.83
Pivast 2mg 30 Comprimidos,Eurofarma,7891317015374,103.85,"R$ 85,62 ",15.58,15% ,88.27
"Rosucor 20Mg, Caixa Com 30 Comprimidos Revestidos",Torrent,8902220109520,72.92,"R$ 58,00 ",13.13,18% ,59.79
"Ezetimiba Ems 10Mg, Caixa Com 15 Comprimidos",EMS,7896004746937,89.3,"R$ 49,37 ",38.4,43% ,50.9
Lipless 100mg 30 Comprimidos,Biolab,7896241248430,119.64,"R$ 110,25 ",5.98,5% ,113.66
"Ciprofibrato Medley 100mg, caixa com 60 comprimidos",Não especificada,7896422524827,90.19,"R$ 62,99 ",25.25,28% ,64.94
Lipidil 160 Mg 30 Comprimidos,Abbott do Brasil,7896255767026,154.18,"R$ 142,08 ",7.71,5% ,146.47
"Crestor 10Mg, Caixa Com 30 Comprimidos Revestidos",Astrazeneca,7896206402372,230.55,"R$ 212,45 ",11.53,5% ,219.02
Plenance 10mg 30 Comprimidos Revestidos,Libbs,7896094206113,91.79,"R$ 75,68 ",13.77,15% ,78.02000000000001
Monaless 600mg com 60 cápsulas,Marjan Farma,7896226102092,163.21,"R$ 134,57 ",24.48,15% ,138.73000000000002
Ezetimiba 10mg 60 Comprimidos EMS Genérico,Não especificada,7896004746920,146.29,"R$ 80,89 ",62.9,43% ,83.38999999999999
Ezetimiba 10Mg 60 Comprimidos Biolab Genérico,Não especificada,7896112407911,121.15,"R$ 66,99 ",52.09,43% ,69.06
"Bezafibrato Ems 200Mg, Caixa Com 20 Comprimidos",EMS,7896004710525,38.34,"R$ 32,36 ",4.98,13% ,33.36
Ômega 3 1000mg 120 Cápsulas,Não especificada,7896023794018,66.56,"R$ 58,10 ",6.66,10% ,59.900000000000006
Atorvastatina 10 Mg 30 Comprimidos Ems,EMS,7896004729428,77.49,"R$ 31,57 ",44.94,58% ,32.55
Trezor 5mg 30 Comprimidos,Aché,7896658026065,33.54,"R$ 30,90 ",1.68,5% ,31.86
"Rosuvastatina Calcica Sanofi Medley 10Mg, Caixa Com 30 Comprimidos Revestidos",Medley,7896422528580,55.21,"R$ 38,56 ",15.46,28% ,39.75
Plenance Eze 20 10mg com 30 Comprimidos Libbs,Não especificada,7896094210080,129.41,"R$ 106,70 ",19.41,15% ,110.0
Vaslip 20mg 30 Comprimidos Revestidos,Biolab,7896241228142,40.04,"R$ 33,01 ",6.01,15% ,34.03
Rosuvastatina Cálcica 5mg 30 comprimidos Medley Genérico,Não especificada,7891058002381,60.91,"R$ 33,68 ",26.19,43% ,34.72
"Plenance 5Mg, Caixa Com 30 Comprimidos Revestidos",Libbs,7896094210158,43.31,"R$ 35,71 ",6.5,15% ,36.81
Trezor Rosuvastatina Calcica 40mg 30 comprimidos,Não especificada,7896658033445,192.7,"R$ 186,92 ",0.0,0% ,192.7
Ebatz 2mg com 30 Comprimidos Libbs,Libbs,7896094209190,106.33,"R$ 87,67 ",15.95,15% ,90.38
Sinvastatina 20mg Novartis 30 Comprimidos,Não especificada,7897595632548,16.24,"R$ 11,03 ",4.87,30% ,11.369999999999997
"Bezafibrato 400mg, Caixa Com 30 Comprimidos De Liberacao Prolongada",Não especificada,7897473207592,125.88,"R$ 87,91 ",35.25,28% ,90.63
Sinvastatina 40mg Genérico Cimed 30 Comprimidos,Não especificada,7896523215273,56.32,"R$ 23,49 ",32.1,57% ,24.22
Rosuvastatina Cálcica 20mg com 30 Comprimidos Genérico Sandoz,Sandoz,7897595635808,72.23,72.23,38.28,53% ,33.95
Sinvastatina 20mg Genérico Cimed 30 Comprimidos,Cimed,7896523215235,31.28,31.28,19.92,64% ,11.36
Natazy DHA Cifarma 30 Cápsulas,Cifarma,7898495608145,135.71,135.71,56.37,42% ,79.34
"Rosuvastatina Cálcica Torrent 20mg, caixa com 30 comprimidos revestidos",Torrent,8902220109551,104.74,104.74,73.53,70% ,31.209999999999994
Ômega 3 FDC 3 1000mg 360 cápsulas,Não especificada,0755244045965,267.04,267.04,72.8,27% ,194.24
Ebatz 4mg com 30 Comprimidos Libbs,Libbs,7896094209206,159.56,159.56,28.72,18% ,130.84
Lipanon Retard 30 Capsulas,Cosmed,7897322705415,139.28,139.28,25.07,18% ,114.21000000000001
"Fenofibrato Ems 200Mg, Caixa Com 30 Capsulas Gelatinosas Duras",EMS,7896004723365,116.73,116.73,32.68,28% ,84.05000000000001
"Pitavastatina Calcica Eurofarma 2Mg, Caixa Com 30 Comprimidos Revestidos",Eurofarma,7891317140779,98.87,98.87,22.74,23% ,76.13000000000001
"Rosuvastatina Cálcica Legrand 10mg, caixa com 30 comprimidos revestidos",Legrand,7894916146104,119.25,119.25,87.05,73% ,32.2
"Omega 3 Kids 450Mg Qualynutri, Com 60 Capsulas",Não especificada,0602883980730,46.0,46.0,6.1,13% ,39.9
Atorvastatina 10 Mg 30 Comprimidos Leg,Legrand,7894916146050,76.12,76.12,47.96,63% ,28.160000000000004
"Ezetimiba + Sinvastatina Ems 10Mg + 10Mg, Caixa Com 30 Comprimidos",EMS,7896004747040,102.22,102.22,33.73,33% ,68.49000000000001
Plenance EZE 10mg+10mg 30 Comprimidos,Não especificada,7896094210059,90.74,90.74,19.06,21% ,71.67999999999999
"Rosuvastatina Cálcica Legrand 20mg, caixa com 30 comprimidos revestidos",Legrand,7894916146012,189.98,189.98,161.48,85% ,28.5
Atorvastatina 20 Mg 30 Comprimidos Leg,Legrand,7894916146067,76.46,76.46,40.52,53% ,35.93999999999999
Rosuvastatina Cálcica 10mg Sandoz Genérico 30 Comprimidos,Sandoz,7897595620613,44.25,44.25,10.18,23% ,34.07
Runner Rosuvastatina Cálcica 5mg 30 comprimidos,Aché,7896658039492,29.81,29.81,4.47,15% ,25.34
Ômega 3 Alaska Kester 60 cápsulas,Não especificada,7891105131750,139.33,139.33,13.93,10% ,125.4
Atorvastatina Cálcica 40mg 30 comprimidos Nova Química Genérico,Nova Química,7895296087131,152.94,152.94,104.0,68% ,48.94
Plenance 5mg 90 Comprimidos,Não especificada,7896094210172,102.81,102.81,21.59,21% ,81.22
"Citalor 10mg, caixa com 30 comprimidos revestidos",Mylan,7908236800087,137.65,137.65,33.04,24% ,104.61000000000001
"Rosuvastatina Calcica Sanofi Medley 20Mg, Caixa Com 30 Comprimidos Revestidos",Medley,7896422528627,82.92,82.92,39.8,48% ,43.120000000000005
Vaslip Sinvastatina 10mg 30 comprimidos,Não especificada,7896241293737,23.62,23.62,3.54,15% ,20.080000000000002
Livalo 4mg Caixa Com 30 Comprimidos Revestidos,Biolab,7896112405870,254.82,254.82,45.87,18% ,208.95
Rusovas 10mg caixa 60 comprimidos revestidos,EMS Sigma Pharma,7896004775760,115.74,115.74,11.57,10% ,104.16999999999999
Atorvastatina Cálcica 40mg Eurofarma com 30 comprimidos,Eurofarma,7891317489403,147.74,147.74,100.46,68% ,47.280000000000015
Zinpass Eze 10mg + 10mg com 30 Comprimidos Revestidos,Medley,7896422528719,65.41,65.41,9.81,15% ,55.599999999999994
Atorvastatina 20 Mg 30 Comprimidos Eur,Eurofarma,7891317489366,73.93,73.93,39.18,53% ,34.75000000000001
Atorvastatina 10mg 30cpr med,Medley,7896422520959,67.31,67.31,49.14,73% ,18.17
Vytorin Ezetimiba 10mg + Sinvastatina 20mg 30 comprimidos,Organon,7897337714488,201.5,201.5,30.22,15% ,171.28
Fitocor 60Caps,Não especificada,7898040323721,116.53,116.53,11.65,10% ,104.88
ROSUCOR 20MG 60CPR,Não especificada,EAN não informado,127.3,127.3,39.31,31% ,87.99
"Berinat 500mg, caixa com 30 cápsulas",Arte Nativa,7898277711056,14.31,14.31,1.43,10% ,12.88
"Fenofibrato EMS Sigma Pharma 200mg, caixa com 30 cápsulas gelatinosas duras",EMS Sigma Pharma,7895296194013,103.35,103.35,0.0,0% ,103.35
"Rusovas 10mg, caixa com 30 comprimidos revestidos",EMS Sigma Pharma,7894916508414,62.0,62.0,18.6,30% ,43.4
"Fenofibrato Legrand 200mg, caixa com 30 cápsulas gelatinosas duras",Legrand,7894916145015,103.35,103.35,0.0,0% ,103.35
"Zinpass 20mg, caixa com 30 comprimidos revestidos",Medley,7896422528764,104.0,104.0,29.12,28% ,74.88
"Zimiex 10mg, caixa com 30 comprimidos",Merck,7899551301673,63.97,63.97,15.99,25% ,47.98
Pravastatina 10Mg 30Cpr Med,Medley,7896422519151,69.48,69.48,12.51,18% ,56.970000000000006
Zetia Ezetimiba 10mg 60 comprimidos,Organon,7897337716802,158.38,158.38,28.51,18% ,129.87
Zetia Ezetimiba 10mg 30 comprimidos,Organon,7897337716819,120.8,120.8,18.12,15% ,102.67999999999999
Zetsim Ezetimiba 10mg + Sinvastatina 20mg 30 comprimidos,Não especificada,7897337716871,112.86,112.86,16.93,15% ,95.93
Plenance Rosuvastatina Cálcica 20mg 90 comprimidos,Não especificada,7896094208865,231.05,231.05,34.66,15% ,196.39000000000001
Citalor 20mg 30 Comprimidos,Não especificada,7908236800100,151.9,151.9,22.78,15% ,129.12
Crestor 20mg caixa com 30 comprimidos revestidos,Não especificada,7896206402396,384.61,384.61,19.23,5% ,365.38
Ezetimiba 10Mg 30 Comprimidos Biolab Genérico,Biolab Genéricos,7899551301284,74.04,74.04,28.14,38% ,45.900000000000006
Sinvastatina 40mg Novartis 30 Comprimidos,Novartis,7897595632623,32.17,32.17,9.45,29% ,22.720000000000002
Arcalion Sulbutiamina 200mg 60 drágeas,Servier,7898029550131,172.49,172.49,0.0,0% ,172.49
Dramin 50mg Com 10 Cápsulas Gel,Cosmed,7896094999503,19.62,"R$ 16,18 ",2.94,15% ,16.68
"Dramin B6 50 + 10Mg, Caixa Com 30 Comprimidos Revestidos",Cosmed,7896094999978,25.38,"R$ 24,62 ",0.0,0% ,25.38
"Meclin 25Mg, Caixa Com 15 Comprimidos",Apsen,7896637023115,29.48,"R$ 28,60 ",0.0,0% ,29.48
Vonau Flash 4mg 30 Comprimidos Orodispersíveis Biolab,Biolab,7896112401551,116.7,"R$ 84,90 ",29.17,25% ,87.53
"Dramin B6 25Mg Ml + 5Mg Ml, Caixa Com 1 Frasco Gotejador Com 30Ml De Solucao De Uso Oral",Cosmed,7896094922075,24.21,"R$ 23,48 ",0.0,0% ,24.21
Vonau Flash 4 Mg 10 Comprimidos,Biolab,7896241296523,47.61,"R$ 43,41 ",2.86,6% ,44.75
Vonau Flash Menta 4 Mg 10 Comprimidos,Não especificada,7896112401599,47.61,"R$ 39,26 ",7.14,15% ,40.47
Dramin 25Mg com 10 Cápsulas,Cosmed,7896094922068,20.62,"R$ 18,20 ",1.86,9% ,18.76
Vonau Flash 8 Mg 10 Comprimidos,Biolab,7896241296400,93.8,"R$ 77,34 ",14.07,15% ,79.72999999999999
"Azorga 10Mg Ml + 5Mg Ml, Caixa Com 1 Frasco Gotejador Com 5Ml De Suspensao De Uso Oftalmico",Novartis,7896548197967,110.16,"R$ 90,83 ",16.52,15% ,93.64
"Azopt 10Mg Ml, Caixa Com 1 Frasco Com 5Ml De Suspensao De Uso Oftalmico",Novartis,7896548168745,107.04,"R$ 88,25 ",16.06,15% ,90.98
"Maleato De Timolol Ems 5mg mL, Caixa Com 1 Frasco Com 5mL De Solução De Uso Oftalmico",EMS,7896004715711,14.0,"R$ 11,81 ",1.82,13% ,12.18
"Cloridrato De Dorzolamida + Maleato De Timolol Teuto 20Mg Ml + 5Mg Ml, Caixa Com 1 Frasco Gotejador Com 5Ml De Solucao De Uso Oftalmico",Teuto,7896112129653,88.86,"R$ 57,75 ",29.32,33% ,59.54
Ganfort Solução Oftálmica Estéril 3ml,Allergan,7897316805053,162.6,"R$ 149,84 ",8.13,5% ,154.47
Pilocarpina 2  Col 10Ml Oculum,Allergan,7897316802236,43.79,"R$ 36,10 ",6.57,15% ,37.22
Ocupress 20mg 5mL Solução Oftálmica,União Química,7896006290209,108.09,"R$ 85,97 ",19.46,18% ,88.63
Tartarato de Brimonidina 2mg mL Solução Oftálmica 5mL Neo Química Genérico,Não especificada,7896714229843,72.39,"R$ 50,56 ",20.27,28% ,52.120000000000005
"Glaub Md 1Mg Ml, Caixa Com 1 Frasco Gotejador Com 5Ml De Solucao De Uso Oftalmico",União Química,7896006208266,37.21,"R$ 30,68 ",5.58,15% ,31.630000000000003
"Travoprosta 0,04mg 2,5mL Solução Oftálmica Medley",Medley,7896422533713,89.31,"R$ 47,65 ",40.19,45% ,49.120000000000005
"Maleato de Timolol 0,5  Teuto Solução Oftalmológica 5ml",Não especificada,7896112126669,12.46,"R$ 12,09 ",0.0,0% ,12.46
"Alphagan 2mg/mL, caixa com 1 frasco gotejador com 5mL de solução de uso oftálmico",Allergan,7897316801017,126.93,"R$ 104,65 ",19.04,15% ,107.89000000000001
Combigan 10mL Solução Estéril,Não especificada,7897316804780,240.17,"R$ 221,32 ",12.01,5% ,228.16
Lumigan RC Colírio Allergan 5mL,Não especificada,7897316805411,267.05,"R$ 246,09 ",13.35,5% ,253.70000000000002
Azorga Colírio 6mL,Novartis,7896548199855,132.19,"R$ 121,81 ",6.61,5% ,125.58
"Solução Oftalmica Timoptol-XE 0,5  Mundipharma 5mL",Não especificada,7898586631397,76.03,"R$ 70,06 ",3.8,5% ,72.23
Glaub Colírio 2mg União Química 5mL,Não especificada,7896006290629,74.42,"R$ 72,19 ",0.0,0% ,74.42
"Bimatoprostra 0,3mg mL Solução Oftálmica com 5mL",Não especificada,7891058001742,138.82,"R$ 90,22 ",45.81,33% ,93.00999999999999
"Tartarato de Brimonidina 0,2  Solução Oftálmica 5mL",Não especificada,7896112129363,62.36,"R$ 49,61 ",11.22,18% ,51.14
"Tartarato De Brimonidina 2Mg Ml E.M.S., Caixa Com 1 Frasco Gotejador Com 5Ml De Solucao De Uso Oftalmico",Não especificada,7896004726854,71.32,"R$ 49,81 ",19.97,28% ,51.349999999999994
Fitoles 30 Cápsulas,Não especificada,7896360001398,60.37,60.37,6.04,10% ,54.33
Crestor 5mg caixa com 60 comprimidos revestidos,Astrazeneca,7896206403652,210.92,210.92,10.55,5% ,200.36999999999998
Lipitor Atorvastatina Cálcica 20mg 30 comprimidos,Mylan,7908236800483,228.83,228.83,11.44,5% ,217.39000000000001
Lipitor 40mg 30 Comprimidos Revestidos,Mylan,7908236800773,343.25,343.25,17.16,5% ,326.09
Ciprofibrato 100mg 30 comprimidos Eurofarma Genérico,Eurofarma,7891317025786,57.77,57.77,21.95,38% ,35.82000000000001
Sinvascor 20mg caixa com 30 comprimidos,Baldacci,7897851250530,22.26,22.26,0.0,0% ,22.26
Crestor Rosuvastatina Cálcica 5mg 30 Comprimidos,Astrazeneca,7896206403645,114.76,114.76,5.74,5% ,109.02000000000001
"Sinvastamed 20mg, caixa com 30 comprimidos revestidos",Cimed,7896523206660,19.89,19.89,12.2,61% ,7.690000000000001
Plenance 20mg 30 Comprimidos Revestidos,Não especificada,7896094206137,152.98,152.98,27.54,18% ,125.44
Nootropil 800mg c  30 Comprimidos,Medley,7896070603271,46.94,"R$ 41,44 ",4.22,9% ,42.72
"Cloridrato De Ondansetrona 4Mg Althaia, Caixa Com 30 Comprimidos Revestidos",Não especificada,7898687731569,57.39,"R$ 45,65 ",10.33,18% ,47.06
"Cloridrato De Ondansetrona Blau 8Mg, Caixa Com 10 Comprimidos Revestidos",Blau,7896014679577,55.8,"R$ 36,27 ",18.41,33% ,37.39
"Cloridrato De Ondansetrona 8Mg Althaia, Caixa Com 10 Comprimidos Revestidos",Não especificada,7898687731736,39.12,"R$ 27,32 ",10.95,28% ,28.169999999999998
Vonau Flash 8mg 30 Comprimidos Orodispersíveis Biolab,Biolab,7896112401582,229.8,"R$ 167,18 ",57.45,25% ,172.35000000000002
Dramin Capsgel Dimenidrinato 50mg 10 cápsulas,Cosmed,7896094999411,20.62,"R$ 20,00 ",0.0,0% ,20.62
Dramavit B6 Gotas 20ml,Neo Química,7896622304847,18.54,"R$ 11,65 ",6.53,35% ,12.009999999999998
Cloridrato de Ondansetrona 8mg 30 Comprimidos Biolab,Não especificada,7896112406976,136.82,"R$ 88,92 ",45.15,33% ,91.66999999999999
Meclin JET Dicloridrato de Meclozina 50mg 10 comprimidos,Não especificada,7896637033350,33.55,"R$ 32,54 ",0.0,0% ,33.55
"Cloridrato De Ondansetrona 4Mg Neo Quimica, Caixa Com 30 Comprimidos Orodispersiveis",Não especificada,7896714292465,79.14,"R$ 55,27 ",22.16,28% ,56.980000000000004
"Cloridrato De Ondansetrona 8mg Neo Quimica, Caixa Com 30 Comprimidos Orodispersiveis",Não especificada,7896714292458,155.8,"R$ 93,70 ",59.2,38% ,96.60000000000001
"Diamox 250Mg, Caixa Com 25 Comprimidos",União Química,7896006245322,22.18,22.18,3.33,15% ,18.85
Cloridrato de Dorzolamida 2  colirio 5ml Bio,Biosintética - Aché,7896181909361,75.15,75.15,24.8,33% ,50.35000000000001
"Maleato de Timolol Biosintética - Aché 0,25%, caixa com 1 frasco gotejador com 5mL de solução de uso oftálmico",Biosintética - Aché,7896181909439,11.39,11.39,0.0,0% ,11.39
"Betoptic S Cloridrato de Betaxolol 2,8mg mL Suspensão Oftálmica Estéril 5mL",Novartis,7896548199961,55.55,55.55,8.33,15% ,47.22
Lumigan Rc Allergan 3mL Solução Oftálmica Estéril,Allergan,7897316805404,160.21,160.21,8.01,5% ,152.20000000000002
Epitegel 50mg g Gel Oftálmico,Bausch + Lomb,7896046303013,58.5,58.5,5.26,9% ,53.24
Triplenex Solução Oftalmica Estéril 5ml Allergan,Allergan,7897316806623,259.33,259.33,12.97,5% ,246.35999999999999
Visoptic 5mg mL Solução Oftálmica Gotas 5mL,Não especificada,7899095201927,23.61,23.61,6.53,28% ,17.08
"Travoptic 0,04mg mL Solução Oftálmica Gotas 2,5mL",Não especificada,7899095202153,69.3,69.3,19.17,28% ,50.129999999999995
Saflutan 15mcg 30 Flaconetes,Não especificada,7898586631366,152.03,152.03,22.8,15% ,129.23
Cloridrato de Ondansetrona 8mg 30 comprimidos Althaia Genérico,Não especificada,7898687731743,123.99,"R$ 86,59 ",34.72,28% ,89.27
Cloridrato de Ondansetrona 4mg 30 Comprimidos Biolab,Não especificada,7896112406969,69.5,"R$ 51,91 ",15.98,23% ,53.519999999999996
"Nausilon B6 25Mg Ml + 5Mg Ml, Caixa Com 1 Frasco Gotejador Com 20Ml De Solucao De Uso Oral",Cifarma,7898158692139,15.36,"R$ 10,43 ",4.61,30% ,10.75
"Meclin 50Mg, Caixa Com 15 Comprimidos",Apsen,7896637023641,53.12,"R$ 49,98 ",1.59,3% ,51.529999999999994
"Cloridrato De Ondansetrona 4Mg Althaia, Caixa Com 10 Comprimidos Revestidos",Não especificada,7898687731552,21.26,"R$ 18,56 ",2.13,10% ,19.130000000000003
"Cloridrato De Ondansetrona 4Mg Biolab, Caixa Com 10 Comprimidos Revestidos",Não especificada,7896112400387,28.36,"R$ 22,56 ",5.1,18% ,23.259999999999998
"Cloridrato De Ondansetrona 8Mg Biolab, Caixa Com 10 Comprimidos Revestidos",Não especificada,7896112400394,55.83,"R$ 36,29 ",18.42,33% ,37.41
Meclin JET Dicloridrato de Meclozina 25mg 10 comprimidos,Não especificada,7896637033343,18.61,"R$ 17,22 ",0.86,5% ,17.75
"Cloridrato De Ondansetrona Blau 4mg, Caixa Com 10 Comprimidos Revestidos",Blau,7896014679546,28.33,28.33,3.68,13% ,24.65
"Nautex 8mg, caixa com 10 comprimidos revestidos",Aché,7896658034237,60.65,60.65,7.28,12% ,53.37
Prolopa Hbs 100 25Mg 30Cpr,Roche,7896226500362,95.1,"R$ 78,41 ",14.26,15% ,80.83999999999999
Ekson 200 + 50Mg Caixa Com 30 Comprimidos,Aché,7896658020605,122.23,"R$ 100,78 ",18.33,15% ,103.9
Prolopa Bd 125mg caixa com 60 comprimidos,Roche,7896226506388,128.05,"R$ 101,85 ",23.05,18% ,105.00000000000001
Prolopa DR 250mg 30 Comprimidos,Não especificada,7896226506463,128.01,"R$ 124,17 ",0.0,0% ,128.01
Prolopa 100 25mg 30 comprimidos,Não especificada,7896226503721,95.1,"R$ 78,41 ",14.26,15% ,80.83999999999999
"Transamin 250Mg, Caixa Com 12 Comprimidos",Zydus Nikkho,7897460401668,85.92,"R$ 70,84 ",12.89,15% ,73.03
"Acido Tranexamico Ems 250Mg, Caixa Com 12 Comprimidos",EMS,7896004723020,51.66,"R$ 48,61 ",1.55,3% ,50.11
Apevitin Bc solução oral frasco com 240ml,EMS,7896004700502,53.05,"R$ 21,18 ",31.22,59% ,21.83
"Cobavital 1Mg + 4Mg, Caixa Contendo 30 Microcomprimidos",Abbott do Brasil,7891158102950,41.7,"R$ 35,53 ",5.07,12% ,36.63
Cobavital 16 Microcomprimidos,Abbott do Brasil,7896255767330,24.08,"R$ 21,27 ",2.15,9% ,21.93
"Xalacom 2,5ml Solução Oftálmica Pfizer",Upjohn Brasil,7908236800841,273.78,273.78,27.38,10% ,246.39999999999998
"Drenata 50mcg mL 2,5mL Solução Oftálmica Legrand",Germed Pharma,7896004724843,173.73,173.73,8.69,5% ,165.04
"Latanoprosta + Maleato de Timolol Solução Oftálmica Genérico Germed 2,5ml",Germed Pharma,7896004724515,165.82,165.82,79.59,48% ,86.22999999999999
Travatan Bak Free Colírio 5mL,Novartis,7896548198636,183.45,183.45,9.17,5% ,174.28
Combigan Allergan Solução Estéril 5mL,Allergan,7897316804926,152.53,152.53,7.63,5% ,144.9
"Xalatan 50mcg ml Frasco Gotejador 2,5ml",Upjohn Brasil,7908236800858,243.67,243.67,24.37,10% ,219.29999999999998
"Tartarato de Brimonidina 0,2  Solução Oftálmica 5ml Aché Biosintética Genérico",Biosintética - Aché,7896181913542,72.49,72.49,23.92,33% ,48.56999999999999
Prolopa Bd 100 25 Mg 30 Comprimidos,Roche,7896226506371,64.03,"R$ 52,80 ",9.6,15% ,54.43
Ekson 100 25mg com 30 Comprimidos,Não especificada,7896658033582,54.61,"R$ 51,38 ",1.64,3% ,52.97
Prolopa 200mg + 50mg Roche 30 Comprimidos Simples,Roche,7896226500515,128.01,"R$ 105,55 ",19.2,15% ,108.80999999999999
Vonau Flash Menta 8mg 10 Comprimidos,Não especificada,7896112401605,93.8,93.8,16.88,18% ,76.92
"Diamox 250Mg, Caixa Com 30 Comprimidos",Não especificada,7896006245339,27.27,"R$ 22,48 ",4.09,15% ,23.18
Latanoprosta 50mcg mL,Geolab,7899095238299,147.62,"R$ 60,14 ",85.62,58% ,62.0
"Glaucotrat 5Mg Ml, Caixa Com 1 Frasco Gotejador Com 5Ml De Solucao De Uso Oftalmico",União Química,7896006290162,16.22,"R$ 13,38 ",2.43,15% ,13.79
Cosopt 2  5mL Solução,Mundipharma,7898586631342,185.01,"R$ 141,78 ",38.85,21% ,146.16
Cloridrato de Dorzolamida 2  Germed Solução Oftalmológica 5ml,Não especificada,7896004726076,75.8,"R$ 52,94 ",21.22,28% ,54.58
Drusolol 5mL Solução Genom,União Química,7896006230052,100.18,"R$ 76,77 ",21.04,21% ,79.14000000000001
"Britens 2Mg Ml + 5Mg Ml, Caixa Com 1 Frasco Gotejador Com 10Ml De Solucao De Uso Oftalmico",União Química,7896006226215,170.73,"R$ 130,83 ",35.85,21% ,134.88
"Bimatoprosta Medley 0,3Mg Ml, Caixa Com 1 Frasco Gotejador Com 3Ml De Solucao De Uso Oftalmico",Medley,7896422532310,96.54,"R$ 62,74 ",31.86,33% ,64.68
"Maleato De Timolol 0,5  Neo Ge",Não especificada,7896714225753,13.2,"R$ 11,78 ",1.06,8% ,12.139999999999999
Clopidogrel 75 Mg 28 Comprimidos Sdz,Sandoz,7897595605924,172.74,"R$ 45,24 ",126.1,73% ,46.640000000000015
"Cilostazol Biosintetica 100Mg, Caixa Com 30 Comprimidos",Biosintética - Aché,7896181925859,44.27,"R$ 33,07 ",10.18,23% ,34.09
Clopin Duo 75mg + 100mg Com 30 Comprimidos,Aché,7896658032431,83.4,"R$ 68,76 ",12.51,15% ,70.89
"Acido Acetilsalicilico Ems 100Mg, Caixa Com 30 Comprimidos",EMS,7896004710891,11.6,"R$ 10,35 ",0.93,8% ,10.67
"Cilostazol Biosintetica 50Mg, Caixa Com 60 Comprimidos",Biosintética - Aché,7896181925828,26.99,"R$ 25,39 ",0.81,3% ,26.18
"Somalgin Cardio 100Mg + 30Mg + 15Mg, Caixa Com 60 Comprimidos Revestidos",EMS Sigma Pharma,7894916512022,49.69,"R$ 38,08 ",10.43,21% ,39.26
"Bissulfato De Clopidogrel Nova Quimica 75Mg, Caixa Com 28 Comprimidos Revestidos",Nova Química,7895296365017,70.41,"R$ 38,93 ",30.28,43% ,40.129999999999995
"Somalgin Cardio 81Mg + 24,3Mg + 12,15Mg, Caixa Com 60 Comprimidos Revestidos De Dupla Camada",EMS Sigma Pharma,7894916512107,32.1,"R$ 26,47 ",4.81,15% ,27.290000000000003
Cilostazol 50mg Genérico Eurofarma 30 Comprimidos,Eurofarma,7891317017002,40.2,"R$ 20,27 ",19.3,48% ,20.900000000000002
Vasogard 100mg caixa com 60 comprimidos,Aché,7896181907534,87.91,"R$ 72,48 ",13.19,15% ,74.72
Rivaroxabana 10mg 10 Comprimidos EMS Genérico,Medley,7891058002046,61.95,"R$ 25,24 ",35.93,58% ,26.020000000000003
Cilostazol 50mg 60 comprimidos Eurofarma Genérico,Eurofarma,7891317017019,48.55,"R$ 26,84 ",20.88,43% ,27.669999999999998
"Cilostazol Eurofarma 100Mg, Caixa Com 30 Comprimidos",Eurofarma,7891317435943,79.21,"R$ 32,27 ",45.94,58% ,33.269999999999996
Ecasil Ácido Acetilsalicílico 81mg 90 comprimidos,Biolab,7896112416463,51.1,"R$ 44,61 ",5.11,10% ,45.99
"Cilostazol Biosintetica 50mg, Caixa Com 30 Comprimidos",Biosintética - Aché,7896181925811,22.43,"R$ 18,92 ",2.92,13% ,19.509999999999998
"Clopin 75Mg, Caixa Contendo 30 Comprimidos Revestidos",Aché,7896658011924,68.13,"R$ 56,17 ",10.22,15% ,57.91
Cilostazol 100 Mg 60 Comprimidos Eur,Eurofarma,7891317452230,96.98,"R$ 48,92 ",46.55,48% ,50.43000000000001
Melhoral Infantil 8 Comprimidos X25,Cosmed,7896094915053,10.19,"R$ 9,88 ",0.0,0% ,10.19
Bissulfato de Clopidogrel 75mg 28 Comprimidos Revestidos - Medley,Medley,7896422516112,88.97,"R$ 53,51 ",33.81,38% ,55.16
"Cilostazol Biosintetica 100mg, Caixa Com 60 Comprimidos",Biosintética - Aché,7896181925866,54.13,"R$ 45,68 ",7.04,13% ,47.09
AAS Infantil 10 Comprimidos Sanofi,Cosmed,7896094922440,8.85,8.85,0.0,0% ,8.85
AAS Infantil 100mg 120 Comprimidos,Cosmed,7896094928091,90.76,90.76,0.0,0% ,90.76
"Vasogard 50mg, caixa com 60 comprimidos",Aché,7896181907626,38.81,38.81,0.0,0% ,38.81
"Plaq 75mg, caixa com 30 comprimidos revestidos",Eurofarma,7891317496760,61.17,61.17,11.01,18% ,50.160000000000004
"Cebralat 100mg, caixa com 60 comprimidos",Libbs,7896094202047,82.66,82.66,0.0,0% ,82.66
"Cebralat 50mg, caixa com 60 comprimidos",Libbs,7896094202030,41.18,41.18,7.41,18% ,33.769999999999996
"Cloridrato de Ticlopidina Medley 250mg, caixa com 30 comprimidos revestidos",Medley,7896422515801,89.55,89.55,16.12,18% ,73.42999999999999
Ácido Acetilsalicilico Infantil 100mg Genérico Cimed 30 Comprimidos,Cimed,7896523224534,9.67,9.67,0.29,3% ,9.38
Ácido Acetilsalicilico 100mg Cimed 10 Comprimidos,Cimed,7896523226712,3.05,3.05,0.0,0% ,3.05
Cilostazol 100mg Genérico EMS 30 Comprimidos,Não especificada,7896004761299,39.35,39.35,3.15,8% ,36.2
"Cilostazol Ems 100mg, caixa com 60 comprimidos",Não especificada,7896004761305,55.27,55.27,9.95,18% ,45.32000000000001
"Rivaroxabana Neo Química 10mg, caixa com 10 comprimidos Neo Química",Neo Química,7896714290799,69.81,69.81,0.0,0% ,69.81
"Loceryl Esmalte 50Mg Ml, Caixa Com 1 Frasco Com 2,5Ml De Esmalte De Uso Dermatologico + 10 Espatulas + 30 Compressas + 30 Lixas",Galderma,7897930776722,163.1,"R$ 129,20 ",29.9,18% ,133.2
Nistatina + Oxido De Zinco Pomada Cimed 60Gr,Cimed,7896523226972,29.5,"R$ 17,56 ",11.4,39% ,18.1
"Gino-Canesten 500Mg, Caixa Com 1 Comprimido Vaginal + 1 Aplicador",Bayer,7891106916059,99.9,"R$ 77,50 ",20.0,20% ,79.9
"Cloridrato De Terbinafina Biosintetica 250Mg, Caixa Com 14 Comprimidos",Biosintética - Aché,7896181918998,137.75,"R$ 42,76 ",93.67,68% ,44.08
"Secnidazol Medley 1000Mg, Caixa Com 2 Comprimidos Revestidos",Medley,7896422505680,24.14,"R$ 21,54 ",1.93,8% ,22.21
Itraconazol 100mg Genérico Eurofarma 4 Cápsulas,Eurofarma,7891317191757,55.55,"R$ 33,41 ",21.11,38% ,34.44
"Dermodex Tratamento 100.000Ui G + 200Mg G, Caixa Com 1 Bisnaga Com 60G De Pomada De Uso Dermatologico",Takeda,7896016800917,93.68,"R$ 81,78 ",9.37,10% ,84.31
Fluconazol - Medley 150mg caixa com 2 cápsulas,Não especificada,7896422505079,38.29,"R$ 13,37 ",24.51,64% ,13.779999999999998
Petivit BC Xarope 240mL,Não especificada,7898100244485,26.9,"R$ 22,54 ",3.66,14% ,23.24
"Buclina 25Mg, Caixa Com 30 Comprimidos",Cosmed,7896094928077,20.77,"R$ 18,13 ",2.08,10% ,18.689999999999998
Coristina D Pro Com 16 Comprimidos,Não especificada,7891142982100,40.88,"R$ 37,56 ",2.16,5% ,38.72
Memoactive Tangerina Suspenção Oral 120mL,Não especificada,7896360001091,52.79,52.79,5.28,10% ,47.51
Imunovalle Kids Suplemento Alimentar 120mL Dovalle,Não especificada,7896360001985,88.22,88.22,8.82,10% ,79.4
Pomada Daivobet Leo Pharma 30g,Leo Pharma,5702191007916,157.96,"R$ 125,64 ",28.43,18% ,129.53
"Salicetil 100Mg, Blister Com 10 Comprimidos",Brasterápica,7898100242757,2.44,"R$ 2,37 ",0.0,0% ,2.44
"Acido Acetilsalicilico Ems 100Mg, Blister Com 10 Comprimidos",EMS,7896004710907,3.67,"R$ 3,56 ",0.0,0% ,3.67
AAS Protect 100mg 30 Comprimidos Revestidos,Cosmed,7896094928046,23.16,"R$ 19,10 ",3.47,15% ,19.69
"Aspirina Prevent 100Mg, Caixa Com 30 Comprimidos Revestidos",Bayer,7891106001946,24.34,"R$ 20,07 ",3.65,15% ,20.69
"Cetoconazol Comprimido Pharlab 200Mg, Caixa Com 10 Comprimidos",Pharlab,7898216367535,29.63,"R$ 20,69 ",8.3,28% ,21.33
"Nistatina Medley 25.000Ui G, Caixa Com 1 Bisnaga Com 60G De Creme De Uso Ginecologico + 14 Aplicadores",Medley,7896422504577,15.93,"R$ 14,99 ",0.48,3% ,15.45
"Cetoconazol Shampoo Cimed 20Mg Ml, Caixa Com 1 Frasco Com 100Ml De Shampoo",Cimed,7896523201801,30.56,"R$ 27,28 ",2.44,8% ,28.119999999999997
"Vodol 20Mg Ml, Frasco Spray Com 60Ml De Suspensao De Uso Dermatologico",União Química,7896006298564,53.0,"R$ 33,95 ",18.0,34% ,35.0
"Fentizol Ovulo 600Mg, Caixa Contendo 1 Ovulo De Uso Ginecologico + 1 Aplicador",Aché,7896658007309,90.53,"R$ 74,64 ",13.58,15% ,76.95
"Nitrato De Miconazol Creme Neo Quimica 20Mg G, Caixa Com 1 Bisnaga Com 28G De Creme De Uso Dermatologico",Neo Química,7896714223834,20.2,"R$ 17,63 ",2.02,10% ,18.18
Nistatina 100.000ui g + Óxido de Zinco 200mg g Neo Química Pomada 60g,Neo Química,7896714224688,27.85,"R$ 13,57 ",13.86,50% ,13.990000000000002
Cloridrato de Terbinafina 1  EMS Creme Dermatológico 20g,EMS,7896004701035,35.57,"R$ 24,15 ",10.67,30% ,24.9
Daktarin Gel Oral 40g,Janssen-Cilag,7896212479825,48.91,"R$ 42,70 ",4.89,10% ,44.019999999999996
"Ciclopirox Olamina Solucao Topica Medley 10Mg Ml, Caixa Com 1 Frasco Gotejador Com 15Ml De Solucao De Uso Dermatologico",Medley,7896422512145,24.03,"R$ 22,61 ",0.72,3% ,23.310000000000002
"Cloridrato De Terbinafina 250Mg Prati-Donaduzzi, Caixa Com 28 Comprimidos",Prati-Donaduzzi,7899547504682,162.47,"R$ 81,95 ",77.99,48% ,84.48
Clotrimazol 10 Mg Creme Dermatologico 20 Gramas  Ems Gen,EMS,7896004718453,15.84,"R$ 13,83 ",1.58,10% ,14.26
"Cetoconazol Creme Cimed 20Mg G, Caixa Com 1 Bisnaga Com 30G De Creme De Uso Dermatologico",Cimed,7896523201573,21.26,"R$ 20,00 ",0.64,3% ,20.62
Icaden Creme 20 Gramas,Leo Pharma,5702191025620,50.85,"R$ 43,41 ",6.1,12% ,44.75
Gino- Canesten 20mg  2   Creme Com 20g + 3 Aplicadores,Bayer,7891106003230,90.28,"R$ 87,57 ",0.0,0% ,90.28
Cetoconazol 200mg 10 comprimidos Cimed Genérico,Cimed,7896523210728,33.11,"R$ 23,12 ",9.27,28% ,23.84
Gino Canesten 50mg 5g Creme Vaginal 35g + 6 Aplicadores,Bayer,7891106001762,84.99,"R$ 75,84 ",6.8,8% ,78.19
"Nistatina Gotas Prati-Donaduzzi 100.000Ui Ml, Caixa Com 1 Frasco Gotejador Com 50Ml De Suspensao De Uso Oral",Prati-Donaduzzi,7898148293681,30.15,"R$ 25,44 ",3.92,13% ,26.229999999999997
Cetoconazol 200 Mg 30 Comprimidos Phar,Pharlab,7898216361816,73.91,"R$ 30,11 ",42.87,58% ,31.04
Crevagin Creme Vaginal 40 Gramas 7 Aplicadores,Eurofarma,7891317136468,51.19,"R$ 40,72 ",9.21,18% ,41.98
"Tinidazol + Nitrato De Miconazol Cosmed 30Mg G + 20Mg G, Caixa Com 1 Bisnaga Com 40G De Creme De Uso Ginecologico + 7 Aplicadores",Cosmed,7897322703794,43.23,"R$ 32,29 ",9.94,23% ,33.29
Fentizol Creme Vaginal 7 Aplicadores,Aché,7896658005091,46.66,"R$ 38,47 ",7.0,15% ,39.66
"Vodol 20Mg G, Caixa Com 1 Bisnaga Com 28G De Creme De Uso Dermatologico",União Química,7896006292005,33.23,"R$ 27,48 ",4.9,15% ,28.33
Lomecan Creme Vaginal 3 Dias 20 Gramas,Não especificada,7898636191321,54.99,"R$ 53,34 ",0.0,0% ,54.99
Clotrimazol 20 Mg Creme Vaginal Medley,Medley,7896422506434,60.16,"R$ 39,10 ",19.85,33% ,40.309999999999995
Itraconazol 100mg Genérico Eurofarma 15 Cápsulas,Eurofarma,7891317193164,168.84,"R$ 76,97 ",89.49,53% ,79.35000000000001
Abc Spray 30Ml,Kley Hertz Farmacêutica,7896331702583,43.95,"R$ 29,85 ",13.18,30% ,30.770000000000003
Fentizol Nitrato de Fenticonazol 20mg mL Spray 30mL,Aché,7896658001390,68.11,"R$ 56,15 ",10.22,15% ,57.89
"Albocresil 18Mg Ml, Caixa Com 1 Bisnaga Com 50G De Gel De Uso Ginecologico",Não especificada,7896641800016,32.79,"R$ 27,03 ",4.92,15% ,27.869999999999997
"Nitrato De Miconazol Creme Cimed 20Mg G, Caixa Com 1 Bisnaga Com 28G De Creme De Uso Dermatologico",Cimed,7896523201399,19.63,"R$ 17,14 ",1.96,10% ,17.669999999999998
Bissulfato de Clopidogrel 75mg Genérico Biolab 30 Comprimidos,Não especificada,7898146824450,54.3,"R$ 37,93 ",15.2,28% ,39.099999999999994
"Rivaroxabana 10Mg Ems, Caixa Com 10 Comprimidos Revestidos",EMS,7896004766980,82.37,"R$ 29,57 ",51.89,63% ,30.480000000000004
Cebralat 50mg 120 Comprimidos,Não especificada,7896094210684,71.61,"R$ 59,04 ",10.74,15% ,60.87
Brilinta 90mg 60 Comprimidos AstraZeneca,Não especificada,7896206403409,496.3,"R$ 409,20 ",74.44,15% ,421.86
"Cilostazol Ems 50mg, caixa com 60 comprimidos",Não especificada,7896004771762,27.54,"R$ 26,71 ",0.0,0% ,27.54
Somalgin Cardio 200mg 32 Comprimidos,Não especificada,7894916503419,31.51,"R$ 25,98 ",4.73,15% ,26.78
Somalgin Cardio 325mg 32 Comprimidos,EMS Sigma Pharma,7894916207546,46.64,"R$ 38,45 ",7.0,15% ,39.64
"Dipirona 1Gr Med, Caixa Com 10 Comprimidos",Não especificada,7891058002602,19.26,"R$ 15,88 ",2.89,15% ,16.37
"Rivaroxabana 10mg Germed, Caixa Com 10 Comprimidos Revestidos",Germed Pharma,7896004779386,82.37,82.37,51.89,63% ,30.480000000000004
"Dipirona Prati Donaduzzi 1G, Caixa Com 10 Comprimidos",Não especificada,7899547500356,16.58,16.58,0.5,3% ,16.08
"Nistatina Neo Quimica 25.000Ui G, Caixa Com 1 Bisnaga Com 60G De Creme De Uso Ginecologico + 14 Aplicadores",Neo Química,7896714265766,20.87,"R$ 18,62 ",1.67,8% ,19.200000000000003
"Gynopac 1000Mg + 100Mg + 150Mg, Caixa Com 4 Comprimidos + 1 Bisnaga Com 35G De Creme De Uso Ginecologico + 7 Aplicadores",Farmoquímica,7898040321550,129.11,"R$ 106,45 ",19.37,15% ,109.74000000000001
"Clotrimazol Ems 10Mg G, Caixa Com 1 Bisnaga Com 35G De Creme De Uso Ginecologico + 6 Aplicadores",EMS,7896004711423,55.53,"R$ 41,48 ",12.77,23% ,42.760000000000005
"Nitrato De Miconazol Locao Cimed 20Mg G, Caixa Com 1 Frasco Com 30Ml De Locao De Uso Dermatologico",Cimed,7896523227627,19.42,"R$ 16,96 ",1.94,10% ,17.48
"Nitrato De Miconazol Creme Ginecologico Prati-Donaduzzi 20Mg G, Caixa Com 1 Bisnaga Com 80G De Creme De Uso Ginecologico + 14 Aplicadores",Prati-Donaduzzi,7899547537802,30.18,"R$ 26,35 ",3.02,10% ,27.16
Gino Canesten Balance Gel Vaginal Com 7 Aplicadores De 5Ml,Não especificada,7891106915410,103.17,"R$ 71,77 ",29.18,28% ,73.99000000000001
"Fentizol 0,02G G, Caixa Contendo 1 Bisnaga Com Creme De Uso Dermatologico De 20G",Aché,7896658003981,43.36,"R$ 37,02 ",5.2,12% ,38.16
Nitrato de Miconazol 20mg g Prati Donaduzzi Creme 28g,Não especificada,7898148295340,19.93,"R$ 17,79 ",1.59,8% ,18.34
"Tioconazol + Tinidazol Prati-Donaduzzi 20Mg G + 30Mg G, Caixa Com 1 Bisnaga Com 35G De Creme De Uso Ginecologico + 7 Aplicadores",Prati-Donaduzzi,7898148298655,62.27,"R$ 55,57 ",4.98,8% ,57.290000000000006
Albocresil Policresuleno 360mg g Solução 12mL,Cosmed,7896094922006,39.85,"R$ 38,65 ",0.0,0% ,39.85
Clotrimazol 10 Mg Creme Vaginal 6 Apliocador Med,Medley,7896422506427,62.47,"R$ 46,66 ",14.37,23% ,48.1
Cloridrato de Terbinafina 250mg 14 Comprimidos,Não especificada,7899547504675,82.12,"R$ 45,41 ",35.31,43% ,46.81
Cetoconazol Shampoo 100Ml Ems,EMS,7896004700984,62.32,"R$ 33,25 ",28.04,45% ,34.28
Canesten Clotrimazol 10mg g Creme Dermatológico 20g,Bayer,7891106900591,31.88,"R$ 30,00 ",0.95,3% ,30.93
Furoato de Mometasona - Medley 1mg creme dermatológico bisnaga com 20g,Medley,7896422515344,40.08,"R$ 35,76 ",3.21,8% ,36.87
"Umma 20Mg G, Caixa Com 1 Bisnaga Com 6,5G De Creme De Uso Ginecologico + Aplicador",Cosmed,7897322711430,108.53,"R$ 89,48 ",16.28,15% ,92.25
Cloridrato de Terbinafina 250mg 28 comprimidos Bio,Não especificada,7896181919001,276.74,"R$ 85,90 ",188.18,68% ,88.56
Ciclopirox Olamina 10mg mL EMS Solução Tópica com 15mL,EMS,7896004727233,32.33,"R$ 25,71 ",5.82,18% ,26.509999999999998
Ciclopirox Olamina 10mg g Creme Dermatológico 20g Medley Genérico,Medley,7896422512169,31.68,"R$ 28,28 ",2.53,8% ,29.15
Secnidazol 1000mg Genérico Sandoz 2 Comprimidos,Não especificada,7895296393027,29.2,"R$ 23,22 ",5.26,18% ,23.939999999999998
"Nitrato de Fenticonazol 0,02g g Creme Vaginal Bisnaga 40g + 7 aplicadores descartáveis 5g Eurofarma Genérico",Eurofarma,7891317488833,53.19,"R$ 42,31 ",9.57,18% ,43.62
Gynazole-1 2  Creme Vaginal 5g + Aplicador,EMS Sigma Pharma,7894916501804,101.42,"R$ 88,54 ",10.14,10% ,91.28
Furoato de Mometasona Pomada 1mg g Genérico Germed 20g,Medley,7896422515368,40.08,"R$ 35,76 ",3.21,8% ,36.87
Fenticonazol Creme Vaginal 40g + 7 Aplicadores Genérico,Não especificada,7896004728766,55.7,"R$ 38,90 ",15.6,28% ,40.1
Cetoconazol 20mg g EMS Creme 30g,Não especificada,7896004718460,27.18,"R$ 20,30 ",6.25,23% ,20.93
Andriodermol Solução Tópica 50ml,União Química,7896006214007,24.88,24.88,5.4,22% ,19.479999999999997
Fluconazol 150mg 2 cápsulas EMS Genérico,Eurofarma,7891317003227,21.12,21.12,8.08,38% ,13.040000000000001
Fluconazol 150Mg 2Cap Cim Of,Cimed,7896523208770,20.96,20.96,11.96,57% ,9.0
Oxipelle 10mg ml Solução  frasco 20ml,Bausch + Lomb,7896862993207,58.2,58.2,8.73,15% ,49.47
Nitrato de Miconazol 20mg g Creme Vaginal 80g + 14 aplicadores Teuto Genérico,Não especificada,7896112189114,32.3,32.3,5.81,18% ,26.49
Secnidazol 1000mg 4 Comprimidos Medley Genérico,Medley,7896422505697,44.72,"R$ 37,74 ",5.81,13% ,38.91
"Furoato de Mometasona 50Mcg Eurofarma, Caixa Com 1 Frasco Com 120 Acionamentos",Não especificada,7891317010362,52.25,"R$ 39,02 ",12.02,23% ,40.230000000000004
Itraconazol 100mg 15 cápsulas  G  Sem,Não especificada,7896004708072,130.66,"R$ 78,58 ",49.65,38% ,81.00999999999999
Creme Contra Assaduras Nebacetin Baby Regeneração 60g,Não especificada,7896094929111,65.58,"R$ 51,69 ",12.29,19% ,53.29
Micothea Amolecedor Removedor Unha Encravada E Cutícula 30mL,Não especificada,7897528807739,79.0,"R$ 76,63 ",0.0,0% ,79.0
Micothea Fluido Preventivo Frieira E Regeneração Pele 30mL,Não especificada,7897528807715,79.0,"R$ 76,63 ",0.0,0% ,79.0
Ginna 40g Creme Eurofarma,Eurofarma,7891317489595,48.05,"R$ 39,61 ",7.21,15% ,40.839999999999996
Creme Dermatológico ABC 10mg g 20g,Kley Hertz Farmacêutica,7896331702545,17.23,"R$ 15,88 ",0.86,5% ,16.37
Fluconazol 150mg 2 cápsulas Germed Genérico,Não especificada,7896004707921,23.4,"R$ 13,62 ",9.36,40% ,14.04
Itraconazol  100mg  4 Cápsulas EMS Genérico,Não especificada,7896004708058,50.06,"R$ 34,96 ",14.02,28% ,36.040000000000006
Fluconazol 150mg 1 cápsula EMS Genérico,Eurofarma,7891317003210,13.24,13.24,6.83,52% ,6.41
"Clotrimazol Creme Dermatologico Medley 10Mg G, Caixa Com 1 Bisnaga Com 20G De Creme De Uso Dermatologico",Medley,7896422504812,15.56,15.56,1.56,10% ,14.0
Albocresil 6 óvulos,Cosmed,7896094922013,25.63,25.63,3.33,13% ,22.299999999999997
"Clotrimix 10mg/g, caixa com 1 bisnaga com 20g de creme de uso dermatológico",Farmoquímica,7898414851256,30.82,30.82,11.92,39% ,18.9
Cetoconazol 200mg 10 comprimidos Prati Genérico,Prati-Donaduzzi,7898148290406,37.75,37.75,14.34,38% ,23.41
"Secnidazol Nova Quimica 1000Mg, Caixa Com 4 Comprimidos Revestidos",Não especificada,7895296260022,48.49,48.49,6.3,13% ,42.190000000000005
Cetoconazol 200mg 30 comprimidos Cimed Genérico,Cimed,7896523210742,86.08,86.08,41.32,48% ,44.76
"Clotrimazol EMS Sigma Pharma 10mg/g, caixa com 1 bisnaga com 35g de creme de uso vaginal + 6 aplicadores",EMS Sigma Pharma,7895296268011,49.0,49.0,8.82,18% ,40.18
"Micolamina Esmalte 80mg/mg, caixa com 1 frasco com 6g de esmalte para unhas + 24 lixas",Theraskin,7897129300240,225.0,225.0,54.0,24% ,171.0
"Canesten 10mg/mL, caixa com 1 frasco spray com 30mL de solução de uso dermatológico",Bayer,7891106900614,59.49,"R$ 54,02 ",3.8,6% ,55.690000000000005
Cetoconazol 20mg g Neo Química Creme com 30g,Neo Química,7896714203416,24.89,24.89,4.48,18% ,20.41
"Nistatina Suspensão Oral Teuto 100.000UI/mL, caixa com 1 frasco com 50mL de suspensão de uso oral",Teuto,7896112126430,29.69,29.69,3.86,13% ,25.830000000000002
"Oxipelle 10mg/g, caixa com 1 bisnaga com 20g de creme de uso dermatológico",Bausch + Lomb,7898168006414,51.0,51.0,7.65,15% ,43.35
"Ciconazol Loção 20mg/g, caixa com 1 frasco com 30mL de loção de uso dermatológico",Cimed,7896523202556,18.08,18.08,7.23,40% ,10.849999999999998
"Lamisilate 10mg/g, caixa com 1 bisnaga com 30g de creme de uso dermatológico",GSK,7896261009011,35.32,35.32,4.59,13% ,30.73
Gyno-Icaden Creme Vaginal 40g + 7 Aplicadores,Bayer,7891106910163,100.91,100.91,9.08,9% ,91.83
Cetoconazol Arte Nativa Shampoo 100mL,Nativita Farmacêutica,7897848501065,34.84,34.84,0.0,0% ,34.84
Cetoconazol 20mg g Medley Creme Dermatológico 30g,Medley,7896422506267,27.69,27.69,4.98,18% ,22.71
Fluconazol 150mg 1 cápsula Vitamedic Genérico,Vitamedic,7898049796151,12.01,12.01,6.64,55% ,5.37
Fluconazol 150mg 2 cápsula Vitamedic Genérico,Vitamedic,7898049796168,17.4,17.4,0.0,0% ,17.4
"Nitazoxanida Eurofarma 20Mg Ml, Caixa Com 1 Frasco De Po Para Suspensao De Uso Oral  Frasco Com Capacidade De 100Ml  + Seringa Dosadora",Eurofarma,7891317172664,58.05,"R$ 46,17 ",10.45,18% ,47.599999999999994
"Nitazoxanida Eurofarma 20Mg Ml, Caixa Com 1 Frasco Com Po Para Suspensao De Uso Oral  Frasco Com Capacidade De 45Ml  + Seringa Dosadora",Eurofarma,7891317172657,27.98,"R$ 20,89 ",6.44,23% ,21.54
"Nitazoxanida Althaia 500Mg, Caixa Com 6 Comprimidos Revestidos",Althaia,7898569764517,56.24,"R$ 44,74 ",10.12,18% ,46.120000000000005
"Azox 20mg/mL, caixa com 1 frasco de pó para suspensão de uso oral (frasco com capacidade de 100mL) + seringa dosadora",Eurofarma,7891317172749,57.0,57.0,5.7,10% ,51.3
Monocordil 20mg 30 Comprimidos,Baldacci,7897851250561,20.14,"R$ 16,61 ",3.02,15% ,17.12
"Sustrate 10Mg, Caixa Com 50 Comprimidos",Farmoquímica,7898040323141,38.27,"R$ 31,55 ",5.74,15% ,32.53
Mononitrato de Isossorbida 20mg 30 comprimidos,Biosintética - Aché,7896181908302,13.21,"R$ 10,51 ",2.38,18% ,10.830000000000002
Isordil 10mg caixa com 30 comprimidos,EMS Sigma Pharma,7894916550086,13.41,"R$ 11,06 ",2.01,15% ,11.4
"Vastarel Mr 35Mg, Caixa Com 30 Comprimidos Revestidos",Servier,7898029558809,99.25,"R$ 81,83 ",14.89,15% ,84.36
Vastarel MR Trimetazidina 35mg 60 comprimidos,Servier,7898029558816,198.52,"R$ 152,13 ",41.69,21% ,156.83
Dicloridrato de Trimetazidina 35mg 30 comprimidos Medley Genérico,Não especificada,7891058002688,60.12,"R$ 50,73 ",7.82,13% ,52.3
Isordil SL 5mg caixa com 30 comprimidos sublinguais,EMS Sigma Pharma,7894916550031,14.05,"R$ 11,58 ",2.11,15% ,11.940000000000001
"Mononitrato De Isossorbida Ache 40Mg, Caixa Com 30 Comprimidos",Biosintética - Aché,7896181906384,25.78,"R$ 19,25 ",5.93,23% ,19.85
Neovangy Mr 35 Mg 30 Comprimidos,EMS,7894916513302,77.6,"R$ 63,98 ",11.64,15% ,65.96
"Ivahart 7,5mg Com 60 Comprimidos",Não especificada,8903855080802,179.21,"R$ 125,16 ",50.18,28% ,129.03
Mononitrato de Isossorbida 20mg 30 comprimidos Aché Biosintética Genérico,Biolab Genéricos,7896112401315,12.96,"R$ 10,94 ",1.68,13% ,11.280000000000001
Procoralan Ivabradina 5mg 56 comprimidos,Servier,7898029557123,191.88,"R$ 152,62 ",34.54,18% ,157.34
Dicloridrato de Trimetazidina 35mg 60 comprimidos Medley Genérico,Não especificada,7891058002695,120.24,"R$ 101,47 ",15.63,13% ,104.61
Vastarel LP Trimetazidina 80mg 30 cápsulas,Não especificada,7898029558755,212.8,"R$ 196,10 ",10.64,5% ,202.16000000000003
Vazidin Mr Trimetazidina 35mg 60 comprimidos,Pharlab,7898216360772,138.95,138.95,18.06,13% ,120.88999999999999
"Diprogenta 0,64mg g + 1mg g 30g Creme Farmasa",Cosmed,7891142142290,50.85,"R$ 41,92 ",7.63,15% ,43.22
Metronidazol 400mg Teuto 24 Comprimidos,Teuto,7896112102663,22.85,"R$ 20,39 ",1.83,8% ,21.020000000000003
Nitrofurantoina 100mg Teuto 28 Cápsulas,Teuto,7896112166221,10.2,"R$ 9,89 ",0.0,0% ,10.2
Monuril 5631g granulado envelope com 8g,Zambon,7898074614178,72.27,"R$ 60,98 ",9.4,13% ,62.87
Cefalexina 500mg 10 comprimidos União Química,Não especificada,7896006216544,37.52,"R$ 24,39 ",12.38,33% ,25.14
Cefalexina 500mg Germed 10 Comprimidos,Não especificada,7896004755496,29.82,"R$ 23,72 ",5.37,18% ,24.45
Azitromicina 500mg Medley 5 Comprimidos,Não especificada,7896422514873,48.4,"R$ 36,15 ",11.13,23% ,37.269999999999996
Verutex Ácido Fusídico 20mg g Creme 15g,Leo Pharma,5702191007985,84.15,"R$ 68,57 ",13.46,16% ,70.69
Cefalexina 500mg 10 Cápsula,Teuto,7896112134213,29.16,"R$ 26,03 ",2.33,8% ,26.83
Amoxicilina Tri-Hidratada 875mg Eurofarma 14 Comprimidos Revestidos,Eurofarma,7891317008406,74.58,"R$ 48,47 ",24.61,33% ,49.97
Pronazol 150mg 4 Capsulas,Não especificada,7898096577352,52.64,52.64,34.64,66% ,18.0
Furoato Mometasona 1mg g pomada com 20g,Não especificada,7896004715599,50.83,50.83,11.69,23% ,39.14
"Flucomed 150mg, caixa com 2 cápsulas gelatinosas duras",Cimed,7896523206448,18.36,18.36,0.0,0% ,18.36
"Takil 20mg + 30mg, caixa com 1 bisnaga com 35g de creme de uso vaginal + 7 aplicadores",Marjan Farma,7896226102351,97.58,97.58,9.76,10% ,87.82
"Annita 500Mg, Caixa Com 6 Comprimidos Revestidos",Farmoquímica,7898040321512,76.44,"R$ 68,21 ",6.12,8% ,70.32
Annita 20 Mg Suspensao 45 Ml,Farmoquímica,7898040321420,31.21,"R$ 28,46 ",1.87,6% ,29.34
Azox 20mg mL Suspensão 45mL,Não especificada,7891317172732,30.29,"R$ 25,86 ",3.63,12% ,26.66
Annita 20 Mg Suspensao 100 Ml,Farmoquímica,7898040321505,70.42,"R$ 62,85 ",5.63,8% ,64.79
"Nitazoxanida 20Mg Ml Germed, Caixa Com 1 Frasco De Po Para Suspensao De Uso Oral  Frasco Com Capacidade De 100Ml  + Seringa Dosadora",Não especificada,7896004774534,43.91,"R$ 41,31 ",1.32,3% ,42.589999999999996
"Nitazoxanida 20Mg Ml Germed, Caixa Com 1 Frasco De Po Para Suspensao De Uso Oral  Frasco Com Capacidade De 45Ml  + Seringa Dosadora",Não especificada,7896004774527,19.46,"R$ 18,31 ",0.58,3% ,18.880000000000003
Levofloxacino 500mg 7 Comprimidos - Eurofarma,Eurofarma,7891317414139,114.91,"R$ 41,24 ",72.39,63% ,42.519999999999996
Amoxicilina 875mg + Clavulanato de Potássio 125mg EMS 14 Comprimidos Revestidos,EMS,7896004719597,172.93,"R$ 78,84 ",91.65,53% ,81.28
Mupirocina 20mg g Prati-Donaduzzi Bisnaga 15g Pomada de Uso Dermatológico,Prati-Donaduzzi,7898148297542,47.45,"R$ 44,65 ",1.42,3% ,46.03
Amoxicilina 500mg Neo Química com 21 Cápsulas,Neo Química,7896714207384,44.48,"R$ 28,91 ",14.68,33% ,29.799999999999997
"Tobramicina 0,3  col 5ml neo",Neo Química,7896714215204,23.68,"R$ 21,14 ",1.89,8% ,21.79
Amoxicilina 250mg susp 150ml neo,Não especificada,7896714205731,35.54,"R$ 29,99 ",4.62,13% ,30.919999999999998
Cloridrato de Ciprofloxacino 500mg Eurofarma 14 Comprimidos Revestidos,Eurofarma,7891317191733,51.48,"R$ 38,45 ",11.84,23% ,39.64
"Ceftriaxona 1g 1 Frasco-Ampola de Pó + 1 Ampola com 3,5ml de Diluente - Eurofarma",Eurofarma,7891317007836,43.78,"R$ 26,33 ",16.64,38% ,27.14
"Diprogenta 0,64mg g + 1mg g 30g Creme",Cosmed,7891142142283,52.82,"R$ 44,57 ",6.87,13% ,45.95
Pomada Kollagenase Com Cloranfenicol Cristália 15g,Laboratório Cristália,7896676427844,38.2,"R$ 33,72 ",3.44,9% ,34.760000000000005
Vazidin Mr Trimetazidina 35mg 30 comprimidos,Não especificada,7898216360765,69.52,69.52,6.95,10% ,62.56999999999999
"Procoralan Ivabradina 7,5mg 56 comprimidos",Servier,7898029557154,215.41,215.41,38.77,18% ,176.64
Monocordil Mononitrato de Isossorbida 50mg 30 cápsulas,Baldacci,7897851200603,90.8,90.8,13.62,15% ,77.17999999999999
Macrodantina 100mg 28 Cápsulas,Cosmed,7891142165770,16.78,"R$ 13,83 ",2.52,15% ,14.260000000000002
Clavulin BD 875mg + 125mg ml 14 Comprimidos,GSK,7896015510022,145.41,"R$ 87,21 ",55.5,38% ,89.91
Cloridrato de Tetraciclina 500mg 12 cápsulas Prati Donaduzzi Genérico,Prati-Donaduzzi,7898148291335,31.48,"R$ 26,57 ",4.09,13% ,27.39
Otociriax 20mg+10mg ml caixa 5ml,Farmoquímica,7898040321079,50.93,"R$ 41,99 ",7.64,15% ,43.29
"Traturil 5,631g 1 Envelope 8g",Apsen,7896637030007,64.73,"R$ 53,37 ",9.71,15% ,55.02
Cloridrato de Ciprofloxacino 500mg Pharlab com 14 comprimidos Revestidos,Aurobindo Pharma do Brasil,7898361881313,32.86,"R$ 14,98 ",17.42,53% ,15.439999999999998
Sulfametoxazol Trimetoprima 400mg + 80mg Prati Donaduzzi 20 Comprimidos,Prati-Donaduzzi,7898148301065,18.18,"R$ 17,10 ",0.55,3% ,17.63
Amoxicilina 875mg 14cpr ger,Germed Pharma,7896004710501,70.31,"R$ 52,52 ",16.17,23% ,54.14
Azitromicina 1g Genérico Prati 1 Comprimido Revestido,Prati-Donaduzzi,7899547502039,25.51,"R$ 22,77 ",2.04,8% ,23.470000000000002
Atak Clav 875mg + 125mg 14 Comprimidos Revestidos,Eurofarma,7899640804665,71.51,"R$ 58,96 ",10.73,15% ,60.78
Maxiflox D 35 + 1mg pomada oftálmica bisnaga com 35g,Laboratório Cristália,7896676432824,51.25,"R$ 44,75 ",5.12,10% ,46.13
Astro 500mg 5 Comprimidos,Eurofarma,7891317420840,41.33,"R$ 36,48 ",3.72,9% ,37.61
Zymar 03  solução frasco com 5ml,Allergan,7897316804902,53.93,"R$ 44,46 ",8.09,15% ,45.84
Cylocort 3 + 1mg pomada oftálmica bisnaga com 35g,União Química,7896006225010,38.63,"R$ 32,97 ",4.64,12% ,33.99
Monuril 5631g 2 envelopes com 8g,Zambon,7898074615212,141.39,"R$ 116,57 ",21.21,15% ,120.17999999999998
Cefalexina 250mg 5ml Teuto Pó para Suspensão Oral 100ml,Teuto,7896112128861,51.15,"R$ 45,65 ",4.09,8% ,47.06
Otosporin 10mg ml + 10.000ui ml + 5mg ml solução otológica frasco gotejador com 10ml,Farmoquímica,7898040320942,16.98,"R$ 14,99 ",1.53,9% ,15.450000000000001
Lansoprazol 30mg + Claritromicina 500mg + Amoxicilina Tri-Hidratada 500mg 84 cápsulas Teuto Genérico,Não especificada,7896112151180,218.33,"R$ 173,66 ",39.3,18% ,179.03000000000003
Tetralysal 300Mg Caixa Com 28 Cápsulas,Galderma,7897930761322,341.98,"R$ 233,87 ",100.88,29% ,241.10000000000002
Verutex B 15g Creme,Leo Pharma,5702191007961,105.67,"R$ 87,13 ",15.85,15% ,89.82000000000001
Levofloxacino 500mg 10 Comprimidos - Eurofarma,Eurofarma,7891317414221,163.96,"R$ 42,94 ",119.69,73% ,44.27000000000001
Azitromicina 500mg Neo Química 5 Comprimidos Revestidos,Neo Química,7896714208145,38.83,"R$ 32,77 ",5.05,13% ,33.78
"Colpistatin 62,5mg + 25.000 UI Bisnaga 40g + 10 Aplicadores",Aché,7896658000805,55.83,"R$ 46,04 ",8.37,15% ,47.46
Bactrim F 800 + 160mg caixa com 10 comprimidos,Farmoquímica,7896226500386,36.67,"R$ 29,88 ",5.87,16% ,30.8
"Kollagenase com Cloranfenicol 10mg g + 0,6UI g 30g Pomada de Uso Dermatológico",Laboratório Cristália,7896676402544,76.38,"R$ 65,19 ",9.17,12% ,67.21
Trok-G 30g Creme,Eurofarma,7891317452650,33.03,"R$ 29,16 ",2.97,9% ,30.060000000000002
Cylocort 3 + 1mg ml solução oftálmica frasco gotejador com 5ml,União Química,7896006290100,40.46,"R$ 33,36 ",6.07,15% ,34.39
Amoxicilina 400mg 5ml Eurofarma 100ml,Eurofarma,7891317005054,48.23,"R$ 36,03 ",11.09,23% ,37.14
Amoxicilina 500mg Genérico Nova Química 21 Cápsulas,Multilab,7896472512270,30.37,"R$ 27,10 ",2.43,8% ,27.94
Lanico Suspensão Oral 400mg + 57mg 5mL Supera Rx 70mL,Supera,7899420506185,82.91,"R$ 68,36 ",12.44,15% ,70.47
Cloridrato de Moxifloxacino 400mg Eurofarma 5 Comprimidos Revestidos,Eurofarma,7891317124472,161.71,"R$ 65,88 ",93.79,58% ,67.92
Cloridrato de Moxifloxacino 400mg Eurofarma 7 Comprimidos Revestidos,Eurofarma,7891317124489,204.51,"R$ 93,24 ",108.39,53% ,96.11999999999999
Sulfametoxazol+Trimetoprima 200+40mg 5mL,EMS,7896004703732,17.91,"R$ 16,85 ",0.54,3% ,17.37
Flagyl 250mg 20 comprimidos,Sanofi,7896070600607,27.5,"R$ 22,68 ",4.12,15% ,23.38
"Azitromicina 900mg Prati Donaduzzi Suspensão com 22,5mL",Prati-Donaduzzi,7899547501469,74.14,"R$ 30,21 ",43.0,58% ,31.14
Clavulin BD 875 125mg GSK 20 Comprimidos,GSK,7896015510015,179.43,"R$ 130,85 ",44.53,25% ,134.9
Vigadexa 5mg ml + 1mg ml Solução Oftálmica 5ml,Novartis,7896548197554,51.3,"R$ 45,28 ",4.62,9% ,46.68
"Ktriz Colagenase 0,6U + Cloranfenicol 0,01Gr Pomada Com 15Gr",Supera,7899420507311,38.8,"R$ 33,12 ",4.66,12% ,34.14
"Triancinolona 1mg + Sulfato de Neomicina 2, 50mg + Gramicidina 0, 25mg + Nistatina 100.000UI Eurofar",Eurofarma,7891317454371,42.24,"R$ 29,50 ",11.83,28% ,30.410000000000004
"Azitromicina Di-Hidratada 900mg Suspensão Oral 22,5ml Neo Química Genérico",Neo Química,7896714215495,78.57,"R$ 32,01 ",45.57,58% ,32.99999999999999
Sulfametoxazol + Trimetoprima Suspenção,Teuto,7896112127512,17.52,"R$ 16,48 ",0.53,3% ,16.99
Lansoprazol 30mg + Claritromicina 500mg + Amoxicilina Tri-Hidratada 500mg 84 cápsulas Teuto Genérico,Não especificada,7896112151142,249.67,"R$ 186,48 ",57.42,23% ,192.25
Lanico 875mg + 125mg comprimidos,Supera,7899420506642,166.01,"R$ 136,88 ",24.9,15% ,141.10999999999999
Xafac Rivaroxabana 20mg 14 Comprimidos,Não especificada,7896637033008,95.16,"R$ 87,69 ",4.76,5% ,90.39999999999999
Suspensão Oral Ceclor 375mg 5mL EMS 100mL,EMS Sigma Pharma,7894916505147,163.71,"R$ 134,98 ",24.56,15% ,139.15
Claritromicina 500mg EMS 14 Comprimidos,EMS,7896004700991,245.19,"R$ 76,11 ",166.73,68% ,78.46000000000001
Azitromicina 1g Genérico Prati 1 Comprimido Revestido,Germed Pharma,7896004715278,34.35,"R$ 25,66 ",7.9,23% ,26.450000000000003
Azitromicina Di-Hidratada 600mg g Eurofarma Frasco em Pó Para Suspensão de Uso Oral + 1 Flaconete 9ml de Diluente + Seringa Dosadora,Eurofarma,7891317102012,63.83,"R$ 38,38 ",24.26,38% ,39.56999999999999
Sigma Clav BD 875mg + 125mg 20 Comprimidos,Não especificada,7894916508537,124.61,"R$ 69,83 ",52.62,42% ,71.99000000000001
Levofloxacino Hemi-Hidratado 500mg 7 Comprimidos,Não especificada,7899547528442,55.21,"R$ 43,91 ",9.94,18% ,45.27
Amoxicilina 500Mg 21Caps Pra,Prati-Donaduzzi,7898148298914,29.16,"R$ 27,44 ",0.87,3% ,28.29
"Cloridrato de Ciprofloxacino 3,5mg mL + Dexametasona 1,0mg mL Solução Oftálmica 5mL EMS Genérico",EMS,7896004722528,31.34,"R$ 26,45 ",4.07,13% ,27.27
Sigma- Clav BD 400mg + 57mg 70mL Suspensão,Não especificada,7894916501477,63.6,"R$ 34,16 ",28.38,45% ,35.22
"Azitromicina Di-Hidratada 500Mg Ache, Caixa Com 3 Comprimidos Revestidos",Não especificada,7896181926597,22.96,"R$ 13,81 ",8.72,38% ,14.24
Tobracort Col 5ml,Não especificada,7898283990520,39.48,"R$ 38,30 ",0.0,0% ,39.48
"Azitromicina 1500mg Eurofarma Flaconete Solúvel 37,5ml",Eurofarma,7891317101978,130.93,"R$ 59,69 ",69.39,53% ,61.540000000000006
"Cilodex 3,5mg mL + 1mg mL 5mL Solução Alcon",Novartis,7896548161746,48.84,"R$ 43,58 ",3.91,8% ,44.93000000000001
Amoxicilina 400mg EMS 400mg 100ml Suspensão Oral,EMS,7896004704593,47.1,"R$ 39,75 ",6.12,13% ,40.980000000000004
Sinot Clav 875mg + 125mg 20 Comprimidos,Eurofarma,7891317421755,166.01,"R$ 136,88 ",24.9,15% ,141.10999999999999
Ampicilina 500mg Prati-Donaduzzi 21 Cápsulas,Prati-Donaduzzi,7898148291137,53.46,"R$ 29,56 ",22.99,43% ,30.470000000000002
Cloridrato de Moxifloxacino 400mg EMS 5 Comprimidos Revestidos,EMS,7896004734354,155.9,"R$ 63,52 ",90.42,58% ,65.48
Lidosporin 10mL Solução,Farmoquímica,7898244720135,16.82,"R$ 14,69 ",1.68,10% ,15.14
Levofloxacino 500mg 10 Comprimidos Revestidos,Não especificada,7896181920687,156.38,"R$ 40,95 ",114.16,73% ,42.22
Foritus 500mg Eurofarma 14 Comprimidos Revestidos,Eurofarma,7891317191658,55.25,"R$ 48,77 ",4.97,9% ,50.28
Claritromicina 500mg Genérico,EMS,7896004701172,167.29,"R$ 84,38 ",80.3,48% ,86.99
Clavulin BD 400mg + 57mg ml Suspensão Oral 70ml,GSK,7896015568214,107.07,"R$ 77,50 ",27.17,25% ,79.89999999999999
Cloridrato de Minociclina - Ranbaxy 100mg caixa com 30 comprimidos,Ranbaxy,7897076909121,138.45,"R$ 96,69 ",38.77,28% ,99.67999999999998
Gynotran Óvulo Com 7 Unidades,Exeltis,7891106903967,119.18,"R$ 101,73 ",14.3,12% ,104.88000000000001
Bactrim Pediátrico 100mL,Farmoquímica,7896226500379,29.59,"R$ 27,84 ",0.89,3% ,28.7
Ácido Fusídico + Valerato de Betametasona - Nova Química 20 + 1mg g creme dermatológico bisnaga com 15g,Nova Química,7895296034029,63.31,"R$ 55,27 ",6.33,10% ,56.980000000000004
Esogastro IBP 500mg + 500mg + 20mg Ems 14 blísteres + 14 Comprimidos Revestidos,EMS,7894916512558,445.74,"R$ 363,19 ",71.32,16% ,374.42
"Ciloxan 3,5mg mL Solução Oftálmica Estéril 5ml",Novartis,7896548112793,33.11,"R$ 27,30 ",4.97,15% ,28.14
Flagyl 250mg 24 comprimidos,Sanofi,7896070600799,37.72,"R$ 31,10 ",5.66,15% ,32.06
"Axetil Cefuroxima 250Mg Ranbaxy, Caixa Com 14 Comprimidos",Não especificada,7897076918826,138.21,"R$ 103,23 ",31.79,23% ,106.42000000000002
Norfloxacino 400mg Sandoz 14 Comprimidos,Não especificada,7897595605030,36.09,"R$ 33,96 ",1.08,3% ,35.010000000000005
Sulfametoxazol Trimetoprima 800mg + 160mg Prati Donaduzzi 10 Comprimidos,Prati-Donaduzzi,7898148301096,20.96,"R$ 18,70 ",1.68,8% ,19.28
Bactrim F 400mg + 80mg Suspensão Oral com 100mL,Farmoquímica,7896226500423,57.23,"R$ 47,19 ",8.58,15% ,48.65
Regencel 10000ui + 25 5 5mg pomada oftálmica 35g,Laboratório Cristália,7896180300510,17.88,"R$ 15,26 ",2.15,12% ,15.729999999999999
Decadron Colírio 1mg mL 5mL Solução,Aché,7896658003547,17.23,"R$ 14,21 ",2.58,15% ,14.65
"Adinos Gen 0,5mg g + 1mg g 30g Gel Aché",Aché,7896658011412,51.64,"R$ 42,57 ",7.75,15% ,43.89
Tericin At Creme Vaginal Arese 45g + 10 Aplicadores,Arese Pharma,7896317904802,78.35,"R$ 64,60 ",11.75,15% ,66.6
"Ceftriaxona Sódica IM 1g Pó para Solução Injetável 5 ampolas de 3,5ml Eurofarma Genérico",Eurofarma,7891317002190,197.07,"R$ 118,51 ",74.89,38% ,122.17999999999999
Fibrinase com Cloranfenicol 666u g + 1u g + 10mg g pomada com 10g,Laboratório Cristália,7896676408294,39.97,"R$ 34,89 ",4.0,10% ,35.97
"Maxinom 3,5g Pomada União Química",Não especificada,7896006290483,34.78,"R$ 30,36 ",3.48,10% ,31.3
"Astro 900mg Eurofarma Suspensão Oral 22, 5mL",Eurofarma,7891317436148,78.68,"R$ 69,45 ",7.08,9% ,71.60000000000001
Ceftriaxona Sódica 500mg Pó para Solução Injetável 1 ampola de 2mL Eurofarma Genérico,Eurofarma,7891317007829,29.13,"R$ 20,34 ",8.16,28% ,20.97
Pomada Kollagenase Com Cloranfenicol Cristália 50g,Laboratório Cristália,7896676402575,127.3,"R$ 103,72 ",20.37,16% ,106.92999999999999
Tobrex 3mg solução oftálmica frasco gotejador com 5ml,Novartis,7896548112717,39.04,"R$ 37,87 ",0.0,0% ,39.04
Claritromicina 500mg Genérico Medley 10 Comprimidos,Medley,7896422503600,98.29,"R$ 54,35 ",42.26,43% ,56.03000000000001
Levofloxacino 500mg Genérico Cimed 7 Comprimidos,Cimed,7896523213408,83.99,"R$ 42,36 ",40.32,48% ,43.669999999999995
Cefalexina 500MG Com 40 comprimidos Teuto Genérico,Teuto,7896112149422,113.32,"R$ 90,13 ",20.4,18% ,92.91999999999999
Amoxicilina 500mg Germed 15 Cápsulas,Germed Pharma,7896004702247,26.7,"R$ 23,82 ",2.14,8% ,24.56
Levofloxacino 500mg Biosintética 7 Comprimidos Revestidos,Não especificada,7896181920670,110.26,"R$ 44,92 ",63.95,58% ,46.31
Amoxicilina Tri-hidratada 500mg + Claulanato de Potássio 125mg 14comp Sandoz Genérico.,Sandoz,7897595624635,100.21,"R$ 65,13 ",33.07,33% ,67.13999999999999
Ceftriaxona Dissódica 1g Pó para Solução Injetável 1 ampola + ampola de diluente de 2ml Teuto Genérico,Teuto,7896112196266,42.58,"R$ 25,61 ",16.18,38% ,26.4
Clindamicina 300mg 16cpr uq,Não especificada,7896006225744,114.76,"R$ 80,15 ",32.13,28% ,82.63
Metronidazol 100mg g Gel 55g Neo Química,Não especificada,7896714202693,40.28,"R$ 28,13 ",11.28,28% ,29.0
"Colírio Oflox 0,30  Allergan 5mL",Allergan,7897316800256,53.89,"R$ 44,44 ",8.08,15% ,45.81
"Amoxicilina 250mg + Clavulanato de Potássio 62,5mg EMS Frasco 75ml",EMS,7896004703428,74.68,"R$ 52,16 ",20.91,28% ,53.77000000000001
Amoxicilina 500mg EMS 15 Cápsulas,EMS,7896004700441,26.94,"R$ 24,04 ",2.16,8% ,24.78
Norfloxacino 400mg Medley 14 Comprimidos,Medley,7896422507400,48.41,"R$ 36,16 ",11.13,23% ,37.279999999999994
Trok-G 30g Pomada,Eurofarma,7891317452933,33.03,"R$ 27,24 ",4.95,15% ,28.080000000000002
Zypred Suspensão Oftálmica Estéril Allergan 6mL,Allergan,7897316805442,92.58,"R$ 76,33 ",13.89,15% ,78.69
Axetilcefuroxima 250mg Ranbaxy 10 Comprimidos,Ranbaxy,7897076907608,98.75,"R$ 78,55 ",17.77,18% ,80.98
Amoxicilina 500mg 5ml Prati150ml,Prati-Donaduzzi,7898148298877,25.67,"R$ 24,90 ",0.0,0% ,25.67
Metronidazol 100mg g Prati Donaduzzi Gel com 50g,Prati-Donaduzzi,7899547507393,24.61,"R$ 23,15 ",0.74,3% ,23.87
Benzoilmetronidazol 40mg ml EMS Suspensão Oral 120ml,EMS,7896004702049,16.76,"R$ 15,77 ",0.5,3% ,16.26
Amoxicilina 875mg + Clavulanato de Potássio 125mg Germed 14 Comprimidos,Germed Pharma,7896004719610,172.93,"R$ 95,61 ",74.36,43% ,98.57000000000001
Ceclor BD Sigma Pharma 500mg Com 10 Comprimidos,Não especificada,7894916505673,105.38,"R$ 102,22 ",0.0,0% ,105.38
Amoxicilina 400mg 5ml Biosintética Pó para Suspensão Oral 100ml + Seringa Dosadora,Biosintética - Aché,7896181918370,43.33,"R$ 38,66 ",3.47,8% ,39.86
Claritromicina 500mg Medley 14 Comprimidos,Medley,7896422503617,141.02,"R$ 64,29 ",74.74,53% ,66.28000000000002
Maxiflox -D Latinofarma Colírio 5mL,Laboratório Cristália,7896180300152,46.62,"R$ 40,70 ",4.66,10% ,41.959999999999994
Sinot Clav 875mg + 125mg 14 Comprimidos,Eurofarma,7891317421748,120.54,"R$ 105,24 ",12.05,10% ,108.49000000000001
Amoxicilina Tri-hidratada 875mg + Clavulanato de Potássio 125mg EMS 20 Comprimidos,EMS,7896004759609,108.61,"R$ 102,19 ",3.26,3% ,105.35
Tobradex 3mg ml + 1mg ml Solução Oftálmica 5ml,Novartis,7896548112908,47.45,"R$ 46,03 ",0.0,0% ,47.45
Bactrim 400 + 80mg caixa com 20 comprimidos,Farmoquímica,7896226500416,37.35,"R$ 30,43 ",5.98,16% ,31.37
Maxitrol 1 + 5mg + 6mui suspensão oftálmica frasco gotejador com 5ml,Novartis,7896548111987,23.72,"R$ 23,01 ",0.0,0% ,23.72
Sinot Clav 400+57Mg 70Ml,Eurofarma,7891317469238,82.91,"R$ 72,38 ",8.29,10% ,74.62
"Astro 1.500mg Suspensão Oral 37,5ml",Eurofarma,7891317451752,78.68,"R$ 67,16 ",9.44,12% ,69.24000000000001
Astro 600mg Suspensão Oral 15ml,Eurofarma,7891317412692,55.25,"R$ 48,77 ",4.97,9% ,50.28
"Dipropionato de Betametasona 0,5mg g + Sulfato de Gentamicina 1mg g Ems Creme Dermatológico 30g",EMS,7896004711690,30.48,"R$ 24,24 ",5.49,18% ,24.990000000000002
Oto Betnovate 1 + 10 + 5mg ml solução otológica frasco gotejador com 10ml,Farmoquímica,7898040321390,36.7,"R$ 32,04 ",3.67,10% ,33.03
"Decadron Fosfato Dissódico de Dexametasona 5mg + Neomicina 3,5mg + Cloridrato de Fenilefrina 5mg + Solução Nasal 20mL",Aché,7896658003561,42.1,"R$ 34,72 ",6.31,15% ,35.79
Azitromicina 500mg Genérico Prati 3 Comprimidos Revestidos,Não especificada,7898148290376,17.94,"R$ 16,88 ",0.54,3% ,17.400000000000002
"Levofloxacino 750Mg Ache, Caixa Com 5 Comprimidos Revestidos",Biosintética - Aché,7896658036347,68.22,"R$ 41,03 ",25.92,38% ,42.3
"Levofloxacino 750Mg Ache, Caixa Com 7 Comprimidos Revestidos",Biosintética - Aché,7896658036354,95.53,"R$ 57,45 ",36.3,38% ,59.230000000000004
Tobramicina 3mg ml Nova Química Frasco 5ml Uso Oftálmico,Nova Química,7895296052016,23.58,"R$ 21,04 ",1.89,8% ,21.689999999999998
Trivagel N creme vaginal bisnaga com 60g + 10 aplicadores,Marjan Farma,7896226102504,95.55,"R$ 78,78 ",14.33,15% ,81.22
Amoxicilina 500mg EMS 21 Cápsulas,EMS,7896004700427,37.54,"R$ 33,50 ",3.0,8% ,34.54
Astro Azitomicina Di-Hidratada 500mg 3 comprimidos,Eurofarma,7891317412708,24.81,"R$ 21,90 ",2.23,9% ,22.58
Sulfametoxazol + Trimetoprima - Teuto 400 + 80mg caixa com 20 comprimidos,Teuto,7896112145776,17.82,"R$ 17,29 ",0.0,0% ,17.82
Azitromicina Di-Hidratada 600mg Suspensão Oral 15mL + 1 Seringa Dosadora Neo Química Genérico,Neo Química,7896714215501,63.8,"R$ 38,37 ",24.24,38% ,39.56
Cloridrato de Clindamicina Teuto 300mg 16 Cápsulas Gelatinosas Duras,Teuto,7896112123033,93.44,"R$ 78,85 ",12.15,13% ,81.28999999999999
Benzoilmetronidazol 250mg Prati-Donaduzzi 20 Comprimidos Revestidos,Prati-Donaduzzi,7898148294381,15.45,"R$ 12,29 ",2.78,18% ,12.67
Cefalexina 500mg Teuto 8 Comprimidos,Teuto,7896112149415,23.81,"R$ 21,25 ",1.9,8% ,21.91
Amoxicilina 500mg Germed 21 Comprimidos,Germed Pharma,7896004702223,36.71,"R$ 30,98 ",4.77,13% ,31.94
"Traturil 5,631g 2 Envelopes 8g",Apsen,7896637030014,127.27,"R$ 104,93 ",19.09,15% ,108.17999999999999
Cloridrato de Doxiciclina 100mg Pharlab 15 Comprimidos,Pharlab,7898216365166,40.3,"R$ 35,97 ",3.22,8% ,37.08
Zirk Azitromicina Di-Hidratada 500mg 5 comprimidos,Aché,7896658026652,35.71,"R$ 30,14 ",4.64,13% ,31.07
Cloridrato de Ciprofloxacino 500mg Neo Química 14 Comprimidos,Neo Química,7896714221380,51.91,"R$ 36,26 ",14.53,28% ,37.379999999999995
Atak Clav Amoxicilina 400mg 5mL + Clavulanato de Potássio 57mg 5mL Pó para Suspensão Oral 70mL + 1 seringa dosadora,Eurofarma,7899640800117,43.03,"R$ 41,74 ",0.0,0% ,43.03
Sinot 400mg Suspensão Oral 100ml + Seringa Dosadora,Eurofarma,7891317435462,41.3,"R$ 36,45 ",3.72,9% ,37.58
Amoxicilina 875mg EMS 14 Comprimidos Revestidos,EMS,7896004706382,70.31,"R$ 49,10 ",19.69,28% ,50.620000000000005
Amoxicilina 500mg cx 15 capsulas,Multilab,7896472512263,25.46,"R$ 22,72 ",2.04,8% ,23.42
Amoxicilina tri-hidratada 875mg + clavulanato de potássio 125mg 14 comprimidos aché genérico,Biosintética - Aché,7896181919452,162.09,"R$ 81,76 ",77.8,48% ,84.29
Amoxicilina 400mg + Clavulanato de Potássio 57mg Germed Suspensão de Uso Oral 70ml,Não especificada,7896004720210,102.3,"R$ 61,53 ",38.87,38% ,63.43
Astro 500mg 2 Comprimidos,Eurofarma,7891317420833,16.53,"R$ 14,59 ",1.49,9% ,15.040000000000001
Cloridrato de Ciprofloxacino 500mg Neo Química 6 Comprimidos,Neo Química,7896714205762,54.76,"R$ 30,27 ",23.55,43% ,31.209999999999997
Cloridrato de Ciprofloxacino 500mg Medley 7 Comprimidos Revestidos,Medley,7896422507097,45.74,"R$ 34,16 ",10.52,23% ,35.22
Cefadroxila 50mg ml Eurofarma Frasco com Pó para Suspensão de Uso Oral + Seringa Dosadora,Eurofarma,7891317001421,80.83,"R$ 48,61 ",30.72,38% ,50.11
Amoxicilina 500mg Neo Química 15 Cápsulas,Neo Química,7896714204079,34.55,"R$ 27,48 ",6.22,18% ,28.33
Amoxicilina + Clavulanato de Potássio 400 57mg Com 70ml - EMS - Genéri,EMS,7896004720746,100.49,"R$ 65,31 ",33.16,33% ,67.33
Azitromicina 900mg Eurofarma Pó para Suspensão Oral 15ml + Diluente 12ml + Seringa Dosadora,Não especificada,7891317101985,78.56,"R$ 39,62 ",37.71,48% ,40.85
"Albendazol Medley 400Mg, Caixa Com 3 Comprimidos Mastigaveis",Medley,7896422524629,22.88,"R$ 20,42 ",1.83,8% ,21.049999999999997
"Azitromicina 500Mg Medley, Caixa Com 3 Comprimidos",Não especificada,7896422514866,29.38,"R$ 23,37 ",5.29,18% ,24.09
Metronidazol 250mg Neo Química 20 Comprimidos,Neo Química,7896714205809,14.13,"R$ 11,92 ",1.84,13% ,12.290000000000001
Valerato de Betametasona + Sulfato de Gentamicina + Tolnafatato + Clioquinol - EMS creme bisnaga com 20g,Não especificada,7896004704586,31.21,"R$ 27,85 ",2.5,8% ,28.71
Amoxicilina 400mg 100ml germed,Não especificada,7896004709116,47.1,"R$ 42,03 ",3.77,8% ,43.33
"Axetil Cefuroxima 500Mg Ranbaxy, Caixa Com 14 Comprimidos",Não especificada,7897076918857,188.59,"R$ 113,42 ",71.66,38% ,116.93
Cefalexina 500mg EMS 10 Comprimidos,Não especificada,7896004704692,29.81,"R$ 25,15 ",3.88,13% ,25.93
"Tobracort 3,5g Pomada Genom",Não especificada,7898283990537,42.56,"R$ 37,15 ",4.26,10% ,38.300000000000004
"Amoxicilina + Clavulanato De Potassio 250Mg + 62,5Mg Uniao Quimica, Frasco Com 75Ml De Suspensao Oral",União Química,7896006219927,68.2,"R$ 57,55 ",8.87,13% ,59.330000000000005
Rifamicina SV Sódica 10mg ml Spray Tópico 20mL Germed Genérico,Não especificada,7896004710433,25.11,"R$ 19,97 ",4.52,18% ,20.59
Azitromicina Di-Hidratada 500mg EMS com 5 comprimidos,Não especificada,7896004762227,55.04,"R$ 30,43 ",23.67,43% ,31.369999999999997
Claxam 500 125mg 21 comprimidos,Não especificada,7897595624611,106.23,"R$ 103,04 ",0.0,0% ,106.23
Cloridrato de Ciprofloxacino 500mg Sandoz 14 Comprimidos Revestidos,Não especificada,7897595602404,51.41,"R$ 33,41 ",16.97,33% ,34.44
Klaricid Claritromicina 25mg mL Suspensão Oral 60mL,Não especificada,7891158042430,111.3,"R$ 95,00 ",13.36,12% ,97.94
Amoxicilina + Clavulanato de Potássio 875mg + 125mg Eurofarma 14 Comprimidos,Eurofarma,7891317422042,90.07,90.07,2.7,3% ,87.36999999999999
Rifocina 20ml Spray Sanofi Aventis,Sanofi,7891058061562,43.17,43.17,6.48,15% ,36.69
Rifamicina Sódica 10mg ml Medley Spray Tópico 20ml,Medley,7896422520980,20.92,20.92,0.63,3% ,20.290000000000003
Vigamox 5mg Solução Oftálmica 5ml,Novartis,7896548139585,53.78,53.78,6.45,12% ,47.33
Amoxicilina 500mg + Clavulanato de Potássio 125mg EMS 18 Comprimidos,EMS,7896004703411,150.08,150.08,87.05,58% ,63.030000000000015
Deriva C Micro 1 + 10mg g gel dermatológico bisnaga com 30g,Glenmark,7897473205772,50.41,50.41,7.56,15% ,42.849999999999994
Quadriderm Creme 20g,Cosmed,7891142180766,59.88,59.88,8.98,15% ,50.900000000000006
MEFEX 500MG 14CPR,Aché,7896658034404,114.22,114.22,20.56,18% ,93.66
Levofloxacino 500mg 7cpr med,Medley,7896422504218,65.47,65.47,21.61,33% ,43.86
Levofloxacino 500mg 10cpr med,Medley,7896422504225,93.98,93.98,45.11,48% ,48.870000000000005
Adacne Clin 1 + 10mg gel bisnaga com 45g,Glenmark,7897473205741,76.97,76.97,11.55,15% ,65.42
Zymar Xd Colírio Allergan 5ml,Allergan,7897316805688,85.54,85.54,12.83,15% ,72.71000000000001
"Ktriz Colagenase 0,6U + Cloranfenicol 0,01Gr Pomada Com 30Gr",Supera,7899420507373,73.61,73.61,11.04,15% ,62.57
Amoxicilina 250mg 5ml Eurofarma Suspensão Oral 150ml,Eurofarma,7891317001568,31.99,31.99,2.56,8% ,29.43
Sulfadiazina de Prata 10mg g Prati Donaduzzi Bisnaga 50g Uso Dermatológico,Prati-Donaduzzi,7898148293742,41.5,41.5,7.47,18% ,34.03
Lânico 875mg + 125mg 14 Comprimidos Revestidos,Supera,7899420506635,116.63,116.63,17.49,15% ,99.14
Cefalexina 1g EMS 8 Comprimidos,EMS,7896004712581,94.09,94.09,16.94,18% ,77.15
Amoxicilina 500mg Medley 21 Cápsulas,Medley,7896422504126,47.67,47.67,8.58,18% ,39.09
"Amoxicilina + Clavulanato De Potassio 400Mg + 57Mg Uniao Quimica, Frasco Com 70Ml De Suspensao Oral",União Química,7896006200826,90.84,90.84,20.89,23% ,69.95
Cefadroxila 500mg EMS 8 Cápsulas,EMS,7896004703275,63.42,63.42,14.59,23% ,48.83
Amoxicilina 875mg Genérico EMS 14 Comprimidos,Nova Química,7895296193016,70.89,70.89,26.94,38% ,43.95
Amoxicilina 250mg 5mL Suspensão Genérico EMS 150mL,Germed Pharma,7896004702216,30.48,30.48,0.91,3% ,29.57
Zinnat 250mg 14 Comprimidos,Não especificada,7896015530051,255.37,255.37,12.77,5% ,242.6
Amoxicilina 875mg + Clavulanato de Potássio 125mg 14 comprimidos Ranbaxy Genérico,Não especificada,7894916143868,172.17,172.17,39.6,23% ,132.57
Amoxicilina 250mg 5ml Suspensão Genérico União Química 150mL,União Química,7896006217305,28.81,28.81,0.86,3% ,27.95
Azitromicina Di-Hidratada 500mg 3 Comprimidos Pharlab,Pharlab,7898216372027,15.03,15.03,0.45,3% ,14.58
Xafac Rivaroxabana 15mg 14 Comprimidos,Não especificada,7896637032971,95.16,95.16,4.76,5% ,90.39999999999999
Bula do Cloridrato de Ciprofloxacino + Dexametasona Geolab,Geolab,7899095230309,30.91,30.91,0.93,3% ,29.98
Amoxicilina 500mg Medley 15 Cápsulas,Não especificada,7896422504119,34.37,34.37,2.75,8% ,31.619999999999997
Axetilcefuroxima 50mg Ranbaxy 10 Comprimidos,Ranbaxy,7897076907615,134.63,134.63,44.43,33% ,90.19999999999999
Zinnat 250mg Sandoz Suspensão 50mL,Sandoz,7896269900341,194.3,194.3,9.71,5% ,184.59
Amoxicilina 500mg 30 cápsulas,Medley,7896422504133,65.04,65.04,21.46,33% ,43.580000000000005
Otomixyn Solução Otológica Com 5mL,EMS,7896004707600,11.55,11.55,1.15,10% ,10.4
"Amoxicilina Suspensão Oral Eurofarma 500mg 5mL, caixa com 1 frasco com pó para suspensão de uso oral  frasco com capacidade de 150mL  + copo medidor",Eurofarma,7891317001650,50.31,50.31,14.09,28% ,36.22
Amoxicilina 250mg SEM Suspensão,EMS,7896004700458,30.47,30.47,0.0,0% ,30.47
Azitromicina 600mg Genérico EMS Suspensão Oral 15mL,EMS,7896004715971,71.17,71.17,30.6,43% ,40.57
Amoxicilina 500 mg 5mL 150mL,EMS,7896004705477,73.14,73.14,31.45,43% ,41.69
Valerato de Betametasona + Sulfato de Gentamicina + Tolnaftato + Clioquinol Genérico 20g,Eurofarma,7891317418526,31.59,31.59,0.0,0% ,31.59
Azitromicina 500mg Genérico Eurofarma 5 Comprimidos,Eurofarma,7891317444921,71.9,71.9,34.51,48% ,37.39000000000001
Sulfadiazina de prata 10mg g creme dermatológico com 120g,Prati-Donaduzzi,7898148294268,68.77,68.77,12.38,18% ,56.38999999999999
Suspensão Oral Ceclor 250mg  5mL EMS 100mL,Não especificada,7894916505130,120.5,120.5,12.05,10% ,108.45
Metronidazol + Nistatina Genérico Creme Vaginal 50g,Prati-Donaduzzi,7898148294435,45.42,45.42,3.63,8% ,41.79
Amoxicilina Tri-Hidratada 875mg + Clavulanato de Potássio 125mg 20 comprimidos Eurofarma Genérico,Eurofarma,7891317461089,118.06,118.06,56.67,48% ,61.39
Cefalexina 250mg 5mL Solução Oral 100mL,Eurofarma,7891317007898,60.05,60.05,10.81,18% ,49.239999999999995
Cefadroxila 500mg Eurofarma 8 Cápsulas,Eurofarma,7891317001438,60.18,60.18,16.85,28% ,43.33
Amoxicilina 400mg 5mL + Clavulanato de Potássio 57mg 5mL Suspensão Oral 70mL EMS Genérico,Eurofarma,7891317469283,90.85,90.85,29.98,33% ,60.86999999999999
Azitromicina 500mg Geolab 3 Comprimidos Revestidos,Não especificada,7899095236929,15.12,15.12,0.45,3% ,14.67
Bactroban Mupirocina 20mg g Pomada 10g,GSK,7896015519834,53.61,53.61,2.68,5% ,50.93
Sulfadiazina de Prata 10mg g Creme Dermatológico 30g União Química Genérico,Não especificada,7896006261308,26.35,26.35,2.11,8% ,24.240000000000002
Amoxicilina + Clavulanato de Potássio Suspensão Oral 400+57mg Genérico EMS 70mL,Sandoz,7897595614384,92.11,92.11,35.0,38% ,57.11
Amoxicilina Tri-Hidratada 875mg + Clavulanato de Potássio 125mg 20 comprimidos Eurofarma Genérico,Eurofarma,7891317189068,106.49,106.49,35.14,33% ,71.35
Azitromicina Di-Hidratada 500mg 5 comprimidos Farmaco Prati Genérico,Laboratório Globo,7898060132518,31.56,31.56,7.26,23% ,24.299999999999997
Amoxicilina 500mg Genérico Prati 21 Cápsulas,Eurofarma,7891317001636,38.43,38.43,6.92,18% ,31.509999999999998
Azitromicina 500mg Eurofarma 3 Comprimidos,Eurofarma,7891317421991,50.45,50.45,26.74,53% ,23.710000000000004
Azitromicina Di-Hidratada 15ml Suspensão Oral Prati Donaduzzi,Prati-Donaduzzi,7899547501483,60.15,60.15,36.09,60% ,24.059999999999995
Levofloxacino 750mg Genérico Eurofarma 7 Comprimidos,Eurofarma,7891317003647,107.98,107.98,46.43,43% ,61.550000000000004
Levofloxacino Hemi-Hidratado 750mg 5 comprimidos Eurofarma Genérico,Eurofarma,7891317003630,77.11,77.11,33.16,43% ,43.95
Tobramicina 3mg mL Genérico Germed 5mL Solução Oftálmica,Germed Pharma,7896004726151,23.66,23.66,5.44,23% ,18.22
Amoxicilina 500mg + Clavulanato de Potássio 125mg Sandoz 18 Comprimidos,Não especificada,7897595633316,128.36,128.36,61.61,48% ,66.75000000000001
Amoxicilina 500mg + Clavulanato de Potássio 125mg 12 comprimidos,Não especificada,7897595604309,85.57,85.57,28.24,33% ,57.33
Klaricid Claritromicina 50mg mL Suspensão Oral 60mL,Não especificada,7891158042423,208.5,208.5,27.1,13% ,181.4
Klaricid UD Claritromicina 500mg 7 comprimidos,Abbott do Brasil,7891158038860,188.32,188.32,0.0,0% ,188.32
Amoxicilina 500mg + Clavulanato De Potássio 125mg Genérico Sandoz 12 Comprimidos,EMS,7896004703404,100.3,100.3,43.13,43% ,57.169999999999995
"Amoxicilina 500mg Eurofarma, Caixa Com 30 Capsulas",Eurofarma,7891317001667,48.34,48.34,11.12,23% ,37.220000000000006
Claritromicina 125mg 5ml Suspensão Oral 60ml EMS Genérico.,EMS,7896004703503,69.45,69.45,19.45,28% ,50.0
Azitromicina 900mg susp ems,EMS,7896004715964,87.64,87.64,46.45,53% ,41.19
"Amoxicilina + Clavulanato 50mg + 12,5mg mL Suspensao Sandoz, Caixa Com 1 Frasco Com Po Para Suspensao De Uso Oral 75mL",Sandoz,7897595605276,72.11,72.11,23.8,33% ,48.31
Levofloxacino 500mg 7 Comprimidos EMS,EMS,7896004713137,83.66,83.66,40.16,48% ,43.5
"Cefalexina 250mg mL Neo Quimica, Caixa Com 100mL",Neo Química,7896714202617,45.83,45.83,1.37,3% ,44.46
Atak Clav 875mg + 125mg 20 Comprimidos Revestidos,Eurofarma,7899640804672,95.02,95.02,12.35,13% ,82.67
Cloridrato de Ciprofloxacino 500mg Prati-Donaduzzi 14 Comprimidos Revestidos,Prati-Donaduzzi,7898148291984,39.87,39.87,3.19,8% ,36.68
Zymar XD Gatifloxacino 5mg mL Solução Oftálmica Estéril 3mL,Allergan,7897316805671,53.93,53.93,6.47,12% ,47.46
Zinnat 500mg Sandoz 14 Comprimidos,Sandoz,7896269901997,341.14,341.14,17.06,5% ,324.08
Cloridrato de Ciprofloxacino 500mg Medley 14 Comprimidos Revestidos,Medley,7896422507103,38.34,38.34,1.15,3% ,37.190000000000005
Azitromicina 500mg Genérico Sandoz,Sandoz,7897595620552,41.94,41.94,7.55,18% ,34.39
Ceclor BD 750mg 14 Comprimidos,EMS Sigma Pharma,7894916503914,221.49,221.49,39.87,18% ,181.62
"Maxitrol Pomada Oftálmica Novartis 3,5g",Novartis,7896548198285,38.7,38.7,4.64,12% ,34.06
Optilar 4mg Solucao Oftalmica Com 5mL,Não especificada,7899095202313,40.07,40.07,11.08,28% ,28.990000000000002
Optilar 4mg mL Solução Oftálmica Gotas 10mL,Não especificada,7899095202283,76.81,76.81,21.25,28% ,55.56
Fibrinase com Cloranfenicol 666u g + 1u g + 30mg g pomada com 30g,Não especificada,7896676408300,98.98,98.98,14.85,15% ,84.13000000000001
Quadriderm Pomada 20g,Cosmed,7891142180773,60.07,60.07,9.01,15% ,51.06
Amoxicilina 500mg Genérico 21 Cápsulas,Biosintética - Aché,7896181916987,34.76,34.76,1.04,3% ,33.72
Amoxicilina 875mg 14comp Aché Genérico.,Biosintética - Aché,7896181904175,67.31,67.31,12.12,18% ,55.190000000000005
Amoxicilina 500mg 21 cápsulas Genérico,GSK,7896015556990,67.17,67.17,31.57,47% ,35.6
Amoxicilina 500mg 30 Cápsulas Genérico,Biosintética - Aché,7896181917007,46.15,46.15,6.0,13% ,40.15
Amoxicilina 500mg Cimed 21 Cápsulas,Cimed,7896523208107,26.48,26.48,0.79,3% ,25.69
Cloridrato de Ciprofloxacino 500mg 14 comprimidos,Cimed,7896523209647,43.89,43.89,10.09,23% ,33.8
Levofloxacino 500mg Genérico Cimed 10 Comprimidos,Cimed,7896523213415,108.39,108.39,57.45,53% ,50.94
Norfloxacino 400mg Genérico Medley 14 Comprimidos,1Farma,7898075315159,33.79,33.79,1.01,3% ,32.78
Cefalexina 500mg 8 cápsulas Cimed Genérico,Cimed,7896523208534,29.57,29.57,6.8,23% ,22.77
Amoxicilina 250mg 5mL Suspensão Oral 150mL Cimed Genérico,Cimed,7896523208473,26.52,26.52,0.8,3% ,25.72
"Tobrex Pomada Oftalmica 3, 5g",Novartis,7896548198162,49.54,49.54,5.94,12% ,43.6
Garasone 1mg ml + 3mg ml Solução Oftálmica 20ml,Cosmed,7891142202833,31.55,31.55,4.73,15% ,26.82
Avide Racecadotrila 100mg 9 cápsulas,Aché,7896658026195,55.85,"R$ 46,05 ",8.38,15% ,47.47
"Imosec 2Mg, Caixa Com 12 Comprimidos",Janssen-Cilag,7896212478750,12.18,"R$ 10,63 ",1.22,10% ,10.959999999999999
"Floratil 200Mg, Caixa Com 6 Capsulas Gelatinosas Duras",Farmoquímica,7898040329655,49.9,"R$ 42,59 ",5.99,12% ,43.91
"Floratil 200Mg G, Caixa Com 4 Envelopes Com 1G De Po De Uso Oral",Farmoquímica,7898040329570,38.33,"R$ 30,49 ",6.9,18% ,31.43
Floratil 100mg FQM 12 cápsulas,Farmoquímica,7898040329648,56.38,"R$ 49,22 ",5.64,10% ,50.74
"Bebida Engov After Citrus, 250Ml",Engov,7896094919693,10.99,"R$ 9,59 ",1.1,10% ,9.89
"Florax Sm 100 Milhoes Ml, Caixa Com 5 Flaconetes Com 5Ml De Suspensao De Uso Oral",Hebron,7896685300190,54.77,"R$ 47,83 ",5.46,10% ,49.31
"Omeprazol Nova Quimica 40Mg, Caixa Com 30 Capsulas Gelatinosas Duras Liberacao Prolongada",Nova Química,7895296448802,103.76,"R$ 62,40 ",39.43,38% ,64.33000000000001
"Elixir Paregorico 0,05Ml Ml, Caixa Com 1 Frasco Com 30Ml De Elixir",Catarinense Pharma,7896023701436,27.87,"R$ 24,33 ",2.79,10% ,25.080000000000002
Tiorfan Racecadotrila 100mg 9 cápsulas,Laboratórios Bagó,7898906376410,55.98,"R$ 46,15 ",8.4,15% ,47.58
"Florax Sm 50Mi Ml, Caixa Com 5 Flaconetes Com 5Ml De Solucao De Uso Oral, Pediatrico",Hebron,7896685301661,42.3,"R$ 35,67 ",5.53,13% ,36.769999999999996
Cloridrato de Loperamida 2mg 12 Comprimidos - Sandoz,Não especificada,7897595620279,7.24,"R$ 6,81 ",0.22,3% ,7.0200000000000005
"Florent Sache 200Mg G, Caixa Com 4 Saches Com 1G De Po Para Suspensao De Uso Oral",Cifarma,7898158692238,35.41,"R$ 23,30 ",11.39,32% ,24.019999999999996
"Bebida Engov After Tangerina, 250Ml",Engov,7896094919709,10.99,"R$ 9,59 ",1.1,10% ,9.89
"Florax Sm 50 Milhoes Ml, Caixa Com 5 Flaconetes Com 5Ml De Suspensao De Uso Oral",Hebron,7896685300183,42.3,"R$ 35,67 ",5.53,13% ,36.769999999999996
Florax Sm caixa com 5 flaconetes de 5ml adulto sabor framboesa,Hebron,7896685301654,54.77,"R$ 53,13 ",0.0,0% ,54.77
"Floratil 200Mg G, Caixa Com 6 Envelopes Com 1G De Po De Uso Oral",Farmoquímica,7898040329587,49.9,"R$ 42,59 ",5.99,12% ,43.91
"Repoflor 200Mg G, Caixa Com 4 Envelopes Com 1G De Po Para Solucao De Uso Oral",EMS,7896004715230,42.9,"R$ 26,87 ",15.2,35% ,27.7
Pedialyte Max Maca 500 Ml,Abbott do Brasil,7891158106477,29.25,"R$ 28,37 ",0.0,0% ,29.25
"Floratil At 250Mg 1,25G, Caixa Com 10 Envelopes Com 1,25G De Po Para Solucao De Uso Oral",Farmoquímica,7898040329624,87.08,"R$ 74,33 ",10.45,12% ,76.63
"Floratil At 250Mg, Caixa Com 10 Capsulas Gelatinosas Duras",Farmoquímica,7898040329693,81.55,"R$ 74,36 ",4.89,6% ,76.66
"Repoflor 200Mg, Caixa Com 6 Capsulas Gelatinosas Duras",EMS,7896004720838,49.89,"R$ 32,34 ",16.55,33% ,33.34
Zincopro 6Caps,Marjan Farma,7896226108568,46.93,"R$ 39,66 ",6.04,13% ,40.89
Engov After Berry Vibes 250ml,Não especificada,7896094921351,10.99,"R$ 9,59 ",1.1,10% ,9.89
Biovicerin com 6 Flaconetes de 5mL cada,Geyer,7898100264018,46.18,"R$ 44,79 ",0.0,0% ,46.18
Engov After Red Hits 250ml,Não especificada,7896094925120,10.99,"R$ 9,59 ",1.1,10% ,9.89
"Reidratante Oral Solução ADV Farma Hidroral Natural, 500mL",ADV Farma,7896230304635,24.63,"R$ 21,50 ",2.46,10% ,22.169999999999998
Suplemento Pedialyte Max Sabor Uva com 500ml,Não especificada,7891158106446,29.25,"R$ 28,37 ",0.0,0% ,29.25
Engov Up Original 269Ml,Não especificada,7896094928343,9.89,"R$ 8,63 ",0.99,10% ,8.9
"Repoflor 100Mg, Caixa Com 12 Capsulas Gelatinosas Duras",EMS,7896004715247,59.07,"R$ 33,35 ",24.69,42% ,34.379999999999995
Magnostase 2mg Neo Química 12 Comprimidos,Neo Química,7896714236148,10.58,"R$ 9,44 ",0.85,8% ,9.73
Florax SM Adulto Sabor Uva com 5 Flaconetes Hebron,Hebron,7896685303290,54.77,"R$ 53,13 ",0.0,0% ,54.77
Repoflor 250mg 10 Cápsulas,Não especificada,7896004774626,63.92,"R$ 39,93 ",22.75,36% ,41.17
ZincoPro Marjan Farma 30 Cápsulas,Marjan Farma,7896226109237,152.38,152.38,28.57,19% ,123.81
"Pedialyte Max frasco com 500mL de solução de uso oral, sabor uva",Abbott do Brasil,EAN não informado,25.99,25.99,0.0,0% ,25.99
ZincoPro Sachê caixa com 4 sachês com 2g de solução de uso oral,Marjan Farma,7896226108575,41.76,41.76,4.18,10% ,37.58
"Pedialyte Max Frasco Com 500Ml De Solucao De Uso Oral, Morango",Abbott do Brasil,7891158104688,29.25,29.25,0.0,0% ,29.25
Florent 100mg 12 Cápsulas,Cifarma,7898158692221,52.2,52.2,22.77,44% ,29.430000000000003
"Bifilac 250mg, caixa com 30 cápsulas",Cosmed,7891142203113,104.0,104.0,10.4,10% ,93.6
"Florent Capsula 200Mg, Caixa Com 6 Capsulas Gelatinosas Duras",Cifarma,7898495608770,52.2,52.2,23.0,44% ,29.200000000000003
Hidroral Guarana 4 Saches,Axe,7896230303652,19.45,19.45,1.94,10% ,17.509999999999998
Hidroral Uva 4 Saches,ADV Farma,7896230303669,19.45,19.45,1.94,10% ,17.509999999999998
"Pedialyte Pro frasco com 500mL de solução oral, sabor maçã",Abbott do Brasil,7891158104220,26.66,26.66,7.16,27% ,19.5
"Hidroral Caixa Com 4 Saches Com 27,9G De Po Para Solucao De Uso Oral, Tradicional",ADV Farma,7896230303645,19.45,19.45,1.94,10% ,17.509999999999998
Pedialyte Max coco 500Ml,Abbott do Brasil,7891158104671,29.25,29.25,0.0,0% ,29.25
"Reidratante Oral Solução ADV Farma Hidroral Uva, 500mL",ADV Farma,7896230304604,24.63,24.63,2.46,10% ,22.169999999999998
"Allegra 6Mg Ml, Caixa Com 1 Frasco Com 60Ml De Suspensao De Uso Oral + Seringa Dosadora",Sanofi,7891058002589,38.81,"R$ 37,65 ",0.0,0% ,38.81
Andantol Geleia 40 Gramas,Aché,7896658005190,24.03,"R$ 19,82 ",3.6,15% ,20.43
"Loratamed 10Mg, Caixa Com 12 Comprimidos",Cimed,7896523202822,21.24,"R$ 8,63 ",12.34,58% ,8.899999999999999
"Desloratadina Comprimido Nova Quimica 5Mg, Caixa Com 30 Comprimidos Revestidos",Nova Química,7895296045063,131.6,"R$ 53,61 ",76.33,58% ,55.269999999999996
"Ebastel 1Mg Ml, Caixa Com 1 Frasco Com 60Ml De Solucao De Uso Oral",Eurofarma,7891317000547,75.44,"R$ 64,40 ",9.05,12% ,66.39
"Decongex Plus 0,4Mg + 1Mg, Caixa Com 1 Frasco Com 120Ml De Xarope + Copo Medidor",Aché,7896658001918,24.74,"R$ 22,80 ",1.24,5% ,23.5
"Decongex Plus 2Mg Ml + 2,5Mg Ml, Caixa Contendo 1 Frasco Gotejador Com 20Ml De Solucao De Uso Oral",Aché,7896658001925,16.8,"R$ 14,83 ",1.51,9% ,15.290000000000001
"Fenergan Comprimido 25Mg, Caixa Com 20 Comprimidos Revestidos",Sanofi,7896070600447,19.4,"R$ 16,00 ",2.91,15% ,16.49
Alektos Bilastina 20mg 30 comprimidos,Cosmed,7896094922037,135.0,"R$ 103,45 ",28.35,21% ,106.65
Loratadina 10mg 12 Comprimidos Cimed,Não especificada,7896523227573,20.24,"R$ 8,61 ",11.36,56% ,8.879999999999999
Maleato De Dexclorfeniramina 2 5ML Xpe 100Ml Teu Gen,Não especificada,7896112127680,15.4,"R$ 14,49 ",0.46,3% ,14.94
"Allexofedrin D 60 + 120Mg, Caixa Com 10 Comprimidos Revestidos",EMS,7896004705408,62.25,"R$ 53,42 ",7.18,12% ,55.07
"Emistin Comprimido 1Mg + 0,5Mg, Caixa Com 20 Comprimidos",EMS,7896004801902,54.28,"R$ 27,17 ",26.27,48% ,28.01
Allexofedrin Pediátrico Suspensão 60mL,EMS,7896004770895,37.57,"R$ 26,23 ",10.53,28% ,27.04
Desloratadina Xarope 100mL Nova Química Genérico,Nova Química,7895296446228,73.9,"R$ 48,02 ",24.39,33% ,49.510000000000005
Loratadina 1mg mL + Sulfato de Pseudoefedrina 12mg mL Xarope 60ml Aché Biosintética Genérico,Biosintética - Aché,7896181911012,32.55,"R$ 18,94 ",13.02,40% ,19.529999999999998
Fexx Cloridrato de Fexofenadina 180mg 10 comprimidos,1Farma,7898075317955,79.7,"R$ 37,73 ",40.8,51% ,38.900000000000006
"Andolba Aerossol 4,5Mg G + 0,5Mg G + 0,5Mg G, Caixa Com 1 Tubo Aerosol Com 43G De Solucao De Uso Dermatologico",Eurofarma,7891317013967,40.59,"R$ 30,18 ",9.48,23% ,31.110000000000003
"Decongex Plus 12Mg + 15Mg, Caixa Com 12 Comprimidos Revestidos De Liberacao Prolongada",Aché,7896658001901,29.74,"R$ 25,38 ",3.57,12% ,26.169999999999998
"Cloridrato De Prometazina Teuto 25Mg, Caixa Com 20 Comprimidos Revestidos",Teuto,7896112100539,11.62,"R$ 8,68 ",2.67,23% ,8.95
"Loratadina Comprimido Biosintetica 10Mg, Caixa Com 12 Comprimidos Revestidos",Biosintética - Aché,7896181906322,48.94,"R$ 23,74 ",24.47,50% ,24.47
"Loratamed 1Mg Ml, Caixa Com 1 Frasco Com 100Ml De Xarope",Cimed,7896523202204,26.31,"R$ 18,33 ",7.41,28% ,18.9
"Ebastel 10Mg, Caixa Com 10 Comprimidos",Eurofarma,7891317005351,73.56,"R$ 60,65 ",11.03,15% ,62.53
"Maleato De Dexclorfeniramina Neo Quimica 2Mg, Caixa Com 20 Comprimidos",Neo Química,7896714201498,14.4,"R$ 12,57 ",1.44,10% ,12.96
"Desloratadina Prati-Donaduzzi 0,5Mg Ml, Caixa Com 1 Frasco Com 100Ml De Xarope + Seringa Dosadora",Prati-Donaduzzi,7899547505146,56.47,"R$ 50,39 ",4.52,8% ,51.95
Allegra 60 Mg 10 Comprimidos,Sanofi,7891058024314,46.02,"R$ 36,61 ",8.28,18% ,37.74
"Bilastina 20Mg E.M.S., Caixa Com 15 Comprimidos",Não especificada,7896004784076,42.35,"R$ 27,52 ",13.98,33% ,28.37
"Polaramine Creme 10Mg G, Caixa Com 1 Bisnaga Com 30G De Creme De Uso Dermatologico",Cosmed,7891142171191,24.09,"R$ 23,37 ",0.0,0% ,24.09
"Cloridrato De Fexofenadina 120Mg E.M.S., Caixa Com 10 Comprimidos Revestidos",Não especificada,7896004777535,46.24,"R$ 23,67 ",21.84,47% ,24.400000000000002
"Maleato De Dexclorfeniramina Creme Ems 10Mg G, Caixa Com 1 Bisnaga Com 30G De Creme De Uso Dermatologico",EMS,7896004720784,14.96,"R$ 13,06 ",1.5,10% ,13.46
Hixizine 25mg caixa com 30 comprimidos,Theraskin,7897129301513,61.34,"R$ 48,79 ",11.04,18% ,50.300000000000004
Consoni Melatonina 210mcg Kester 30ml,Não especificada,7908135002179,52.04,"R$ 45,51 ",5.12,10% ,46.92
"Alektos 20Mg, Caixa Com 20 Comprimidos",Não especificada,7896094927551,70.51,"R$ 58,13 ",10.58,15% ,59.93000000000001
Koide D 120Ml,Eurofarma,7891317015060,51.51,"R$ 42,47 ",7.73,15% ,43.78
"Allegra D 60Mg + 120Mg, Caixa Com 10 Comprimidos Revestidos De Liberacao Prolongada",Sanofi,7891058006716,72.56,"R$ 59,83 ",10.88,15% ,61.68
Calamed Locao Pos Sol 100 Ml,Calamed,7897947604582,25.83,"R$ 15,78 ",9.56,37% ,16.269999999999996
"Cloridrato De Fexofenadina Cimed 180Mg, Caixa Com 10 Comprimidos Revestidos",Cimed,7896523220352,72.97,"R$ 53,09 ",18.24,25% ,54.730000000000004
"Polaramine 0,4Mg Ml, Caixa Com 1 Frasco Com 120Ml De Solucao De Uso Oral + Copo Medidor",Cosmed,7891142171757,35.4,"R$ 34,34 ",0.0,0% ,35.4
"Maleato De Dexclorfeniramina + Betametasona Teuto 0,4Mg Ml + 0,05Mg Ml, Caixa Com 1 Frasco Com 120Ml De Xarope + Copo Medidor",Teuto,7896112127437,18.85,"R$ 17,73 ",0.57,3% ,18.28
"Allegra 180Mg, Caixa Com 10 Comprimidos Revestidos",Sanofi,7891058169015,125.17,"R$ 114,13 ",7.51,6% ,117.66
"Cloridrato De Hidroxizina Ems 25Mg, Caixa Com 30 Comprimidos",EMS,7896004729688,38.08,"R$ 35,83 ",1.14,3% ,36.94
Histamin Liquido 100 Ml Neo,Neo Química,7896714219318,25.42,"R$ 24,66 ",0.0,0% ,25.42
"Zina 5Mg, Caixa Com 10 Comprimidos",Eurofarma,7891317457211,56.88,"R$ 45,24 ",10.24,18% ,46.64
"Polaramine 6Mg, Caixa Com 12 Drageas",Cosmed,7891142171733,35.88,"R$ 34,80 ",0.0,0% ,35.88
"Prometazina Teuto 20Mg G, Caixa Com 1 Bisnaga Com 30G De Creme De Uso Dermatologico",Teuto,7896112181002,16.86,"R$ 16,35 ",0.0,0% ,16.86
Claritin 10mg 12 Comprimidos,Bayer,7891106912778,22.7,"R$ 19,30 ",2.8,12% ,19.9
Sonitus Melatonina 210mcg gotas Kester 30ml,Não especificada,7908135002322,57.82,"R$ 50,48 ",5.78,10% ,52.04
"Cloridrato De Fexofenadina 180Mg E.M.S., Caixa Com 10 Comprimidos Revestidos",Não especificada,7896004777559,66.38,"R$ 28,52 ",36.98,56% ,29.4
"Creme fenergan 20Mg G, Caixa Com 1 Bisnaga Com 30G De Creme De Uso Dermatologico",Sanofi,7896070600249,23.62,"R$ 21,08 ",1.89,8% ,21.73
"Allegra 6Mg Ml, Caixa Com 1 Frasco Com 150Ml De Suspensao De Uso Oral + Seringa Dosadora",Sanofi,7891058004354,90.42,"R$ 79,81 ",8.14,9% ,82.28
"Maleato De Dexclorfeniramina Prati-Donaduzzi 0,4mg mL, Caixa Com 1 Frasco Com 100Ml De Solucao De Uso Oral + Copo Medidor",Prati-Donaduzzi,7899547503296,15.29,"R$ 14,39 ",0.46,3% ,14.829999999999998
"Polaramine 2Mg, Caixa Com 20 Comprimidos Revestidos",Cosmed,7891142171719,28.98,"R$ 28,11 ",0.0,0% ,28.98
"Desloratadina Eurofarma 0,5Mg Ml, Caixa Com 1 Frasco Com 100Ml De Xarope + Seringa Dosadora + Adaptador",Eurofarma,7891317003494,56.52,"R$ 44,96 ",10.17,18% ,46.35
Hidroxizina Solucao Oral 120 Ml Ger,Germed Pharma,7896004727363,28.65,"R$ 25,57 ",2.29,8% ,26.36
Desloratadina 5mg 10 comprimidos Biosintética Genérico,Nova Química,7895296045032,57.95,"R$ 40,47 ",16.23,28% ,41.72
Levolukast 14 Comprimidos,Glenmark,7897473206861,145.32,"R$ 111,36 ",30.52,21% ,114.8
"Decongex Plus 12Mg + 15Mg, Blister Com 4 Comprimidos Revestidos De Liberacao Prolongada",Aché,7896658007996,10.08,"R$ 9,78 ",0.0,0% ,10.08
"Dicloridrato De Levocetirizina Eurofarma 5Mg, Caixa Com 10 Comprimidos Revestidos",Eurofarma,7891317457266,42.75,"R$ 31,93 ",9.83,23% ,32.92
"Allegra 120Mg, Caixa Com 10 Comprimidos Revestidos",Sanofi,7891058168049,84.71,"R$ 79,70 ",2.54,3% ,82.16999999999999
"Cloridrato De Fexofenadina Cimed 120mg, Caixa Com 10 Comprimidos Revestidos",1Farma,7896523220291,44.19,"R$ 36,43 ",6.63,15% ,37.559999999999995
Actifedrin Farmoquímica 20 comprimidos,Não especificada,7898040320782,15.5,"R$ 15,04 ",0.0,0% ,15.5
"Loratadina Cimed 1Mg Ml, Caixa Com 1 Frasco Com 100Ml De Xarope",Cimed,7896523207704,33.64,"R$ 19,57 ",13.46,40% ,20.18
"Loratadina Xarope Biosintetica 1Mg Ml, Caixa Com 1 Frasco Com 100Ml De Xarope + 1 Copo Medidor",Biosintética - Aché,7896181911128,34.87,"R$ 25,37 ",8.72,25% ,26.15
"Desloratadina Biosintetica 5Mg, Caixa Com 10 Comprimidos Revestidos",Biosintética - Aché,7896181922711,57.78,"R$ 34,75 ",21.96,38% ,35.82
Desloratadina 5mg Germed 30 Comprimidos Revestidos,Não especificada,7896004743233,76.55,"R$ 53,47 ",21.43,28% ,55.12
"Rizi Dicloridrato de Levocetirizina 5,0mg 30 comprimidos",Não especificada,7896094918474,160.93,"R$ 132,69 ",24.14,15% ,136.79000000000002
"Histamin Creme 10Mg G, Caixa Com 1 Bisnaga Com 30G De Creme De Uso Dermatologico",Neo Química,7896714226033,22.16,"R$ 18,27 ",3.33,15% ,18.83
Hidroxizina Sol Oral 120Ml Eurofarma,Eurofarma,7891317001872,37.55,"R$ 33,51 ",3.0,8% ,34.55
Profergan 20mg g Creme Dermatológico 30g,Teuto,7896112180616,22.56,"R$ 20,79 ",1.13,5% ,21.43
Hixizine 2mg ml xarope frasco com 120ml,Theraskin,7897129301506,62.49,"R$ 51,53 ",9.37,15% ,53.120000000000005
"Cloridrato De Fexofenadina Cimed 60Mg, Caixa Com 10 Comprimidos Revestidos",Cimed,7896523220239,25.58,"R$ 21,09 ",3.84,15% ,21.74
"Esalerg Gotas 1,25 Mg Ml, Caixa Com 1 Frasco Gotejador Com 20Ml De Solucao De Uso Oral",Aché,7896658021640,49.95,"R$ 39,73 ",8.99,18% ,40.96
Esalerg Liquido 60 Ml,Aché,7896658018879,45.6,"R$ 37,60 ",6.84,15% ,38.760000000000005
"Cloridrato de Fexofenadina 120Mg Neo Quimica, Caixa Com 10 Comprimidos Revestidos",Não especificada,7896714290560,42.13,"R$ 30,65 ",10.53,25% ,31.6
Fexx Cloridrato de Fexofenadina 120mg 10 comprimidos,1Farma,7898075317962,55.97,"R$ 31,91 ",23.07,41% ,32.9
Profergan Cloridrato de Prometazina 25mg 20 comprimidos,Teuto,7896112148685,12.46,"R$ 12,09 ",0.0,0% ,12.46
Allexofedrin 180Mg Co 10 Comprimidos,EMS,7896004768571,83.55,"R$ 42,49 ",39.75,48% ,43.8
Dexclorfeniramina Beta 2Mg 20Cpr Nq,Nova Química,7895296291071,23.73,"R$ 21,18 ",1.9,8% ,21.830000000000002
Desloratadina 5mg 30 comprimidos EMS Genérico,Não especificada,7896004743226,139.3,"R$ 56,75 ",80.79,58% ,58.510000000000005
Dexclorfeniramina 2 5 Ml Xarope 120 Ml Neo G,Neo Química,7896714203645,16.76,"R$ 14,96 ",1.34,8% ,15.420000000000002
Esalerg 5mg 10 Comprimidos Revestidos,Não especificada,7896658018992,61.82,"R$ 50,97 ",9.27,15% ,52.55
Dicloridrato de Hidroxizina 25mg 30 Comprimidos - Germed,Não especificada,7896004729695,36.08,"R$ 33,95 ",1.08,3% ,35.0
Loratadina Xarope 1mgml 100ml Prati,Não especificada,7898148294473,20.57,"R$ 19,95 ",0.0,0% ,20.57
"Fexx 60Mg, Caixa Com 10 Comprimidos Revestidos",1Farma,7898075317948,22.61,"R$ 19,09 ",2.93,13% ,19.68
Cloridrato de Fexofenadina 120mg 10 Comprimidos,Não especificada,7895296447317,52.57,"R$ 30,59 ",21.03,40% ,31.54
Cloridrato de Fexofenadina 180mg 10 Comprimidos,Não especificada,7895296447324,75.58,"R$ 42,52 ",31.74,42% ,43.84
Histadin Xarope Com 100ml,Não especificada,7896006247746,20.2,"R$ 13,95 ",5.82,29% ,14.379999999999999
Gel Relaxante para Massagem Arnica Bravir Extra Forte 120g,Não especificada,7896186003217,11.61,"R$ 10,14 ",1.16,10% ,10.45
Winter AP 6 + 120mg caixa com 8 cápsulas,Não especificada,7898096577567,38.41,"R$ 27,19 ",10.38,27% ,28.029999999999994
Pós-Sol Caladryl Gel com 120Gr,Não especificada,7896004780092,28.88,"R$ 28,01 ",0.0,0% ,28.88
"Esalerg 0,5mg ml Sabor Tutti-Frutti 100ml + Seringa Dosadora",Não especificada,7896658018862,90.64,"R$ 72,09 ",16.32,18% ,74.32
Dexclorfeniramina Beta 2Mg 20Cpr  EMS,Não especificada,7896004711485,23.7,"R$ 22,30 ",0.71,3% ,22.99
Allegra Pediátrico 6mg mL Frasco 150mL + Dosador,Não especificada,7891058002572,90.42,"R$ 82,44 ",5.43,6% ,84.99000000000001
Fosfato Sódico de Prednisolona 3mg mL Solução Oral 60mL Aché Biosintética Genérico,Não especificada,7896006201779,22.46,"R$ 18,95 ",2.92,13% ,19.54
"Lorasliv 10Mg, Caixa Com 12 Comprimidos",Vitamedic,7898049790180,16.08,"R$ 8,52 ",7.3,45% ,8.779999999999998
Maleato De Dexclorfeniramina 2 mg 5mL 120mL,Não especificada,7896004704999,20.44,"R$ 19,83 ",0.0,0% ,20.44
Desloratadina - EMS 005mg xarope frasco com 60ml,Não especificada,7896004769622,40.17,"R$ 35,07 ",4.02,10% ,36.150000000000006
Germed Maleato de Dexclorfeniramina 20 Comprimidos 2mg,Não especificada,7896004711461,13.69,"R$ 13,28 ",0.0,0% ,13.69
"Desloratadina 0,5 mg mL 100mL",Não especificada,7896004769684,66.31,"R$ 48,24 ",16.58,25% ,49.730000000000004
Bilastina 20mg 30 comprimidos Eurofarma Genérico,Não especificada,7891317016333,84.77,"R$ 59,20 ",23.74,28% ,61.03
Bilastina 20mg 30 comprimidos EMS Genérico,Não especificada,7896004784083,76.27,"R$ 56,97 ",17.54,23% ,58.73
"Esalerg D12 2,5Mg + 120Mg, Caixa Com 10 Comprimidos De Liberacao Moderada",Aché,7896658033421,63.56,"R$ 52,41 ",9.53,15% ,54.03
Antialérgico Allegra 120Mg Sanofi Com 20 Comprimidos,Não especificada,7891058002701,148.63,"R$ 135,52 ",8.92,6% ,139.71
"Desloratadina 0,5mg ml Medley Xarope Frasco 60ml",Não especificada,7896422521260,46.03,"R$ 34,38 ",10.59,23% ,35.44
"Desloratadina Comprimido Germed Pharma 5Mg, Caixa Com 10 Comprimidos Revestidos",Germed Pharma,7896004725673,58.0,"R$ 37,69 ",19.14,33% ,38.86
Allexofedrin Pediátrico Suspensão 150Ml,EMS,7896004770901,94.01,"R$ 67,37 ",24.56,26% ,69.45
Celestamine Xarope Sem Açúcar 120mL,Cosmed,7891142115614,69.41,"R$ 58,58 ",9.02,13% ,60.39
"Histadin D Comprimido 5Mg + 120Mg, Caixa Com 12 Drageas De Desintegracao Lenta",União Química,7896006248316,58.24,"R$ 48,03 ",8.72,15% ,49.52
"Desalex D12 2,5mg 10 Comprimidos Merck",Organon,7897337713498,65.35,"R$ 53,88 ",9.8,15% ,55.55
Dicloridrato de Hidroxizina 25mg Genérico Nova Química 30 Comprimidos,Não especificada,7895296053044,38.08,"R$ 35,83 ",1.14,3% ,36.94
Allexofedrin 120mg 10 Comprimidos Revestidos,EMS,7896004768588,57.5,"R$ 30,40 ",26.16,45% ,31.34
"Celergin 0,25 mg + 2 mg 20 comprimidos",EMS,7896004706573,27.44,27.44,4.0,15% ,23.44
"Dexalgen 5mg/mL + 1,5mg/mL + 500mg/mL, caixa com 6 ampolas com 1mL de solução de uso injetável + 3 ampolas com 1mL de diluente",Eurofarma,7891317000295,57.0,57.0,7.41,13% ,49.59
"Dicloridrato de Cetirizina Comprimido Medley 10mg, caixa com 12 comprimidos revestidos",Medley,7896422507028,48.6,48.6,11.18,23% ,37.42
Desalex 5Mg Caixa Com 30 Comprimidos,Organon,7897337713467,127.41,127.41,19.11,15% ,108.3
"Desalex 0,5mg ml Xarope Pediátrico Uso Oral 100ml + Seringa Dosadora",Organon,7897337712934,93.97,93.97,14.1,15% ,79.87
Pergo Solução Oral 2mg mL Eurofarma 120mL,Eurofarma,7891317191672,50.39,50.39,6.05,12% ,44.34
Celergin Xpe 120Ml Ems,Não especificada,EAN não informado,33.61,33.61,4.71,14% ,28.9
"Rizi 5mg, caixa com 10 comprimidos revestidos",Cosmed,7896094918481,49.0,49.0,8.82,18% ,40.18
"Leg 0,5mg/mL, caixa com 1 frasco com 60mL de xarope + seringa dosadora + adaptador",Eurofarma,7891317488710,44.63,44.63,0.0,0% ,44.63
"Leg 50mg, caixa com 1 frasco com 100mL de xarope + seringa dosadora + adaptador",Eurofarma,7891317488727,66.0,66.0,0.0,0% ,66.0
"Desloratadina Eurofarma 0,5Mg Ml, Caixa Com 1 Frasco Com 60Ml De Xarope + Seringa Dosadora + Adaptador",Eurofarma,7891317003487,39.46,39.46,7.1,18% ,32.36
"Desloratadina 0,5mg Xarope 60mL",Prati-Donaduzzi,7899547505085,35.76,35.76,2.86,8% ,32.9
"Histamin 2Mg, Caixa Com 20 Comprimidos",Neo Química,7896714219301,17.72,17.72,2.82,16% ,14.899999999999999
Alektos Bilastina 20mg 15 comprimidos,Cosmed,7896094922044,67.47,67.47,10.12,15% ,57.35
Zyxem Dicloridrato de Levocetirizina 5mg ml Gotas 20mL,UCB Biopharma,5413787037797,94.18,94.18,8.48,9% ,85.7
"Desalex 0,5mg ml Xarope Solução Oral 60mL",Organon,7897337712927,65.67,65.67,8.54,13% ,57.13
Fosfato Sódico de Prednisolona 3mg mL Solução Oral 120mL Aché Biosintética Genérico,União Química,7896006201892,34.71,34.71,1.04,3% ,33.67
Pos Sol Sunless 120Ml,Sunless,7896902214231,22.99,22.99,0.0,0% ,22.99
"Allegra D 24 horas 180 + 240mg, caixa com 5 comprimidos revestidos",Sanofi,7891058002862,71.09,71.09,12.8,18% ,58.290000000000006
"Cloridrato de Fexofenadina 180Mg Neo Quimica, Caixa Com 10 Comprimidos Revestidos",Não especificada,7896714290577,69.05,69.05,17.26,25% ,51.78999999999999
"Maleato de Dexclorfeniramina + Betametasona Pharlab 0,4mg/mL + 0,05mg/mL, caixa com 1 frasco com 120mL de xarope + copo medidor",Pharlab,7898216364220,31.0,31.0,6.2,20% ,24.8
"Maleato de Dexclorfeniramina + Betametasona Biosintética - Aché 48mg + 6mg, caixa com 1 frasco com 120mL de xarope + 1 copo medidor",Biosintética - Aché,7896181916642,32.67,32.67,5.88,18% ,26.790000000000003
Dicloridrato Cetirizina 1mg mL Genérico Teuto 120mL Solução Oral,Teuto,7896112129370,43.41,43.41,7.81,18% ,35.599999999999994
Desalex 5mg 10 Comprimidos Revestidos,Organon,7897337713450,82.04,82.04,12.31,15% ,69.73
"Desloratadina 0,5mg mL Xarope 100mL",Biosintética - Aché,7896181922667,76.11,76.11,17.51,23% ,58.599999999999994
Dicloridrato de Levocetirizina 5mg Neo Química 10 comprimidos,Não especificada,7896714274010,39.18,39.18,5.09,13% ,34.09
Ranbaxy 10 Comprimidos Cloridrato de Fexofenadina,Não especificada,7897076910974,80.1,80.1,38.45,48% ,41.64999999999999
Bilastina 20mg 15 comprimidos Neo Química Genérico,Não especificada,7896714291420,42.17,42.17,11.81,28% ,30.36
"Desloratadina 0,5mg ml Biosintética Sabor Tutti-Frutti 60ml + Seringa Dosadora",Não especificada,7896658018954,39.94,39.94,7.19,18% ,32.75
Desloratadina 5mg EMS 10 Comprimidos,Não especificada,7896004725666,58.0,58.0,16.24,28% ,41.760000000000005
"Resfenol 40Mg Ml + 0,6Mg Ml + 0,6Mg Ml, Caixa Com 1 Frasco Com 100Ml De Solucao De Uso Oral",Kley Hertz Farmacêutica,7896331701661,30.48,"R$ 28,38 ",1.22,4% ,29.26
Oscillococcinum 6 Tubos Com 1G De Globulos,Boiron,7898927111045,86.37,"R$ 83,78 ",0.0,0% ,86.37
Bromelin Própolis Spray 50mL,Não especificada,7896685300497,62.14,"R$ 59,16 ",1.15,2% ,60.99
"Spray Apis Flora Propolis, Mel E Menta 30Ml",Não especificada,7896663300310,15.54,"R$ 13,57 ",1.55,10% ,13.989999999999998
"Neolefrin 400Mg + 20Mg, 400Mg + 4Mg, Caixa Com 20 Comprimidos",Neo Química,7896714265933,18.88,"R$ 12,89 ",5.59,30% ,13.29
Gripinew 20 Comprimidos revestidos,Medquímica,7896862920029,23.67,"R$ 18,15 ",4.96,21% ,18.71
Coryzalia Caixa Com 20 Flaconetes Com 1Ml De Solucao De Uso Oral,Boiron,7898927111267,135.21,"R$ 131,15 ",0.0,0% ,135.21
Coristina D Pro 400Mg + 4Mg + 4Mg Com 8 Comprimidos,Não especificada,7891142982155,24.03,"R$ 21,18 ",2.19,9% ,21.84
"Benegrip 500Mg + 30Mg + 2Mg, Caixa Com 12 Comprimidos Revestidos",Cosmed,7896094915107,27.65,"R$ 22,80 ",4.15,15% ,23.5
"Naldecon Pack Dia E Noite, Com 6 Comprimidos",Reckitt Benckiser,7896016807220,19.9,"R$ 19,30 ",0.0,0% ,19.9
"Levolukast 10mg + 5mg, caixa com 7 comprimidos revestidos",Glenmark,7897473206854,65.83,65.83,14.48,22% ,51.349999999999994
"Cimegripe, Caixa Com 20 Capsulas",Cimed,7896523200576,27.87,"R$ 13,69 ",13.76,49% ,14.110000000000001
Resfenol 4Mg + 4 Mg + 400 Mg 20 Capsulas Kelyhertz,Kley Hertz Farmacêutica,7896331703443,25.26,"R$ 22,01 ",2.57,10% ,22.69
"Benegrip Multi 13,30Mg + 0,33Mg + 0,13Mg, Caixa Com 1 Frasco Com 240Ml De Solucao De Uso Oral",Cosmed,7896094905825,40.16,"R$ 31,94 ",7.23,18% ,32.92999999999999
Benegrip 6 Comprimidos X25,Não especificada,7896094903036,14.2,"R$ 13,77 ",0.0,0% ,14.2
"Apracur 1Mg + 100Mg + 50Mg, Blister Com 6 Comprimidos Revestidos",Cosmed,7891104193087,12.19,"R$ 10,64 ",1.22,10% ,10.969999999999999
"Tylenol Sinus 500Mg + 30Mg, Caixa Com 36 Comprimidos Revestidos",Janssen-Cilag,7891010246952,35.64,"R$ 34,57 ",0.0,0% ,35.64
"Benegrip 500Mg + 30Mg + 2Mg, Caixa Com 20 Comprimidos Revestidos",Cosmed,7896094904682,42.54,"R$ 34,82 ",6.64,16% ,35.9
Vick Pyrena Grip 7 Com 20 Capsulas,P&G,7500435188067,23.44,"R$ 22,74 ",0.0,0% ,23.44
"Naldecon Pack Dia E Noite, Caixa Com 24 Comprimidos",Reckitt Benckiser,7896016807213,54.9,"R$ 47,93 ",5.49,10% ,49.41
Naldecon Noite com 4 Comprimidos,Reckitt Benckiser,7896016806247,13.9,"R$ 11,92 ",1.61,12% ,12.290000000000001
Oscillococcinum 30 Doses Boiron,Boiron,7898927111090,288.05,"R$ 261,80 ",18.15,6% ,269.90000000000003
Neolefrin Xarope Sabor Cereja 60ml,Neo Química,7896714254784,24.66,"R$ 20,40 ",3.63,15% ,21.03
Vick Pyrena Grip 7 Com 10 Capsulas,Não especificada,7500435188050,13.51,"R$ 13,10 ",0.0,0% ,13.51
"Melagriao Spray Tutti-Frutti, 30Ml",Melagrião,7896023719912,19.63,"R$ 17,14 ",1.96,10% ,17.669999999999998
Multigrip 20 Comprimidos,Não especificada,7896472501823,28.2,"R$ 27,35 ",0.0,0% ,28.2
Neolefrin Dia 20 Comprimidos,Neo Química,7896714273822,18.88,"R$ 12,85 ",5.63,30% ,13.25
Malvona Propolis Spray 30mL,Não especificada,7896026170994,22.55,"R$ 19,69 ",2.25,10% ,20.3
Apracur Duo 12 Comprimidos Revestidos,Não especificada,7896094919044,14.39,"R$ 13,96 ",0.0,0% ,14.39
"Melagriao Spray Laranja, 30Ml",Melagrião,7896023793349,19.63,"R$ 17,14 ",1.96,10% ,17.669999999999998
"Naldecon Dia 800mg + 20mg, blíster com 4 comprimidos",Reckitt Benckiser,7896016805875,11.43,11.43,0.0,0% ,11.43
"Benegrip Multi Dia 800mg + 20mg, blíster com 4 comprimidos",Cosmed,7896094918597,10.99,10.99,0.0,0% ,10.99
"Coristina D 1mg + 10mg + 400mg + 30mg, blíster com 4 comprimidos",Cosmed,7891142136596,10.99,10.99,0.0,0% ,10.99
"Fluviral Dia 800mg + 20mg, caixa com 20 comprimidos",Cosmed,7896094918610,26.47,26.47,0.0,0% ,26.47
"Resfenol 400mg + 4mg + 4mg, envelope com 5g pó para solução de uso oral",Kley Hertz Farmacêutica,7896331706611,2.58,2.58,0.0,0% ,2.58
"Naldecon Noite 400mg + 20mg + 4mg, caixa com 24 comprimidos",Reckitt Benckiser,7896016806261,49.06,49.06,3.92,8% ,45.14
Multigrip 4 Capsulas X50 Pk25,Multilab,7896472504213,6.99,6.99,0.56,8% ,6.43
Stilgrip 1 Envelope 50 Sache,Kley Hertz Farmacêutica,7896331701036,2.97,2.97,0.0,0% ,2.97
"Melagriao Spray Limao, 30Ml",Melagrião,7896023793332,19.63,19.63,1.96,10% ,17.669999999999998
"Tylenol Sinus 500mg + 30mg, caixa com 24 comprimidos revestidos",Janssen-Cilag,7896212415618,22.76,22.76,0.0,0% ,22.76
Naldecon Multi 400mg + 20mg + 400mg 16 Comprimidos,Não especificada,7896222721198,31.69,"R$ 29,00 ",1.79,6% ,29.900000000000002
"Paracetamol + Cloridrato De Pseudoefedrina Ems 500 + 30Mg, Caixa Com 24 Comprimidos Revestidos",EMS,7896004722337,14.23,14.23,0.0,0% ,14.23
"Cimegripe 100Mg Ml + 2Mg Ml + 2Mg Ml, Frasco Gotejador Com 20Ml De Solucao De Uso Oral",Cimed,7896523206295,24.35,24.35,4.49,18% ,19.86
"Coristina D 1mg + 10mg + 400mg + 30mg, caixa com 16 comprimidos",Cosmed,7891142136626,36.96,36.96,0.0,0% ,36.96
"Coristina D 1mg + 10mg + 30mg + 400mg, caixa com 8 comprimidos",Cosmed,7891142203014,19.98,19.98,0.0,0% ,19.98
Alendronato de Sódio 70mg EMS com 4 comprimidos,Biosintética - Aché,7896181920038,38.76,38.76,20.54,53% ,18.22
Coryzalia Caixa Com 40 Comprimidos,Boiron,7898927111144,54.19,54.19,5.42,10% ,48.769999999999996
"Cimegripe Dia 800mg + 20mg, caixa com 12 comprimidos revestidos",Cimed,7896523226590,19.56,19.56,0.0,0% ,19.56
Naldecon Dia Caixa Com 24 Comprimidos,Não especificada,7896016805608,47.18,47.18,5.99,13% ,41.19
Paracetamol 500mg + Cloridrato de Pseudoefedrina 30mg Germed 24 Comprimidos Revestidos,Não especificada,7896004722344,14.23,14.23,0.0,0% ,14.23
"Cloridrato De Propranolol Ems 10Mg, Caixa Com 30 Comprimidos",EMS,7894916550048,10.31,"R$ 8,70 ",1.34,13% ,8.97
"Aradois 50Mg, Caixa Com 30 Comprimidos Revestidos",Biolab,7896112486787,56.72,"R$ 12,02 ",44.33,78% ,12.39
Propranolol 40mg c  30 Comprimidos - Sigma,EMS,7894916550055,16.46,"R$ 14,37 ",1.65,10% ,14.81
"Lotar 5Mg + 100Mg, Caixa Com 30 Capsulas Gelatinosas Duras",Aché,7896181908890,86.93,"R$ 75,89 ",8.69,10% ,78.24000000000001
"Losartana Potassica Neo Quimica 50Mg, Caixa Com 30 Comprimidos Revestidos",Neo Química,7896714208565,9.25,"R$ 8,97 ",0.0,0% ,9.25
"Besilato De Anlodipino Teuto 5Mg, Caixa Com 30 Comprimidos",Teuto,7896112149460,9.93,"R$ 9,63 ",0.0,0% ,9.93
"Atenolol 50mg + Clortalidona 12,5mg Eurofarma 30 Comprimidos",Eurofarma,7891317451035,36.42,"R$ 21,90 ",13.84,38% ,22.580000000000002
Losartana Potassica 50Mg 30Cpr Mult Nq,Multilab,7896004778204,15.68,"R$ 8,25 ",7.18,46% ,8.5
"Mesilato De Doxazosina Cimed 4Mg, Caixa Com 30 Comprimidos",Cimed,7896523227115,70.86,"R$ 42,61 ",26.93,38% ,43.93
"Concor HCT 5mg + 12,5mg 30 comprimidos",Merck,7891721026706,144.67,"R$ 110,86 ",30.38,21% ,114.28999999999999
Maleato de Enalapril 10mg 30 Comprimidos EMS,EMS,7896004700533,22.39,"R$ 9,12 ",12.99,58% ,9.4
Apresolina 25 Mg 20 Drageas,Novartis,7896261018181,10.17,"R$ 8,38 ",1.53,15% ,8.64
"Besilato De Anlodipino Cimed 5Mg, Caixa Com 30 Comprimidos",Cimed,7896523213569,27.69,"R$ 8,06 ",19.38,70% ,8.310000000000002
Ablok Plus 25 12 5mg Biolab 30 Comprimidos,Biolab,7896241225257,25.53,"R$ 21,05 ",3.83,15% ,21.700000000000003
"Carvedilol Biosintetica 12,5Mg, Caixa Com 30 Comprimidos",Biosintética - Aché,7896181915041,58.83,"R$ 26,82 ",31.18,53% ,27.65
Captopril 25mg 30 Comprimidos Medley Genérico,Multilab,7896004777740,17.03,"R$ 9,42 ",7.32,43% ,9.71
"Bravan HCT 80mg + 12,5mg 30 Comprimidos Revestidos",Aché,7896658018800,75.07,"R$ 61,90 ",11.26,15% ,63.809999999999995
Losartana Potassica 50Mg 30Cpr Med,Medley,7896422507738,18.04,"R$ 8,23 ",9.56,53% ,8.479999999999999
"Selozok 50Mg, Caixa Com 30 Comprimidos De Liberacao Controlada",Astrazeneca,7896206402860,80.95,"R$ 74,59 ",4.05,5% ,76.9
"Apresolina 50Mg, Caixa Com 20 Drageas",Novartis,7896261000223,13.58,"R$ 11,59 ",1.63,12% ,11.95
Succinato de Metoprolol 25mg 30 Comprimidos - Biolab,Doctor Reddy's,7896112406686,24.41,"R$ 23,68 ",0.0,0% ,24.41
"Venzer Hct 16Mg + 12,5Mg, Caixa Com 30 Comprimidos",Libbs,7896094206410,89.31,"R$ 64,97 ",22.33,25% ,66.98
"Besilato De Anlodipino Cimed 10Mg, Caixa Com 30 Comprimidos",Cimed,7896523213590,35.59,"R$ 8,17 ",27.17,76% ,8.420000000000002
"Benicaranlo 40Mg + 10Mg, Caixa Com 30 Comprimidos Revestidos",Daiichi-Sankyo,7897411611030,101.26,"R$ 83,49 ",15.19,15% ,86.07000000000001
"Lotar 2,5Mg + 50Mg, Caixa Com 30 Capsulas Gelatinosas Duras",Aché,7896181907497,80.25,"R$ 67,73 ",10.43,13% ,69.82
"Benicar Hct 20 + 12,5Mg, Caixa Com 30 Comprimidos Revestidos",Daiichi-Sankyo,7897411610668,90.7,"R$ 74,79 ",13.6,15% ,77.10000000000001
"Aradois 50Mg, Caixa Com 60 Comprimidos Revestidos",Biolab,7896112486886,98.38,"R$ 21,34 ",76.38,78% ,22.0
"Benicaranlo 40Mg + 5Mg, Caixa Com 30 Comprimidos Revestidos",Daiichi-Sankyo,7897411611023,101.26,"R$ 83,49 ",15.19,15% ,86.07000000000001
"Maleato De Enalapril Cimed 20Mg, Caixa Com 30 Comprimidos",Cimed,7896523210773,34.21,"R$ 12,28 ",21.55,63% ,12.66
"Captopril Medley 25Mg, Caixa Com 30 Comprimidos",Medley,7896422503709,9.79,"R$ 8,74 ",0.78,8% ,9.01
"Venzer 16Mg, Caixa Com 30 Comprimidos",Libbs,7896094206502,83.79,"R$ 69,08 ",12.57,15% ,71.22
"Selozok 25Mg, Caixa Com 30 Comprimidos De Liberacao Controlada",Astrazeneca,7896206402853,40.35,"R$ 37,18 ",2.02,5% ,38.33
"Benicar 20Mg, Caixa Com 30 Comprimidos Revestidos",Daiichi-Sankyo,7897411610606,80.41,"R$ 66,30 ",12.06,15% ,68.35
Maleato de Enalapril 20mg Genérico Cimed 30 Comprimidos,Germed Pharma,7896004710365,29.72,"R$ 11,53 ",17.83,60% ,11.89
"Venzer Hct 8Mg + 12,5Mg, Caixa Com 30 Comprimidos",Libbs,7896094206403,89.31,"R$ 68,43 ",18.76,21% ,70.55
"Atenolol Sandoz 25Mg, Caixa Com 30 Comprimidos Revestidos",Sandoz,7897595602572,20.99,"R$ 5,50 ",15.32,73% ,5.669999999999998
Atenolol 25mg Biosintética 30 Comprimidos,Não especificada,7896181900122,16.48,"R$ 4,79 ",11.54,70% ,4.940000000000001
"Bravan 160Mg, Caixa Com 30 Comprimidos Revestidos",Aché,7896658016677,48.18,"R$ 42,52 ",4.34,9% ,43.84
"Bravan HCT 160mg + 12,5mg 30 Comprimidos Revestidos",Aché,7896658018763,75.07,"R$ 61,90 ",11.26,15% ,63.809999999999995
Maleato de Enalapril 5mg Germed 30 Comprimidos,Não especificada,7896004710341,23.41,"R$ 15,21 ",7.73,33% ,15.68
"Benicar 40Mg, Caixa Com 30 Comprimidos Revestidos",Daiichi-Sankyo,7897411610620,84.52,"R$ 69,68 ",12.68,15% ,71.84
"Concor 2,5Mg, Caixa Com 30 Comprimidos Revestidos",Merck,7891721024986,84.57,"R$ 64,81 ",17.76,21% ,66.80999999999999
"Aradois 25Mg, Caixa Com 60 Comprimidos Revestidos",Biolab,7896241241462,94.17,"R$ 74,90 ",16.95,18% ,77.22
"Carvedilol 12,5Mg 30Cp Med Gen",Medley,7896422519373,44.82,"R$ 29,13 ",14.79,33% ,30.03
"Cloridrato De Verapamil Biosintetica 80Mg, Caixa Com 30 Comprimidos Revestidos",Biosintética - Aché,7896181915225,33.14,"R$ 29,58 ",2.65,8% ,30.490000000000002
Atenolol 50mg Genérico Medley 30 Comprimidos,Germed Pharma,7896004709031,17.86,"R$ 12,47 ",5.0,28% ,12.86
Renitec 10mg Organon 30 Comprimidos,Organon,7897337705882,25.9,"R$ 22,11 ",3.11,12% ,22.79
"Carvedilol Biosintetica 25Mg, Caixa Com 30 Comprimidos",Biosintética - Aché,7896181909880,99.2,"R$ 35,60 ",62.5,63% ,36.7
"Carvedilol Biosintetica 6,25Mg, Caixa Com 30 Comprimidos",Biosintética - Aché,7896181915034,50.81,"R$ 25,63 ",24.39,48% ,26.42
"Concor 5Mg, Caixa Com 30 Comprimidos Revestidos",Merck,7891721025105,102.9,"R$ 78,85 ",21.61,21% ,81.29
"Cloridrato De Nebivolol Biolab Genericos 5Mg, Caixa Com 30 Comprimidos",Biolab Genéricos,7899551303868,53.13,"R$ 47,41 ",4.25,8% ,48.88
Losartana Potássica 100mg + Hidroclorotiazida 25mg 30 comprimidos Eurofarma Genérico,Eurofarma,7891317445294,101.73,"R$ 46,38 ",53.92,53% ,47.81
Succinato de Metoprolol 50mg Medley 30 Comprimidos,Não especificada,7891058000943,43.8,"R$ 39,09 ",3.5,8% ,40.3
"Ablok Plus 50mg + 12,5mg 30 Comprimidos",Biolab,7896241225127,47.18,"R$ 38,90 ",7.08,15% ,40.1
Losartana Potassica  50MG 30CP Bi Ge,Biosintética - Aché,7896181915638,12.78,"R$ 9,54 ",2.94,23% ,9.84
"Benicar HCT 40mg + 12,5mg com 30 Comprimidos",Daiichi-Sankyo,7897411610675,103.33,"R$ 85,20 ",15.5,15% ,87.83
"Pressat Besilato de Anlodipino 2,5mg 60 comprimidos",Biolab,7896112413677,75.64,"R$ 62,36 ",11.35,15% ,64.29
"Carvedilol 3,125 Mg 30 Comprimidos Bio L3",Biosintética - Aché,7896181915027,43.68,"R$ 24,15 ",18.78,43% ,24.9
Cloridrato de Propranolol 10mg Medley 30 Comprimidos,Medley,7896422515511,6.22,"R$ 5,55 ",0.5,8% ,5.72
Telmisartana 40mg Althaia com 30 Comprimidos,Althaia,7898569762803,79.89,"R$ 51,92 ",26.36,33% ,53.53
Roxflan Besilato de Anlodipino 10mg 30 comprimidos,Não especificada,7891721012976,59.79,"R$ 49,30 ",8.97,15% ,50.82
"Naprix 2,5Mg, Caixa Com 30 Comprimidos",Libbs,7896094206342,79.77,"R$ 65,77 ",11.97,15% ,67.8
"Concor 1,25Mg, Caixa Com 30 Comprimidos Revestidos",Merck,7891721024924,73.45,"R$ 60,56 ",11.02,15% ,62.43000000000001
Doxaprost Mesilato de Doxazosina 2mg 30 Comprimidos,União Química,7896006271543,35.48,"R$ 15,17 ",19.84,56% ,15.639999999999997
"Valsartana 80Mg Althaia, Caixa Com 30 Comprimidos Revestidos",Althaia,7898945030823,48.3,"R$ 38,42 ",8.69,18% ,39.61
"Atenolol Medley 25Mg, Caixa Com 30 Comprimidos",Medley,7896422506342,6.54,"R$ 4,57 ",1.83,28% ,4.71
Naprix A 10 5 Mg 30 Capsula,Libbs,7896094201811,77.29,"R$ 63,73 ",11.59,15% ,65.7
Besilato de Anlodipino 5mg Biosintética 30 Comprimidos,Biosintética - Aché,7896181900658,33.03,"R$ 15,05 ",17.51,53% ,15.52
"Bramicar 80Mg, Caixa Com 30 Comprimidos",EMS Sigma Pharma,7894916508940,105.05,"R$ 86,61 ",15.76,15% ,89.28999999999999
"Zart H 50mg + 12,5mg 30 Comprimidos Eurofarma",Eurofarma,7891317451417,53.26,"R$ 43,91 ",7.99,15% ,45.269999999999996
Maleato Enalapril 5mg 30 Comprimidos Neo Química Genérico,Neo Química,7896714205830,24.64,"R$ 17,21 ",6.9,28% ,17.740000000000002
Besilato De Anlodipino 5Mg Com 30 Comprimidos Neo Quimica,Neo Química,7896714211305,42.54,"R$ 15,27 ",26.8,63% ,15.739999999999998
Zart Losartana Potássica 50mg 30 comprimidos,Eurofarma,7891317425869,14.0,"R$ 11,54 ",2.1,15% ,11.9
Benicar HCT 40mg + 25mg com 30 Comprimidos,Daiichi-Sankyo,7897411610682,103.33,"R$ 85,20 ",15.5,15% ,87.83
Cordarex 5mg 30 Comprimidos Biosintética,Aché,7896181901747,37.24,"R$ 30,70 ",5.59,15% ,31.650000000000002
"Entresto 24Mg + 26Mg, Caixa Com 28 Comprimidos Revestidos",Novartis,7896261020269,201.21,"R$ 185,42 ",10.06,5% ,191.15
Propranolol 40mg Genérico Teuto 30 Comprimidos,Não especificada,7896422515535,9.9,"R$ 8,35 ",1.29,13% ,8.61
"Carvedilol 12,5 Mg 30 Comprimidos L3 Ems",EMS,7896004731308,62.4,"R$ 34,50 ",26.83,43% ,35.57
Hemifumarato de Bisoprolol 5mg EMS comprimidos,EMS,7896004739588,108.11,"R$ 54,53 ",51.89,48% ,56.22
Olmesartana 40mg 30 comprimidos Medley Genérico,Não especificada,7891058003166,50.72,"R$ 40,34 ",9.13,18% ,41.589999999999996
Inspra Eplerenona 50mg 30 comprimidos,Não especificada,7908236801220,98.55,"R$ 81,26 ",14.78,15% ,83.77
Aldomet 250mg 30 comprimidos,Aspen Pharma,7895858005917,45.02,"R$ 37,12 ",6.75,15% ,38.27
"Olmesartana Medoxomila 40mg + Hidroclorotiazida 12,5mg 30 comprimidos Eurofarma Genérico",Eurofarma,7891317123994,64.91,"R$ 45,34 ",18.17,28% ,46.739999999999995
Nebilet 5mg 60 Comprimidos,Biolab,7896112400691,230.24,"R$ 212,17 ",11.51,5% ,218.73000000000002
Besilato de Anlodipino 5 Mg 30 Comprimidos Geolab,Não especificada,7899095238527,18.35,"R$ 10,15 ",7.89,43% ,10.46
Bravan Duo 160mg + 5mg comprimidos,Não especificada,7896658024955,66.37,"R$ 54,72 ",9.96,15% ,56.410000000000004
Ablok 50mg 30 Comprimidos,Biolab,7896241225523,37.17,"R$ 30,64 ",5.58,15% ,31.590000000000003
"Duomo 2Mg, Caixa Com 30 Comprimidos",Eurofarma,7891317455569,42.31,"R$ 34,88 ",6.35,15% ,35.96
Aradois 25mg Biolab 30 Comprimidos,Biolab,7896241241394,55.18,"R$ 45,49 ",8.28,15% ,46.9
"Press Plus 2,5mg + Cloridrato Benazepril 10mg 30 Cápsulas",Biolab,7896112470526,75.04,"R$ 69,15 ",3.75,5% ,71.29
Nitrendipino 10mg Genérico Biosintética 30 Comprimidos,Biosintética - Aché,7896181907220,37.63,"R$ 33,58 ",3.01,8% ,34.620000000000005
Pressat 5mg 30 Comprimidos,Biolab,7896112477938,78.46,"R$ 64,69 ",11.77,15% ,66.69
Besilato de Anlodipino 10mg Sandoz 30 comprimidos,Não especificada,7897595631817,67.45,"R$ 17,66 ",49.24,73% ,18.21
Olmesartana Medoxomila 40MG  + Anlodipino 10MG 30CP,Não especificada,7896004750620,61.31,"R$ 51,74 ",7.97,13% ,53.34
Cloridrato De Diltiazem 60Mg 50 Comprimidos Ems,EMS,7896004700403,44.94,"R$ 29,21 ",14.83,33% ,30.11
Olmesartana 40mg 30 Comprimidos Althaia,Althaia,7898569763077,45.77,"R$ 29,75 ",15.1,33% ,30.67
"Carvedilol 3,125mg  30 Comprimidos Germed",Não especificada,7896004731353,46.32,"R$ 25,61 ",19.92,43% ,26.4
"Naprix A 5Mg + 5Mg, Caixa Com 30 Capsulas Gelatinosas Duras",Libbs,7896094201392,77.29,"R$ 63,73 ",11.59,15% ,65.7
"Neo Fedipina 10Mg, Caixa Com 30 Comprimidos",Neo Química,7896714200064,22.47,"R$ 13,98 ",8.06,36% ,14.409999999999998
"Neo Fedipina 20Mg, Caixa Com 30 Comprimidos",Neo Química,7896714200125,34.75,"R$ 19,69 ",14.45,42% ,20.3
Entresto 49mg 51mg Novartis 60 Comprimidos Revestidos,Novartis,7896261020306,431.2,"R$ 397,35 ",21.56,5% ,409.64
Lisinopril 10mg 30 comprimidos Medley Genérico,Medley,7896422506755,57.55,"R$ 42,98 ",13.24,23% ,44.309999999999995
Pressat 5mg 60 Comprimidos,Biolab,7896112413790,108.69,"R$ 89,62 ",16.3,15% ,92.39
"Novanlo Besilato de Levanlodipino 2,5mg 60 comprimidos",Biolab,7896112422150,146.52,"R$ 120,80 ",21.98,15% ,124.54
"Irbesartana+Hct 150 12,5 30 Eu",Eurofarma,7891317488352,134.63,"R$ 100,56 ",30.96,23% ,103.66999999999999
Mesilato de Doxazosina 4mg Com 30 Comprimidos - Sandoz - Genérico,Não especificada,7897595602527,72.37,"R$ 40,01 ",31.12,43% ,41.25
"Metildopa Ems 500Mg, Caixa Com 30 Comprimidos Revestidos",EMS,7896004703473,53.94,"R$ 50,75 ",1.62,3% ,52.32
"Hemifumarato De Bisoprolol 2,5mg 30 Comprimidos",EMS,7896004722177,88.87,"R$ 44,82 ",42.66,48% ,46.21000000000001
"Neblock 5Mg, Caixa Com 30 Comprimidos",Torrent,8902220114937,54.37,"R$ 44,82 ",8.16,15% ,46.209999999999994
Diovan 160mg caixa com 28 comprimidos revestidos,Novartis,7896261005884,143.86,"R$ 132,57 ",7.19,5% ,136.67000000000002
"Bramicar HCT 40mg + 12,5mg 30 Comprimidos",EMS Sigma Pharma,7894916510004,119.98,"R$ 98,92 ",18.0,15% ,101.98
Coversyl Plus 4 + 125mg caixa com 30 comprimidos,Servier,7898029551244,134.0,"R$ 106,58 ",24.12,18% ,109.88
Inspra Eplerenona 25mg 30 comprimidos,Não especificada,7908236801213,68.79,"R$ 56,72 ",10.32,15% ,58.470000000000006
"Cordarex Besilato de Anlodipino 2,5mg 30 comprimidos",Aché,7896181901631,37.78,"R$ 31,15 ",5.67,15% ,32.11
"Exforge Hct 320mg + 25mg + 5mg, Caixa Com 28 Comprimidos Revestidos",Novartis,7896261015623,231.79,"R$ 213,59 ",11.59,5% ,220.2
"Concor 10Mg, Caixa Com 30 Comprimidos Revestidos",Merck,7891721025228,117.24,"R$ 89,84 ",24.62,21% ,92.61999999999999
Naprix 5mg com 90 comprimidos,Não especificada,7896094210714,183.38,"R$ 140,52 ",38.51,21% ,144.87
"Acertanlo 3,5mg + 2,5mg 30 Comprimidos",Servier,7898029550315,65.27,"R$ 60,15 ",3.26,5% ,62.01
Cloridrato de Nebivolol 5mg Genérico EMS 30 Comprimidos,Não especificada,7896004771373,55.49,"R$ 46,83 ",7.21,13% ,48.28
Candesartana Cilexetila 16mg Sandoz 30 Comprimidos,Não especificada,7897595611178,104.01,"R$ 62,56 ",39.52,38% ,64.49000000000001
Diovan Amlo Fix 320 10mg 28 Comprimidos,Novartis,7896261012608,202.89,"R$ 186,97 ",10.14,5% ,192.75
Novanlo Besilato de Levanlodipino 5mg 30 comprimidos,Biolab,7896112422211,150.48,"R$ 124,07 ",22.57,15% ,127.91
Lotar 5 50mg Biosintética 30 Comprimidos,Aché,7896181915072,80.25,"R$ 67,73 ",10.43,13% ,69.82
Olmecor 20 Mg 30 Comprimidos,Torrent,8902220114845,52.19,"R$ 41,52 ",9.39,18% ,42.8
Besilato de Anlodipino 5mg Sandoz 30 comprimidos,Sandoz,7897595631770,34.71,"R$ 19,19 ",14.93,43% ,19.78
Tartarato de Metoprolol 100mg Genérico Biosintética 30 Comprimidos,Não especificada,7896181906612,33.12,"R$ 26,35 ",5.96,18% ,27.159999999999997
"Hemifumarato De Bisoprolol 1,25mg 30 Comprimidos",Não especificada,7896004722160,77.26,"R$ 38,97 ",37.08,48% ,40.18000000000001
Candesartana Cilexetila 8mg Sandoz 30 Comprimidos,Não especificada,7897595611147,104.01,"R$ 62,56 ",39.52,38% ,64.49000000000001
Valsartana 160mg 30 comprimidos Aché Genérico,Biosintética - Aché,7896181927587,60.92,"R$ 51,41 ",7.92,13% ,53.0
Entresto 97mg 103mg Novartis 60 Comprimidos Revestidos,Novartis,7896261020313,431.2,"R$ 397,35 ",21.56,5% ,409.64
"Hemifumarato De Bisoprolol Medley 5Mg, Caixa Com 30 Comprimidos Revestidos",Medley,7896422522670,56.11,"R$ 48,99 ",5.61,10% ,50.5
Doxaprost 4mg União Química 30 Comprimidos,União Química,7896006240723,71.06,"R$ 29,04 ",41.12,58% ,29.940000000000005
"Corus 50Mg, Caixa Com 30 Comprimidos Revestidos",Aché,7896181920410,14.03,"R$ 10,18 ",3.54,25% ,10.489999999999998
"Cloridrato De Nebivolol 5Mg Neo Quimica, Caixa Com 28 Comprimidos Revestidos",Não especificada,7896714268873,90.97,"R$ 45,88 ",43.67,48% ,47.3
"Venzer 8Mg, Caixa Com 30 Comprimidos",Libbs,7896094206472,83.79,"R$ 69,08 ",12.57,15% ,71.22
Olmecor 40 Mg 30 Comprimidos,Torrent,8902220114784,54.88,"R$ 45,25 ",8.23,15% ,46.650000000000006
Captopril 50mg Germed Pharma 30 Comprimidos,Germed Pharma,7896004706955,51.0,"R$ 23,25 ",27.03,53% ,23.97
Olmesartana 20mg 30 Comprimidos Althaia,Não especificada,7898569763015,40.91,"R$ 28,58 ",11.45,28% ,29.459999999999997
Besilato De Anlodipino 10mg Com 60 Comprimidos,Não especificada,7897595635136,44.5,"R$ 28,93 ",14.68,33% ,29.82
"Losartana Potassica + Hidroclorotiazida Germed Pharma 100Mg + 25Mg, Caixa Com 30 Comprimidos Revestidos",Germed Pharma,7896004713892,105.56,"R$ 43,01 ",61.22,58% ,44.34
Loncord Nifedipino 20mg 20 cápsulas,Não especificada,7898096577017,30.32,"R$ 21,46 ",8.2,27% ,22.12
Cloridrato de Verapamil 120mg 20 comprimidos,Biosintética - Aché,7896181904298,50.09,"R$ 39,84 ",9.02,18% ,41.07000000000001
Tanadren 80mg + 25mg 30 Comprimidos,EMS Sigma Pharma,7894916550123,27.59,"R$ 22,75 ",4.14,15% ,23.45
Olsar Olmesartana Medoxomila 20mg 30 comprimidos,Não especificada,7891317019068,48.72,"R$ 41,58 ",5.85,12% ,42.87
Cloridrato de Nebivolol 5mg 60 comprimidos Pharlab Genérico,Não especificada,7898216366712,92.03,"R$ 77,67 ",11.96,13% ,80.07
Loncord 40mg Diffucap 20 Cápsulas,Não especificada,7898096577024,70.62,"R$ 49,98 ",19.09,27% ,51.53
"Olmecor Triplo 40mg + 12,5mg + 10mg com 30 Comprimidos",Não especificada,8903855083421,161.98,"R$ 157,12 ",0.0,0% ,161.98
Nyteb 5mg 60 comprimidos,Não especificada,7898096578465,124.97,"R$ 88,45 ",33.78,27% ,91.19
"Bramicar 40mg, Caixa com 30 comprimidos",EMS Sigma Pharma,7894916508933,105.05,"R$ 86,61 ",15.76,15% ,89.28999999999999
Brasart 160mg 60 comprimidos,Não especificada,7894916517805,90.32,"R$ 71,84 ",16.26,18% ,74.05999999999999
Atenolol 100mg Medley 30 comprimidos,Medley,7896422506366,36.96,"R$ 34,77 ",1.11,3% ,35.85
"Comprar Divelol 25mg, caixa com 60 Comprimidos",Não especificada,7897851220779,70.75,"R$ 68,63 ",0.0,0% ,70.75
"Hyzaar 50 12,5mg 30 Comprimidos Supera",Não especificada,7897337709354,76.51,"R$ 63,08 ",11.48,15% ,65.03
Concor HCT 10mg + 25mg 30 comprimidos,Não especificada,7891721026676,146.6,"R$ 112,34 ",30.79,21% ,115.81
"Carvedilol 3,125mg 30 Comprimidos",Legrand,7894916146388,46.32,"R$ 16,63 ",29.18,63% ,17.14
Cloridrato de Nebivolol 5mg 60 Comprimidos Biolab,Não especificada,7896181927839,166.96,"R$ 84,22 ",80.14,48% ,86.82000000000001
Maleato de Enalapril 5mg Teuto 30 Comprimidos,Teuto,7896112126171,23.39,"R$ 16,33 ",6.55,28% ,16.84
"Succinato De Metoprolol Sandoz 100Mg, Caixa Com 30 Comprimidos Revestidos De Liberacao Prolongada",Não especificada,7896206407445,80.35,"R$ 52,22 ",26.52,33% ,53.83
Neblock 5 mg 60 comprimidos,Não especificada,8902220116214,107.4,"R$ 90,64 ",13.96,13% ,93.44
Corus H 100mg + 25mg 30 Comprimidos,Aché,7896181900085,149.48,"R$ 137,75 ",7.47,5% ,142.01
"Novanlo 2,5mg 90 Comprimidos",Não especificada,7896112422174,143.09,"R$ 138,80 ",0.0,0% ,143.09
Ramipril 5mg 60 comprimidos Medley Genérico,Não especificada,7896422518987,123.52,"R$ 86,26 ",34.59,28% ,88.92999999999999
Dicloridrato de Manidipino 10mg 30 comprimidos Pharlab Genérico,Pharlab,7898216365784,123.59,"R$ 92,31 ",28.43,23% ,95.16
"Aradois HTC 50 12,5mg 30 Comprimidos",Biolab,7896112435778,101.81,"R$ 93,82 ",5.09,5% ,96.72
"Aradois H 50 12,5mg com 90 comprimidos",Não especificada,7896112428015,177.32,"R$ 163,40 ",8.87,5% ,168.45
Zart H 100mg + 25mg 30 Comprimidos Eurofarma,Não especificada,7891317451400,94.71,"R$ 66,36 ",26.3,28% ,68.41
Micardis 80mg caixa 30 comprimidos,Boehringer Ingelheim,7896026304276,257.12,"R$ 236,93 ",12.86,5% ,244.26
Manivasc 10mg caixa com 28 comprimidos,Chiesi,7896672202346,200.68,"R$ 184,93 ",10.03,5% ,190.65
"Comprar Press Plus 5mg + 20mg, caixa com 60 cápsulas",Não especificada,7896112400431,222.3,"R$ 204,85 ",11.11,5% ,211.19
"Olmesartana Medoxomila + Hidroclorotiazida 40Mg + 12,5Mg Germed, Caixa Com 30 Comprimidos Revestidos",Não especificada,7896004750514,64.89,"R$ 48,47 ",14.92,23% ,49.97
"Holmes HCT 20 12,5mg 30 Comprimidos",Não especificada,7891317124182,75.28,"R$ 62,07 ",11.29,15% ,63.99
Holmes HCT 40 25mg 30 Comprimidos,Não especificada,7891317124236,85.71,"R$ 68,17 ",15.43,18% ,70.28
Press Plus 5mg + Cloridrato Benazepril 20mg 30 Cápsulas,Biolab,7896112471165,123.83,"R$ 114,11 ",6.19,5% ,117.64
"Cor-Select 2,5mg Biolab 30 Comprimidos",Biolab,7898549755627,77.46,"R$ 63,86 ",11.62,15% ,65.83999999999999
"Micardis HCT 80mg + 12,5mg 30 Comprimidos",Boehringer Ingelheim,7896026304337,247.75,"R$ 228,30 ",12.39,5% ,235.36
"Venzer 32Mg, Caixa Com 30 Comprimidos",Libbs,7896094206533,94.75,"R$ 78,12 ",14.21,15% ,80.53999999999999
"Micardis HCT 40mg + 12,5mg 30 Comprimidos",Boehringer Ingelheim,7896026304306,221.81,"R$ 204,40 ",11.09,5% ,210.72
Cloridrato de Nebivolol 5mg 60 comprimidos Biolab,Biolab Genéricos,7899551304094,90.91,"R$ 85,53 ",2.73,3% ,88.17999999999999
Valsartana 320mg Neo Química 30 Comprimidos,Não especificada,7896714241340,85.78,"R$ 59,91 ",24.02,28% ,61.760000000000005
Unoprost 2mg 30 Comprimidos,Apsen,7896637022910,35.13,"R$ 32,26 ",1.87,5% ,33.260000000000005
"Tenadren 40mg + 12,5mg 30 Comprimidos",Não especificada,7894916503389,15.17,"R$ 12,50 ",2.28,15% ,12.89
"Triplixam 10mg + 2,5mg + 10mg com 30 Comprimidos",Não especificada,7898029550834,142.28,"R$ 131,11 ",7.11,5% ,135.17
"Triplixam 5mg + 1,25mg + 5mg com 30 Comprimidos",Não especificada,7898029550803,88.39,"R$ 81,45 ",4.42,5% ,83.97
Brasart HCT 160mg + 25mg com 30 comprimidos,EMS Sigma Pharma,7894916508360,104.66,"R$ 96,45 ",5.23,5% ,99.42999999999999
"Succinato De Metoprolol Medley100Mg, Caixa Com 30 Comprimidos Revestidos De Liberacao Prolongada",Não especificada,7891058000936,71.78,"R$ 53,61 ",16.51,23% ,55.269999999999996
"Brasart Hct 80Mg + 12,5Mg, Caixa Com 30 Comprimidos Revestidos",EMS Sigma Pharma,7894916508346,90.62,"R$ 83,51 ",4.53,5% ,86.09
"Lisinopril Medley 5Mg, Caixa Com 30 Comprimidos",Medley,7896422506731,35.85,"R$ 28,52 ",6.45,18% ,29.400000000000002
Hemifumarato de Bisoprolol 10mg EMS comprimidos,Não especificada,7896004739595,123.23,"R$ 62,16 ",59.15,48% ,64.08000000000001
Naprix 10mg com 90 comprimidos,Não especificada,7896094210721,183.38,"R$ 151,19 ",27.51,15% ,155.87
Benziflex Lis 125mg + 5mg com 30 comprimidos,Não especificada,7896004769639,70.36,"R$ 51,19 ",17.59,25% ,52.769999999999996
Angipress 25mg 30 Comprimidos,Não especificada,7896181916222,22.93,"R$ 18,91 ",3.44,15% ,19.49
"Corus H 50mg + 12,5mg 30 Comprimidos",Aché,7896181900115,74.47,"R$ 68,63 ",3.72,5% ,70.75
"Atacand Hct 16Mg + 12,5Mg, Caixa Com 30 Comprimidos",Astrazeneca,7896206402082,172.15,"R$ 158,63 ",8.61,5% ,163.54000000000002
"Diovan Amlo Fix 320Mg + 5Mg, Caixa Com 28 Comprimidos Revestidos",Novartis,7896261012561,171.87,"R$ 158,38 ",8.59,5% ,163.28
"Unoprost 4Mg, Caixa Com 30 Comprimidos",Apsen,7896637023849,54.3,"R$ 46,35 ",6.52,12% ,47.78
Vasopril 10mg 30 Comprimidos,Biolab,7896241293669,39.44,"R$ 32,51 ",5.92,15% ,33.519999999999996
"Vasopril Plus 20mg + 12,5mg 30 Comprimidos Biolab",Biolab,7896241293553,101.08,"R$ 83,34 ",15.16,15% ,85.92
"Atacand Hct 8Mg + 12,5Mg, Caixa Com 30 Comprimidos",Astrazeneca,7896206402426,172.15,"R$ 158,63 ",8.61,5% ,163.54000000000002
"Diovan Hct 160Mg + 12,5Mg, Caixa Com 28 Comprimidos Revestidos",Novartis,7896261004900,149.58,"R$ 137,84 ",7.48,5% ,142.10000000000002
"Maleato De Enalapril Nova Quimica 20Mg, Caixa Com 30 Comprimidos",Multilab,7895296216050,47.9,"R$ 19,52 ",27.78,58% ,20.119999999999997
Ramipril 5mg 30 comprimidos Medley Genérico,Não especificada,7896422518673,73.34,"R$ 51,22 ",20.54,28% ,52.800000000000004
Atenolol + Clortalidona 100mg 25mg Genérico,Eurofarma,7891317444747,55.03,"R$ 33,10 ",20.91,38% ,34.120000000000005
"Holmes H 40 12,5mg 30 Comprimidos Eurofarma",Eurofarma,7891317124281,85.71,"R$ 68,17 ",15.43,18% ,70.28
Micardis 40mg caixa 30 comprimidos,Boehringer Ingelheim,7896026304245,230.42,"R$ 212,33 ",11.52,5% ,218.89999999999998
"Exforge Hct 160Mg + 12,5Mg + 5Mg, Caixa Com 28 Comprimidos Revestidos",Novartis,7896261015586,196.95,"R$ 181,49 ",9.85,5% ,187.1
"Brasart HCT 320mg + 12,5mg 30 Comprimidos",EMS Sigma Pharma,7894916509084,97.01,"R$ 89,40 ",4.85,5% ,92.16000000000001
Acertil 5mg 30 Comprimidos,Servier,7898029550216,77.46,"R$ 71,38 ",3.87,5% ,73.58999999999999
"Triplixam 10mg + 2,5mg + 5mg com 30 Comprimidos",Não especificada,7898029550827,129.11,"R$ 118,97 ",6.46,5% ,122.65000000000002
Olmesartana Medoxomila + Anlodipino 40mg + 10mg com 30 Comprimidos,Não especificada,7896004786599,61.31,"R$ 51,74 ",7.97,13% ,53.34
Press Plus 5mg + Cloridrato Benazepril 10mg 30 Cápsulas,Biolab,7896112470830,113.43,"R$ 104,53 ",5.67,5% ,107.76
"Concardio 5mg, Caixa Com 30 Comprimidos Revestidos",EMS,7894916508513,102.11,"R$ 84,19 ",15.32,15% ,86.78999999999999
"Brasart HCT 160mg + 12,5mg com 30 comprimidos",EMS Sigma Pharma,7894916508353,90.62,"R$ 83,51 ",4.53,5% ,86.09
Zanidip Cloridrato de Lercanidipino 10mg 30 comprimidos,Medley,7896637033831,148.25,"R$ 126,55 ",17.79,12% ,130.46
"Bravan 80Mg, Caixa Com 30 Comprimidos Revestidos",Aché,7896658016653,48.18,"R$ 43,93 ",2.89,6% ,45.29
Diovan Valsartana 80mg 28 comprimidos,Novartis,7896261005860,143.86,"R$ 132,57 ",7.19,5% ,136.67000000000002
Anti-Hipertensivo Brasart Mono 320Mg 30 Comprimidos,EMS Sigma Pharma,7894916507950,66.29,"R$ 54,66 ",9.94,15% ,56.35000000000001
Nitrendipino 20mg Genérico Biosintética 30 Comprimidos,Biosintética - Aché,7896181907572,66.94,"R$ 59,73 ",5.36,8% ,61.58
"Naprix 10Mg, Caixa Com 30 Comprimidos",Libbs,7896094206380,79.77,"R$ 65,77 ",11.97,15% ,67.8
Diovan Valsartana 320mg 28 Comprimidos,Não especificada,7896261009554,143.86,"R$ 132,57 ",7.19,5% ,136.67000000000002
"Hemifumarato De Bisoprolol Medley 2,5Mg, Caixa Com 30 Comprimidos Revestidos",Medley,7896422522663,46.09,"R$ 38,90 ",5.99,13% ,40.1
Acertil 10mg 60 Comprimidos,Servier,7898029550254,206.6,"R$ 190,38 ",10.33,5% ,196.26999999999998
Atenolol 50mg 30 comprimidos,Sandoz,7897595602589,24.61,"R$ 13,61 ",10.58,43% ,14.03
Seloken 100mg com 30 comprimidos,Não especificada,7896206407568,58.72,"R$ 48,41 ",8.81,15% ,49.91
Besilato de Anlodipino 10mg Neo Química 30 Comprimidos,Não especificada,7896714211312,28.01,"R$ 16,85 ",10.64,38% ,17.37
Atenolol 50mg Medley 30 comprimidos,Medley,7896422506359,17.05,"R$ 16,04 ",0.51,3% ,16.54
Tenadren 40 + 25mg caixa com 30 comprimidos,EMS Sigma Pharma,7894916550116,15.64,"R$ 12,89 ",2.35,15% ,13.290000000000001
Mesilato de Doxazosina 2mg Genérico Cimed 30 Comprimidos,Cimed,7896523227108,35.81,"R$ 23,27 ",11.82,33% ,23.990000000000002
Besilato de Anlodipino 10mg 30 comprimidos Neo Química,Nova Química,7895296415026,59.62,"R$ 21,40 ",37.56,63% ,22.059999999999995
Valsartana 320mg 30 comprimidos Aché Genérico,Biosintética - Aché,7896181927594,70.53,"R$ 59,52 ",9.17,13% ,61.36
Losartana Potassica + Hidroclorotiazida 100 25Mg 30 comprimidos Biolab,Não especificada,7896112401285,76.46,"R$ 45,99 ",29.05,38% ,47.41
"Novanlo 2,5Mg, Caixa Com 30 Comprimidos",Biolab,7896112422136,77.46,"R$ 63,86 ",11.62,15% ,65.83999999999999
Telmisartana 80mg Althaia com 30 Comprimidos,Althaia,7898569762858,93.76,"R$ 60,94 ",30.94,33% ,62.82000000000001
Benicar Anlo 20mg + 5mg com 30 comprimidos,Daiichi-Sankyo,7897411611016,89.57,"R$ 73,85 ",13.44,15% ,76.13
"Roxflan 5Mg, Caixa Com 30 Comprimidos",Merck,7891721012969,30.25,"R$ 24,94 ",4.54,15% ,25.71
"Naprix A 10Mg + 10Mg, Caixa Com 30 Capsulas Gelatinosas Duras",Libbs,7896094202603,77.29,"R$ 63,73 ",11.59,15% ,65.7
Vartaz 320mg 30 comprimidos revestidos,Eurofarma,7891317122027,58.15,"R$ 47,95 ",8.72,15% ,49.43
Valsartana 160mg 30 comprimidos Neo Química Genérico,Neo Química,7896714241319,73.99,"R$ 51,67 ",20.72,28% ,53.269999999999996
Bravan HCT 160mg + 25mg 30 Comprimidos Revestidos,Não especificada,7896658018787,75.07,"R$ 61,90 ",11.26,15% ,63.809999999999995
"Metildopa Ems 250Mg, Caixa Com 30 Comprimidos Revestidos",EMS,7896004703480,28.98,"R$ 27,27 ",0.87,3% ,28.11
Atenolol 50mg Genérico Medley 30 Comprimidos,Não especificada,7896181901006,28.09,"R$ 15,53 ",12.08,43% ,16.009999999999998
Nebilet 5mg 30 Comprimidos,Não especificada,7896112400684,156.25,"R$ 143,99 ",7.81,5% ,148.44
Losartana Potássica 50mg Prati Donaduzzi 60 Comprimidos,Não especificada,7899547528626,25.49,"R$ 21,51 ",3.31,13% ,22.18
Atenolol 50mg Genérico 30 Comprimidos,Não especificada,7896112125495,17.85,"R$ 12,46 ",5.0,28% ,12.850000000000001
"Olmesartana Medoxomila 20mg + Hidroclorotiazida 12,5mg 30 comprimidos Germed Genérico",Não especificada,7896004750507,56.95,"R$ 39,77 ",15.95,28% ,41.0
"Olmecor Triplo 20mg + 12,5mg + 5mg com 30 Comprimidos",Não especificada,8903855083391,122.59,"R$ 118,91 ",0.0,0% ,122.59
Hemifumarato de Bisoprolol 10mg 30 Comprimidos Revestidos - Medley,Medley,7896422522687,63.91,"R$ 50,84 ",11.5,18% ,52.41
"Corus 25mg, Caixa Com 30 Comprimidos Revestidos",Aché,7896181920397,55.12,"R$ 50,79 ",2.76,5% ,52.36
"Besilato De Anlodipino Vitamedic 5Mg, Caixa Com 30 Comprimidos",Vitamedic,7898049796267,25.62,"R$ 11,68 ",13.58,53% ,12.040000000000001
"Pressat 2,5mg 30 Comprimidos",Biolab,7896112432401,40.83,"R$ 33,67 ",6.12,15% ,34.71
"Naprix 5Mg, Caixa Com 30 Comprimidos",Libbs,7896094206366,79.77,"R$ 61,13 ",16.75,21% ,63.019999999999996
"Carvedilol 3,125mg 30 comprimidos EMS Genérico",Nova Química,7895296092326,46.32,"R$ 25,61 ",19.92,43% ,26.4
Micardis Anlo 80mg + 5mg caixa com 30 comprimidos,Boehringer Ingelheim,7896026305310,168.84,"R$ 139,20 ",25.33,15% ,143.51
"Carvedilol 3,125 Mg 30 Comprimidos Ems",EMS,7896004731261,46.32,"R$ 25,61 ",19.92,43% ,26.4
Carvedilol 25mg Medley 30 comprimidos,Medley,7896422519403,75.26,"R$ 37,97 ",36.12,48% ,39.14000000000001
"Carvedilol  6,25Mg 30Cp Med",Medley,7896422519342,38.68,"R$ 23,26 ",14.7,38% ,23.98
Cloridrato de Propranolol 40mg Teuto 30 Comprimidos,Teuto,7896112110576,6.35,"R$ 5,35 ",0.83,13% ,5.52
"Olmesartana Medoxomila + Hidroclorotiazida 400Mg + 25Mg Ems, Caixa Com 30 Comprimidos Revestidos",Não especificada,7896004750354,64.89,"R$ 48,47 ",14.92,23% ,49.97
"Olmesartana Medoxomila + Hidroclorotiazida 20Mg + 12,5Mg Ems, Caixa Com 30 Comprimidos Revestidos",Não especificada,7896004750330,56.97,"R$ 39,79 ",15.95,28% ,41.019999999999996
Mesilato de Doxazosina 2mg Com 30 Comprimidos Sandoz Genérico,Não especificada,7897595602510,61.64,"R$ 28,10 ",32.67,53% ,28.97
Atenolol 50mg 30 comprimidos EMS Genérico EMS 30 Comprimidos,Não especificada,7896004705873,17.86,"R$ 15,07 ",2.32,13% ,15.54
Besilato de Anlodipino 5mg Medley 30 comprimidos,Não especificada,7896422505789,23.23,"R$ 16,23 ",6.5,28% ,16.73
Olmesartana 20mg 30 comprimidos Medley Genérico,Não especificada,7891058003159,48.25,"R$ 40,72 ",6.27,13% ,41.980000000000004
Cloridrato de Diltiazem 30mg 50 Comprimidos,Não especificada,7896004706733,24.52,"R$ 19,51 ",4.41,18% ,20.11
"Losartana Potássica + Hidroclorotiazida 50mg + 12,5mg 30 Comprimidos Revestidos - Germed",Não especificada,7896004713908,66.61,"R$ 33,60 ",31.97,48% ,34.64
"Losartana + Hidroclorotiazida 50 12,5mg 30 comprimidos Sandoz Genérico",Não especificada,7897595625106,40.83,"R$ 34,45 ",5.31,13% ,35.519999999999996
Valsartana 320mg Germed 30 Comprimidos,Não especificada,7896004732923,78.03,"R$ 54,49 ",21.85,28% ,56.18
Valsartana 160mg 30 comprimidos Germed Genérico,Não especificada,7896004732916,67.7,"R$ 50,57 ",15.57,23% ,52.13
Olmesartana 20mg Genérico Torrent do Brasil 30 Comprimidos,Não especificada,8902220114876,46.04,"R$ 36,62 ",8.29,18% ,37.75
Furosemida 40mg 20 comprimidos Neo Química Genérico,Não especificada,7896714234564,21.44,"R$ 18,72 ",2.14,10% ,19.3
Olmesartana Medoxomila + Anlodipino 40mg + 5mg com 30 Comprimidos,Não especificada,7896004786988,61.31,"R$ 51,74 ",7.97,13% ,53.34
"Atensina 150mg, Caixa com 30 comprimidos",Boehringer Ingelheim,7898968453104,13.0,13.0,1.95,15% ,11.05
"Atensina 100mg, Caixa com 30 comprimidos",Boehringer Ingelheim,7898968453098,10.42,10.42,1.67,16% ,8.75
Besilato De Anlodipino 5Mg 30 Comprimidos Nova Quimica,Nova Química,7895296415019,30.12,30.12,21.99,73% ,8.130000000000003
"Cardizem Sr 90Mg, Caixa Com 20 Capsulas Gelatinosas Duras De Liberacao Prolongada",Boehringer Ingelheim,7896026307154,60.54,60.54,9.08,15% ,51.46
Maleato de Enalapril 10mg 30 comprimidos,Medley,7896422514248,21.9,21.9,2.85,13% ,19.049999999999997
Cloridrato de Propranolol 40mg 30 Comprimidos Neo Química Genérico,Neo Química,7896714205182,6.12,6.12,0.8,13% ,5.32
Losartana Potássica 50mg Germed 30 Comprimidos Revestidos,Germed Pharma,7896004708539,9.22,9.22,0.0,0% ,9.22
"Selozok 25Mg, Caixa Com 60 Comp desodalinarimidos De Liberacao Controlada",Astrazeneca,7896206406707,80.6,80.6,12.09,15% ,68.50999999999999
"Olmesartana Medoxomila 20mg + Hidroclorotiazida 12,5mg 30 comprimidos Eurofarma Genérico",Eurofarma,7891317123956,56.97,56.97,15.95,28% ,41.019999999999996
Succinato de Metoprolol 50mg 30 comprimidos Neo Química Genérico,Accord Farma,7898947385730,49.05,49.05,0.0,0% ,49.05
Losartana Potássica 50mg 30 comprimidos EMS Genérico,EMS,7896004706795,19.35,19.35,13.64,70% ,5.710000000000001
"Cloridrato De Propranolol 40mg Uniao Quimica, Caixa Com 30 Comprimidos",União Química,7896006245247,8.77,8.77,1.14,13% ,7.63
Ablok 25mg 30 Comprimidos,Não especificada,7896241221853,15.55,15.55,4.85,31% ,10.700000000000001
Betalor 5mg + 25mg com 30 cápsulas,Aché,7896181909071,77.86,77.86,11.68,15% ,66.18
Bravan Duo 320mg + 10mg comprimidos,Aché,7896658025013,108.99,108.99,16.35,15% ,92.63999999999999
"Angipress CD 50mg + 12,5mg, caixa com 30 comprimidos﻿",Aché,7896181916086,41.11,41.11,7.4,18% ,33.71
Maleato de Enalapril 5mg Genérico Legrand 30 Comprimidos,Legrand,7894916143004,23.83,23.83,9.06,38% ,14.769999999999998
Losartana Potássica 50mg 30 comprimidos EMS Genérico,Eurofarma,7891317427542,22.71,22.71,9.77,43% ,12.940000000000001
"Besilato De Anlodipino Teuto 10Mg, Caixa Com 30 Comprimidos",Teuto,7896112114277,28.09,28.09,9.27,33% ,18.82
"Carvedilol 6,25mg 30 Comprimidos",Legrand,7894916146401,53.89,53.89,28.56,53% ,25.330000000000002
Succinato de Metoprolol 25mg Medley 30 Comprimidos Revestidos,Não especificada,7891058000950,22.95,22.95,0.0,0% ,22.95
"Atenolol + Clortalidona Biosintetica 50Mg + 12,5Mg, Caixa Com 30 Comprimidos",Não especificada,7896181911159,34.31,34.31,0.0,0% ,34.31
Olmesartana Medoxomila 40mg + Hidroclorotiazida 25mg 30 comprimidos Eurofarma Genérico,Eurofarma,7891317124038,64.91,64.91,8.44,13% ,56.47
Cardizem SR 120mg 20Cap,Boehringer Ingelheim,7896026307161,78.75,78.75,16.54,21% ,62.21
Olmesartana Medoxomila 40MG  + Anlodipino 5MG 30CP,Não especificada,7896004750637,61.31,61.31,7.97,13% ,53.34
"Fluxocor 40mg, caixa com 30 comprimidos revestidos",Medley,7896422500883,52.8,52.8,7.92,15% ,44.879999999999995
"Fluxocor 20mg, caixa com 30 comprimidos revestidos",Medley,7896422500852,50.04,50.04,7.51,15% ,42.53
"Carvedilol  12,5Mg 30Cpr Leg",Legrand,7894916146425,62.4,62.4,42.43,68% ,19.97
Succinato de Metoprolol 25mg 30 comprimidos Neo Química Genérico,Accord Farma,7898947385693,24.4,24.4,0.0,0% ,24.4
Succinato de Metoprolol 100mg 30 comprimidos Neo Química Genérico,Accord Farma,7898947385778,80.32,80.32,14.46,18% ,65.85999999999999
Bravan Duo 320mg + 5mg comprimidos,Aché,7896658024993,98.62,98.62,14.79,15% ,83.83000000000001
"Maleato De Enalapril Medley 5Mg, Caixa Com 30 Comprimidos",Medley,7896422514286,24.34,24.34,0.73,3% ,23.61
Atenolol 25mg Vitamedic 30 Comprimidos,Vitamedic,7898049792979,9.78,9.78,5.67,58% ,4.109999999999999
Maleato de Enalapril 10mg 30 comprimidos Cimed Genérico,Não especificada,7898049796564,8.59,8.59,4.29,50% ,4.3
"Losartana Potássica 50mg + Hidroclorotiazida 12,5mg 30 comprimidos Eurofarma Genérico",Eurofarma,7891317445287,61.67,61.67,29.6,48% ,32.07
Bravan Duo 160mg + 10mg comprimidos,Aché,7896658024979,66.37,66.37,9.96,15% ,56.410000000000004
Maleato de Enalapril 20mg Genérico Cimed 30 Comprimidos,Legrand,7894916143011,29.72,29.72,11.29,38% ,18.43
"Nifedipress 20Mg, Caixa Com 30 Comprimidos De Liberacao Retardada",Medquímica,7896862910747,28.41,28.41,7.95,28% ,20.46
"Maleato de Enalapril Multilab 10mg, caixa com 30 comprimidos",Multilab,7895296216036,26.99,26.99,17.0,63% ,9.989999999999998
"Mesilato De Doxazosina Ranbaxy 2Mg, Caixa Com 30 Comprimidos",Ranbaxy,7897076912152,38.4,38.4,14.59,38% ,23.81
Anti-Hipertensivo Brasart Mono 160mg 30 Comprimidos,EMS Sigma Pharma,7894916507936,50.16,"R$ 41,36 ",7.52,15% ,42.64
Mesilato De Doxazosina 4Mg Com 30 Comprimidos Prati,Prati-Donaduzzi,7899547522877,55.45,"R$ 38,72 ",15.53,28% ,39.92
Mesilato de Doxazosina 2mg 30 comprimidos Teuto Genérico,Não especificada,7896112129295,35.47,"R$ 28,22 ",6.38,18% ,29.09
"Olmesartana Medoxomila + Hidroclorotiazida 40Mg + 12,5Mg Ems, Caixa Com 30 Comprimidos Revestidos",Não especificada,7896004750347,64.89,"R$ 42,18 ",21.41,33% ,43.480000000000004
"ATACAND COMB 16 2,5MG 30CPR",Não especificada,EAN não informado,117.13,"R$ 89,75 ",24.6,21% ,92.53
Brasart BCC 160 5mg com 30 Comprimidos,EMS Sigma Pharma,7894916509305,112.52,"R$ 103,68 ",5.63,5% ,106.89
"Lisinopril Medley 20Mg, Caixa Com 30 Comprimidos",Medley,7896422506779,95.66,"R$ 66,81 ",26.78,28% ,68.88
Betalor 5mg + 50mg com 30 cápsulas,Aché,7896181909101,83.93,"R$ 69,20 ",12.59,15% ,71.34
Emprol XR 25mg 30 Comprimidos,Accord Farma,7898577810732,32.88,"R$ 27,11 ",4.93,15% ,27.950000000000003
Valsartana 800mg Neo Química 30 Comprimidos,Neo Química,7896714241289,73.99,"R$ 44,49 ",28.12,38% ,45.86999999999999
"Olmy Anlo 20mg + 5mg, caixa com 30 comprimidos revestidos",EMS Sigma Pharma,7894916510240,76.2,76.2,13.72,18% ,62.480000000000004
"Olmesartana Medoxomila + Hidroclorotiazida Neo Quimica 40Mg + 25Mg, Caixa Com 30 Comprimidos Revestidos",Neo Química,7896714249001,64.9,64.9,8.44,13% ,56.46000000000001
"Olmesartana Medoxomila + Hidroclorotiazida Neo Quimica 20Mg + 12,5mg, Caixa Com 30 Comprimidos Revestidos",Neo Química,7896714249124,56.95,56.95,13.1,23% ,43.85
"Naprix 2,5mg com 90 comprimidos",Não especificada,7896094210707,183.38,183.38,27.51,15% ,155.87
Olmesartana Medoxomila 20MG  + Anlodipino 5MG 30CP,Não especificada,7896004750644,54.21,54.21,4.34,8% ,49.870000000000005
Acertanlo 7mg + 5mg 30 Comprimidos,Servier,7898029550339,88.74,88.74,4.44,5% ,84.3
"ZZ BRASART HCT 160 12,5MG 90CPR",Não especificada,EAN não informado,192.93,192.93,65.04,34% ,127.89
"Brasart BCC 160 + 5mg, caixa 60 comprimidos revestidos",EMS Sigma Pharma,7894916510103,182.5,182.5,5.47,3% ,177.03
"Cloridrato de Propranolol Cimed 40mg, caixa com 30 comprimidos",Cimed,7896523210438,4.23,4.23,0.13,3% ,4.1000000000000005
Cloridrato de Sotalol 120mg Biosintética 30 Comprimidos,Biosintética - Aché,7896181909293,85.1,85.1,19.57,23% ,65.53
Diovan Hct 320  25mg Novartis Biociências 28 Comprimidos Revestidos,Novartis,7896261012356,172.15,172.15,8.61,5% ,163.54000000000002
"Hemifumarato de Bisoprolol 2,5mg 30 Comprimidos Merck",Merck,7891721026898,46.11,46.11,1.38,3% ,44.73
Bravan Duo 80mg + 5mg comprimidos,Não especificada,7896658024931,66.37,66.37,9.96,15% ,56.410000000000004
"Diovan Hct 320Mg + 12,5Mg, Caixa Com 28 Comprimidos Revestidos",Novartis,7896261012332,149.58,149.58,7.48,5% ,142.10000000000002
"Cloridrato De Nebivolol 5Mg Pharlab, Caixa Com 30 Comprimidos",Não especificada,7898216363889,53.55,53.55,6.96,13% ,46.589999999999996
"Valsartana 160Mg Althaia, Caixa Com 30 Comprimidos Revestidos",Não especificada,7898945030854,57.15,57.15,10.29,18% ,46.86
"Diovan Hct 80Mg + 12,5Mg, Caixa Com 28 Comprimidos Revestidos",Novartis,7896261001145,149.58,149.58,7.48,5% ,142.10000000000002
"Angiopril 10mg, caixa com 30 comprimidos",Diffucap Chemobras,7898096578229,17.0,17.0,6.24,37% ,10.76
"Bramicar HCT 80mg + 25mg, caixa com 30 comprimidos",EMS Sigma Pharma,7894916510028,109.0,109.0,10.9,10% ,98.1
"Brasart BCC 320 + 10mg, caixa com 30 comprimidos revestidos",EMS Sigma Pharma,7894916509336,121.0,121.0,47.0,39% ,74.0
"Brasart BCC 320 + 5mg, caixa com 30 comprimidos revestidos",EMS Sigma Pharma,7894916509329,109.0,109.0,41.99,39% ,67.00999999999999
"Duomo 4mg, caixa com 30 comprimidos",Eurofarma,7891317003029,59.28,59.28,10.67,18% ,48.61
"Atenolol + Clortalidona Legrand 100mg + 25mg, caixa com 30 comprimidos",Legrand,7894916144681,55.0,55.0,29.15,53% ,25.85
"Losartana Potássica + Hidroclorotiazida Legrand 100mg + 25mg, caixa com 30 comprimidos revestidos",Legrand,7894916143035,91.0,91.0,48.23,53% ,42.77
"Besilato de Anlodipino Merck 5mg, caixa com 60 comprimidos",Merck,7891721277429,76.0,76.0,40.28,53% ,35.72
"Mesidox 2mg, caixa com 30 comprimidos",Merck,7891721023545,38.32,38.32,8.05,21% ,30.27
"Carvedilol Nova Química 12,5mg, caixa com 30 comprimidos",Nova Química,7895296092180,54.29,54.29,34.2,63% ,20.089999999999996
"Olmetec 20mg, caixa com 30 comprimidos revestidos",Pfizer,7891268148725,167.51,167.51,135.31,81% ,32.19999999999999
"Maleato de Enalapril Pharlab 20mg, caixa com 30 comprimidos",Pharlab,7898216367467,34.85,34.85,16.73,48% ,18.12
"Cloridrato de Propranolol Pharlab 40mg, caixa com 30 comprimidos",Pharlab,7898216362431,8.6,8.6,0.69,8% ,7.91
Olmecor 20 Mg 60 Comprimidos,Não especificada,8902220115569,100.45,100.45,18.08,18% ,82.37
Maleato de Enalapril 10mg Teuto 30 Comprimidos,Teuto,7896112126225,12.66,12.66,0.0,0% ,12.66
Maleato de Enalapril 20mg Teuto 30 Comprimidos,Teuto,7896112126270,28.26,28.26,6.5,23% ,21.76
"Losartana 50mg + Hidroclorotiazida 12,5mg Comprimidos",Não especificada,7896422509589,61.64,61.64,26.51,43% ,35.129999999999995
Diovan HCT 160mg + 25mg 28 Comprimidos Novartis,Novartis,7896261008076,172.15,172.15,8.61,5% ,163.54000000000002
"Irbesartana 300mg + Hidroclorotiazida 12,5mg 30 comprimidos Eurofarma Genérico",Eurofarma,7891317488390,134.63,134.63,24.23,18% ,110.39999999999999
Cloridrato De Diltiazem - Nova Química 30mg Caixa Com 50 Comprimidos,Nova Química,7895296211062,24.49,24.49,5.63,23% ,18.86
Cloridrato De Diltiazem - Nova Química 60mg Caixa Com 50 Comprimidos,Nova Química,7895296211086,46.64,46.64,20.06,43% ,26.580000000000002
Atenolol 100mg + Clortalidona 25mg 30 comprimidos EMS Genérico,Não especificada,7896004709147,55.02,55.02,20.91,38% ,34.11
Manivasc 20mg Caixa Com 28 Comprimidos,Não especificada,7896672202353,370.49,370.49,66.69,18% ,303.8
"Valtrian 50mg, caixa com 30 comprimidos revestidos",Medley,7896422510288,19.9,19.9,2.98,15% ,16.919999999999998
"Besilato de Anlodipino Merck 10mg, caixa com 30 comprimidos",Merck,7891721277450,64.42,64.42,53.47,83% ,10.950000000000003
Atenolol 100Mg 30Cpr Bio Ge,Não especificada,7896181900382,51.33,51.33,19.51,38% ,31.819999999999997
"Coversyl 4mg, caixa com 30 comprimidos",Servier,7898029551046,122.25,122.25,22.0,18% ,100.25
Captopril 25mg 30cpr teuto gen,Teuto,7896112116660,8.16,8.16,0.0,0% ,8.16
"Carvedilol 6,25mg 30 comprimidos EMS Genérico",EMS,7896004731285,53.89,53.89,31.26,58% ,22.63
Atenolol 25mg c  30 Comprimidos Genérico Neo Quimica,Neo Química,7896714262031,7.37,7.37,0.0,0% ,7.37
Cloridrato de Sotalol 160mg Aché Biosintética,Biosintética - Aché,7896181909583,80.55,80.55,18.53,23% ,62.019999999999996
"Succinato De Metoprolol Sandoz 25Mg, Caixa Com 30 Comprimidos Revestidos De Liberacao Prolongada",Não especificada,7896206407308,24.42,24.42,0.0,0% ,24.42
Concor Anlo 5+5Mg Com 30 Comprimidos,Não especificada,7891721029974,98.24,98.24,14.74,15% ,83.5
"Exforge HCT 160+12,5+10mg Novartis 28 Comprimidos",Não especificada,7896261015616,231.79,231.79,11.59,5% ,220.2
Carvedilol 25mg 30 Comprimidos EMS L3,EMS,7896004731322,103.9,103.9,49.87,48% ,54.03000000000001
"Hemifumarato de Bisoprolol 1,25mg 30 Comprimidos Merck",Merck,7891721026836,42.49,42.49,1.27,3% ,41.22
Hemifumarato de Bisoprolol 5mg 30 Comprimidos Merck,Não especificada,7891721026959,56.12,56.12,1.68,3% ,54.44
Acertanlo 14mg + 10mg com 30 comprimidos,Não especificada,7898029550353,153.65,153.65,7.68,5% ,145.97
Captopril 25mg Teuto com 30 comprimidos,Pharlab,7898216367726,5.52,5.52,0.0,0% ,5.52
Emprol XR Succinato de Metoprolol 50mg 30 comprimidos,Accord Farma,7898577810770,68.03,68.03,12.25,18% ,55.78
Cloridrato de Nebivolol 5mg 30 Comprimidos Biolab,Biosintética - Aché,7896181927822,92.05,92.05,39.58,43% ,52.47
Cloridrato de Nebivolol 5mg Genérico EMS 60 Comprimidos,Não especificada,7896004771403,109.58,109.58,25.2,23% ,84.38
Hemifumarato de Bisoprolol 10mg 30 Comprimidos Merck,Merck,7891721027017,63.91,63.91,1.92,3% ,61.989999999999995
"Selozok 50Mg, Caixa Com 60 Comprimidos desodalinarimidos De Liberacao Controlada",Não especificada,7896206406738,161.91,161.91,8.1,5% ,153.81
"Atensina 200mg, Caixa com 30 comprimidos",Boehringer Ingelheim,7896026300186,16.13,16.13,2.42,15% ,13.709999999999999
"Carvedilol 12,5mg  30 Comprimidos Germed",Não especificada,7896004731391,62.4,62.4,26.83,43% ,35.57
Atacand 8mg caixa com 30 comprimidos,Astrazeneca,7896206401160,174.02,174.02,8.7,5% ,165.32000000000002
Angipress Atenolol 50mg 30 comprimidos,Não especificada,7896181916246,37.09,37.09,5.56,15% ,31.530000000000005
Furosemida Geolab 40mg com 20 Comprimidos Genérico,Não especificada,7899095250949,10.89,10.89,1.42,13% ,9.47
"Maleato de Enalapril Cimed 10mg, caixa com 30 comprimidos",Cimed,7896523210759,18.21,18.21,6.92,38% ,11.290000000000001
"Selozok 100Mg, Caixa Com 30 Comprimidos De Liberacao Controlada",Astrazeneca,7896206402877,132.69,132.69,6.63,5% ,126.06
Captopril 25mg Globo 30 Comprimidos,Não especificada,7899620910133,11.66,11.66,4.43,38% ,7.23
Micardis Anlo 40mg + 5mg caixa com 30 comprimidos,Boehringer Ingelheim,7896026305327,131.84,131.84,19.78,15% ,112.06
Besilato Anlodipino 10mg Genérico EMS 30 Comprimidos,EMS,7896004703312,59.62,59.62,0.0,0% ,59.62
Besilato de Anlodipino 10mg Genérico Cimed 30 Comprimidos,Vitamedic,7898049796281,51.57,51.57,0.0,0% ,51.57
"Captopril Pharlab 50Mg, Caixa Com 30 Comprimidos",Pharlab,7898216367740,28.05,28.05,5.05,18% ,23.0
Besilato Anlodipino 5mg Genérico EMS 30 Comprimidos,EMS,7896004703305,30.41,30.41,11.56,38% ,18.85
Carvedilol 25mg 30 Comprimidos,Legrand,7894916146449,104.83,104.83,76.53,73% ,28.299999999999997
Diovan Amlo Fix 80 5mg 28 Comprimidos,Novartis,7896261012448,171.87,171.87,8.59,5% ,163.28
"Diovan Amlo Fix 160Mg + 5Mg, Caixa Com 28 Comprimidos Revestidos",Novartis,7896261012486,171.87,171.87,8.59,5% ,163.28
Diovan Amlo Fix 160 10mg 28 Comprimidos,Novartis,7896261012523,202.89,202.89,10.14,5% ,192.75
"Aradois H 50Mg, Caixa Com 60 Comprimidos Revestidos",Biolab,7896112427933,146.3,146.3,7.31,5% ,138.99
Atacand 16mg caixa com 30 comprimidos,Astrazeneca,7896206401146,173.23,173.23,8.66,5% ,164.57
"Concardio 2,5mg, Caixa Com 30 Comprimidos Revestidos",EMS,7894916508506,87.71,87.71,13.16,15% ,74.55
Maleato de Enalapril 10mg 30 comprimidos Genérico,Germed Pharma,7896004710358,11.41,11.41,0.0,0% ,11.41
Brasart HCT 320mg + 25mg com 30 comprimidos,EMS Sigma Pharma,7894916508377,104.66,104.66,5.23,5% ,99.42999999999999
Captopril 25mg Cimed 30 Comprimidos,Não especificada,7896523209845,13.9,13.9,5.98,43% ,7.92
"Carvedilol Nova Química 25mg, caixa com 30 comprimidos",Nova Química,7895296092302,91.21,91.21,48.34,53% ,42.86999999999999
Acertil Perindopril Arginina 10mg 30 comprimidos,Servier,7898029550247,103.31,103.31,5.17,5% ,98.14
Micardis HCT 80 + 25Mg Caixa Com 30 Comprimidos,Boehringer Ingelheim,7896026304016,247.75,247.75,12.39,5% ,235.36
Vartaz 160mg 30 comprimidos revestidos,Não especificada,7891317121983,58.15,58.15,8.72,15% ,49.43
"Exforge Hct 160mg + 25mg + 5mg, Caixa Com 28 Comprimidos Revestidos",Novartis,7896261015593,196.95,196.95,9.85,5% ,187.1
"Broncho-Vaxom 3,5mg, Caixa Com 10 Capsulas",Chiesi,7896672203909,72.85,"R$ 61,48 ",9.47,13% ,63.379999999999995
"Meloxicam Legrand 15mg, caixa com 10 comprimidos",Legrand,7894916140706,39.84,39.84,17.13,43% ,22.710000000000004
"Maxidex 1Mg Ml, Caixa Com 1 Frasco Gotejador Com 5Ml De Solucao De Uso Oftalmico",Novartis,7896548111727,11.43,"R$ 9,98 ",1.14,10% ,10.29
Ster 10mg suspensão oftálmica frasco com 5ml,União Química,7896006290988,32.54,"R$ 27,46 ",4.23,13% ,28.31
Flutinol 1mg ml suspensão Oftálmica 5ml,Laboratório Cristália,7896676432916,39.44,"R$ 33,67 ",4.73,12% ,34.709999999999994
Florate 1mg ml Suspensão Oftálmica Estéril 5ml,Novartis,7896548198865,40.38,"R$ 35,65 ",3.63,9% ,36.75
Ster 12ml suspensão oftálmica frasco com 10ml,Não especificada,7896006290667,53.54,"R$ 44,14 ",8.03,15% ,45.51
Vidisic 2mg/ml gel oftálmico tubo com 10g,Bausch + Lomb,7896046300067,51.47,51.47,4.12,8% ,47.35
Acetato de Prednisolona 10mg mL Genérico Geolab 5mL,Geolab,7899095230293,34.21,34.21,4.45,13% ,29.76
"Maxibell 0,5mg/mL + 4mg/mL, caixa com 1 frasco gotejador com 10mL de solução de uso oftálmico",Laboratório Cristália,7896676433104,16.0,16.0,2.4,15% ,13.6
"Pred Mild Suspensão Oftálmica 0,12  10ml",Allergan,7897316802861,58.93,58.93,7.07,12% ,51.86
Notuss Caixa Contendo 120Ml De Xarope + Copo Medidor De 10Ml,Aché,7896658021121,28.18,"R$ 24,87 ",2.54,9% ,25.64
Xarope Vick Mel Expectorante 100mL,Não especificada,7500435209786,37.45,"R$ 36,33 ",0.0,0% ,37.45
Neotoss Xarope Adulto 100 Ml,Neo Química,7896714236223,23.77,"R$ 21,90 ",1.19,5% ,22.58
Hytós Plus Xarope 100mL,União Química,7896006259701,29.92,29.92,1.63,5% ,28.290000000000003
"Xarope 44E 1,3 + 13,3Mg, Xarope, Frasco Com 120Ml",P&G,7590002023228,37.45,37.45,0.0,0% ,37.45
"Tilugen 3,54mg mL Xarope 120mL",Neo Química,7896714225562,43.02,43.02,10.22,24% ,32.800000000000004
"Antux 30mg/mL, caixa com 1 frasco gotejador com 20mL de solução de uso oral",Aché,7896658001765,49.72,49.72,8.95,18% ,40.769999999999996
"Seki 35,4mg/mL, caixa com 1 frasco com 15mL de suspensão de uso oral + conta gotas",Zambon,7898074618206,51.6,51.6,5.16,10% ,46.44
"Neotoss Dropropizina 1,5mg mL Xarope Pediátrico 60mL",Neo Química,7896714236247,17.53,17.53,1.75,10% ,15.780000000000001
Vibral Xarope Pediatrico 120mL,Abbott do Brasil,7896253900913,26.51,26.51,0.0,0% ,26.51
"Broncho Vaxom 3,5 Mg 30 Sachet",Chiesi,7896672203923,209.16,"R$ 172,46 ",31.37,15% ,177.79
"Broncho-Vaxom 7,0mg, Caixa Com 10 Capsulas De Uso Adulto",Chiesi,7896672203886,107.91,"R$ 88,97 ",16.19,15% ,91.72
Uro-Vaxom 6mg 30 Cápsulas,Apsen,7896637023580,164.92,"R$ 131,17 ",29.69,18% ,135.23
Enax 200mg 30 Comprimidos,Arese Pharma,7899824400812,90.38,90.38,13.56,15% ,76.82
"Seki 3,54Mg Ml, Caixa Com 1 Frasco Com 120Ml De Xarope + Copo Medidor",Zambon,7898074618183,30.88,"R$ 24,15 ",5.98,19% ,24.9
Gotas Binelli Dropropizina 30mg mL Solução Oral 10mL,Megalabs,7896026130004,23.0,"R$ 20,08 ",2.3,10% ,20.7
"Dropropizina Biosintetica 3Mg Ml, Caixa Com 1 Frasco Com 120Ml De Xarope Adulto + 1 Copo Medidor",Não especificada,7896181922377,17.54,"R$ 17,01 ",0.0,0% ,17.54
"Percof 6Mg Ml, Caixa Com 1 Frasco Com 120Ml De Xarope + Copo Medidor",Eurofarma,7891317411909,45.83,"R$ 39,12 ",5.5,12% ,40.33
"Ecos 3Mg Ml, Caixa Com 1 Frasco Com 120Ml De Xarope",União Química,7896006216308,31.1,"R$ 23,12 ",7.27,23% ,23.830000000000002
"Antux 6Mg Ml, Caixa Com 1 Frasco Com 120Ml De Xarope + 1 Copo Medidor",Aché,7896658001789,44.45,"R$ 36,65 ",6.67,15% ,37.78
Vibral Xarope Adulto 120mL,Abbott do Brasil,7896253900920,30.71,30.71,0.0,0% ,30.71
"Tecnomet 2,5Mg, Caixa Com 20 Comprimidos",Zodiac,7892953101865,42.77,"R$ 35,26 ",6.42,15% ,36.35
"Digoxina 0,25mg 30 Comprimidos",Não especificada,7898216360420,17.83,"R$ 15,91 ",1.43,8% ,16.4
"Digoxina 0,25mg Genérico Pharlab 20 Comprimidos",Pharlab,7898216361595,12.29,12.29,0.98,8% ,11.309999999999999
Rosuvastatina Calcica 10mg com 30 Comprimidos Germed,Germed Pharma,7896004729657,99.09,99.09,82.24,83% ,16.85000000000001
Rosuvastatina Calcica 20mg com 30 Comprimidos Germed,Germed Pharma,7896004728865,173.57,173.57,135.38,78% ,38.19
DoisKa Biolab caixa com 30 comprimidos,Biolab,7896112400349,90.21,90.21,28.02,31% ,62.19
"Nimesulida Legrand 100mg, caixa com 12 comprimidos",Legrand,7894916143080,30.59,30.59,9.18,30% ,21.41
"Cetoprofeno Biosintética - Aché 100mg, caixa com 20 comprimidos revestidos de liberação retardada",Biosintética - Aché,7896181925149,43.48,43.48,5.65,13% ,37.83
"Melocox 7,5mg, caixa com 10 comprimidos",Eurofarma,7891317439002,25.0,25.0,6.25,25% ,18.75
"Pred Fort 10mg mL, Caixa Com 1 Frasco Gotejador Com 5mL De Solucao De Uso Oftalmico",Allergan,7897316800300,56.91,56.91,5.69,10% ,51.22
"Aciclovir Comprimido Teuto 200Mg, Caixa Com 25 Comprimidos",Teuto,7896112128762,70.23,"R$ 42,23 ",26.69,38% ,43.540000000000006
"Aciclovir Comprimido Uniao Quimica 200Mg, Caixa Com 30 Comprimidos",União Química,7896006202875,100.7,"R$ 36,14 ",63.44,63% ,37.260000000000005
"Aciclovir Creme Biosintetica 50Mg G, Caixa Com 1 Bisnaga Com 10G De Creme De Uso Dermatologico",Não especificada,7896181901143,29.16,"R$ 21,78 ",6.71,23% ,22.45
"Aciclovir Creme Prati-Donaduzzi 50Mg G, Caixa Com 1 Bisnaga Com 10G De Creme De Uso Dermatologico",Prati-Donaduzzi,7898148299317,26.18,"R$ 23,37 ",2.09,8% ,24.09
Aciclovir 400mg com 10 comprimidos,Ranbaxy,7897076907424,100.18,"R$ 74,83 ",23.04,23% ,77.14000000000001
Penvir Fanciclovir 125mg 10 comprimidos,EMS Sigma Pharma,7894916500364,120.53,"R$ 99,38 ",18.08,15% ,102.45
"Aciclovir Creme Neo Quimica 50Mg G, Caixa Com 1 Bisnaga Com 10G De Creme De Uso Dermatologico",Neo Química,7896714265308,30.56,"R$ 22,82 ",7.03,23% ,23.529999999999998
Penvir Labia 10Mg G - Caixa Com 1 Tubo Com 5G De Creme De Uso Dermatologico,EMS Sigma Pharma,7896004786858,60.61,"R$ 57,03 ",1.82,3% ,58.79
"Aciclovir 200Mg Pharlab, Caixa Com 25 Comprimidos",Não especificada,7896004770772,95.37,"R$ 38,86 ",55.31,58% ,40.06
Aciclovir 400 Mg 30 Comprimidos Merck,Merck,7891721202391,281.74,"R$ 101,11 ",177.5,63% ,104.24000000000001
Aciclovir Creme 50mg g Genérico Cimed 10g,Cimed,7896523207629,28.99,"R$ 23,90 ",4.35,15% ,24.64
Zovirax Cre 10Gr,GSK,7896269901379,70.23,"R$ 57,91 ",10.53,15% ,59.7
Cloridrato de Valaciclovir 500mg Ranbaxy 10 Comprimidos,Não especificada,7897076913050,140.39,"R$ 125,29 ",11.23,8% ,129.16
Resist Cloridrato de Lisina 500mg 30 cápsulas,Aché,7896658024627,67.8,"R$ 59,19 ",6.78,10% ,61.019999999999996
Aciclovir 400mg 30 comprimidos Prati Donaduzzi Genérico,Não especificada,7899547511338,157.5,"R$ 102,36 ",51.97,33% ,105.53
Ixium 50mg creme dermatológico 12 sachês com 025g,Farmoquímica,7898040321499,344.28,344.28,17.21,5% ,327.07
Aciclovir 200mg Cimed com 30 comprimidos,1Farma,7896523216621,112.89,112.89,48.54,43% ,64.35
Penvir Fanciclovir 500mg 21 comprimidos,EMS Sigma Pharma,7894916500371,676.1,676.1,169.02,25% ,507.08000000000004
"Aciclovir Ranbaxy 200mg, caixa com 10 comprimidos",Ranbaxy,7897076907400,50.04,50.04,16.51,33% ,33.53
Clexane Safety Lock 40Mg 2 Seringas,Sanofi,7891058003210,172.17,172.17,46.49,27% ,125.67999999999998
Versa 40mg Injetável 2 Seringas Preenchidas,Eurofarma,7891317487317,163.39,163.39,29.41,18% ,133.98
"Volare 40mg Aché 6 Seringas com 0,4mL + Sistema de Segurança",Não especificada,7896658037221,505.02,505.02,75.75,15% ,429.27
Leite De Magnesia Eno 350Ml,GSK,7896015591946,27.2,"R$ 23,75 ",2.72,10% ,24.48
"Dulcolax 5Mg, Caixa Com 20 Drageas",Sanofi,7891058021528,18.13,"R$ 17,59 ",0.0,0% ,18.13
Sal Amargo Farmax 30 Gramas,Farmax,7896902206458,3.44,"R$ 3,01 ",0.34,10% ,3.1
Complexo Senna Almeida Prado 46 60 comprimidos,Homeopatia Almeida Prado,7896026173018,38.98,"R$ 29,09 ",8.99,23% ,29.989999999999995
Tamarine 12mg com 20 Cápsulas,Cosmed,7896094906594,95.89,"R$ 72,59 ",21.05,22% ,74.84
"Picoprep contém 2 sachês com 16,1g cada - sabor laranja",Ferring,7896165600727,51.81,"R$ 41,21 ",9.33,18% ,42.480000000000004
ZZ Oleo Mineral Naturol Farmax Frasco Com 100Ml De Oleo De Uso Dermatologico,Farmax,7896902207523,12.67,"R$ 11,06 ",1.27,10% ,11.4
Valtrex Cloridrato de Valaciclovir 500mg 10 comprimidos,GSK,7896269900235,212.91,212.91,10.65,5% ,202.26
"Cerumin 0,4Mg Ml + 140Mg Ml, Caixa Com 1 Frasco Gotejador Com 8Ml De Solucao De Uso Otologico",Novartis,7896548140284,18.05,"R$ 16,98 ",0.54,3% ,17.51
Auris-Sedina 10mL,Osório de Moraes,7898089300011,32.85,"R$ 29,31 ",2.63,8% ,30.220000000000002
Aceratum Sl Delta 10mL,Cellera Farma,7893454300115,23.88,"R$ 23,16 ",0.0,0% ,23.88
Máscara Facial Dermage Caviar Gold Mask 10g,Não especificada,7895389144222,5.99,5.99,0.0,0% ,5.99
Dermage Resveratrol E Berry Mask 10g,Não especificada,7895389153804,5.99,5.99,0.0,0% ,5.99
Base Fortalecedora para Unhas Nail Force 8ml,Não especificada,7895389131079,45.99,45.99,11.0,24% ,34.99
Máscara Facial Anti-idade Collagen Mask 10gr,Não especificada,7895389140514,12.99,12.99,7.0,54% ,5.99
Clexane Safety Lock 40mg Sanofi 6 Seringas,Sanofi,7891058004460,516.63,"R$ 366,93 ",138.35,27% ,378.28
"Versa 60mg + 2 Seringas Preenchidas com 0,6mL",Não especificada,7891317487331,248.93,248.93,82.77,33% ,166.16000000000003
"Tamarine 4,878Mg G + 4,719Mg G, Frasco Com 150G De Geleia Uso Oral, Zero Acucar",Cosmed,7897322709789,90.57,"R$ 68,58 ",19.87,22% ,70.69999999999999
Tamarine Caixa Com 20 Capsulas,Cosmed,7896179850040,92.44,"R$ 69,21 ",21.09,23% ,71.35
Pílulas Imescard 10 + 10 + 10 + 30mg caixa com 36 drágeas,Osório de Moraes,7898089300042,39.85,"R$ 31,90 ",6.96,17% ,32.89
"Enemin 714Mg G + 7,70Mg G, Caixa Com 7 Bisnagas De Solucao De Uso Retal",Kley Hertz Farmacêutica,7896331706925,50.77,"R$ 41,86 ",7.62,15% ,43.150000000000006
"Peg-Lax 8,5g Pó Para Solução Oral Sem Sabor 14 Envelopes",Myralis,7898430191978,49.49,"R$ 40,54 ",7.7,16% ,41.79
Fibra Alimentar Fibermais Sem Sabor 260Gr,FiberMais,7896001303119,129.99,"R$ 126,09 ",0.0,0% ,129.99
"Plesonax 5Mg, Caixa Com 20 Comprimidos Revestidos",Neo Química,7896714215037,9.79,"R$ 7,73 ",1.82,19% ,7.969999999999999
"Leite De Magnesia De Phillips, Tradicional, 350Ml",GSK,7895858015695,33.42,"R$ 24,22 ",8.45,25% ,24.970000000000002
Leite De Magnesia Eno Hortela 350Ml,Não especificada,7896015591960,27.2,"R$ 23,75 ",2.72,10% ,24.48
"Supositorio De Glicerina Granado Pharmacias Caixa Com 12 Supositorios, Uso Adulto",Granado Pharmácias,7896512901392,28.78,"R$ 25,12 ",2.88,10% ,25.900000000000002
"Phosfoenema 160Mg Ml + 60Mg Ml, Caixa Com 1 Frasco Com 130Ml De Solucao De Uso Retal",Laboratório Cristália,7896676434323,20.35,"R$ 19,74 ",0.0,0% ,20.35
"Leite De Magnesia De Phillips, Tradicional, 120Ml",GSK,7895858015688,20.67,"R$ 16,21 ",3.96,19% ,16.71
Leite De Magnesia Eno 120Ml,Não especificada,7896015591953,16.7,"R$ 14,45 ",1.8,11% ,14.899999999999999
Bisalax 5 Mg 20 Comprimidos,União Química,7896006257929,8.88,"R$ 8,61 ",0.0,0% ,8.88
"Lacto-Purga 5Mg, Blister Com 6 Comprimidos Revestidos",Cosmed,7896094903234,5.86,"R$ 5,68 ",0.0,0% ,5.86
"Supositorio De Glicerina Granado Pharmacias Caixa Com 12 Supositorios, Uso Lactantes",Granado Pharmácias,7896512918796,24.14,"R$ 21,08 ",2.41,10% ,21.73
Peg-Lax 17g Pó Para Solução Oral Sabor Limão 14 Envelopes,Não especificada,7898430191879,65.48,"R$ 45,51 ",18.56,28% ,46.92
"Rapilax 7,5Mg Ml, Caixa Com 1 Frasco Gotejador Com 30Ml De Solucao De Uso Oral",Kley Hertz Farmacêutica,7896331704808,18.67,"R$ 16,30 ",1.87,10% ,16.8
ProHN 15 Cápsulas,Não especificada,7896658036385,68.33,"R$ 59,65 ",6.84,10% ,61.489999999999995
Tamareti Sabor Ameixa 150g - Kley Hertz,Kley Hertz Farmacêutica,7896331707007,104.81,"R$ 68,53 ",34.16,33% ,70.65
Fibra Leve Fiber Kester 200g,Não especificada,7891105135765,44.33,"R$ 38,70 ",4.43,10% ,39.9
"Ducodil 5Mg, Caixa Com 20 Comprimidos Revestidos",Cimed,7896523210865,10.67,"R$ 10,35 ",0.0,0% ,10.67
Óleo Mineral Bravir frasco com 200mL de óleo uso oral ou tópico,Bravir,7896186000384,32.36,32.36,3.24,10% ,29.119999999999997
Leite de Magnésia Cimed Hortelã 120mL,Não especificada,7896523201450,14.24,"R$ 10,03 ",3.9,27% ,10.34
Lactulona 667mg ml Xarope Sabor Ameixa 120ml + Copo Medidor,Daiichi-Sankyo,7897411610767,61.09,"R$ 51,68 ",7.81,13% ,53.28
"Minilax 714Mg G + 7,70Mg G, Caixa Com 7 Bisnagas Com 6,5G De Solucao De Uso Retal",Eurofarma,7891317015176,51.71,"R$ 47,44 ",2.8,5% ,48.910000000000004
Naturetti Geleia 130G S Acucar,Neo Química,7896714292151,83.35,"R$ 73,57 ",7.5,9% ,75.85
Óleo Mineral ADV Farma frasco com 100mL de óleo de uso dermatológico ou oral,ADV Farma,7896230301283,17.44,"R$ 15,23 ",1.74,10% ,15.700000000000001
Lacto Purga 16 Comprimidos,Cosmed,7896094904118,12.78,"R$ 12,40 ",0.0,0% ,12.78
Leite De Magnesia 120Ml Cimed,Não especificada,7896523201436,14.24,"R$ 10,03 ",3.9,27% ,10.34
"Supositorio De Glicerina Granado Pharmacias Caixa Com 12 Supositorios, Uso Infantil",Granado Pharmácias,7896512901408,25.18,"R$ 21,98 ",2.52,10% ,22.66
Lativax Lactulose Kester Salada de Frutas 120ml,Não especificada,7908135001080,41.69,"R$ 36,39 ",4.17,10% ,37.519999999999996
FiberMais Sem Sabor Display 10 sachês de 5g,FiberMais,7896001303126,46.89,"R$ 38,79 ",6.9,15% ,39.99
"ZZ Mix De Fibras Fibernorm Sache, 5G, 10 Unidades",Takeda,7896641812545,64.14,"R$ 55,28 ",7.15,11% ,56.99
Alektos Pediatrico Solucao Oral Com 120Ml + Copo Dosador,Não especificada,7896094925137,88.11,"R$ 85,47 ",0.0,0% ,88.11
Adoçante Dietético Imolac com 120mL,Não especificada,7898495609364,64.39,"R$ 48,09 ",14.81,23% ,49.58
VonauGasMax 250mg 20 Cápsulas Moles Geolab,Não especificada,7896112407188,51.46,"R$ 47,13 ",2.87,6% ,48.59
Oleo Mineral 100 Ml Uniao Quimica,União Química,7896006277408,21.04,"R$ 13,37 ",7.26,35% ,13.78
Imolac Lactitol Líquido com 200mL,Não especificada,7898495609487,82.67,"R$ 68,16 ",12.4,15% ,70.27
"Peg-Lax Macrogol 4000 0,5g mL solução oral 250mL",Não especificada,7898430194399,74.3,"R$ 57,28 ",15.25,21% ,59.05
Óleo Mineral Teuto 100mL,Não especificada,7896112182993,20.13,"R$ 11,55 ",8.22,41% ,11.909999999999998
Óleo de Rícino ADV com 30mL,ADV Farma,7896230304673,9.89,"R$ 8,63 ",0.99,10% ,8.9
Guttalax Gotas 30 Ml,Sanofi,7891058021689,35.01,"R$ 33,96 ",0.0,0% ,35.01
"Glicel 1,667g 6 Supositórios de Uso Pediátrico",Não especificada,7898100243808,25.56,"R$ 18,25 ",6.75,26% ,18.81
Leite De Magnesia Eno Hortela 120Ml,Não especificada,7896015591977,16.7,"R$ 14,45 ",1.8,11% ,14.899999999999999
"Colact 667mg mL, caixa com 1 frasco com 120mL de xarope, sem sabor",União Química,7896006213123,55.89,"R$ 21,83 ",33.39,60% ,22.5
Lativax Lactulose Kester Ameixa 120ml,Não especificada,7908135001073,41.69,"R$ 36,39 ",4.17,10% ,37.519999999999996
Supositorio Glicerina Glicel Adulto 6 Unidades,Brasterápica,7898100242955,25.82,"R$ 18,25 ",7.01,27% ,18.810000000000002
Naturetti 16 Cápsulas,Neo Química,7896714292168,66.6,66.6,8.66,13% ,57.94
"Suplemento Alimentar de Fibras Nestlé FiberMais Zero Açúcares laranja, lata com 170g",FiberMais,7891000127452,62.89,62.89,0.0,0% ,62.89
Oleo Mineral Bravir 100Ml,Não especificada,7896186000438,19.0,19.0,1.9,10% ,17.1
"Leite De Magnesia De Phillips, Hortela, 120Ml",GSK,7895858015664,20.67,20.67,5.1,25% ,15.570000000000002
"Leite De Magnesia De Phillips, Hortela, 350Ml",GSK,7895858015671,33.42,33.42,6.35,19% ,27.07
Fly 250Mg Com 20 Capsulas,Não especificada,7896112405801,50.89,50.89,6.27,12% ,44.620000000000005
Floralac Sabor Salada de Frutas 120mL,Dovalle,7896360001138,60.34,60.34,6.03,10% ,54.31
Suavlax Com 30 Cápsulas,Não especificada,7896360002258,59.82,59.82,5.98,10% ,53.84
Glicerin 6 supositórios Adulto,EMS,7896004702735,26.04,26.04,7.78,30% ,18.259999999999998
ZZ Sene 60 Comprimidoss,Não especificada,7908135001639,29.9,29.9,0.0,0% ,29.9
"Lacto-Leve 698mg/mL, frasco com 120mL de solução de uso oral, sem sabor",Cosmed,7896094917507,42.88,42.88,0.0,0% ,42.88
"Lacto-Leve 698mg/mL, frasco com 120mL de solução de uso oral, sabor ameixa",Cosmed,7896094917491,42.88,42.88,0.0,0% ,42.88
"Mix de Fibras Fibernorm Lata, 225g",Takeda,7896641812552,174.16,174.16,49.67,29% ,124.49
"Muvinlax 13,125G + 0,1775G + 0,0466G + 0,3507G, Caixa Com 20 Saches Com 14G De Po Para Preparo Extemporaneo De Uso Oral",Libbs,7896094201637,51.64,51.64,0.0,0% ,51.64
Óleo de Rícino Farmax frasco com 30mL de óleo de uso oral,Farmax,7896902211933,4.03,4.03,0.4,10% ,3.6300000000000003
"Geleia FiberMais ameixa, pote com 190g",FiberMais,7891000301067,31.29,31.29,3.13,10% ,28.16
Metamucil Laranja Sache 10 Env,P&G,0020800750165,61.19,61.19,12.84,21% ,48.349999999999994
Glicerin Infantil EMS 6 Supositórios,EMS,7896004702742,25.87,25.87,5.76,22% ,20.11
Metamucil Solúvel Sabor Laranja 174g,P&G,0020800750158,118.04,118.04,0.0,0% ,118.04
Metamucil pó solúvel frasco 210g,P&G,7500435121965,113.5,113.5,0.0,0% ,113.5
ProHN 30 Cápsulas,Aché,7896658036392,128.23,128.23,28.24,22% ,99.99
Nutren Senior Sopa Frango 40Gr,Não especificada,7891000318201,8.49,8.49,0.0,0% ,8.49
Óleo Mineral - Nativita Frasco com 100mL de óleo uso oral e tópico,Nativita Farmacêutica,7897848500099,19.0,19.0,11.01,58% ,7.99
L-Enema Solução Retal 130mL,Natulab,7898133139420,22.88,22.88,0.0,0% ,22.88
"Suplemento Alimentar de Fibras Nestlé FiberMais Zero Açúcares suco verde, lata com 200g",FiberMais,7891000133316,99.89,99.89,24.97,25% ,74.92
Regulador Intestinal Duphalac Solução 200mL,Abbott do Brasil,7896255767149,60.87,60.87,0.0,0% ,60.87
"Bisalax 5mg, blíster com 6 comprimidos revestidos de liberação retardada",União Química,7896006257943,2.9,2.9,0.0,0% ,2.9
"Leite de Magnésia Magmax 1200mg/15mL, caixa com 1 frasco com 100mL de suspensão de uso oral, sabor tradicional",Natulab,7899470802268,18.7,18.7,1.87,10% ,16.83
"Naridrin 1Mg Ml + 0,2Mg Ml + 5Mg Ml, Caixa Com 1 Frasco Com 30Ml De Solucao De Uso Nasal",EMS,7896004714578,38.33,"R$ 17,85 ",19.93,52% ,18.4
"Aturgyl 0,5Mg Ml, Caixa Com 1 Frasco Spray Com 15Ml De Solucao De Uso Nasal",Cosmed,7896094928039,18.94,"R$ 18,37 ",0.0,0% ,18.94
Maxidrate 6mg Gel Nasal com 30g,Libbs,7896094208407,52.56,"R$ 46,89 ",4.22,8% ,48.34
"Budesonida Ems 32Mcg Acionamento, Caixa Com 1 Frasco Com 120 Doses De Suspensao De Uso Nasal",EMS,7896004758268,27.34,"R$ 21,75 ",4.92,18% ,22.42
Vick Vaporub 50 Gramas Pomada,P&G,7590002012468,61.71,"R$ 47,81 ",12.42,20% ,49.29
Vick Drops Sabor Menta com 5 pastilhas,Vick,7896093002471,3.86,"R$ 3,74 ",0.0,0% ,3.86
"Neosoro 0,5Mg Ml, Caixa Com 1 Frasco Gotejador Com 30Ml De Solucao De Uso Nasal",Neo Química,7896714231143,12.07,"R$ 6,08 ",5.8,48% ,6.2700000000000005
Pomada Vick Vaporub com 12g,P&G,7896093001030,19.24,"R$ 14,93 ",3.85,20% ,15.389999999999999
Spray Nasal Maresis 100mL,Farmoquímica,7898040322540,52.31,"R$ 50,74 ",0.0,0% ,52.31
Angino Rub 3Mg Menta Com 16 Pastilhas,Eurofarma,7891317002589,21.44,"R$ 20,80 ",0.0,0% ,21.44
"Avamys 0,0275Mg Dose, Caixa Com 1 Frasco Spray Com 120 Doses De Suspensao De Uso Nasal",GSK,7896015518875,73.93,"R$ 58,80 ",13.31,18% ,60.620000000000005
"Narix 0,5Mg Ml, Caixa Com 1 Frasco Gotejador Com 30Ml De Solucao De Uso Nasal",Cimed,7896523202600,9.9,"R$ 5,34 ",4.39,44% ,5.510000000000001
"Sorine Ssc 9Mg Ml, Caixa Com 1 Frasco Spray Com 100Ml De Solucao De Uso Nasal",Aché,7896658023224,41.5,"R$ 26,08 ",14.61,35% ,26.89
Naridrin Solução Nasal 15ml,EMS,7896004803456,23.89,"R$ 12,31 ",11.2,47% ,12.690000000000001
"Sorine Nebulizador 0,9 , Frasco Gotejador Com 45Ml De Solucao De Uso Nasal  Bico Nebulizador",Aché,7896658012327,27.31,"R$ 22,51 ",4.1,15% ,23.21
"Nasonex 0,05Mg G, Caixa Com 1 Frasco Com 120 Doses De Suspensao De Uso Nasal",Organon,7897337716543,67.87,"R$ 59,91 ",6.11,9% ,61.760000000000005
"Busonid 50Mcg Dose, Caixa Com 1 Frasco Com 6Ml De Suspensao De Uso Nasal  120 Doses",Aché,7896181907176,45.51,"R$ 37,52 ",6.83,15% ,38.68
"Allenasal 55Mcg 120Doses, Caixa Com 1 Frasco Spray Com 16,5 Ml De Suspensao De Uso Nasal",Sanofi,7891058022778,73.89,"R$ 60,93 ",11.08,15% ,62.81
Flogoral Spray Sabor Cereja 30ml,Aché,7896658005299,37.49,"R$ 29,82 ",6.75,18% ,30.740000000000002
Neosoro H 3  Solução Nasal Spray 60ml,Não especificada,7896714225296,29.92,"R$ 23,22 ",5.98,20% ,23.94
"Rinosoro Jet 0,9  Spray Nasal 100ml",Cosmed,7897322709376,49.8,"R$ 38,70 ",9.9,20% ,39.9
Salsep 360 Spray Nasal 50mL,Libbs,7896094207943,28.74,"R$ 16,39 ",11.84,41% ,16.9
"Ciflogex Pastilha 3,0Mg, Caixa Com 12 Pastilhas, Sabor Laranja",Cimed,7896523216454,21.44,"R$ 18,72 ",2.14,10% ,19.3
"Flogoral Colutorio 1,5Mg Ml, Caixa Contendo 1 Frasco Com 250Ml De Colutorio Sabor Menta + 1 Copo Medidor",Aché,7896658006760,30.76,"R$ 26,80 ",3.13,10% ,27.630000000000003
"Strepsils 8,75mg Sabor Mel e Limão 16 Pastilhas",Reckitt Benckiser,7891035010866,30.18,"R$ 28,51 ",0.79,3% ,29.39
"Sorine Ssc Jet Baby 0,9 , Caixa Com 1 Frasco Com 100Ml De Solucao De Uso Nasal",Aché,7896658035944,41.5,"R$ 36,23 ",4.15,10% ,37.35
"Descongestionante Inalador Vick 0,5g",P&G,7896093000217,18.87,"R$ 18,30 ",0.0,0% ,18.87
"Flogoral Pastilha 3Mg, Caixa Com 12 Pastilhas, Menta",Aché,7896658005459,18.25,"R$ 15,94 ",1.82,10% ,16.43
Pastilha Strepsils Sabor Mel e Limão 8 unidades,Reckitt Benckiser,7891035010842,16.28,"R$ 15,79 ",0.0,0% ,16.28
Neosoro Infantil 9mg mL Descongestionante Gotas 30mL,Neo Química,7896714230023,12.62,"R$ 7,62 ",4.76,38% ,7.859999999999999
"Nasonex 0,05Mg G, Caixa Com 1 Frasco Com 60 Doses De Suspensao De Uso Nasal",Organon,7897337716550,48.72,"R$ 40,17 ",7.31,15% ,41.41
"Ciflogex Pastilha 3,0Mg, Caixa Com 12 Pastilhas, Sabor Menta - Limao",Cimed,7896523216447,21.44,"R$ 16,39 ",4.54,21% ,16.900000000000002
Salsep Jet Kids 100mL,Libbs,7896094209695,42.53,"R$ 19,30 ",22.63,53% ,19.900000000000002
"Rinosoro 9,0mg mL Descongestionante Spray 30mL",Cosmed,7897322702032,22.48,"R$ 19,86 ",2.01,9% ,20.47
"Narix Spray 9,0Mg Ml + 0,1Mg Ml, Frasco Com 50Ml De Solucao Nasal",Cimed,7896523222783,23.83,"R$ 20,65 ",2.54,11% ,21.29
"Budesonida Ems 64Mcg Acionamento, Caixa Com 1 Frasco Com 120 Doses De Suspensao De Uso Nasal",EMS,7896004758275,48.48,"R$ 38,56 ",8.73,18% ,39.75
Salsep Spray Nasal 50mL,Libbs,7896094201514,24.93,"R$ 16,39 ",8.03,32% ,16.9
Solução Antisséptica Bucal Malvona com 200mL,Não especificada,7896026170567,42.39,"R$ 33,75 ",7.6,18% ,34.79
"Rinosoro Jet XT 9,0mg ml Descongestionante Spray 100ml Solução",Cosmed,7896094917835,64.95,"R$ 57,03 ",6.16,9% ,58.790000000000006
"Sorine 0,5Mg Ml, Caixa Contendo 1 Frasco Gotejador Com 30Ml De Solucao De Uso Nasal",Aché,7896658000652,27.37,"R$ 22,56 ",4.11,15% ,23.26
"Sorine 0,1Mg Ml + 9Mg Ml, Caixa Contendo 1 Frasco Com 30Ml De Solucao De Uso Nasal + 1 Conta-Gotas",Aché,7896658012303,18.41,"R$ 16,07 ",1.84,10% ,16.57
"Sorine Ssc 9Mg Ml, Caixa Com 1 Frasco Spray Com 50Ml De Solucao De Uso Nasal Sem Conservante",Aché,7896658020315,28.78,"R$ 25,09 ",2.91,10% ,25.87
"Benalet 5Mg + 50Mg + 10Mg, Caixa Com 12 Pastilhas, Sabor Mel E Limao",Janssen-Cilag,7891268402025,40.85,"R$ 27,74 ",12.25,30% ,28.6
"Dymista 137Mcg + 50Mcg Dose, Caixa Com 1 Frasco Spray Com 23G De Suspensao De Uso Nasal",Mylan,7898560664137,155.52,"R$ 128,22 ",23.33,15% ,132.19
"Bismu-Jet 25Mg Ml + 25Mg Ml + 15Mg Ml, Caixa Com 1 Frasco Gotejador Com 20Ml De Suspensao De Uso Oral",Legrand,7896004810140,39.09,"R$ 25,90 ",12.39,32% ,26.700000000000003
Pastilhas para Garganta Strepsils - Laranja - 16 unidades,Reckitt Benckiser,7891035010972,31.69,"R$ 30,74 ",0.0,0% ,31.69
"Rinosoro Jet 0,9  Solução Nasal 100mL",Cosmed,7896094917385,49.8,"R$ 38,70 ",9.9,20% ,39.9
"Ciflogex Pastilha 3,0Mg, Caixa Com 12 Pastilhas, Sabor Cereja",Cimed,7896523216461,21.44,"R$ 17,49 ",3.41,16% ,18.03
Vick Vaporub 30 Gramas Pomada,P&G,7590002032817,41.21,"R$ 29,19 ",11.12,27% ,30.090000000000003
"Ciflogex Pastilha 3Mg, Caixa Com 12 Pastilhas, Sabor Mel - Limao",Cimed,7896523216478,21.44,"R$ 18,72 ",2.14,10% ,19.3
"Benalet 5Mg + 50Mg + 10Mg, Caixa Com 12 Pastilhas, Sabor Menta",Janssen-Cilag,7891268402018,40.85,"R$ 26,17 ",13.87,34% ,26.980000000000004
Salsep Jet 100mL,Libbs,7896094209701,40.58,"R$ 19,30 ",20.68,51% ,19.9
Penetro Descongestionante Solução Via Inalatória 45mL,Megalabs,7896026120555,32.46,"R$ 31,49 ",0.0,0% ,32.46
Angino Rub 3mg Sabor Mel e Limão 16 Pastilhas,Eurofarma,7891317007256,21.44,"R$ 18,72 ",2.14,10% ,19.3
"Ciflogex Colutorio Spray 1,5Mg Ml, Caixa Com 1 Frasco Spray Com 30Ml De Colutorio, Menta",Cimed,7896523206288,30.47,"R$ 21,24 ",8.57,28% ,21.9
"Sinustrat Forte 9,0mg ml Solução Nasal 10ml",Avert,7896082900337,22.39,"R$ 19,15 ",2.65,12% ,19.740000000000002
Strepsils Laranja 8 Pastilhas,Reckitt Benckiser,7891035010958,17.09,"R$ 16,58 ",0.0,0% ,17.09
Spray para Garganta Sanilin Sabor Menta 50mL,Kley Hertz Farmacêutica,7896331705454,29.7,"R$ 23,87 ",5.09,17% ,24.61
"Maresis 9Mg Ml, Frasco Spray Com 100Ml De Solucao De Uso Nasal, Baby",Farmoquímica,7898040325237,54.66,"R$ 53,02 ",0.0,0% ,54.66
Noex Budesonida 100mcg Spray Nasal Aerossol 100 doses,Eurofarma,7891317464004,77.89,"R$ 64,22 ",11.68,15% ,66.21000000000001
Solução Antisséptica Bucal Malvatricin PPU com 250mL,Não especificada,7896026170475,38.73,"R$ 37,57 ",0.0,0% ,38.73
Beclosol Aquoso Spray Nasal GSK 200 Doses,GSK,7896269900211,88.45,"R$ 72,92 ",13.27,15% ,75.18
"Hexomedine 1Mg Ml + 0,5Mg Ml, Caixa Com 1 Frasco Spray Com 50Ml De Colutorio De Uso Bucal",Cosmed,7896094928053,72.09,"R$ 62,93 ",7.21,10% ,64.88000000000001
Naridrin Alto Volume Cloreto de Sódio 9mg mL 30 envelopes,Não especificada,7896004788388,89.41,"R$ 48,66 ",39.25,44% ,50.16
"Ciflogex Pastilha 3Mg, Caixa Com 12 Pastilhas",Cimed,7896523206806,23.85,"R$ 20,59 ",2.62,11% ,21.23
"Busonid 64Mcg Dose, Caixa Com 1 Frasco Com 6Ml De Suspensao De Uso Nasal  120 Doses",Aché,7896181915188,35.58,"R$ 32,79 ",1.78,5% ,33.8
Maresis AR Solução Spray Nasal 100mL,Farmoquímica,7898040325282,60.62,"R$ 58,80 ",0.0,0% ,60.62
"Omnaris 50mcg/dose, caixa com 1 frasco com 120 doses de suspensão de uso nasal",Moksha8 Brasil,7898953165241,71.0,71.0,8.52,12% ,62.480000000000004
Rinosoft Baby Aerosol 100mL,Kley Hertz Farmacêutica,7896331707014,78.11,"R$ 36,49 ",40.49,52% ,37.62
"Rinosoro Spray Infantil 0,9  50ml",Cosmed,7897322706658,35.28,"R$ 30,56 ",3.78,11% ,31.5
"Benatux Sabor Mel E Limao, Caxa Com 12 Pastilhas",Cifarma,7898495602327,22.88,"R$ 16,68 ",5.68,25% ,17.2
"Rinosoro Jet Xt 9Mg Ml, Frasco Spray Com 100Ml De Solucao De Uso Nasal, Infantil",Não especificada,7896094920033,64.95,"R$ 56,42 ",6.79,10% ,58.160000000000004
Wash in Solucao Nasal 100ml Adv,Não especificada,7896230304772,7.0,"R$ 6,11 ",0.7,10% ,6.3
Pastilhas Drops Vick limão com 5 unidades,Vick,7896093002464,3.86,"R$ 3,74 ",0.0,0% ,3.86
Rinosoro Spray 3  Solução Hipertônica 50ml,Cosmed,7897322704944,34.24,"R$ 30,24 ",3.06,9% ,31.180000000000003
"Malvatricin Spray 1Mg Ml + 2Mg Ml + 4Mg Ml, Caixa Com 1 Frasco Spray Com 50Ml De Solucao De Uso Oral",Megalabs,7896026120494,49.82,"R$ 48,33 ",0.0,0% ,49.82
Rinosoro Gotas XT 30ml,Cosmed,7896094917002,26.93,"R$ 23,82 ",2.37,9% ,24.56
Noex Budesonida 32mcg Spray Nasal 120 doses,Eurofarma,7891317460532,44.77,"R$ 36,91 ",6.72,15% ,38.050000000000004
"Naridrin 0,5Mg Ml + 0,2Mg Ml + 5Mg Ml, Caixa Com 1 Frasco Gotejador Com 15Ml De Solucao De Uso Nasal",EMS,7896004803463,23.01,"R$ 12,76 ",9.86,43% ,13.150000000000002
Noex Budesonida 50mcg Spray Nasal 120 doses,Eurofarma,7891317460518,77.88,"R$ 64,21 ",11.68,15% ,66.19999999999999
Lenços Nasais Salsep Kids com 30 Unidades,Libbs,7896094211025,33.55,"R$ 12,56 ",20.6,61% ,12.949999999999996
Flogoral Sabor Cereja 12 Past,Aché,7896658005466,18.25,"R$ 15,94 ",1.82,10% ,16.43
Multisoro Infantil Frasco 30mL Multilab,Multilab,7896472501694,10.64,"R$ 10,32 ",0.0,0% ,10.64
"Malvona 0,2Mg Ml + 60Mg Ml + 1Mg Ml, Caixa Com 1 Frasco Com 100Ml De Solucao De Uso Dermatologico",Megalabs,7896026170550,26.25,"R$ 25,46 ",0.0,0% ,26.25
"Maresis 0,9  Spray Nasal Jato Forte com 100mL",Farmoquímica,7898040324247,62.01,"R$ 60,15 ",0.0,0% ,62.01
"Nasoar 0,9  Refil Granulado para Solução Nasal 30 envelopes",Não especificada,7898430193477,80.26,"R$ 70,06 ",8.03,10% ,72.23
Refil Nasoar XT 5  15 Envelopes,Não especificada,7898430194511,131.53,"R$ 91,12 ",37.59,29% ,93.94
Flogoral caixa com 12 pastilhas sabor laranja,Aché,7896658005442,18.25,"R$ 15,94 ",1.82,10% ,16.43
Spray para Garganta Flogoral Sabor Menta 30mL,Aché,7896658005305,37.49,"R$ 29,82 ",6.75,18% ,30.740000000000002
Flogoral Colutorio Laranja 150ml,Aché,7896658006753,30.76,"R$ 24,46 ",5.54,18% ,25.220000000000002
"Refil Nasoar XT 0,9  15 Envelopes",Não especificada,7898430194115,93.63,"R$ 70,94 ",20.5,22% ,73.13
"Nasoar Infantil 0,9  Solução Nasal Refil 15 envelopes",Não especificada,7898430194283,59.19,"R$ 57,41 ",0.0,0% ,59.19
Flogoral Colutório Menta Aché 250mL,Aché,7896658011863,42.07,"R$ 34,69 ",6.31,15% ,35.76
Rinosoro Alto Volume com 30 Sachês,Não especificada,7896094925885,79.17,"R$ 58,10 ",19.27,24% ,59.900000000000006
"Naridrin Jet 9Mg Ml, Caixa Com 1 Frasco Com 100Ml De Solucao De Uso Nasal",EMS,7896004757933,61.09,61.09,28.09,46% ,33.0
Vick Drops Sabor Laranja com 5 pastilhas,Vick,7896093002150,3.86,3.86,0.0,0% ,3.86
"Dilatador Nasal Respire Melhor pele normal, grande com 10 unidades",GSK,7896015519773,34.66,34.66,3.47,10% ,31.189999999999998
"Rilan 40mg/mL, caixa com 1 frasco spray com 13mL de solução de uso nasal",UCI - Farma,7897655401176,46.69,46.69,6.07,13% ,40.62
"Multisoro Adulto 0,5mg ml Solução Nasal 30ml Multilab",Multilab,7896004782591,11.1,11.1,6.22,56% ,4.88
Canabidiol 20mg mL Prati Donaduzzi Solução Oral 30mL,Prati-Donaduzzi,7899547536164,342.62,342.62,75.38,22% ,267.24
Naridrin Aqua Solução Nasal 9mg mL Spray 50mL,EMS,7896004742847,28.95,28.95,8.7,30% ,20.25
"Ambroxmel 3mg/mL, caixa com 1 frasco spray com 30mL de solução de uso oral, mel e gengibre",Cimed,7899785200490,9.85,9.85,0.0,0% ,9.85
"Dilatador Nasal Respire Melhor pele normal, médio com 10 unidades",GSK,7896015518622,34.66,34.66,3.47,10% ,31.189999999999998
"Nasoclean 9mg/mL, caixa com 1 frasco com 125mL de solução de uso nasal",GSK,7896015530372,55.22,55.22,8.28,15% ,46.94
Busonid 100mcg Spray com 120 doses,Aché,7896181913719,91.51,"R$ 75,45 ",13.73,15% ,77.78
Malvatricin Fluor 100Ml,Não especificada,7896026120425,41.9,"R$ 36,58 ",4.19,10% ,37.71
Noex Budesonida 64mcg Spray Nasal 120 doses,Não especificada,7891317460495,79.19,"R$ 66,83 ",10.29,13% ,68.9
"Nasoar Infantil 0,9  Solução Nasal 15 envelopes + Lavador Nasal 120mL",Não especificada,7898430194290,84.58,"R$ 82,04 ",0.0,0% ,84.58
Naridrin Alto Volume 9mg mL 30 envelopes + Frasco 240mL,Não especificada,7896004788371,108.73,"R$ 57,77 ",49.17,45% ,59.56
"Ciflogex Colutorio Spray 1,5Mg Ml, Caixa Com 1 Frasco Spray Com 30Ml De Colutorio, Mel",Cimed,7896523206271,30.47,"R$ 26,60 ",3.05,10% ,27.419999999999998
Sorine H 3  Descongestionante Spray 50ml,Aché,7896658023361,28.67,"R$ 23,09 ",4.87,17% ,23.8
"Lavagem Nasal Nasoar 0,9  30 Envelopes + Frasco",Não especificada,7898430193484,80.32,"R$ 77,91 ",0.0,0% ,80.32
Aftine Gotas 20 Ml,Cifarma,7898158690517,38.03,"R$ 24,74 ",12.53,33% ,25.5
"Ventus 0,5Mg G, Caixa Com 120 Doses De Suspensao De Uso Nasal",Não especificada,7891317010386,67.66,"R$ 55,78 ",10.15,15% ,57.51
Furoato de Mometasona 50mcg Suspensão Nasal 120 doses Glenmark Genérico,Não especificada,7897473207011,52.25,"R$ 41,56 ",9.4,18% ,42.85
"Otrivina 1mg/mL, caixa com 1 frasco gotejador com 15mL de solução de uso nasal",GSK,7896261010055,9.33,9.33,0.0,0% ,9.33
Pastilha Vick Cereja 5 unidades,Vick,7896093002488,3.86,3.86,0.0,0% ,3.86
Busonid Budesonida 32mcg Spray Nasal 120 doses 6ml,Aché,7896181915171,31.01,31.01,1.55,5% ,29.46
Vick Vapobanho Vapores Relaxantes Com 3 Pastilhas,Vick,7500435152969,44.13,44.13,4.41,10% ,39.72
"Rinosoro Spray 0,9  50ml",Cosmed,7897322704593,34.24,34.24,3.06,9% ,31.180000000000003
Dilatador Nasal Respire Melhor Pele Normal Lv 30 Pg 20,Não especificada,7896015524999,68.0,68.0,6.8,10% ,61.2
Vick Vapo Spray caixa com 1 frasco spray com 100mL de solução de uso nasal,P&G,7500435182331,51.02,51.02,19.12,37% ,31.900000000000002
"Pondicilina 1,25mg + 1,25mg, caixa com 12 pastilhas, menta",Takeda,7896641801877,16.0,16.0,3.1,19% ,12.9
"Clenil Nasal Aquoso 0,4mg/mL, caixa com 1 frasco com 20mL de suspensão de uso nasal + 1 válvula dosadora + 1 pulsadora",Chiesi,7896672202612,56.38,56.38,7.33,13% ,49.050000000000004
"Benalet 5mg + 50mg + 10mg, cartela com 4 pastilhas, sabor menta",Janssen-Cilag,7891010974930,10.49,10.49,0.0,0% ,10.49
"Nasalfree 9,0mg/mL, caixa com 1 frasco spray com 50mL de solução de uso nasal",Medquímica,7896862940126,30.05,30.05,7.03,23% ,23.02
"Vick Vaporub 28,2mg/g + 52,6mg/g + 13,3mg/g, caixa com 1 frasco com 100g de unguento",P&G,7500435157599,69.35,69.35,10.46,15% ,58.88999999999999
"Spray Nasal Prevent Filtrair em pó, caixa com 800mg",Prevent,7898074617988,58.4,58.4,9.61,16% ,48.79
"Rilan 20mg/mL, caixa com 1 frasco spray com 15mL de solução de uso nasal",UCI - Farma,7897655400230,24.22,24.22,3.15,13% ,21.07
"Inalide 32mcg/acionamento, caixa com 1 frasco spray com 120 doses de suspensão de uso nasal",EMS,7896004765716,28.06,28.06,7.86,28% ,20.2
"Nasojet 9mg/mL, caixa com 1 frasco spray com 50mL de solução de uso nasal",Natulab,7898133135248,28.09,28.09,13.92,50% ,14.17
"Cloridrato de Oximetazolina Teuto 0,5mg/mL, caixa com 1 frasco com 30mL de solução de uso nasal",Teuto,7896112123361,16.26,16.26,1.63,10% ,14.630000000000003
Plurair Fluticasona 50mcg Spray Nasal 120 doses,Libbs,7896094201545,65.76,65.76,9.86,15% ,55.900000000000006
Plurair Fluticasona 50mcg Spray Nasal 60 doses,Não especificada,7896094201507,41.68,41.68,6.25,15% ,35.43
"Nites 0,5Mg G, Caixa Com 1 Frasco Spray Com 120 Doses De Suspensao De Uso Nasal",Organon,7897337716178,64.93,64.93,6.49,10% ,58.440000000000005
Rinosoro Alto Volume com 30 Sachês + Frasco Aplicador,Não especificada,7896094925878,94.98,94.98,30.59,32% ,64.39
Fluimucil Sol 20mL,Não especificada,7898074616943,55.27,55.27,0.0,0% ,55.27
"Snif SC 0,9  Solução Spray 50mL",Eurofarma,7891317431181,28.52,28.52,3.99,14% ,24.53
Fostair Spray 200 6mcg com 120 Doses,Chiesi,7896672203428,247.97,247.97,12.4,5% ,235.57
Canabidiol 50mg mL Prati Donaduzzi + Seringa Dosadora,Prati-Donaduzzi,7899547536195,796.66,796.66,175.27,22% ,621.39
"Nasoar XT 0,9  15 Envelopes + Lavador Nasal 240mL",Não especificada,7898430194122,117.04,117.04,33.45,29% ,83.59
"Benalet 5mg + 50mg + 10mg, caixa com 12 pastilhas, sabor framboesa",Janssen-Cilag,7891268402001,29.88,29.88,0.0,0% ,29.88
"Balsamo Bengue 0,25G G + 0,25G G, Caixa Com 1 Bisnaga Com 20G De Pomada De Uso Dermatologico",EMS,7896004817569,25.64,"R$ 21,14 ",3.85,15% ,21.79
"Probenxil Gel 10Mg G, Caixa Com 1 Bisnaga Com 60G De Gel De Uso Dermatologico",Cimed,7896523201627,20.59,"R$ 13,97 ",6.19,30% ,14.399999999999999
Biofenac Aerosol 60g,Aché,7896658014321,35.81,"R$ 29,53 ",5.37,15% ,30.44
Ibuprofeno 600 Mg 10 Comprimidos Prat,Prati-Donaduzzi,7899547506839,9.68,"R$ 8,45 ",0.97,10% ,8.709999999999999
Hidratante Anal em Gel Pro com 3g c 10 Bisnaga,Não especificada,7898957601745,109.89,"R$ 95,93 ",10.99,10% ,98.9
Nimesulida 100mg 12 comprimidos Vitamedic Genérico,Vitamedic,7898049797332,15.25,"R$ 7,40 ",7.62,50% ,7.63
Feldene Piroxicam 20mg 10 comprimidos sublinguais,Wyeth/Pfizer,7891268104028,93.25,"R$ 67,84 ",23.31,25% ,69.94
Biofenac Di 50mg Aché 20 Comprimidos Dispersíveis,Aché,7896658014345,40.87,"R$ 33,70 ",6.13,15% ,34.739999999999995
Profenid 100mg 2ml Solução Injetável 6 Ampolas de 2ml cada,Sanofi,7896070601871,39.9,"R$ 33,67 ",5.19,13% ,34.71
"Acheflan 5Mg G, Caixa Contendo 1 Bisnaga Com 60G De Creme De Uso Dermatologico",Aché,7896658007170,109.45,"R$ 90,24 ",16.42,15% ,93.03
"Cetoprofeno Gotas Teuto 20Mg Ml, Caixa Com 1 Frasco Gotejador Com 20Ml De Solucao De Uso Oral",Teuto,7896112136385,18.11,"R$ 16,16 ",1.45,8% ,16.66
"Ibuprofeno Prati-Donaduzzi 600Mg, Caixa Com 30 Comprimidos Revestidos",Prati-Donaduzzi,7899547528619,29.88,"R$ 22,61 ",6.57,22% ,23.31
Dornal Spray Aerosol para Massagem Extra Forte Kester 200g,Não especificada,7898646017857,46.34,"R$ 40,46 ",4.63,10% ,41.71
"Massageol 52,50Mg + 44,40Mg + 20Mg, Bisnaga Com 30G De Pomada De Uso Dermatologico",Neo Química,7896714230504,28.06,"R$ 16,59 ",10.96,39% ,17.099999999999998
"Nimesulida Eurofarma 100Mg, Caixa Com 12 Comprimidos",Eurofarma,7891317422028,33.11,"R$ 22,48 ",9.93,30% ,23.18
"Flancox 400Mg, Caixa Com 10 Comprimidos Revestidos",Apsen,7896637023344,29.56,"R$ 23,51 ",5.32,18% ,24.24
Acheflan 5mg ml 75ml Aerossol Aché,Aché,7896658006920,85.76,"R$ 70,71 ",12.86,15% ,72.9
"Nimesulida Comprimido Ems 100Mg, Caixa Com 12 Comprimidos",EMS,7896004704036,20.01,"R$ 18,83 ",0.6,3% ,19.41
Cetoprofeno 50 Mg 24 Comprimidos Med,Não especificada,7896422507349,29.11,"R$ 13,27 ",15.43,53% ,13.68
"Diclofenaco Sodico Medley 50Mg, Caixa Com 20 Comprimidos RevestidosÃ£Â¯Ã Â»Ã Â¿",Medley,7896422504492,16.4,"R$ 15,43 ",0.49,3% ,15.909999999999998
"Balsamo Bengue 0,10G + 0,15G, Caixa Com 1 Bisnaga Com 20G De Gel De Uso Dermatologico",EMS,7896004817576,23.17,"R$ 19,10 ",3.48,15% ,19.69
"Nimesulida Neo Quimica 100Mg, Caixa Com 12 Comprimidos",Neo Química,7896714223841,23.49,"R$ 19,83 ",3.05,13% ,20.439999999999998
"Cataflam 50Mg, Caixa Com 20 Drageas",Novartis,7896261013483,53.51,"R$ 48,79 ",3.21,6% ,50.3
Diclofenaco Colestiramina - Medley 70mg caixa com 20 cápsulas,Medley,7896422507271,36.07,"R$ 28,69 ",6.49,18% ,29.58
"Ibuprofeno Prati-Donaduzzi 600Mg, Caixa Com 20 Comprimidos Revestidos",Prati-Donaduzzi,7898148295159,20.66,"R$ 18,03 ",2.07,10% ,18.59
"Meloxicam 7,5mg Eurofarma 10 Comprimidos",Eurofarma,7891317421861,25.38,"R$ 14,04 ",10.91,43% ,14.469999999999999
"Diclofenaco Potassico Cimed 50Mg, Caixa Com 20 Comprimidos Revestidos",Cimed,7896523214092,14.49,"R$ 9,84 ",4.35,30% ,10.14
Loxonin Flex 100Mg Com 7 Adesivos,Não especificada,7897411603141,119.81,"R$ 104,60 ",11.98,10% ,107.83
Profenid Entérico 100mg caixa com 20 comprimidos revestidos,Sanofi,7896070601765,80.68,"R$ 66,52 ",12.1,15% ,68.58000000000001
Ponstan 500mg Pfizer 24 Comprimidos,Wyeth/Pfizer,7891268118001,45.1,"R$ 32,82 ",11.27,25% ,33.83
Maxsulid 400mg 30 Comprimidos,Cosmed,7896094917897,116.53,"R$ 94,95 ",18.64,16% ,97.89
"Acheflan 5Mg G, Caixa Contendo 1 Bisnaga Com 30G De Creme De Uso Dermatologico",Aché,7896658006432,65.58,"R$ 63,61 ",0.0,0% ,65.58
"Alginac Retard 1Mg + 100Mg + 100Mg + 100Mg, Caixa Com 10 Comprimidos Revestidos De Liberacao Retardada",P&G,7891721023965,72.23,"R$ 57,45 ",13.0,18% ,59.230000000000004
"Cimelide 100Mg, Caixa Com 12 Comprimidos",Cimed,7896523206110,26.89,"R$ 9,39 ",17.21,64% ,9.68
"Gelol 52,2Mg G + 44,4Mg G + 20,0Mg G + 191,97Mg Mg, Caixa Com 1 Bisnaga Com 20G De Pomada De Uso Dermatologico",Cosmed,7896094901582,26.33,"R$ 24,46 ",1.11,4% ,25.22
"Spidufen 1155Mg G, Caixa Com 10 Envelopes Com 3G De Granulado De Uso Oral, Damasco",Zambon,7898074617803,52.7,"R$ 43,46 ",7.9,15% ,44.800000000000004
"Flanax 550Mg, Caixa Com 10 Comprimidos Revestidos",Bayer,7891106006507,27.99,"R$ 24,73 ",2.5,9% ,25.49
"Naproxeno Sodico Neo Quimica 550Mg, Caixa Com 10 Comprimidos Revestidos",Neo Química,7896714214405,25.42,"R$ 14,54 ",10.43,41% ,14.990000000000002
Flexive CDM 350mg g Creme Dermatológico 50g,P&G,7891721022845,77.69,"R$ 63,03 ",12.71,16% ,64.97999999999999
"Biofladex 11,6Mg G, Caixa Com 1 Tubo Aerosol Com 85Ml De Solucao De Uso Dermatologico",EMS,7896004726045,48.66,"R$ 24,61 ",23.29,48% ,25.369999999999997
Massageol Aerossol 120mL,Neo Química,7896714273006,56.72,"R$ 29,54 ",26.27,46% ,30.45
Naproxeno Sodico 500Mg 20Cpr Teu Gen,Teuto,7896112115175,38.79,"R$ 33,12 ",4.65,12% ,34.14
"Meloxicam Ems 15Mg, Caixa Com 10 Comprimidos Lv2",EMS,7896004710679,37.13,"R$ 24,13 ",12.25,33% ,24.880000000000003
"Ibupril Comprimido 300Mg, Caixa Com 20 Comprimidos",Teuto,7896112140931,17.45,"R$ 11,56 ",5.53,32% ,11.919999999999998
"Diclofenaco Dietilamonio Cimed 10Mg G, Caixa Com 1 Bisnaga Com 60G De Gel De Uso Dermatologico",Cimed,7896523207803,18.36,"R$ 11,57 ",6.43,35% ,11.93
"Flanax 275Mg, Caixa Com 8 Comprimidos Revestidos",Bayer,7891106913683,13.99,"R$ 12,38 ",1.23,9% ,12.76
"Maxsulid 400Mg, Caixa Com 10 Comprimidos",Cosmed,7897322701738,48.55,"R$ 40,97 ",6.31,13% ,42.239999999999995
"Flancox 500Mg, Caixa Com 14 Comprimidos Revestidos",Apsen,7896637023238,49.62,"R$ 40,43 ",7.94,16% ,41.68
Diclofenaco Potássico - Medley 50mg caixa com 20 comprimidos,Medley,7896422504386,12.0,"R$ 11,29 ",0.36,3% ,11.64
"Naproxeno Sodico Neo Quimica 550Mg, Caixa Com 20 Comprimidos Revestidos",Neo Química,7896714214399,60.3,"R$ 43,87 ",15.07,25% ,45.23
"Piroxicam Capsula Ems 20Mg, Caixa Com 15 Capsulas Gelatinosas Duras",EMS,7896004705071,29.01,"R$ 24,48 ",3.77,13% ,25.240000000000002
"Neocoflan 11,6Mg G, Caixa Com 1 Tubo Aerossol Com 85Ml De Solucao De Uso Dermatologico",Neo Química,7896714221083,49.14,"R$ 24,95 ",23.42,48% ,25.72
"Cetoprofeno Comprimido Sanofi Medley 150Mg, Caixa Com 10 Comprimidos Revestidos De Liberacao Prolongada",Não especificada,7891058002961,39.04,"R$ 36,73 ",1.17,3% ,37.87
"Cetoprofeno Eurofarma 150Mg, Caixa Com 10 Comprimidos De Liberacao Prolongada",Eurofarma,7891317001926,49.15,"R$ 34,33 ",13.76,28% ,35.39
"Ibuprofeno 600Mg Althaia, Caixa Com 10 Capsulas",Althaia,7898687730500,28.06,"R$ 24,49 ",2.81,10% ,25.25
Flodin Duo 150mg 10 comprimidos,Não especificada,7892953001745,57.21,"R$ 47,17 ",8.58,15% ,48.63
Algie Cetoprofeno 150mg 10 comprimidos,Eurofarma,7891317013844,52.75,"R$ 43,49 ",7.91,15% ,44.84
Bálsamo Bengué Aerosol com 60g,EMS,7896004726793,47.29,"R$ 45,42 ",0.47,1% ,46.82
"Flanax 275Mg, Caixa Com 2 Comprimidos Revestidos",Bayer,7891106913676,5.49,"R$ 5,33 ",0.0,0% ,5.49
Meloxican 15mg Eurofarma 10 Comprimidos,Eurofarma,7891317029715,31.14,"R$ 21,75 ",8.72,28% ,22.42
"Gelol 0,0333Ml Ml + 0,0333G Ml + 0,0083G Ml, Tubo Aerossol Com 60Ml De Solucao De Uso Dermatologico",Cosmed,7896094901612,48.87,"R$ 41,90 ",5.67,12% ,43.199999999999996
"Cataflampro Emulgel 11,6Mg G, Caixa Com 1 Tubo Com 60G De Gel De Uso Dermatologico",GSK,7896261014268,49.91,"R$ 48,41 ",0.0,0% ,49.91
Oxotron Loxoprofeno Sódico 60mg 15 comprimidos,Aché,7896658030192,38.82,"R$ 32,01 ",5.82,15% ,33.0
"Spidufen 1155Mg G, Caixa Com 10 Envelopes Com 3G De Granulado De Uso Oral, Menta",Zambon,7898074610880,52.7,"R$ 43,46 ",7.9,15% ,44.800000000000004
Cetoprofeno 100 Mg 20 Comprimidos Med Gen,Não especificada,7896422507295,40.59,"R$ 35,43 ",4.06,10% ,36.53
"Biofenac Gel 11,6Mg G, Caixa Com 1 Bisnaga Com 30G De Gel De Uso Dermatologico",Aché,7896658000102,16.57,"R$ 16,07 ",0.0,0% ,16.57
Profenid 200mg caixa com 10 comprimidos de desintegração lenta,Sanofi,7896070601796,67.02,"R$ 56,56 ",8.71,13% ,58.309999999999995
"Ibupril 400Mg, Caixa Com 8 Capsulas Gelatinosas Moles",Não especificada,7896112160281,20.29,"R$ 14,56 ",5.28,26% ,15.009999999999998
Salonpas Grande Adesivo Com 4 Unidades,Não especificada,7896227800829,17.73,"R$ 17,20 ",0.0,0% ,17.73
Cetoprofeno 150mg Germed 10 Comprimidos,Não especificada,7896004752594,49.15,"R$ 36,71 ",11.3,23% ,37.849999999999994
"Artrosil 160Mg, Caixa Com 10 Capsulas Gelatinosas Duras De Liberacao Prolongada",Aché,7896658008115,37.3,"R$ 30,76 ",5.59,15% ,31.709999999999997
Piroxicam 20mg Genérico Neo Química 15 Cápsulas,Germed Pharma,7896004708461,29.01,"R$ 25,89 ",2.32,8% ,26.69
"Arflex Retard 200Mg, Caixa Com 6 Capsulas De Acao Prolongada",Diffucap Chemobras,7898096577840,48.82,"R$ 34,55 ",13.2,27% ,35.620000000000005
"Cataflampro Emulgel 11,6Mg G, Caixa Com 1 Tubo Com 30G De Gel De Uso Dermatologico",GSK,7896261014244,28.91,"R$ 25,12 ",3.01,10% ,25.9
"Flanax 550Mg, Caixa Com 2 Comprimidos Revestidos",Bayer,7891106908313,7.49,"R$ 7,27 ",0.0,0% ,7.49
Anti-Inflamatório Nivux 100 Mg + 20 Mg 12 Comprimidos,EMS,7894916513661,71.27,"R$ 58,76 ",10.69,15% ,60.58
Bicerto 150 Mg 10 Comprimidos,Eurofarma,7891317001964,52.75,"R$ 43,49 ",7.91,15% ,44.84
"Ibupril 400Mg, Caixa Com 10 Capsulas Gelatinosas Moles",Teuto,7896112160298,25.74,"R$ 18,96 ",6.19,24% ,19.549999999999997
Cataflampro Aerossol 85mL,GSK,7896261005723,52.91,"R$ 41,03 ",10.61,20% ,42.3
"Diclofenaco Sodico Comprimido Ems 100Mg, Caixa Com 10 Comprimidos Revestidos De Desintegracao Lenta",EMS,7896004706665,31.64,"R$ 20,56 ",10.44,33% ,21.200000000000003
Cataflampro XT Emulgel 50g,GSK,7896261019331,58.91,"R$ 57,14 ",0.0,0% ,58.91
Diclofenaco Sódico 50mg Genérico Neo Química 20 comprimidos revestidos,Neo Química,7896714221519,26.72,"R$ 14,77 ",11.49,43% ,15.229999999999999
"Voltaren Retard 100Mg, Caixa Com 10 Comprimidos De Desintegracao Lenta",Novartis,7896261000261,52.2,"R$ 47,60 ",3.13,6% ,49.07
Nimesilam 12 Comprimidos,EMS Sigma Pharma,7896004738727,16.85,"R$ 12,26 ",4.21,25% ,12.64
"Bexai 35Mg, Caixa Com 10 Capsulas",Não especificada,7894916517461,75.51,"R$ 60,06 ",13.59,18% ,61.92
Bi-Profenid 150mg caixa com 10 comprimidos,Sanofi,7896070601772,81.15,"R$ 64,54 ",14.61,18% ,66.54
Xefo 8mg 20 Comprimidos,Biolab,7896112480709,34.51,"R$ 30,46 ",3.11,9% ,31.4
Scalid 100mg União Química,União Química,7896006274506,24.61,"R$ 6,98 ",17.41,71% ,7.199999999999999
"Piroxicam Neo Quimica 20Mg, Caixa Com 10 Capsulas Gelatinosas Duras",Neo Química,7896714215013,20.82,"R$ 19,59 ",0.62,3% ,20.2
Meloxicam 15 Mg 10 Comprimidos Neo,Neo Química,7896714228853,36.48,"R$ 21,94 ",13.86,38% ,22.619999999999997
"Proflam Comprimido 100Mg, Caixa Com 12 Comprimidos Revestidos",Eurofarma,7891317411923,77.35,"R$ 65,27 ",10.06,13% ,67.28999999999999
Xefo 8mg 30 Comprimidos Revestidos,Biolab,7896112421498,51.7,"R$ 42,63 ",7.75,15% ,43.95
Oxotron 60mg Aché 30 Comprimidos,Aché,7896658030208,77.6,"R$ 63,98 ",11.64,15% ,65.96
Voltaren SR 75mg 20 Comprimidos,Novartis,7896261000025,59.59,"R$ 54,33 ",3.58,6% ,56.010000000000005
Aceclofenaco 100mg 12 Comprimidos Revestidos Cimed,Não especificada,7896523227092,43.03,"R$ 32,14 ",9.9,23% ,33.13
"Indocid 50Mg, Caixa Com 30 Capsulas Gelatinosas",Aspen Pharma,7895858005962,53.09,"R$ 44,80 ",6.9,13% ,46.190000000000005
Cataflam D 50mg 20 comprimidos,Novartis,7896261000445,52.59,"R$ 47,95 ",3.16,6% ,49.43000000000001
Meloxicam 15mg 10 comprimidos Medley Genérico,Não especificada,7895296282109,43.48,"R$ 24,04 ",18.7,43% ,24.779999999999998
Tenoxicam 20mg Neo Química 10 Comprimidos,Não especificada,7896714223971,54.62,"R$ 38,15 ",15.29,28% ,39.33
"Diclofenaco Resinato Cimed 15Mg Ml, Caixa Com 1 Frasco Gotejador Com 20Ml De Suspensao De Uso Oral",Cimed,7896523211855,18.09,"R$ 14,39 ",3.26,18% ,14.83
"Loxonin 60Mg, Caixa Com 15 Comprimidos",Daiichi-Sankyo,7897411610941,40.87,"R$ 34,89 ",4.9,12% ,35.97
"Nisulid 100Mg, Caixa Com 12 Comprimidos Dispersiveis",Aché,7896658005084,71.28,"R$ 58,77 ",10.69,15% ,60.59
"Alginac 1Mg + 50Mg + 50Mg + 50Mg, Caixa Com 15 Comprimidos Revestidos",P&G,7891721029639,36.68,36.68,4.4,12% ,32.28
Nimesulida 50mg ml Cimed 15ml,Cimed,7896523211268,27.43,27.43,9.6,35% ,17.83
Diclofenaco Colestiramina - Medley 70mg caixa com 14 cápsulas,Medley,7896422507264,26.52,26.52,0.8,3% ,25.72
Alginac Diclofenaco Sódico 50mg + B1 50mg + B6 50mg + B12 1000mcg 30 comprimidos,P&G,7891721029646,73.62,73.62,11.04,15% ,62.580000000000005
Protetor Solar SEC OC FPS60 Cor Clara Com 60 Ml,Episol,7891142207166,110.6,110.6,0.0,0% ,110.6
"Ibuprofeno 600Mg Teuto, Caixa Com 10 Capsulas",Não especificada,7896112106425,28.08,28.08,1.4,5% ,26.68
Nimesulida Gotas 50Mg mL Caixa Com 1 Frasco Gotejador Com 15mL De Solução De Uso Oral - Ache  Genérico,Biosintética - Aché,7896181927655,28.36,28.36,11.34,40% ,17.02
O Adesivo para Alívio da Febre ByeBye-Fever Para Crianças com 2 unidades,Não especificada,4987188568729,19.4,19.4,1.94,10% ,17.459999999999997
Cimelide 50mg ml Gotas Suspensão Oral 15ml,Cimed,7896523206103,26.19,26.19,11.21,43% ,14.98
Diclofenaco Sódico 50mg Genérico Medley 20 Comprimidos,Germed Pharma,7896004710600,26.71,26.71,10.15,38% ,16.560000000000002
"Profenid 20Mg Ml, Caixa Com 1 Frasco De Vidro Com 20Ml De Solucao De Uso Oral",Não especificada,7891058002008,43.35,"R$ 35,74 ",6.5,15% ,36.85
Diclofenaco Resinato - EMS 15mg solução frasco gotejador com 20ml,Não especificada,7896004703381,18.18,"R$ 14,46 ",3.27,18% ,14.91
Diclofenaco Dietilamônio 10mg g Medley Bisnaga 60g,Não especificada,7896422504256,18.91,"R$ 12,84 ",5.67,30% ,13.24
Cetoprofeno 20mg Medley Solução Oral com 20ml,Não especificada,7896422506649,20.81,"R$ 16,55 ",3.75,18% ,17.06
"Flancox 600Mg, Caixa Com 14 Comprimidos Revestidos",Não especificada,7896637031943,62.15,"R$ 49,43 ",11.19,18% ,50.96
Nistatina 100000UI mL Suspensão 50mL Genérico Teuto + Copo,Não especificada,7896112105619,31.02,"R$ 26,18 ",4.03,13% ,26.99
Salonpas Grande Adesivo Com 2 Unidades,Hisamitsu,7896227800874,9.85,9.85,0.0,0% ,9.85
Salonpas Pequeno Adesivo Com 4 Unidades,Hisamitsu,7896227800799,4.94,4.94,0.0,0% ,4.94
Nimesulida 100mg Genérico Cimed 12 Comprimidos,Cimed,7896523212685,22.59,22.59,8.68,38% ,13.91
Salonpas Pequeno Adesivo Com 10 Unidades,Não especificada,7896227800805,11.12,11.12,0.0,0% ,11.12
Cetoprofeno 150mg 10 comprimidos EMS Genérico,EMS,7896004752525,49.15,49.15,11.3,23% ,37.849999999999994
"Air Salonpas 30mg/mL + 38,5mg/mL + 38,5mg/mL + 19mg/mL, tubo aerossol com 80mL de solução para uso dermatológico",Hisamitsu,7896227800041,43.05,43.05,0.0,0% ,43.05
Diclo colestiramina 70 20 l3 ems,EMS,7896004711546,43.3,43.3,16.45,38% ,26.849999999999998
Naproxeno Sódico 550mg 10 comprimidos,Neo Química,7896714218700,37.22,37.22,16.04,43% ,21.18
Diclofenaco Sódico Gel 10mg g Genérico EMS 60g,EMS,7896004715087,24.07,24.07,5.54,23% ,18.53
Nimesulida 50mg mL Genérico Neo Química Gotas 15mL,Neo Química,7896714206080,27.71,27.71,15.59,56% ,12.120000000000001
"Comprar Algy-Flanderil 300mg, caixa com 20 comprimidos",Não especificada,7898049796502,22.75,22.75,13.97,61% ,8.78
Aceclofenaco 100mg 12 comprimidos EMS Genérico,Não especificada,7896004722122,44.35,44.35,12.42,28% ,31.93
Diclofenaco Colestiramina 70mg 14 cápsulas,EMS,7896004711539,33.03,33.03,0.0,0% ,33.03
Diclofenaco Potássico 50mg Genérico EMS 20 Comprimidos,EMS,7896004701820,25.57,25.57,9.72,38% ,15.85
"AdviPRO Diclofenaco Dietilamônio 11,6mg g Gel 30g",Não especificada,7896009498244,28.91,"R$ 17,07 ",11.31,39% ,17.6
"AdviPRO Diclofenaco Dietilamônio 11,6mg g Gel 60g",Não especificada,7896009498237,49.91,"R$ 34,82 ",14.01,28% ,35.9
Artrosil 160mg 20 Cápsulas Aché,Não especificada,7896658001864,79.01,"R$ 69,74 ",7.11,9% ,71.9
Profenid 50mg Sanofi Aventis 24 Cápsulas,Sanofi,7896070601703,66.55,"R$ 56,16 ",8.65,13% ,57.9
Aceclofenaco 100mg com 12 comprimidos,Não especificada,7891317020002,46.0,"R$ 32,13 ",12.88,28% ,33.12
Aceclofenaco 15mg g - Creme Dermatológico - 30g,Não especificada,7896004716541,30.17,"R$ 28,38 ",0.91,3% ,29.26
Analgésico AdviPRO Aerossol para Alívio Rápido de Dores no Corpo 85mL,Não especificada,7896009498251,52.91,"R$ 35,79 ",16.01,30% ,36.89999999999999
"Arflex Retard 200Mg, Caixa Com 12 Capsulas De Acao Prolongada",Diffucap Chemobras,7898096577857,92.69,"R$ 65,61 ",25.05,27% ,67.64
Nidue  100+20 mg 12 Comprimidos,Não especificada,7896004775623,71.32,"R$ 58,80 ",10.7,15% ,60.61999999999999
"Tenoxicam Uniao Quimica 20Mg, Caixa Com 10 Comprimidos Revestidos",União Química,7896006238508,37.89,"R$ 33,81 ",3.03,8% ,34.86
"Flanax 550Mg, Caixa Com 15 Comprimidos Revestidos",Não especificada,7891106913799,30.99,"R$ 27,90 ",2.23,7% ,28.759999999999998
Melocox Meloxicam 15mg 10 comprimidos,Eurofarma,7891317439033,50.74,"R$ 41,84 ",7.61,15% ,43.13
"Flancox 400Mg, Caixa Com 20 Comprimidos Revestidos",Apsen,7896637022446,59.28,"R$ 47,15 ",10.67,18% ,48.61
"Feldene 20mg, Caixa Com 10 Capsulas Duras",Wyeth/Pfizer,7891268144086,43.77,"R$ 38,21 ",4.38,10% ,39.39
Cataflampro XT Emulgel 100g,GSK,7896261019348,84.89,"R$ 82,34 ",0.0,0% ,84.89
Voltaren 50mg 20 Comprimidos,Novartis,7896261021051,54.0,"R$ 49,24 ",3.24,6% ,50.76
Artrosil 320mg 10 Cápsulas Aché,Aché,7896658008122,61.37,"R$ 50,60 ",9.21,15% ,52.16
"Cetoprofeno Ems 50Mg, Caixa Com 24 Capsulas Gelatinosas Duras",EMS,7896004705736,36.23,"R$ 25,31 ",10.14,28% ,26.089999999999996
Diclofenaco Sódico 100mg 10 Comprimidos Revestidos - Nova Química,Não especificada,7895296414012,31.64,"R$ 19,03 ",12.02,38% ,19.62
"Piroxicam Germed Pharma 20Mg, Caixa Com 10 Capsulas Gelatinosas Duras",Germed Pharma,7896004708454,20.53,"R$ 19,31 ",0.62,3% ,19.91
Teflan 20mg 10 Comprimidos,União Química,7896006219095,54.71,54.71,8.21,15% ,46.5
Aceclofenaco 100mg EMS com 12 comprimidos,Multilab,7895296118064,44.15,44.15,12.36,28% ,31.79
"Aceclofenaco Multilab 100mg, caixa com 24 comprimidos Nova Química",Multilab,7895296118088,83.27,83.27,31.64,38% ,51.629999999999995
"Meloxicam 7,5mg Genérico Legrand 10 Comprimidos",Legrand,7894916140690,24.64,24.64,10.6,43% ,14.040000000000001
"Cetoprofeno Gotas Teuto 20mg mL, caixa com 1 frasco gotejador com 20mL de solução de uso oral",Eurofarma,7891317001483,23.18,23.18,1.85,8% ,21.33
Voltaren 75mg Solução Injetável 5 Ampolas de 3mL,Novartis,7896261000797,26.83,26.83,1.61,6% ,25.22
"Naproxeno Sodico 550Mg Germed, Caixa Com 10 Comprimidos Revestidos",Não especificada,7896004775128,25.21,25.21,2.52,10% ,22.69
"Meloxicam 7,5mg Genérico 10 Comprimidos",Nova Química,7895296282239,30.44,30.44,16.13,53% ,14.310000000000002
Aceclofenaco 100mg 12 comprimidos Genérico,Não especificada,7896004722146,44.28,44.28,10.18,23% ,34.1
"Ibupril Comprimido 600Mg, Caixa Com 20 Comprimidos",Teuto,7896112158363,23.81,23.81,11.25,47% ,12.559999999999999
"Glibenclamida Neo Quimica 5Mg, Caixa Com 30 Comprimidos",Neo Química,7896714217093,4.22,"R$ 4,09 ",0.0,0% ,4.22
"Cloridrato De Metformina Prati-Donaduzzi 500Mg, Caixa Com 30 Comprimidos De Liberacao Prolongada",Prati-Donaduzzi,7899547511031,9.36,"R$ 9,08 ",0.0,0% ,9.36
"Nesina Met 12,5Mg + 850Mg, Caixa Com 60 Comprimidos Revestidos",Cosmed,7896094999527,181.65,"R$ 149,77 ",27.25,15% ,154.4
Forxiga 10 Mg 30 Comprimidos Revestidos,Astrazeneca,5000456070423,230.97,"R$ 201,63 ",23.1,10% ,207.87
Azukon Mr 30 Mg 60 Comprimidos,Torrent,8903855076034,42.43,"R$ 34,99 ",6.36,15% ,36.07
"Glimepirida Cimed 4Mg, Caixa Com 30 Comprimidos",Cimed,7896523210940,48.66,"R$ 24,54 ",23.36,48% ,25.299999999999997
"Nesina Met 12,5Mg + 1000Mg, Caixa Com 60 Comprimidos Revestidos",Cosmed,7896094922426,181.65,"R$ 149,77 ",27.25,15% ,154.4
"Azukon Mr 30Mg, Caixa Com 30 Comprimidos De Liberacao Prolongada",Torrent,8902220106079,22.16,"R$ 18,27 ",3.32,15% ,18.84
Pioglitazona 30 Mg 30 Comprimidos Nq,Nova Química,7895296098113,225.47,"R$ 113,72 ",108.23,48% ,117.24
"Thioctacid 600 Hr 600Mg, Caixa Com 30 Comprimidos Revestidos",Mylan,7898560665097,221.34,"R$ 188,94 ",26.56,12% ,194.78
Xylocaina Pomada 5  25g,Aspen Pharma,7895858017101,27.95,27.95,2.79,10% ,25.16
"Xylocaina Pomada 50Mg G, Caixa Com 1 Bisnaga Com 25G De Pomada De Uso Dermatologico",Aspen Pharma,7895858017118,29.2,29.2,2.92,10% ,26.28
Emla Lidocaina 25mg + Prilocaina 25mg Creme Dermatológico 5g.,Não especificada,7895858017071,121.7,121.7,12.17,10% ,109.53
"Glifage Xr 500Mg, Caixa Com 30 Comprimidos De Acao Prolongada",Merck,7891721201806,11.68,"R$ 9,63 ",1.75,15% ,9.93
Cloridrato de Metformina LP Prati 750mg com 30 Comprimidos Genérico - 30 Comprimidos,Prati-Donaduzzi,7899547511130,24.39,"R$ 15,85 ",8.05,33% ,16.34
"Nesina 25Mg, Com 30 Comprimidos Revestidos",Não especificada,7896094922433,174.05,"R$ 138,44 ",31.33,18% ,142.72000000000003
Januvia 25Mg Caixa Com 28 Comprimidos,Merck Sharp & Dohme,7897572020283,84.03,"R$ 60,04 ",22.13,26% ,61.900000000000006
"Cloridrato De Metformina Prati-Donaduzzi 500Mg, Caixa Com 30 Comprimidos Revestidos",Prati-Donaduzzi,7898148291267,7.7,"R$ 7,47 ",0.0,0% ,7.7
"Janumet Xr 50Mg 1000Mg, Caixa Com 60 Comprimidos Revestidos De Liberacao Prolongada",Merck Sharp & Dohme,7897572020238,328.16,"R$ 238,74 ",82.04,25% ,246.12
"Glifage Xr 850Mg, Caixa Com 30 Comprimidos De Liberacao Prolongada",Merck,7891721201530,41.44,"R$ 34,16 ",6.22,15% ,35.22
"Flexive CDM 350mg/g, bisnaga com 25g de creme de uso dermatológico",P&G,7891721023422,46.82,46.82,3.75,8% ,43.07
Massageol Pomada 15g,Neo Química,7896714230054,14.98,14.98,6.03,40% ,8.95
"Alginac 5000mcg + 100mg + 100mg + 75mg, Caixa Com 3 Ampolas Com 1mL De Solucao De Uso Intramuscular + 3 Ampolas Com 2mL De Diluente",P&G,7891721008368,36.46,36.46,3.65,10% ,32.81
"Lidocaina Ems 50Mg G, Caixa Com 1 Bisnaga Com 25G De Pomada De Uso Dermatologico",EMS,7896004722467,17.69,"R$ 14,07 ",3.18,18% ,14.510000000000002
"Toperma 5 , Caixa Com 10 Emplastros",Grünenthal,7898582380206,192.94,"R$ 147,85 ",40.52,21% ,152.42
"Oto-Xilodase 100Utr Ml + 50Mg Ml + 5M Ml, Caixa Com 1 Frasco Gotejador Com 8Ml De Solucao De Uso Otologico",Apsen,7896637022439,27.51,"R$ 26,68 ",0.0,0% ,27.51
Suplemento Alimentar Pediátrico Kollis 8Ml Frasco,Não especificada,7894916513722,192.72,"R$ 119,53 ",69.49,36% ,123.23
Emla Creme Dermatológico com 1 Bisnaga 5g,Aspen Pharma,7895858017194,30.28,"R$ 26,43 ",3.03,10% ,27.25
Dermomax 4  Creme Dermatológico 5g,Aché,7896181909088,30.04,"R$ 24,76 ",4.51,15% ,25.53
"Lidopass 50Mg G, Caixa Com 1 Bisnaga Com 25G De Pomada De Uso Dermatologico, Sabor Laranja",1Farma,7898075310901,23.26,"R$ 15,79 ",6.98,30% ,16.28
Meritor 2mg + 1000mg 30 Comprimidos Revestidos,Aché,7896658012402,62.91,"R$ 51,87 ",9.44,15% ,53.47
Glifage Cloridrato de Metformina 500mg 30 comprimidos,Merck,7891721000614,29.6,"R$ 24,41 ",4.44,15% ,25.16
Diamicron MR 30mg caixa com 30 comprimidos,Servier,7898029552128,50.98,"R$ 42,03 ",7.65,15% ,43.33
"Cloridrato De Metformina Prati-Donaduzzi 850Mg, Caixa Com 30 Comprimidos Revestidos",Prati-Donaduzzi,7898148291298,7.79,"R$ 7,56 ",0.0,0% ,7.79
"Nesina 12,5mg, caixa com 30 comprimidos revestidos",Cosmed,7896094922136,153.93,"R$ 129,90 ",20.01,13% ,133.92000000000002
"Glifage Xr 750Mg, Caixa Com 30 Comprimidos De Acao Prolongada",Merck,7891721027451,40.28,"R$ 33,21 ",6.04,15% ,34.24
Stanglit Cloridrato de Pioglitazona 30mg 30 comprimidos,Libbs,7896094207769,120.11,"R$ 95,54 ",21.62,18% ,98.49
Cloridrato de Pioglitazona 15mg com 15 Comprimidos EMS,EMS,7896004731698,73.57,"R$ 54,95 ",16.92,23% ,56.64999999999999
"Galvus Met 50Mg + 1000Mg, Caixa Com 56 Comprimidos Revestidos",Novartis,7896261016262,254.76,"R$ 247,12 ",0.0,0% ,254.76
Stanglit 30mg 60 comprimidos,Libbs,7896094210240,190.98,"R$ 157,46 ",28.65,15% ,162.32999999999998
Stanglit 15mg 60 comprimidos,Libbs,7896094210233,143.14,"R$ 109,69 ",30.06,21% ,113.07999999999998
Suganon 5Mg Com 30 Comprimidos Revestidos,Eurofarma,7891317005641,161.72,"R$ 141,18 ",16.17,10% ,145.55
Glibenclamida 5mg Genérico 30 comprimidos,Medley,7896422522571,14.82,"R$ 13,95 ",0.44,3% ,14.38
Gliclazida 60mg 30 Comprimidos EMS,Não especificada,7896004752730,61.62,"R$ 49,01 ",11.09,18% ,50.53
GLICLAZIDA 30MG 30CPR TORRENT,Não especificada,8902220119574,27.55,"R$ 17,91 ",9.09,33% ,18.46
"Jardiance 25Mg, Caixa Com 30 Comprimidos Revestidos",Boehringer Ingelheim,7896026306188,319.57,"R$ 294,48 ",15.98,5% ,303.59
"Trayenta Duo 2,5 1000mg com 60 Comprimidos",Boehringer Ingelheim,7896026307024,317.49,"R$ 261,77 ",47.62,15% ,269.87
"Gliclazida Ems 30Mg, Caixa Com 30 Comprimidos De Liberacao Prolongada",EMS,7896004762319,29.53,"R$ 20,62 ",8.27,28% ,21.26
"Glifage Xr 1G, Caixa Com 30 Comprimidos",Merck,7891721022579,56.04,"R$ 46,20 ",8.41,15% ,47.629999999999995
Gliclazida 60 Mg 60 Comprimidos Ems,EMS,7896004762364,111.14,"R$ 83,01 ",25.56,23% ,85.58
Onglyza Saxagliptina 5mg 28 comprimidos,Astrazeneca,5000456028486,172.61,"R$ 142,32 ",25.89,15% ,146.72000000000003
Diamicron Mr 60mg Servier 30 Comprimidos,Não especificada,7898029552203,101.93,"R$ 93,93 ",5.1,5% ,96.83000000000001
"Glyxambi 10mg + 5mg, Caixa Com 30 Comprimidos Revestidos",Boehringer Ingelheim,7896026306720,497.83,"R$ 458,75 ",24.89,5% ,472.94
Galvus 50mg caixa com 56 comprimidos,Novartis,7896261012936,258.22,"R$ 250,47 ",0.0,0% ,258.22
Rybelsus 3mg Com 30 Comprimidos,Não especificada,7897705202678,1286.59,"R$ 1.062,54 ",191.19,15% ,1095.3999999999999
Janumet 50 850mg com 56 Comprimidos,Merck Sharp & Dohme,7897572020177,331.18,"R$ 305,18 ",16.56,5% ,314.62
Stanglit 15mg frasco com 30 comprimidos,Libbs,7896094207745,90.02,"R$ 74,22 ",13.5,15% ,76.52
Glimepirida 4mg 30 Comprimidos Eurofarma,Eurofarma,7891317421823,60.69,"R$ 24,73 ",35.2,58% ,25.489999999999995
Glivance XR 500mg + 30mg em comprimidos,Não especificada,7891721029950,57.07,"R$ 47,05 ",8.56,15% ,48.51
Trayenta Linagliptina 5mg 30 comprimidos,Boehringer Ingelheim,7896026305259,321.73,"R$ 296,47 ",16.09,5% ,305.64000000000004
"Vildagliptina Neo Química 50mg, caixa com 60 comprimidos",Não especificada,7896714292854,148.79,"R$ 118,35 ",26.78,18% ,122.00999999999999
Cloridrato de Metformina 850mg Prati Donaduzzi,Teuto,7896112126485,12.62,12.62,6.56,52% ,6.06
"Ozempic 1,34mg Ml 1,5 de Solução Injetável + 1 Sistema para Aplicação 0,25mg e 0,5mg + 6 Agulhas",Novo Nordisk,7897705202548,1292.78,1292.78,96.57,7% ,1196.21
Insulina Novorapid Flexpen 1x3ml- Caneta Descartável,Novo Nordisk,7897705201831,64.84,64.84,6.48,10% ,58.36
Apidra SoloStar 100ui solução injetável 1 carpule contendo 3ml + sistema aplicação,Sanofi,7891058002985,47.45,47.45,4.74,10% ,42.71
"Ozempic 1,34mg mL Solução Injetável 1mg + 4 Agulhas Ozempic 1,34mg mL 3ml de Solução Injetável + 1 S",Novo Nordisk,7897705202586,1292.81,1292.81,75.5,6% ,1217.31
"Nesina Pio 25Mg + 30Mg, Caixa Com 30 Comprimidos Revestidos",Cosmed,7896094999510,259.88,259.88,41.58,16% ,218.3
Victoza Injetável 6mg com 2 Sistemas de Aplicação,Novo Nordisk,7897705201770,701.67,701.67,70.17,10% ,631.5
Gliclazida 30mg EMS 60 Comprimidos de Liberação Prolongada,EMS,7896004724577,49.48,49.48,11.38,23% ,38.099999999999994
Januvia 50mg caixa com 28 comprimidos,Não especificada,7897572020306,167.99,167.99,35.28,21% ,132.71
"Jardiance 10mg, Caixa Com 30 Comprimidos Revestidos",Boehringer Ingelheim,7896026306416,319.57,"R$ 294,48 ",15.98,5% ,303.59
Daonil 5mg caixa com 30 comprimidos,Sanofi,7891058212070,24.64,"R$ 20,31 ",3.7,15% ,20.94
"Diamicron Mr 30Mg, Caixa Com 60 Comprimidos De Liberacao Prolongada",Servier,7898029552135,101.44,"R$ 80,68 ",18.26,18% ,83.17999999999999
Cloridrato de Pioglitazona 15mg com 15 Comprimidos,Nova Química,7895296098021,73.57,"R$ 54,95 ",16.92,23% ,56.64999999999999
"Diamicron Mr 60Mg, Caixa Com 60 Comprimidos De Liberacao Prolongada",Servier,7898029552210,203.9,"R$ 187,90 ",10.19,5% ,193.71
Edistride 10mg 30 comprimidos,Astrazeneca,5000456073240,230.94,"R$ 176,97 ",48.5,21% ,182.44
Azukon Mr 30Mg Com 100 Comprimidos,Não especificada,8903855082455,67.93,"R$ 56,01 ",10.19,15% ,57.74000000000001
Cloridrato de Metformina 850mg Genérico Neo Química,Não especificada,7896004778143,11.65,"R$ 8,14 ",3.26,28% ,8.39
"Glimepirida 1Farma 20Mg, Com 30 Comprimidos",1Farma,7896523210926,28.6,"R$ 18,59 ",9.44,33% ,19.160000000000004
"Glyxambi 25Mg + 5Mg, Caixa Com 30 Comprimidos Revestidos",Boehringer Ingelheim,7896026306751,497.83,"R$ 458,75 ",24.89,5% ,472.94
"Trulicity 1,5mg 2 Canetas",Eli Lilly,7896382707742,399.63,399.63,39.96,10% ,359.67
Dapagliflozina 10mg 30 comprimidos Sandoz Genérico,Não especificada,5000456078238,139.87,139.87,4.2,3% ,135.67000000000002
Suplemento Alimentar Fixare Flex com 60 Comprimidos,Não especificada,7894916515719,263.89,263.89,103.05,39% ,160.83999999999997
"Xigduo Xr 5Mg + 1000Mg, Caixa Com 60 Comprimidos",Astrazeneca,5000456028370,260.66,260.66,39.1,15% ,221.56000000000003
Glifage 850 Mg 30 Comprimidos,Merck,7891721027437,39.81,39.81,5.97,15% ,33.84
"Xigduo Xr 10Mg + 1000Mg, Caixa Com 30 Comprimidos Revestidos",Astrazeneca,5000456028387,260.77,260.77,54.76,21% ,206.01
Lantus 100ui solução injetável caixa com 1 carpule contendo 3ml,Sanofi,7891058025137,110.34,110.34,11.03,10% ,99.31
"Aglucose 50mg, caixa com 30 comprimidos",EMS Sigma Pharma,7894916503754,39.0,39.0,0.0,0% ,39.0
Glimepirida 2mg 30 Comprimidos Eurofarma,Eurofarma,7891317000066,34.01,34.01,12.92,38% ,21.089999999999996
Meritor 4 1000mg Aché 30 Comprimidos,Aché,7896658012419,84.8,84.8,12.72,15% ,72.08
"Toujeo 300U 1,5ml + 1 caneta aplicadora",Sanofi,7891058020323,293.48,293.48,14.67,5% ,278.81
Caneta Aplicadora De Insulina Lifepen G Roxa,Biobras Farma,7898616360563,160.0,160.0,107.52,67% ,52.480000000000004
"Xultophy 100u ml + 3,6mg ml Novo Nordisk Solução Injetável Com 3ml",Novo Nordisk,7897705202364,320.8,320.8,32.08,10% ,288.72
Stanglit 45mg frasco com 30 comprimidos,Não especificada,7896094207776,232.72,232.72,48.87,21% ,183.85
Insulina Humana Novolin 100ui frasco com 10ml,Novo Nordisk,7897705203231,67.36,67.36,6.74,10% ,60.62
"Trayenta Duo 2,5 850mg com 60 Comprimidos",Boehringer Ingelheim,7896026307031,317.49,317.49,47.62,15% ,269.87
Vildagliptina 50mg 30 comprimidos Althaia Genérico,Não especificada,7898687732283,131.55,131.55,36.83,28% ,94.72000000000001
"Glibenclamida Nova Quimica 5Mg, Caixa Com 30 Comprimidos",Nova Química,7895296272018,14.72,14.72,4.12,28% ,10.600000000000001
"Aglucose 100mg, caixa com 30 comprimidos",EMS Sigma Pharma,7894916503761,59.46,59.46,20.81,35% ,38.650000000000006
Insulina Humulin Nph Lilly,Eli Lilly,7896382700583,85.59,85.59,23.52,27% ,62.07000000000001
Lantus SoloStar 100ui solução injetável 1 carpule contendo 3ml + 1 aplicador,Sanofi,7891058003029,121.9,121.9,12.19,10% ,109.71000000000001
"Cloridrato de Metformina EMS 500mg, caixa com 30 comprimidos de liberação prolongada",EMS,7896004750682,11.42,11.42,0.0,0% ,11.42
"Insunorm N 100UI/mL, caixa com 1 frasco ampola com 10mL de suspensão de uso subcutâneo",Aspen Pharma,7895858005436,69.59,69.59,14.61,21% ,54.980000000000004
XX INSULINA HUMULIN REG LILLY,Eli Lilly,7896382700576,78.0,78.0,30.82,40% ,47.18
LANTUS 100UI 10ML zz,Sanofi,7891058009205,310.26,310.26,55.85,18% ,254.41
SOLIQUA SOLOSTAR 300UI 99MCG 3ML,Sanofi,7891058020965,219.37,219.37,21.94,10% ,197.43
"Nimegon Met 50mg + 500mg, caixa com 56 comprimidos revestidos",Merck Sharp & Dohme,7897572004405,316.92,316.92,15.85,5% ,301.07
Glimepirida - Medley 2mg caixa com 30 comprimidos,Não especificada,7896422505307,30.29,30.29,6.97,23% ,23.32
Tresiba 100u ml solução injetável 1 carpule com 3ml + 1 assistente para aplicação,Novo Nordisk,7897705201916,210.14,210.14,21.01,10% ,189.13
Janumet 50 + 500Mg Caixa Com 56 Comprimidos,Merck Sharp & Dohme,7897572020184,331.18,331.18,16.56,5% ,314.62
Januvia 100mg caixa com 28 comprimidos,Merck Sharp & Dohme,7897572020290,336.05,336.05,16.8,5% ,319.25
Insulina Levemir Flexpen 1 Caneta Descartável com 3ml de Cada,Novo Nordisk,7897705201145,137.15,137.15,13.71,10% ,123.44
Galvus Vildagliptina 50mg 56 comprimidos,Novartis,7896261016248,254.76,254.76,0.0,0% ,254.76
Insulina Basaglar KwikPen 100UI mL Solução Injetável 5 Canetas Descartáveis de 3mL cada Geladeira,Eli Lilly,7896382708183,296.87,296.87,29.69,10% ,267.18
Insulina Asparte Fiasp Flextouch 100U 1x3 Ml,Não especificada,7897705202425,64.84,64.84,6.48,10% ,58.36
Humulin N 2 refis com 30ml,Eli Lilly,7896382703317,92.26,92.26,29.52,32% ,62.74000000000001
Insulina Humalog Kwikpen Eli Lilly 1 Caneta Descartável 3mL,Eli Lilly,7896382706431,61.94,61.94,6.19,10% ,55.75
Janumet 50 1000mg com 56 Comprimidos,Merck Sharp & Dohme,7897572020191,331.18,331.18,16.56,5% ,314.62
"Piotaz 15mg, caixa com 30 comprimidos",Germed Pharma,7896004739038,80.32,80.32,14.46,18% ,65.85999999999999
Insulina Humana Novolin Regular 100ui com 1 frasco contendo 10ml,Novo Nordisk,7897705203224,67.36,67.36,27.66,41% ,39.7
Tadalafila 5mg com 30 Comprimidos Revestidos Ache,Biosintética - Aché,7896181929161,94.41,"R$ 41,21 ",51.93,55% ,42.48
Zyad Diario 5mg 30 comprimidos,Aché,7896658034220,91.24,"R$ 69,92 ",19.16,21% ,72.08
Cialis Diário 5mg 30 Comprimidos Revestidos,Eli Lilly,7896382706370,299.85,"R$ 229,77 ",62.97,21% ,236.88000000000002
Viagra 50mg 1 Comprimido Revestido,Mylan,7908236800209,37.01,"R$ 30,52 ",5.55,15% ,31.459999999999997
Citrato Sildenafila 100mg 4 Comprimidos Revestidos,EMS,7896004728490,139.38,"R$ 54,08 ",83.63,60% ,55.75
Cialis 20Mg Caixa Com 2 Comprimidos Revestidos,Não especificada,7896382703614,159.89,"R$ 134,93 ",20.79,13% ,139.1
"Tadalafila 5Mg Germed, Caixa Com 30 Comprimidos Revestidos",Não especificada,7896004749716,92.2,"R$ 42,93 ",47.94,52% ,44.260000000000005
Tadalafila 20mg 4 comprimidos EMS Genérico,Não especificada,7896004749648,32.99,32.99,16.49,50% ,16.500000000000004
Tadalafila 20mg Medley 2 Comprimidos Revestidos,Germed Pharma,7896004749723,28.22,28.22,21.68,77% ,6.539999999999999
"Tadalafila Medley 20Mg, Caixa Com 2 Comprimidos Revestidos",Medley,7896422501675,29.1,29.1,11.64,40% ,17.46
"Galvus Met 50Mg + 850Mg, Caixa Com 56 Comprimidos Revestidos",Novartis,7896261016255,254.76,254.76,0.0,0% ,254.76
"Citrato De Sildenafila Medley 50Mg, Caixa Com 4 Comprimidos Revestidos",Medley,7896422525190,17.37,"R$ 13,81 ",3.13,18% ,14.240000000000002
"Tadalafila Eurofarma 5Mg, Caixa Com 30 Comprimidos Revestidos",Eurofarma,7891317127725,363.28,"R$ 28,19 ",334.22,92% ,29.059999999999945
"Tadalafila Eurofarma 20Mg, Caixa Com 4 Comprimidos Revestidos",Eurofarma,7891317127800,193.71,"R$ 15,04 ",178.21,92% ,15.5
"Citrato De Sildenafila Eurofarma 50Mg, Caixa Com 4 Comprimidos Revestidos",Eurofarma,7891317477592,32.0,"R$ 13,97 ",17.6,55% ,14.399999999999999
"Tadalafila Medley 20Mg, Caixa Com 4 Comprimidos Revestidos",Medley,7896422501682,58.05,"R$ 20,84 ",36.57,63% ,21.479999999999997
Sildenafila 50mg Genérico Neo Química 4 Comprimidos Revestidos,Neo Química,7896714226705,32.17,"R$ 10,26 ",21.59,67% ,10.580000000000002
Alendronato sod 70mg 4cpr ger,Não especificada,7896004715353,65.49,"R$ 17,15 ",47.81,73% ,17.679999999999993
Tadalafila 5mg Medley 30 Comprimidos Revestidos,Medley,7896422501651,89.07,"R$ 49,25 ",38.3,43% ,50.769999999999996
Viagra 50mg 2 Comprimidos,Mylan,7908236800186,74.1,"R$ 61,10 ",11.11,15% ,62.989999999999995
Tadalafila 5mg 30 Comprimidos Neo Química Genérico,Não especificada,7895296240031,92.2,92.2,0.0,0% ,92.2
Tadalafila 20mg 4 comprimmidos,Biosintética - Aché,7896181926238,54.51,54.51,0.0,0% ,54.51
Sutriptan 50mg 2 Comprimidos Revestidos,Não especificada,7899551308917,30.48,30.48,10.06,33% ,20.42
Dejavu 50mg Com 4 Comprimidos,Não especificada,EAN não informado,55.36,55.36,0.0,0% ,55.36
Tada 20Mg Com 2 Comprimidos,Não especificada,EAN não informado,61.0,61.0,0.0,0% ,61.0
Sutriptan 100mg 2 Comprimidos Revestidos,Não especificada,7899551308900,60.36,60.36,19.92,33% ,40.44
Addera D3 30000UI Com 2 Capsulas,Não especificada,7891142206367,77.77,77.77,0.0,0% ,77.77
Tadalafila 20mg Genérico Neo Química 4 Comprimidos,Não especificada,7896714255903,35.64,35.64,22.31,63% ,13.330000000000002
Donaren 50mg 60 Comprimidos Revestidos,Apsen,7896637022767,115.89,"R$ 53,25 ",60.99,53% ,54.9
Hidantal 100mg caixa com 25 comprimidos,Cosmed,7896094928084,15.64,"R$ 12,89 ",2.35,15% ,13.290000000000001
Isotretinoína - Nova Química 20mg caixa com 30 cápsulas,Nova Química,7895296043069,136.91,"R$ 75,70 ",58.87,43% ,78.03999999999999
Equilid 50mg caixa com 20 cápsulas,Sanofi,7891058030216,19.58,"R$ 16,14 ",2.94,15% ,16.639999999999997
Velija 30mg frasco 60 cápsulas liberação retardada,Libbs,7896094209602,133.31,"R$ 94,40 ",35.99,27% ,97.32
Serenata 50mg 60 Comprimidos,Torrent,8903855076058,183.9,"R$ 142,71 ",36.78,20% ,147.12
Frisium 10mg caixa com 20 comprimidos,Sanofi,7891058325039,23.46,"R$ 19,34 ",3.52,15% ,19.94
Carbolitium Cr 450Mg Com 30 Compridos Revestidos,Eurofarma,7891317027988,74.44,"R$ 61,37 ",11.17,15% ,63.269999999999996
Neuleptil 40mg ml solução oral frasco com conta gotas 20ml,Sanofi,7896070601260,28.33,"R$ 23,36 ",4.25,15% ,24.08
Gabapentina 300mg Biolab 30 Cápsulas,Biolab Genéricos,7898146820582,86.78,"R$ 47,98 ",37.32,43% ,49.46
Oxalato de Escitalopram 10mg Biosintética 30 Comprimidos,Biosintética - Aché,7896181900351,56.43,"R$ 36,68 ",18.62,33% ,37.81
Olanzapina 10mg 30 Comprimidos Revestidos - Biolab,Não especificada,7898146827895,272.02,"R$ 71,25 ",198.57,73% ,73.44999999999999
"Venlift OD 37,5mg 30 Cápsulas",Torrent,8903855061993,51.17,"R$ 39,71 ",10.23,20% ,40.94
Alprazolam 1mg 30 Comprimidos - Bio,Biosintética - Aché,7896181919322,25.93,"R$ 23,14 ",2.07,8% ,23.86
Carbamazepina - Teuto 200mg com 30 comprimidos,Teuto,7896112119210,23.4,"R$ 14,07 ",8.89,38% ,14.509999999999998
Amato Topiramato 50mg 60 comprimidos,Eurofarma,7891317443382,120.31,"R$ 99,19 ",18.05,15% ,102.26
Prysma 2mg 20 Comprimidos Revestidos,Eurofarma,7891317125639,89.08,"R$ 73,45 ",13.36,15% ,75.72
Neozine 4  solução oral frasco gotejador com 20ml,Sanofi,7896070601055,20.36,"R$ 16,79 ",3.05,15% ,17.31
Biomag 15mg - 60 cápsulas,Aché,7896658031892,106.37,"R$ 87,70 ",15.96,15% ,90.41
Alprazolam - Medley 2mg caixa com 30 comprimidos,Medley,7896422517041,64.59,"R$ 45,11 ",18.09,28% ,46.5
"Cloridrato De Venlafaxina 75Mg Neo Quimica, Caixa Com 30 Capsulas De Liberacao Prolongada",Não especificada,7896714290607,111.98,"R$ 56,48 ",53.75,48% ,58.230000000000004
Anafranil 25mg caixa com 20 drágeas,Novartis,7896261000018,59.83,"R$ 49,33 ",8.97,15% ,50.86
Ansitec 5mg 60 comprimidos,Libbs,7896094209619,114.22,"R$ 94,18 ",17.13,15% ,97.09
Tramal Retard 50mg 10 Comprimidos,Grünenthal,7898582381975,78.01,"R$ 62,05 ",14.04,18% ,63.970000000000006
Hemitartarato De Zolpidem 10Mg Com 30 Comprimidos Ems,EMS,7896004767130,72.25,"R$ 39,94 ",31.07,43% ,41.18
Cloridrato de Sertralina 30 Comprimidos Revestidos 50mg Prati Donaduzzi,Prati-Donaduzzi,7899547522150,45.92,"R$ 38,75 ",5.97,13% ,39.95
Egide 25mg 60 Comprimidos Revestidos,Libbs,7896094207493,54.59,"R$ 45,01 ",8.19,15% ,46.400000000000006
Sulfato de Hidroxicloroquina 400mg 30 comprimidos,Não especificada,7891317010034,89.11,"R$ 75,20 ",11.58,13% ,77.53
Zetron XL 150mg Libbs 30 Comprimidos Revestidos,Não especificada,7896094208995,123.36,"R$ 101,71 ",18.5,15% ,104.86
Fumarato quetiapina 200 30cp med,Não especificada,7896422500562,421.88,"R$ 151,42 ",265.78,63% ,156.10000000000002
Dipirona Monoidratada 50mg ml Frasco 100ml + Copo Medidor - Germed,Não especificada,7896004715650,17.55,"R$ 17,02 ",0.0,0% ,17.55
Ducox 200mg 10 Cápsulas Duras,Não especificada,7899640809134,44.75,"R$ 36,90 ",6.71,15% ,38.04
Risperidona - Prati-Donaduzzi 1mg ml solução oral frasco contendo 30ml + seringa dosadora,Prati-Donaduzzi,7899547503647,66.59,"R$ 56,19 ",8.66,13% ,57.93000000000001
Venlift OD 150mg 30 Cápsulas,Torrent,8903855062822,154.49,"R$ 119,88 ",30.9,20% ,123.59
Alprazolam 2mg Genérico Mepha 30 Comprimidos,Nova Química,7895296280204,79.2,"R$ 39,94 ",38.02,48% ,41.18
Seth Cloridrato de Bupropiona 150mg 60 comprimidos,Não especificada,7896006206965,73.23,"R$ 71,03 ",0.0,0% ,73.23
Alprazolam 1mg Germed 30 Comprimidos,Germed Pharma,7896004718873,29.66,"R$ 22,15 ",6.82,23% ,22.84
Clopixol Depot 200mg Solucao Injetavel 1x1mL C1,Não especificada,5702157109159,116.98,"R$ 93,04 ",21.06,18% ,95.92
Tolrest 75mg 30 Comprimidos,Não especificada,7896181902386,156.53,"R$ 129,06 ",23.48,15% ,133.05
Pondera Cloridrato de Paroxetina 10mg 20 comprimidos,Eurofarma,7891317421526,70.97,"R$ 58,51 ",10.65,15% ,60.32
Haldol 2mg ml Solução Oral 30ml,Janssen-Cilag,7896212420629,19.55,"R$ 16,12 ",2.93,15% ,16.62
Cloridrato De Trazodona 50Mg 60 Comprimidos Nova Química,Nova Química,7895296389020,77.44,"R$ 46,57 ",29.43,38% ,48.01
Cloridrato de Bupropiona 150mg Nova Química 30 Comprimidos Revestidos,Nova Química,7895296213042,118.47,"R$ 54,01 ",62.79,53% ,55.68
Dorene Tabs 75mg Aché 30 Comprimidos,Aché,7896658022371,75.2,"R$ 62,00 ",11.28,15% ,63.92
Risperidon 1mg mL 30mL Suspensão Oral Supera,Laboratório Cristália,7896676415797,74.4,"R$ 61,34 ",11.16,15% ,63.24000000000001
Zetron XL 300mg Libbs 30 Comprimidos Revestidos,Libbs,7896094209022,245.45,"R$ 202,37 ",36.82,15% ,208.63
Torval Cr 300Mg Com 60 Comprimidos,Não especificada,8903855081298,90.92,"R$ 70,56 ",18.18,20% ,72.74000000000001
Bupropiona 150mg 60 Comprimidos - Eurofarma,Eurofarma,7891317434205,236.66,"R$ 130,85 ",101.76,43% ,134.89999999999998
"Alprazolam 0,5mg 30 Comprimidos - Medley",Medley,7896422517003,13.2,"R$ 12,42 ",0.4,3% ,12.799999999999999
Cloridrato de Duloxetina - EMS 30mg 30 caps,EMS,7896004754949,153.7,"R$ 77,52 ",73.78,48% ,79.91999999999999
Donaren Retard 150mg 30 Comprimidos De Liberação Prolongada,Apsen,7896637023627,191.82,"R$ 158,16 ",28.77,15% ,163.04999999999998
Cloridrato de Fluoxetina 20mg Teuto 30 Cápsulas,Teuto,7896112125617,49.15,"R$ 31,94 ",16.22,33% ,32.93
Hemifumarato de Quetiapina 25mg Germed 30 Comprimidos Revestidos,Não especificada,7896004738949,50.09,"R$ 44,70 ",4.01,8% ,46.080000000000005
Razapina ODT 15mg caixa com 28 comprimidos orodispersíveis,Sandoz,7897595619518,83.92,"R$ 69,19 ",12.59,15% ,71.33
Urbanil 10mg com 20 Comprimidos,Não especificada,7896185998316,19.53,"R$ 16,10 ",2.93,15% ,16.6
Tiag 90mg 60 Comprimidos,Não especificada,8903855081892,404.14,"R$ 313,61 ",80.83,20% ,323.31
Sibus 15Mg Com 60 Capsulas,Eurofarma,7891317475222,103.43,"R$ 85,28 ",15.51,15% ,87.92
Esc Odt 5Mg Com 30 Comprimidos,Não especificada,7891317011444,61.98,"R$ 51,10 ",9.3,15% ,52.67999999999999
Procimax 20mg caixa com 28 comprimidos,Libbs,7896094201538,97.25,"R$ 80,18 ",14.59,15% ,82.66
Insit Pregabalina 50mg 30 cápsulas,Apsen,7896637029070,83.03,"R$ 80,54 ",0.0,0% ,83.03
Amytril 10mg caixa com 30 comprimidos,Laboratório Cristália,7896676431537,18.98,"R$ 15,65 ",2.85,15% ,16.13
Trileptal Oxcarbazepina 600mg 60 comprimidos,Não especificada,7896261006898,461.98,"R$ 425,71 ",23.1,5% ,438.88
Cloridrato Fluoxetina Genérico Medley 20mL,Não especificada,7896422512961,42.44,"R$ 33,76 ",7.64,18% ,34.8
Zetron XL 150mg 60 Comprimidos Revestidos de Liberação Prolongada,Libbs,7896094209015,195.23,"R$ 160,97 ",29.28,15% ,165.95
Alprazolam 1mg 30 comprimidos Eurofarma Genérico,Não especificada,7891317462031,52.96,"R$ 29,28 ",22.77,43% ,30.19
Clo 75mg 20 Comprimidos,Não especificada,7894916503051,57.41,"R$ 48,45 ",7.46,13% ,49.949999999999996
Mirtazapina 30mg 30 comprimidos Medley Genérico,Medley,7896422506069,170.76,"R$ 127,55 ",39.27,23% ,131.48999999999998
Risperidona 1mg Aché 30 Comprimidos Revestidos,Novartis,7896181916826,66.85,"R$ 33,72 ",32.09,48% ,34.75999999999999
Succinato de Desvenlafaxina 50mg Sanofi 30 Comprimidos Revestidos,Medley,7896422503990,124.95,"R$ 75,15 ",47.48,38% ,77.47
Tramadon 100Mg Com 10 Comprimidos C1,Laboratório Cristália,7896676432602,91.06,"R$ 75,08 ",13.66,15% ,77.4
Depakene Valproato de Sódio 500mg 50 comprimidos,Abbott do Brasil,7891158000898,103.31,"R$ 82,17 ",18.6,18% ,84.71000000000001
Arcoxia 90mg caixa com 7 comprimidos,Organon,7897337704984,82.58,"R$ 68,08 ",12.39,15% ,70.19
Paco 500+30Mg Com 12 Comprimidos,Eurofarma,7891317455606,32.91,"R$ 27,77 ",4.28,13% ,28.629999999999995
Venlafaxina 150mg 30cap ger,Não especificada,7896004746395,161.47,"R$ 97,11 ",61.36,38% ,100.11
Deposteron 200mg 2ml com 3 Ampolas,EMS Sigma Pharma,7894916202671,278.63,"R$ 221,63 ",50.15,18% ,228.48
Codein 30mg caixa com 30 comprimidos,Laboratório Cristália,7896676400175,66.19,"R$ 54,57 ",9.93,15% ,56.26
Citalopram - Medley 20mg caixa com 30 comprimidos,Medley,7896422515580,55.44,"R$ 38,72 ",15.52,28% ,39.92
Hetori 90mg 7 Comprimidos Revestidos,Organon,7897572005433,82.54,"R$ 68,06 ",12.38,15% ,70.16000000000001
Cloridrato De Trazodona 100Mg 60 Comprimidos Nova Química,Nova Química,7895296388016,77.43,"R$ 39,05 ",37.17,48% ,40.260000000000005
Escitalopram 10mg Genérico Neo Química 30 Comprimidos,Nova Química,7895296113137,66.36,"R$ 30,25 ",35.17,53% ,31.189999999999998
Cloridrato de Sertralina 50mg 30 Comprimidos NQ,Nova Química,7895296232081,84.28,"R$ 42,52 ",40.45,48% ,43.83
Lamotrigina - Althaia 50mg caixa com 30 comprimidos,Althaia,7898569760267,46.4,"R$ 27,91 ",17.63,38% ,28.77
Hemitartarato de Zolpidem 10mg 30 comprimidos Nova Química Genérico,Não especificada,7895296444026,72.26,"R$ 28,03 ",43.36,60% ,28.900000000000006
Exodus 10mg caixa com 60 comprimidos revestidos,Aché,7896658010187,108.12,"R$ 86,00 ",19.46,18% ,88.66
Cloridrato de Sertralina 50mg Eurofarma 30 Comprimidos Revestidos,Eurofarma,7891317446031,95.25,"R$ 48,04 ",45.72,48% ,49.53
Assert 50mg 30 comprimidos revestidos,Eurofarma,7891317412920,103.47,"R$ 85,31 ",15.52,15% ,87.95
Ritalina 10mg 30 Comprimidos A3,Novartis,7896261018754,53.71,"R$ 44,28 ",8.06,15% ,45.65
Topiramato 50mg 60 comprimidos Eurofarma Genérico,Eurofarma,7891317434335,175.46,"R$ 71,48 ",101.77,58% ,73.69000000000001
Succinato de Desvenlafaxina 100mg Eurofarma 30 Comprimidos,Eurofarma,7891317000530,162.58,"R$ 82,00 ",78.04,48% ,84.54
Coques 200mg 10 Cápsulas,Eurofarma,7891317137557,44.75,"R$ 36,90 ",6.71,15% ,38.04
Amplictil Clorpromazina 40mg mL Solução Oral 20mL,Sanofi,7896070600201,11.85,"R$ 9,77 ",1.78,15% ,10.07
Venlift OD 75mg 30 Cápsulas C1,Torrent,8903855062006,113.95,"R$ 88,43 ",22.79,20% ,91.16
Anafranil SR 75mg 20 comprimidos,Novartis,7896261001480,127.59,"R$ 105,20 ",19.14,15% ,108.45
Cloridrato de Bupropiona - EMS 150mg 6 blísteres com 10 comprimidos revestidos,EMS,7896004732633,230.46,"R$ 116,24 ",110.62,48% ,119.84
Aristab 1mg ml Suspensão Oral 150ml,Aché,7896658035432,208.07,"R$ 165,50 ",37.45,18% ,170.62
"Cloridrato De Trazodona 100Mg Eurofarma, Caixa Com 30 Comprimidos Revestidos",Não especificada,7891317011260,74.04,"R$ 44,52 ",28.14,38% ,45.900000000000006
Foxis 200Mg 10Caps,Aché,7896658028083,42.23,"R$ 34,82 ",6.33,15% ,35.9
Cloridrato De Donepezila 10mg Ems 30 Comprimido Revestido,EMS,7896004768298,169.55,"R$ 93,74 ",72.91,43% ,96.64000000000001
Venlafaxina 75 30Cap Eur,Eurofarma,7891317430368,95.64,"R$ 89,99 ",2.87,3% ,92.77
Topiramato 50Mg 60Cpr Bio Gen,Biosintética - Aché,7896181900764,197.27,"R$ 99,50 ",94.69,48% ,102.58000000000001
Topiramato 25Mg 60Cpr Bio Gen,Biosintética - Aché,7896181900689,98.61,"R$ 64,09 ",32.54,33% ,66.07
Ritalina la 40mg 30cap,Não especificada,7896261006874,385.44,"R$ 373,88 ",0.0,0% ,385.44
Dicoxibe 200mg 15cap zz,Mylan,7908236800391,91.25,"R$ 75,23 ",13.69,15% ,77.56
Pregabalina 75mg Biosintética 30 Cápsulas Duras,Biosintética - Aché,7896181920854,136.61,"R$ 55,66 ",79.23,58% ,57.38000000000001
Inseris Xr 300Mg Com 30 Comprimidos Revestidos,Não especificada,7896637032339,321.43,"R$ 265,02 ",48.21,15% ,273.22
Olanzapina 5mg Genérico Geolab 30 Comprimidos,Geolab,7899095237896,118.07,"R$ 93,92 ",21.25,18% ,96.82
Clor tramadol 50mg 10caps ger,Não especificada,7896004711768,31.45,"R$ 28,06 ",2.52,8% ,28.93
Dual Cloridrato de Duloxetina 60mg 60 cápsulas Aché 60 Cápsulas Duras de Liberação Retardada,Não especificada,7896658024207,254.24,"R$ 246,61 ",0.0,0% ,254.24
"Ultracet 37,5mg + 325mg, caixa com 10 comprimidos",Janssen-Cilag,7896212422951,68.42,"R$ 56,42 ",10.26,15% ,58.160000000000004
Vimpat 100mg Com 28 Comprimidos,Não especificada,5413787008797,360.35,"R$ 332,06 ",18.02,5% ,342.33000000000004
Elatium Bromidrato de Galantamina 24mg 30 cápsulas,Prati-Donaduzzi,7899547538960,183.98,"R$ 173,11 ",5.52,3% ,178.45999999999998
Cibex Celecoxibe 200mg 10 cápsulas,Supera,7899420508219,44.76,"R$ 36,91 ",6.71,15% ,38.05
Apice Pregabalina 75mg 30 cápsulas,Supera,7899420505652,65.15,"R$ 53,72 ",9.77,15% ,55.38000000000001
"Roxetin XR Cloridrato de Paroxetina 12,5mg 30 comprimidos",Laboratório Cristália,7896676435580,87.35,"R$ 72,02 ",13.1,15% ,74.25
Ezonia Eszopiclona 2mg 20 Comprimidos,Não especificada,7891317025861,89.08,"R$ 73,45 ",13.36,15% ,75.72
Alois Duo Pack 28 comprimidos,Não especificada,7896637033855,115.96,"R$ 95,61 ",17.39,15% ,98.57
Oleptal Oxcarbazepina 600mg 60 comprimidos,Não especificada,8903855089195,296.83,"R$ 287,93 ",0.0,0% ,296.83
Oleptal Oxcarbazepina 300mg 60 comprimidos,Não especificada,8903855089188,154.28,"R$ 149,65 ",0.0,0% ,154.28
Mensyva 25mg 30 Comprimidos,Não especificada,7896658039270,38.6,"R$ 31,83 ",5.79,15% ,32.81
"Pregabalina 75Mg Germed, Caixa Com 30 Capsulas",Não especificada,7896004776279,84.73,"R$ 50,95 ",32.2,38% ,52.53
Vivencia Patch 27mg com 30 Adesivos Transdérmicos,Não especificada,7896658034947,534.95,"R$ 518,90 ",0.0,0% ,534.95
Depakote ER 250mg caixa com 30 comprimidos,Abbott do Brasil,7896255762465,75.27,"R$ 69,36 ",3.76,5% ,71.50999999999999
Cloridrato de Venlafaxina 150mg Eurofarma 30 Comprimidos,Eurofarma,7891317463076,172.82,"R$ 103,94 ",65.67,38% ,107.14999999999999
Prebictal 75mg 30 Cápsulas Duras,Zodiac,7892953208298,98.75,"R$ 81,42 ",14.81,15% ,83.94
Alois 20mg com 30 comprimidos revestidos,Não especificada,7896637031219,201.28,"R$ 140,57 ",56.36,28% ,144.92000000000002
Maxapran 20 mg 60 Comprimidos Revestidos,Não especificada,7896181925170,140.37,"R$ 102,12 ",35.09,25% ,105.28
Pregabalina 50mg 30 cápsulas Medley Genérico,Não especificada,7896422527026,57.52,"R$ 50,22 ",5.75,10% ,51.77
Diazepam 10mg 30 comprimidos Pharlab Genérico,Pharlab,7898216365135,20.24,"R$ 15,11 ",4.66,23% ,15.579999999999998
Pregabalina 75mg Eurofarma 30 Cápsulas Duras,Eurofarma,7891317139384,136.59,"R$ 62,27 ",72.39,53% ,64.2
Clopixol 10mg 20 Comprimidos,Lundbeck,5702157108411,58.31,"R$ 48,07 ",8.75,15% ,49.56
Tam Levetiracetam 250mg 30 comprimidos,Supera,7899420507106,48.8,"R$ 40,24 ",7.32,15% ,41.48
Viverdal 2mg 30 Comprimidos Revestidos,Não especificada,7896006227564,27.3,"R$ 22,51 ",4.09,15% ,23.21
Trol 100mg com 10 Comprimidos Revestidos de Liberação Prolongada,Supera,7899420508196,93.76,"R$ 77,31 ",14.06,15% ,79.7
Perlid Risperidona 2mg 30 comprimidos,Não especificada,7899547532890,37.75,"R$ 36,62 ",0.0,0% ,37.75
Perlid Risperidona 1mg 30 comprimidos,Prati-Donaduzzi,7899547532777,37.75,"R$ 36,62 ",0.0,0% ,37.75
Apice Pregabalina 150mg 30 cápsulas,Supera,7899420505737,100.0,"R$ 82,45 ",15.0,15% ,85.0
Prebictal 50mg com 30 Cápsulas,Zodiac,7892953208274,84.43,"R$ 57,33 ",25.33,30% ,59.10000000000001
Antara Levetiracetam 750mg 30 Comprimidos,Eurofarma,7891317029319,152.96,"R$ 126,12 ",22.94,15% ,130.02
Donila 5mg 30 comprimidos,Aché,7896658014604,62.68,"R$ 45,60 ",15.67,25% ,47.01
Pantomix Pantoprazol 40mg 28 Comprimidos,Não especificada,7896658040177,55.39,"R$ 45,67 ",8.31,15% ,47.08
Dormonid Maleato de Midazolam 15mg 30 comprimidos,Não especificada,7898040328368,147.09,"R$ 121,28 ",22.06,15% ,125.03
Gésico Retard 100mg Com 10 Comprimidos Revestidos,Eurofarma,7891317003128,94.66,"R$ 78,05 ",14.2,15% ,80.46
Pondera 20mg 30 Comprimidos,Eurofarma,7891317006938,213.21,"R$ 175,79 ",31.98,15% ,181.23000000000002
Insit Pregabalina 100mg 30 Cápsulas,Não especificada,7896637032032,155.53,"R$ 128,23 ",23.33,15% ,132.2
"Insit 75Mg, Com 60 Capsulas",Não especificada,7896637033480,93.61,"R$ 90,80 ",0.0,0% ,93.61
Paxtrat 20mg caixa com 30 comprimidos revestidos,União Química,7896006282389,105.09,"R$ 86,65 ",15.76,15% ,89.33
Eudok 10mg 30 Comprimidos Revestidos,União Química,7896006215936,79.46,"R$ 57,81 ",19.86,25% ,59.599999999999994
Efexor XR 75mg caixa com 30 cápsulas,Mylan,7908236800629,472.94,"R$ 435,81 ",23.65,5% ,449.29
Trileptal 300Mg Caixa Com 60 Comprimidos Revestidos,Novartis,7896261005372,240.8,"R$ 221,90 ",12.04,5% ,228.76000000000002
Carbamazepina  EMS 400mg com 20 comprimidos,EMS,7896004704210,33.23,"R$ 26,43 ",5.98,18% ,27.249999999999996
Lexapro 10mg com 30 comprimidos,Não especificada,5702150142948,292.09,"R$ 240,83 ",43.81,15% ,248.27999999999997
Brintellix 10mg 60 Comprimidos,Não especificada,5702157141968,691.96,"R$ 550,39 ",124.55,18% ,567.4100000000001
Atip XR 50mg Supera 30 Comprimidos,Não especificada,7899420504983,173.02,"R$ 142,66 ",25.95,15% ,147.07000000000002
Fluxtar SR 6mg Diffucap 30 Cápsulas,Não especificada,7898096577697,66.18,"R$ 46,84 ",17.89,27% ,48.290000000000006
Fusor 10mg Gotas 15mL,Não especificada,7896658039577,85.61,"R$ 70,59 ",12.84,15% ,72.77
Fusor 15mg 30 comprimidos,Não especificada,7896658039249,104.36,"R$ 86,05 ",15.65,15% ,88.71
Mensyva 200mg 30 Comprimidos,Não especificada,7896658039287,192.79,"R$ 158,95 ",28.92,15% ,163.87
Fusor 20mg 30 comprimidos,Não especificada,7896658039256,128.12,"R$ 105,63 ",19.22,15% ,108.9
Turno 10mg Com 30 Comprimidos,Não especificada,7891317006075,45.77,"R$ 39,95 ",4.58,10% ,41.190000000000005
"Olanzapina Neo Química 2,5mg, caixa com 30 comprimidos revestidos",Não especificada,7896714240541,79.92,"R$ 44,18 ",34.37,43% ,45.550000000000004
Pregalpha 75mg com 30 cápsulas,Não especificada,8903855053455,59.29,"R$ 48,89 ",8.89,15% ,50.4
Reconter ODT Escitalopram Base 10mg 30 comprimidos,Não especificada,7896094211032,82.78,"R$ 72,27 ",8.28,10% ,74.5
"Hemitartarato De Zolpidem 5mg Germed, Caixa Com 30 Comprimidos Sublinguais",Não especificada,7896004778617,93.71,"R$ 47,27 ",44.98,48% ,48.73
Valium 10mg caixa com 30 comprimidos,Belfar,7897917005982,34.71,"R$ 28,62 ",5.21,15% ,29.5
Risperidona 1mg mL Solução Oral Com 30mL,Não especificada,7895296445313,62.24,"R$ 49,51 ",11.2,18% ,51.040000000000006
Fly 250Mg Com 10 Capsulas,Não especificada,7896112403005,31.66,"R$ 26,64 ",4.2,13% ,27.46
Paracetamol 500mg + Fosfato de Codeína 30mg Nova Química 12 Comprimidos,Nova Química,7895296423014,23.0,"R$ 14,95 ",7.59,33% ,15.41
"Cloridrato de Donepezila + Cloridrato de Memantina Neo Química 10mg + 20mg, caixa com 30 comprimidos revestidos",Não especificada,7896714292359,118.84,"R$ 106,05 ",9.51,8% ,109.33
Venvanse 70mg com 28 cápsulas,Takeda,7896641816871,590.38,"R$ 515,40 ",59.04,10% ,531.34
Concerta 54mg frasco com 30 comprimidos,Não especificada,7896212420124,425.3,"R$ 338,29 ",76.55,18% ,348.75
Contrave 8mg + 90mg 120 comprimidos,Não especificada,7891721201691,949.37,"R$ 647,84 ",281.49,30% ,667.88
Undecilato de Testosterona 250mg ml Eurofarma Solução Injetável 4ml - Genérico,Não especificada,7891317001414,510.32,"R$ 273,54 ",228.32,45% ,282.0
Reconter 20mg Frasco 30ml Solução de Uso Oral,Libbs,7896094210370,182.08,"R$ 150,13 ",27.31,15% ,154.77
Pamelor Cloridrato de Nortriptilina 25mg 30 cápsulas,Cellera Farma,7896261009677,63.62,"R$ 52,46 ",9.54,15% ,54.08
"Gesico Duo 37,5 325mg 10 Comprimidos Revestidos",Eurofarma,7891317158224,37.29,"R$ 30,75 ",5.59,15% ,31.7
Hezo Eszopiclona 3mg 20 Comprimidos,Supera,7899420507038,85.24,"R$ 70,28 ",12.79,15% ,72.44999999999999
Ecoxe Etoricoxibe 90mg 14 comprimidos,Não especificada,7896714292113,138.93,"R$ 134,76 ",0.0,0% ,138.93
Cloridrato de Trazodona 50mg 60 comprimidos Althaia,Não especificada,7898687732627,60.98,"R$ 45,54 ",14.03,23% ,46.949999999999996
Loredon 50mg Torrent 60 Comprimidos,Torrent,8902220120297,72.01,"R$ 59,37 ",10.8,15% ,61.21000000000001
Neozine 25mg caixa com 20 comprimidos revestidos,Sanofi,7896070601062,15.22,"R$ 12,55 ",2.28,15% ,12.940000000000001
Topiramato 100mg Genérico Germed 60 Comprimidos,Germed Pharma,7896004713045,257.48,"R$ 104,90 ",149.34,58% ,108.14000000000001
Brintellix Vortioxetina 20mg 30 comprimidos,Não especificada,5702150152619,526.13,"R$ 403,17 ",110.49,21% ,415.64
Epez 5mg Caixa Com 30 Comprimidos,Torrent,8902220108370,70.01,"R$ 54,33 ",14.0,20% ,56.010000000000005
Eudok 15Mg 30 Comprimidos,Não especificada,7896006215943,89.71,"R$ 65,26 ",22.43,25% ,67.28
Sonic Cloridrato de Trazodona 100mg 30 comprimidos,Não especificada,7891317011284,64.07,"R$ 49,10 ",13.45,21% ,50.61999999999999
Traum Retard 100Mg Com 10 Comprimidos Ache,Aché,7896181929178,94.6,"R$ 78,00 ",14.19,15% ,80.41
Primid Primidona 100mg 100 comprimidos,Apsen,7896637025225,94.7,"R$ 78,09 ",14.2,15% ,80.5
Bromazepam 3mg 30 Comprimidos Medley,Medley,7896422505963,23.78,"R$ 20,07 ",3.09,13% ,20.69
Oxypynal Cloridrato de Oxicodona 10mg 10 comprimidos,Não especificada,7892953208175,98.76,"R$ 81,43 ",14.81,15% ,83.95
Mirtazapina 30Mg 30comprimidos Orodisp Ger,Não especificada,7896004758930,161.18,"R$ 112,57 ",45.13,28% ,116.05000000000001
"Alprazolam 0,25mg 30 comprimidos EMS Genérico",Não especificada,7896004718811,16.18,"R$ 12,87 ",2.91,18% ,13.27
Bupropiona 150mg EMS 30 comprimidos,Não especificada,7896004732640,123.98,"R$ 68,55 ",53.31,43% ,70.67
Lacotem 50mg 30 comprimidos,Não especificada,7892953208809,96.61,"R$ 89,03 ",4.83,5% ,91.78
Rozerem Ramelteona 8mg 30 comprimidos,Não especificada,7896641810770,129.59,"R$ 106,85 ",19.44,15% ,110.15
Lacotem 100mg 30 comprimidos,Não especificada,7892953208823,183.54,"R$ 151,33 ",27.53,15% ,156.01
Paracetamol 500mg + Fosfato de Codeína 30mg Genérico 12 Comprimidos,Não especificada,7896004712819,22.49,"R$ 15,70 ",6.3,28% ,16.189999999999998
Paracetamol 500mg + Fosfato de Codeína 30mg Genérico 36 Comprimidos,Não especificada,7896004783864,53.54,"R$ 47,78 ",4.28,8% ,49.26
Celecoxibe 200mg 10 cápsulas,Não especificada,7896004747910,45.78,"R$ 29,75 ",15.11,33% ,30.67
Reconter ODT Escitalopram Base 20mg 30 comprimidos,Não especificada,7896094211056,155.12,"R$ 135,42 ",15.51,10% ,139.61
Quetros Quetiapina 100mg 60 comprimidos,Não especificada,7896658039997,244.37,"R$ 215,71 ",21.99,9% ,222.38
Zolpaz 10mg com 30 comprimidos revestidos,União Química,7896006215677,52.8,"R$ 38,41 ",13.2,25% ,39.599999999999994
Valproato de Sódio 500mg com 50 Comprimidos Biolab,Biolab Genéricos,7896112401247,62.52,"R$ 49,73 ",11.25,18% ,51.27
Ebix 20mg 30 Comprimidos,Não especificada,5702150142368,393.68,"R$ 324,59 ",59.05,15% ,334.63
Veepi 500mg 60 comprimidos,Não especificada,8903855090511,141.76,"R$ 137,51 ",0.0,0% ,141.76
Seizla Lacosamida 100mg 30 comprimidos,Não especificada,8903855083049,139.11,"R$ 134,94 ",0.0,0% ,139.11
Oxypynal Cloridrato de Oxicodona 20mg 30 comprimidos,Não especificada,7892953208243,431.71,"R$ 355,94 ",64.76,15% ,366.95
Oxalato de Escitalopram 15mg 30 comprimidos Legrand,Legrand,7894916148306,172.56,"R$ 87,04 ",82.83,48% ,89.73
"Paratram 37,5 325mg 20 comprimidos",Não especificada,7892953001288,96.94,"R$ 79,93 ",14.54,15% ,82.4
Dorene Tabs 150mg Aché 30 Comprimidos,Aché,7896658022456,109.05,"R$ 89,91 ",16.36,15% ,92.69
Arcoxia Etoricoxib 90mg 14 comprimidos,Não especificada,7897337705004,163.46,"R$ 134,77 ",24.52,15% ,138.94
Etira Levetiracetam 500mg 60 Comprimidos,Não especificada,7896658039027,196.98,"R$ 162,41 ",29.55,15% ,167.42999999999998
Clo Cloridrato de Clomipramina 10mg 20 comprimidos,Não especificada,7894916503044,17.0,"R$ 14,02 ",2.55,15% ,14.45
Ansitec Cloridrato de Buspirona 10mg 90 comprimidos,Não especificada,7896094209640,250.9,"R$ 182,53 ",62.72,25% ,188.18
Sibus 10mg Eurofarma 30 Comprimidos,Eurofarma,7891317481650,55.46,"R$ 45,73 ",8.32,15% ,47.14
Donepezila 10mg + Memantina 20mg 30 comprimidos,Não especificada,7896004781310,129.51,"R$ 103,01 ",23.31,18% ,106.19999999999999
"Gesico Duo 37,5 325mg 20 Comprimidos Revestidos",Eurofarma,7891317158255,65.03,"R$ 53,62 ",9.75,15% ,55.28
Escitalopram 20mg Genérico Neo Química 30 Comprimidos,Nova Química,7895296113182,140.06,"R$ 63,86 ",74.23,53% ,65.83
Tolrest 25mg 30 Comprimidos,Aché,7896181916437,59.83,"R$ 49,33 ",8.97,15% ,50.86
Codein 3mg frasco com 120ml,Laboratório Cristália,7896676400489,75.77,"R$ 61,74 ",12.12,16% ,63.65
Ezonia Eszopiclona 3mg 20 Comprimidos,Não especificada,7891317025878,89.08,"R$ 73,45 ",13.36,15% ,75.72
"Hemitartarato De Zolpidem 10mg Eurofarma, Caixa Com 30 Comprimidos",Não especificada,7891317018849,72.84,"R$ 40,27 ",31.32,43% ,41.52
Ecoxe etoricoxibe 90mg 7 comprimidos,Não especificada,7896714292045,70.21,"R$ 68,10 ",0.0,0% ,70.21
Hormus 250mg mL Eurofarma 1 Ampola de 4mL,Não especificada,7891317001445,547.65,"R$ 451,54 ",82.15,15% ,465.5
Quet XR Hemifumarato de Quetiapina 50mg 30 comprimidos,Eurofarma,7891317134334,173.02,"R$ 132,59 ",36.33,21% ,136.69
Etira Levetiracetam 500mg 30 comprimidos,Aché,7896658029318,103.61,"R$ 85,43 ",15.54,15% ,88.07
"Alprazolam 0,5mg 30 comprimidos",Nova Química,7895296280082,15.07,"R$ 14,62 ",0.0,0% ,15.07
"Oxcarbazepina 600Mg Medley, Caixa Com 30 Comprimidos Revestidos",Medley,7896422511940,90.62,"R$ 72,08 ",16.31,18% ,74.31
Risperidona 1mg 30 comprimidos União Química Genérico,União Química,7896006215912,53.32,"R$ 34,65 ",17.6,33% ,35.72
Risperidona 2mg 30 comprimidos União Química Genérico,União Química,7896006215929,59.59,"R$ 41,61 ",16.69,28% ,42.900000000000006
Amato Topiramato 25mg 60 comprimidos,Eurofarma,7891317443375,60.13,"R$ 49,58 ",9.02,15% ,51.11
Diazepam 5mg Germed 30 comprimidos,Legrand,7896004716510,15.8,"R$ 12,57 ",2.84,18% ,12.96
Hemifumarato de Quetiapina 25mg 30 comprimidos Aché Genérico,GSK,7896658035371,96.53,"R$ 48,69 ",46.33,48% ,50.2
Risperidona 3mg Medley 30 Comprimidos Revestidos,Medley,7896422527460,63.25,"R$ 41,11 ",20.87,33% ,42.379999999999995
"Atrace 37,5mg + 325mg 20 Comprimidos Revestidos",Não especificada,7899640808946,65.1,"R$ 53,68 ",9.76,15% ,55.339999999999996
Cloridrato de Sertralina 100mg 30 Comprimidos,Não especificada,7896004756677,192.39,"R$ 97,04 ",92.35,48% ,100.03999999999999
"Frontal 0,25mg 30 Comprimidos",Mylan,7908236800643,36.2,"R$ 29,85 ",5.43,15% ,30.770000000000003
Depakote ER 250mg cx 60 comp rev,Abbott do Brasil,7891158103063,134.32,"R$ 123,77 ",6.72,5% ,127.6
Olanzapina 10mg Genérico Geolab 30 Comprimidos,Geolab,7899095237957,206.51,"R$ 74,12 ",130.1,63% ,76.41
Elatium Bromidrato de Galantamina 8mg 30 cápsulas,Prati-Donaduzzi,7899547538878,114.71,"R$ 107,93 ",3.44,3% ,111.27
Clonazepam 2mg 30 Comprimidos Ger,Germed Pharma,7896004721842,20.53,"R$ 15,34 ",4.72,23% ,15.810000000000002
"Divalproato De Sodio 500Mg Ranbaxy, Caixa Com 30 Comprimidos",Não especificada,7897076921901,91.27,"R$ 77,02 ",11.87,13% ,79.39999999999999
Cloridrato de Metilfenidato 10mg Genérico Althaia 60 Comprimidos,Não especificada,7898687730296,63.29,"R$ 59,55 ",1.9,3% ,61.39
Cloridrato de Trazodona 100mg 30 comprimidos Althaia,Não especificada,7898687732702,61.0,"R$ 54,44 ",4.88,8% ,56.12
Bromazepam 3mg Biosintética 30 Comprimidos,Biosintética - Aché,7896181909538,24.79,"R$ 19,72 ",4.46,18% ,20.33
Hemifumarato de Quetiapina 100mg Medley 30 Comprimidos Revestidos,Medley,7896422500531,278.95,"R$ 121,76 ",153.42,55% ,125.53
"Fumarato Quetiapina Xr 50Mg Neo Quimica, Caixa Com 30 Comprimidos",Não especificada,7896714275376,147.88,"R$ 96,11 ",48.8,33% ,99.08
Cloridrato de Sibutramina 10mg 30 comprimidos SEM,EMS,7896004721095,77.48,"R$ 46,60 ",29.44,38% ,48.040000000000006
Cloridrato de Sibutramina - EMS 15mg caixa com 30 cápsulas,EMS,7896004721125,92.2,"R$ 64,39 ",25.82,28% ,66.38
Razapina 30mg caixa com 28 comprimidos revestidos,Sandoz,7897595608307,167.9,"R$ 122,15 ",41.97,25% ,125.93
Hemifumarato de Quetiapina 100mg Germed 30 Comprimidos Revestidos,Germed Pharma,7896004730400,144.08,"R$ 93,63 ",47.55,33% ,96.53000000000002
"Frontal 0,5mg Pfizer 30 Comprimidos",Mylan,7908236800650,70.61,"R$ 58,22 ",10.59,15% ,60.019999999999996
Paratram 375 + 325mg caixa com 30 comprimidos,Zodiac,7892953001332,123.62,"R$ 101,93 ",18.54,15% ,105.08000000000001
Alprazolam 2mg Germed 30 Comprimidos,Germed Pharma,7896004718897,79.89,"R$ 40,29 ",38.35,48% ,41.54
Fumarato Quetiapina 100mg Genérico 30 Comprimidos,Teuto,7896112121114,139.5,"R$ 83,90 ",53.01,38% ,86.49000000000001
Gesico 50mg Com 10 Capsulas,Eurofarma,7891317009069,52.18,"R$ 43,02 ",7.83,15% ,44.35
Donaren 100mg 30 Comprimidos Revestidos,Não especificada,7896637023979,127.86,"R$ 124,02 ",0.0,0% ,127.86
Risperidona 2mg 30 Comprimidos Revestidos - Biolab,Biolab Genéricos,7898146823422,39.4,"R$ 37,07 ",1.18,3% ,38.22
Lamitor Cd 25 mg 30 comprimidos sus,Torrent,8903855076140,41.76,"R$ 32,41 ",8.35,20% ,33.41
Sibutramina 10mg 30 Cápsulas - Eurofarma,Eurofarma,7891317481636,74.63,"R$ 48,50 ",24.63,33% ,50.0
Fumarato Quetiapina 100mg Genérico 30 Comprimidos,Não especificada,7898146825358,138.99,"R$ 90,33 ",45.87,33% ,93.12
Gabapentina 300mg 30 cápsulas Prati Donaduzzi Genérico,Não especificada,7899547514315,73.93,"R$ 48,04 ",24.4,33% ,49.53000000000001
Lamotrigina 50mg 30 Comprimidos - Biolab,Não especificada,7898146820827,43.49,"R$ 28,27 ",14.35,33% ,29.14
Risperidona 1mg 30 Comprimidos Revestidos - Biolab,Biolab Genéricos,7898146823385,31.96,"R$ 30,07 ",0.96,3% ,31.0
Cloridrato de Memantina 10mg 60 Comprimidos Medley,Medley,7896422520584,146.95,"R$ 81,25 ",63.19,43% ,83.75999999999999
Esc Oxalato de Escitalopram 20mg 60 comprimidos,Eurofarma,7891317010485,236.87,"R$ 188,40 ",42.64,18% ,194.23000000000002
Lamitor CD 100mg 30 Comprimidos Para Suspensão de Uso Oral,Torrent,8902220106758,102.65,"R$ 79,66 ",20.53,20% ,82.12
Lamotrigina 100mg 30 comprimidos Teuto Genérico,Teuto,7896112138501,83.82,"R$ 54,48 ",27.66,33% ,56.16
Voextor Vortioxetina 5mg 30 comprimidos,Não especificada,7896094210615,91.96,"R$ 80,28 ",9.2,10% ,82.75999999999999
Cloridrato de Bupropiona 150mg,Não especificada,7896004732657,229.45,"R$ 126,87 ",98.66,43% ,130.79
Coglive Bromidrato de Galantamina 16mg 60 cápsulas,Não especificada,7896094210318,360.97,"R$ 287,12 ",64.97,18% ,296.0
"Pisa Dicloridrato de Pramipexol 0,750mg 30 comprimidos",Não especificada,7891317134006,178.56,"R$ 147,23 ",26.78,15% ,151.78
Zolfest D Hemitartarato de Zolpidem 10mg 20 comprimidos,Aché,7896658025525,74.67,"R$ 68,81 ",3.73,5% ,70.94
Torval CR 500mg Torrent 60 Comprimidos,Não especificada,8903855081311,152.02,"R$ 117,97 ",30.4,20% ,121.62
Tramadol 50mg Genérico Neo Química 10 cápsulas,Neo Química,7896714217321,40.77,"R$ 28,47 ",11.42,28% ,29.35
Torval CR 300mg caixa com 30 comprimidos,Torrent,8902220106024,48.57,"R$ 37,69 ",9.71,20% ,38.86
Dual Cloridrato de Duloxetina 30mg 60 cápsulas Aché 60 Cápsulas Duras de Liberação Retardada,Não especificada,7896658024153,128.15,"R$ 120,58 ",3.84,3% ,124.31
Sulpan Bromazepam 1mg + Sulpirida 25mg 20 cápsulas,Não especificada,7897595902085,43.18,"R$ 35,60 ",6.48,15% ,36.7
Bromazepam 6mg Genérico Neo Química 30 comprimidos,Não especificada,7896714212371,38.13,"R$ 32,17 ",4.96,13% ,33.17
Topiramato 100mg 60 Comprimidos - Eurofarma,Eurofarma,7891317434342,257.48,"R$ 92,41 ",162.21,63% ,95.27000000000001
Hemifumarato de Quetiapina 25mg Teuto 30 Comprimidos,Teuto,7896112121282,55.89,"R$ 49,88 ",4.47,8% ,51.42
Succinato de Desvenlafaxina 100mg Sanofi 30 Comprimidos Revestidos,Medley,7896422504010,137.53,"R$ 76,04 ",59.14,43% ,78.39
Risperidona 1mg Supera RX Solução Oral Frasco 60ml,Laboratório Cristália,7896676436143,133.92,"R$ 110,42 ",20.09,15% ,113.82999999999998
Anestalcon Colírio 5mL C1,Não especificada,7896548197158,12.67,"R$ 11,18 ",1.14,9% ,11.53
Antara Levetiracetam 250mg 30 Comprimidos,Não especificada,7891317029302,50.97,"R$ 42,02 ",7.65,15% ,43.32
Lexotan 3mg caixa com 30 comprimidos,Blanver S.A.,7898581710370,54.02,"R$ 44,54 ",8.1,15% ,45.92
Paco 500+30Mg Com 24 Comprimidos,Eurofarma,7891317464905,59.78,"R$ 50,45 ",7.77,13% ,52.010000000000005
Cloridrato de Memantina 10mg 60 Comprimidos Eurofarma,Biolab Genéricos,7898146825129,68.43,"R$ 64,39 ",2.05,3% ,66.38000000000001
Assert Cloridrato de Sertralina 25mg 30 comprimidos,Eurofarma,7899640810321,70.13,"R$ 57,82 ",10.52,15% ,59.61
Diazepam 5mg 30 comprimidos Neo Química Genérico,Neo Química,7896714232966,14.96,"R$ 12,63 ",1.94,13% ,13.020000000000001
Dual 60mg cx 30 cap lib retard,Aché,7896658024191,140.41,"R$ 115,77 ",21.06,15% ,119.35
Cloridrato de Paroxetina 20mg União Química 30 Comprimidos Revestidos,União Química,7896006207436,53.61,"R$ 34,84 ",17.69,33% ,35.92
Coglive Bromidrato de Galantamina 8mg 30 cápsulas,Libbs,7896094208339,149.29,"R$ 123,09 ",22.39,15% ,126.89999999999999
Depakote Sprinkle 125mg 60 Cápsulas Gelatinosas,Abbott do Brasil,7896255763233,94.98,"R$ 75,54 ",17.1,18% ,77.88
"Oxcarbazepina 300Mg Uniao Quimica, Caixa Com 30 Comprimidos Revestidos",União Química,7896006212720,56.41,"R$ 44,87 ",10.15,18% ,46.26
Cloridrato de Donepezila 10mg 30 comprimidos Biolab,Não especificada,7896112406334,128.42,"R$ 64,78 ",61.64,48% ,66.77999999999999
Tolrest 100mg 30 Comprimidos,Não especificada,7896181916475,189.84,"R$ 160,21 ",24.68,13% ,165.16
Alenthus XR 37 5mg 30 Capsulas,Medley,7896422519908,59.13,"R$ 48,75 ",8.87,15% ,50.260000000000005
Alprazolam 2mg 30 comprimidos EMS Genérico,EMS,7896004718842,79.2,"R$ 43,79 ",34.06,43% ,45.14
"Cloridrato De Trazodona 50Mg Eurofarma, Caixa Com 60 Comprimidos Revestidos",Não especificada,7891317011253,74.04,"R$ 48,12 ",24.43,33% ,49.61000000000001
Carbolitium Carbonato de Lítio 300mg 90 Comprimidos,Não especificada,7896112403463,54.72,"R$ 51,49 ",1.64,3% ,53.08
Cloridrato de Trazodona 100mg 30 comprimidos Neo Química,Não especificada,7896714274515,70.62,"R$ 42,47 ",26.84,38% ,43.78
Fusor 10mg 30 comprimidos,Não especificada,7896658039232,54.0,"R$ 44,52 ",8.1,15% ,45.9
Quetros 25Mg Com 30 Comprimidos Aché,Aché,7896658015168,53.65,"R$ 44,23 ",8.05,15% ,45.599999999999994
"Olanzapina 2,5mg Prati Donaduzzi 30 Comprimidos",Prati-Donaduzzi,7899547501100,79.24,"R$ 47,66 ",30.11,38% ,49.129999999999995
Exodus 15mg 60 Comprimidos,Aché,7896658020582,235.82,"R$ 171,56 ",58.95,25% ,176.87
Alprazolam 2mg 30 Comprimidos - Bio,Biosintética - Aché,7896181919391,67.31,"R$ 43,75 ",22.21,33% ,45.1
Daforin 20mg 60 Comprimidos,EMS Sigma Pharma,7894916509497,162.92,"R$ 124,85 ",34.21,21% ,128.70999999999998
Donila 10mg caixa com 30 comprimidos revestidos,Aché,7896658014567,62.68,"R$ 58,98 ",1.88,3% ,60.8
Amytril Cloridrato de Amitriptilina 25mg 30 comprimidos,Laboratório Cristália,7896676422269,46.73,"R$ 38,53 ",7.01,15% ,39.72
Fenobarbital 40mg Gotas 20mL União Química Genérico,União Química,7896006237167,7.98,"R$ 6,34 ",1.44,18% ,6.540000000000001
Cloridrato de Duloxetina 60mg 30 cápsulas EMS Genérico,EMS,7896004747774,306.09,"R$ 139,54 ",162.23,53% ,143.85999999999999
Dual 30mg cx 30 cap lib retard,Aché,7896658024146,70.5,"R$ 58,13 ",10.57,15% ,59.93
Quet 25mg 30 Comprimidos,Eurofarma,7891317191689,52.57,"R$ 43,34 ",7.89,15% ,44.68
Depakote ER 500mg cx 60 comp rev,Abbott do Brasil,7891158103070,270.51,"R$ 249,27 ",13.53,5% ,256.98
Insit Pregabalina 75mg 30 cápsulas,Apsen,7896637029117,74.73,"R$ 38,70 ",34.83,47% ,39.900000000000006
Mirtazapina 15mg EMS 30 Comprimidos Oroispersível,EMS,7896004758114,73.18,"R$ 68,85 ",2.2,3% ,70.98
Frontal 1mg 30 Comprimidos,Mylan,7908236800667,125.49,"R$ 103,47 ",18.82,15% ,106.66999999999999
Divalcon ER 500mg 60 Comprimidos Revestidos,Abbott do Brasil,7891158103346,146.07,"R$ 116,19 ",26.29,18% ,119.78
Somalium 6mg Aché 30 Comprimidos,Aché,7896658008467,55.46,"R$ 46,80 ",7.21,13% ,48.25
Topiramato 25mg Genérico Germed 60 Comprimidos,Germed Pharma,7896004713038,96.96,"R$ 39,50 ",56.24,58% ,40.71999999999999
Cloridrato de Tramadol 100Mg ml Neo Química 10ml solução gotas,Neo Química,7896714225890,83.37,"R$ 70,35 ",10.84,13% ,72.53
"Cloridrato de Venlafaxina 37,5mg Biosintética",Biosintética - Aché,7896181913580,108.22,"R$ 44,09 ",62.77,58% ,45.449999999999996
"Clonazepam Gotas 2,5mg mL Genérico 20mL",Germed Pharma,7896004712925,16.95,"R$ 11,02 ",5.59,33% ,11.36
Pondera 15mg 20 Comprimidos,Eurofarma,7891317421557,70.98,"R$ 58,52 ",10.65,15% ,60.330000000000005
Exodus 20mg solução oral gotas 15ml,Aché,7896658018121,100.64,"R$ 82,97 ",15.1,15% ,85.54
Alenthus XR Cloridrato de Venlafaxina 150mg 30 cápsulas,Medley,7896422514460,140.14,"R$ 111,46 ",25.23,18% ,114.90999999999998
Succinato de Desvenlafaxina Monoidratado 50mg Biosintética 30 comprimidos,Biosintética - Aché,7896181927693,157.62,"R$ 71,86 ",83.54,53% ,74.08
Pregabalina 150mg Eurofarma 30 Cápsulas,Eurofarma,7891317139469,192.35,"R$ 87,69 ",101.95,53% ,90.39999999999999
Etira 100mg + Seringa de Dosagem 100mL Ache,Aché,7896658029394,97.51,"R$ 80,39 ",14.63,15% ,82.88000000000001
Dimorf 10mg 50 Comprimidos Cristália,Laboratório Cristália,7896676406177,56.11,"R$ 45,72 ",8.98,16% ,47.129999999999995
Cloridrato de Memantina 10mg 30Comprimidos Med,Medley,7896422520591,75.01,"R$ 41,48 ",32.25,43% ,42.760000000000005
Pamelor 10mg 30 Cápsulas,Cellera Farma,7896261009660,40.68,"R$ 33,54 ",6.1,15% ,34.58
Alenthus XR 75mg caixa com 30 cápsulas,Medley,7896422514484,119.24,"R$ 94,85 ",21.46,18% ,97.78
Uninaltrex Cloridrato de Naltrexona 50mg 30 comprimidos,União Química,7896006224297,179.48,"R$ 142,75 ",32.31,18% ,147.17
Depakote ER Divalproato de Sódio 250mg 30 comprimidos,Abbott do Brasil,7896255762595,80.88,"R$ 66,69 ",12.13,15% ,68.75
"Clonazepam 0,5mg Medley 60 Comprimidos",Não especificada,7896422515016,17.97,"R$ 16,03 ",1.44,8% ,16.529999999999998
Olanzapina 10mg 30 comprimidos Eurofarma Genérico,Prati-Donaduzzi,7899547501377,138.7,"R$ 76,69 ",59.64,43% ,79.05999999999999
Don Cloridrato de Donepezila 10mg 30 comprimidos,Não especificada,7891317197506,97.58,"R$ 69,09 ",26.35,27% ,71.22999999999999
Cloridrato de Donepezila 10mg 30 Comprimidos Ranbaxy,Não especificada,8901148250499,88.48,"R$ 77,24 ",8.85,10% ,79.63000000000001
Reuplaq 400mg 30 comprimidos,Não especificada,7891317010041,105.33,"R$ 91,96 ",10.53,10% ,94.8
Reconter ODT Escitalopram Base 15mg 30 comprimidos,Não especificada,7896094211049,123.13,"R$ 107,50 ",12.31,10% ,110.82
Dorene 25Mg Ml Solucao Oral 60Ml + Seringa Dosadora,Não especificada,7896658038600,82.32,"R$ 67,87 ",12.35,15% ,69.97
Risperidona - Biosintética 2 mg com rev ct bl al plas inc x 30,Não especificada,7896181916871,66.85,"R$ 36,96 ",28.75,43% ,38.099999999999994
Esc Odt 10Mg Com 30 Comprimidos,Não especificada,7891317011451,102.51,"R$ 81,54 ",18.45,18% ,84.06
Bromazepam 3mg Genérico Neo Química 30 comprimidos,Não especificada,7896714212203,23.28,"R$ 20,78 ",1.86,8% ,21.42
"Pisa Dicloridrato de Pramipexol 0,375mg 30 comprimidos",Não especificada,7891317133948,95.32,"R$ 78,59 ",14.3,15% ,81.02
Topiramato 50mg 60 comprimidos Genérico,Não especificada,7896004713052,175.46,"R$ 71,48 ",101.77,58% ,73.69000000000001
Lexotan 6mg caixa com 30 comprimidos,Blanver S.A.,7896226502205,90.71,"R$ 74,79 ",13.61,15% ,77.1
Venvanse 30mg 28 Cápsulas Gelatinosas Duras,Takeda,7896641816857,486.79,"R$ 401,36 ",73.02,15% ,413.77000000000004
Venvanse 50mg com 28 cápsulas,Não especificada,7898924769058,590.32,"R$ 469,54 ",106.26,18% ,484.06000000000006
Quetros 200mg 30 Comprimidos,Não especificada,7896658015205,290.45,"R$ 256,38 ",26.14,9% ,264.31
Paxil CR 25mg caixa com 30 comprimidos,GSK,7896015516949,258.18,"R$ 237,91 ",12.91,5% ,245.27
Risperidona - Aché 1mg caixa com 30 comprimidos revestidos,Eurofarma,7891317448653,70.41,"R$ 35,51 ",33.8,48% ,36.61
Exodus 20mg 60 Comprimidos,Aché,7896658018091,244.72,"R$ 201,77 ",36.71,15% ,208.01
Haldol 5mg caixa com 20 comprimidos,Janssen-Cilag,7896212479603,16.79,"R$ 14,34 ",2.01,12% ,14.78
Zoloft 50mg 30 Comprimidos Revestidos,Pfizer,7908236800124,150.08,"R$ 123,74 ",22.51,15% ,127.57000000000001
Deca Durabolin 50mg Injetável com 1 Ampola de 1mL,Aspen Pharma,7897572000032,30.66,"R$ 25,28 ",4.6,15% ,26.060000000000002
"Carbonato De Litio 300Mg Biolab, Caixa Com 60 Comprimidos Revestidos",Não especificada,7896112403456,36.47,"R$ 34,32 ",1.09,3% ,35.379999999999995
Koprexx Besilato de Anlodipino 5mg 30 comprimidos,Não especificada,7896181929246,35.64,"R$ 29,38 ",5.35,15% ,30.29
Citalopram 20mg Aché Biosintética com 28 Comprimidos,Não especificada,7896181911715,69.74,"R$ 28,41 ",40.45,58% ,29.289999999999992
Ritalina LA Cloridrato de Metilfenidato 20mg 30 Cápsulas,Não especificada,7896261006850,365.12,"R$ 336,45 ",18.26,5% ,346.86
Cloridrato de Donepezila 5mg 30 comprimidos,Não especificada,7896714274034,168.46,"R$ 68,63 ",97.71,58% ,70.75000000000001
Paracetamol 500mg + Fosfato de Codeína 30mg Nova Química 24 Comprimidos,Nova Química,7895296377010,45.61,"R$ 27,43 ",17.33,38% ,28.28
Desve Succinato de Desvenlafaxina 50mg 60 comprimidos,Eurofarma,7891317007225,137.3,"R$ 109,21 ",24.71,18% ,112.59
Escitalopram 10mg Genérico Germed 30 Comprimidos Revestidos,Não especificada,7896004731605,66.64,"R$ 36,84 ",28.66,43% ,37.980000000000004
Elifore 100Mg Com 28 Comprimidos,Wyeth/Pfizer,7891045031493,187.89,"R$ 145,80 ",37.58,20% ,150.31
Cloridrato de Fluoxetina 20mg 28 Cápsulas,Cimed,7896523227122,47.02,"R$ 28,28 ",17.87,38% ,29.150000000000002
Elifore 50 mg - 28 comprimidos revestidos de liberação controlada,Wyeth/Pfizer,7891045031455,170.7,"R$ 132,46 ",34.14,20% ,136.56
Pristiq 50mg 28 Comprimidos Revestidos de Liberação Controlada,Pfizer,7891045013130,243.86,"R$ 189,24 ",48.77,20% ,195.09
Neuleptil 10mg 20 Comprimidos,Sanofi,7896070601543,14.21,"R$ 13,37 ",0.43,3% ,13.780000000000001
Tramal 100mg caixa com 10 comprimidos,Não especificada,7896241201589,155.95,"R$ 128,58 ",23.39,15% ,132.56
Daforin Cloridrato de Fluoxetina 20mg mL Solução Oral 20mL,Não especificada,7896004201351,69.66,"R$ 57,43 ",10.45,15% ,59.209999999999994
Torval CR 500mg caixa com 30 comprimidos,Torrent,8902220105935,81.11,"R$ 62,94 ",16.22,20% ,64.89
Epez 10mg caixa com 30 comprimidos,Torrent,8902220108417,70.01,"R$ 54,33 ",14.0,20% ,56.010000000000005
Daforin Cloridrato de Fluoxetina 20mg 30 comprimidos,EMS Sigma Pharma,7894916203524,92.24,"R$ 76,05 ",13.84,15% ,78.39999999999999
"Alprazolam 0,5mg 30 Comprimidos Bio",Biosintética - Aché,7896181919247,13.13,"R$ 12,74 ",0.0,0% ,13.13
Succinato de Desvenlafaxina 50mg 30 Comprimidos - Eurofarma,Eurofarma,7891317000509,147.72,"R$ 74,51 ",70.91,48% ,76.81
Paracetamol + Fosfato de Codeína 500mg + 30mg 24 Comprimidos - Eurofarma,Eurofarma,7891317000127,49.2,"R$ 31,97 ",16.24,33% ,32.96000000000001
Somalium 3mg Aché 30 Comprimidos,Não especificada,7896658008450,34.7,"R$ 28,62 ",5.2,15% ,29.500000000000004
Donila Duo 10mg+20mg 30 comprimidos revestidos,Não especificada,7896658022944,231.33,"R$ 190,73 ",34.7,15% ,196.63
Cloridrato de Paroxetina 20mg 30 Comprimidos,Não especificada,7896112129462,56.36,"R$ 36,63 ",18.6,33% ,37.76
Tramal 50mg Grunenthal 20 Comprimidos,Não especificada,7898582380763,163.44,"R$ 134,75 ",24.52,15% ,138.92
Gabapentina 300mg 60 cápsulas Prati Donaduzzi Genérico,Não especificada,7899547514322,140.62,"R$ 84,56 ",53.44,38% ,87.18
Alprazolam 1mg 30 comprimidos,Não especificada,7895296280143,29.53,"R$ 22,06 ",6.79,23% ,22.740000000000002
"Pregabalina 150Mg EMS, Caixa Com 30 Capsulas",Não especificada,7896004772868,156.31,"R$ 78,84 ",75.03,48% ,81.28
Deller 50mg com 30 comprimidos revestidos,Aché,7896658029561,86.91,"R$ 71,65 ",13.04,15% ,73.87
Cloridrato de Bupropiona 150mg Nova Química 60 Comprimidos Revestidos,Nova Química,7895296213059,216.4,"R$ 98,66 ",114.69,53% ,101.71000000000001
Keppra 250mg cx 30 comp rev,UCB Biopharma,5413787002795,77.66,"R$ 64,03 ",11.65,15% ,66.00999999999999
Lamotrigina 100mg Althaia 30 Comprimidos,Althaia,7898569760298,78.16,"R$ 54,59 ",21.88,28% ,56.28
Turno SL 5mg 30 Comprimidos Sublinguais,Não especificada,7891317004583,75.87,"R$ 62,56 ",11.38,15% ,64.49000000000001
Trileptal Suspensao 100mL,Novartis,7896261011106,91.17,"R$ 84,01 ",4.56,5% ,86.61
Fenobarbital 100mg União Química 30 Comprimidos,União Química,7896006237372,11.67,"R$ 10,42 ",0.93,8% ,10.74
Maleato de Midazolam - Medley 15mg caixa com 30 comprimidos,Medley,7896422517621,75.32,"R$ 59,91 ",13.56,18% ,61.75999999999999
"Pondera XR 12,5mg 30 Comprimidos Revestidos Liberação Controlada",Eurofarma,7891317002862,94.93,"R$ 78,27 ",14.24,15% ,80.69000000000001
Bromidrato de Citalopram 20mg Genérico Teuto 30 Comprimidos,Teuto,7896112129110,51.33,"R$ 35,85 ",14.37,28% ,36.96
Cloridrato de Tramadol 50mg 10 cápsulas,Grünenthal,7891268107043,86.08,"R$ 68,47 ",15.49,18% ,70.59
Olanzapina 5mg Prati Donaduzzi 30 Comprimidos,Prati-Donaduzzi,7899547501230,118.63,"R$ 59,84 ",56.94,48% ,61.69
Gabapentina 400mg Biolab 30 Cápsulas,Biolab Genéricos,7898146820612,100.13,"R$ 69,93 ",28.04,28% ,72.09
Cloridrato de Bupropiona - EMS 150mg 3 blísteres com 10 comprimidos revestidos,EMS,7896004732626,125.04,"R$ 63,07 ",60.02,48% ,65.02000000000001
Biomag 10mg - 60 cápsulas,Aché,7896658031885,118.53,"R$ 97,73 ",17.78,15% ,100.75
"Hemitartarato De Zolpidem 5Mg Neo Quimica, Caixa Com 30 Comprimidos Subilinguais",Neo Química,7896714274539,82.99,"R$ 61,98 ",19.09,23% ,63.89999999999999
Succinato de Desvenlafaxina Monoidratado 100mg Biosintética 30 comprimidos,Biosintética - Aché,7896181927730,180.98,"R$ 82,51 ",95.92,53% ,85.05999999999999
Revoc 50mg 30 Comprimidos Revestidos,Não especificada,7891158101656,124.5,"R$ 102,66 ",18.67,15% ,105.83
Cloridrato de Duloxetina 30mg 30 Cápsulas Nova Quimica,Não especificada,7895296354028,152.37,"R$ 69,46 ",80.76,53% ,71.61
Cloridrato de Sibutramina Monoidratado 15mg Eurofarma 30 Cápsulas,Não especificada,7891317481629,92.2,"R$ 59,92 ",30.43,33% ,61.77
Paco 500mg + 30mg Eurofarma 48 Comprimidos,Não especificada,7891317017880,104.08,"R$ 91,87 ",9.37,9% ,94.71
Paracetamol 500mg + Fosfato de Codeína 30mg EMS 36 Comprimidos,EMS,7896004756431,71.63,"R$ 46,55 ",23.64,33% ,47.989999999999995
Risperidona 2mg Medley 30 Comprimidos Revestidos,Medley,7896422527453,62.89,"R$ 40,88 ",20.75,33% ,42.14
Cloridrato de Memantina 10mg 60 comprimidos Prati Donaduzzi Genérico,Prati-Donaduzzi,7899547508437,79.28,"R$ 74,59 ",2.38,3% ,76.9
Prysma 3mg 20 Comprimidos Revestidos,Eurofarma,7891317125622,89.08,"R$ 72,59 ",14.25,16% ,74.83
Pondera XR 25mg 30 Comprimidos Revestidos Liberação Controlada,Eurofarma,7891317002879,144.56,"R$ 114,98 ",26.02,18% ,118.54
Neozine 100mg caixa com 20 comprimidos,Sanofi,7896070601574,33.03,"R$ 27,24 ",4.95,15% ,28.080000000000002
Cloridrato de Amitriptilina 25mg Germed Pharma 30 Comprimidos,Germed Pharma,7896004727493,21.69,"R$ 17,26 ",3.9,18% ,17.790000000000003
Neuleptil 1  solução oral frasco com 20ml pediátrico,Sanofi,7896070601697,14.61,"R$ 12,05 ",2.19,15% ,12.42
Risperidona 1mg Medley 30 Comprimidos Revestidos,Medley,7896422527446,62.89,"R$ 34,77 ",27.04,43% ,35.85
Cloridrato de Venlafaxina 75mg Biosintética 28 Comprimidos,Biosintética - Aché,7896181913610,174.08,"R$ 54,04 ",118.37,68% ,55.71000000000001
Bromidrato de Citalopram 20mg Biolab 28 Comprimidos Revestidos,Biolab Genéricos,7898146820759,73.37,"R$ 29,90 ",42.55,58% ,30.820000000000007
Cloridrato de Donepezila 10mg Genérico Aché 30 Comprimidos,Biosintética - Aché,7896658038310,169.16,"R$ 85,32 ",81.2,48% ,87.96
"Atrace 37,5mg + 325mg 10 Comprimidos Revestidos",Não especificada,7899640808939,37.29,"R$ 30,75 ",5.59,15% ,31.7
Voextor 10mg 30 Comprimidos Revestidos,Não especificada,7896094210639,151.53,"R$ 132,29 ",15.15,10% ,136.38
"Gardenal 50mg, caixa com 20 comprimidos",Sanofi,7896070600881,10.76,"R$ 8,88 ",1.61,15% ,9.15
Gardenal 100mg caixa com 20 comprimidos,Sanofi,7896070600669,13.02,"R$ 10,74 ",1.95,15% ,11.07
Patz SL Hemitartarato de Zolpidem 5mg 60 comprimidos,Não especificada,7894916515979,206.09,"R$ 163,92 ",37.1,18% ,168.99
Hemifumarato de Quetiapina 100mg 30 Comprimidos SEM,Não especificada,7896004730370,144.08,"R$ 93,63 ",47.55,33% ,96.53000000000002
Gabapentina 300mg 30 Cápsulas Bio,Não especificada,7896181904946,101.38,"R$ 56,06 ",43.59,43% ,57.78999999999999
"Cloridrato De Venlafaxina 37,5Mg Medley, Caixa Com 30 Capsulas Gel Dura",Não especificada,7896422519922,52.38,"R$ 39,12 ",12.05,23% ,40.33
"Pregabalina 75Mg Teuto, Caixa Com 30 Capsulas",Não especificada,7896112172130,55.66,"R$ 52,37 ",1.67,3% ,53.989999999999995
Cloridrato de Fluoxetina Uniao Quimica 20mg Com 30 Capsulas Dura,União Química,7896006213093,36.26,"R$ 28,84 ",6.53,18% ,29.729999999999997
Patz SL 10mg 30 comprimidos,Não especificada,7894916515290,147.21,"R$ 128,52 ",14.72,10% ,132.49
Cloridrato de Paroxetina 20mg Neo Química,Não especificada,7896714290362,44.31,"R$ 37,39 ",5.76,13% ,38.550000000000004
Voextor Vortioxetina 10mg 60 comprimidos,Não especificada,7896094210646,272.75,"R$ 238,12 ",27.27,10% ,245.48
"Cloridrato de Tramadol  37,5mg + Paracetamol Germed Pharma 325mg, caixa com 10 comprimidos revestidos",Não especificada,7896004748795,27.49,"R$ 26,67 ",0.0,0% ,27.49
Gardenal 40mg solução oral frasco gotejador com 20ml pediátrico,Sanofi,7896070601932,13.4,"R$ 11,05 ",2.01,15% ,11.39
Haldol 1mg caixa com 20 comprimidos,Janssen-Cilag,7896212479054,8.83,"R$ 7,28 ",1.32,15% ,7.51
Depakene Ácido Valproico 250mg 25 cápsulas,Abbott do Brasil,7891158000942,34.09,"R$ 28,11 ",5.11,15% ,28.980000000000004
Depakene Xarope 100mL,Abbott do Brasil,7891158000966,26.85,"R$ 22,14 ",4.03,15% ,22.82
Bromazepam 6mg Biosintética 30 Comprimidos,Biosintética - Aché,7896181909248,37.88,"R$ 30,13 ",6.82,18% ,31.060000000000002
Nortriptilina 25mg 30 Cápsulas - Eurofarma,Eurofarma,7891317430146,38.62,"R$ 25,10 ",12.74,33% ,25.879999999999995
Amplictil 25mg caixa com 20 comprimidos revestidos,Sanofi,7896070600034,9.78,"R$ 8,06 ",1.47,15% ,8.309999999999999
Amplictil 100mg caixa com 20 comprimidos,Sanofi,7896070600126,14.61,"R$ 12,05 ",2.19,15% ,12.42
Frisium 20mg caixa com 20 comprimidos,Sanofi,7891058326005,43.92,"R$ 36,21 ",6.59,15% ,37.33
Bupropiona 150mg 30 Comprimidos - Eurofarma,Eurofarma,7891317434199,129.56,"R$ 71,63 ",55.71,43% ,73.85
Oxalato de Escitalopram 10mg EMS 30 Comprimidos Revestidos,EMS,7896004731568,66.64,"R$ 36,84 ",28.66,43% ,37.980000000000004
"Alprazolam 0,25mg 30 Comprimidos - Medley",Medley,7896422516990,12.91,"R$ 12,14 ",0.39,3% ,12.52
Lamotrigina 25mg Eurofarma 30 Comprimidos,Eurofarma,7891317473648,56.13,"R$ 25,59 ",29.75,53% ,26.380000000000003
Paracetamol + Fosfato de Codeína 500mg + 30mg Biolab 12 Comprimidos,Biolab Genéricos,7898146823804,24.72,"R$ 16,06 ",8.16,33% ,16.56
Cloridrato de Sertralina 25mg Eurofarma 30 Comprimidos Revestidos,Eurofarma,7891317456559,72.45,"R$ 43,57 ",27.53,38% ,44.92
"Clonazepam 0,5mg Medley 30 Comprimidos",Medley,7896422514644,9.07,"R$ 8,54 ",0.27,3% ,8.8
Oxalato de Escitalopram 10mg Medley 30 Comprimidos,Medley,7896422525398,52.95,"R$ 42,12 ",9.53,18% ,43.42
Paracetamol + Fosfato de Codeína 500mg + 30mg Biolab 24 Comprimidos,Biolab Genéricos,7898146824061,49.12,"R$ 24,77 ",23.58,48% ,25.54
Quetiapina XR 50mg 30 Comprimidos - Eurofarma,Eurofarma,7891317134303,258.29,"R$ 105,23 ",149.81,58% ,108.48000000000002
Brintellix 10mg com 30 comprimidos,Lundbeck,5702157141951,357.61,"R$ 294,85 ",53.64,15% ,303.97
Cloridrato de Tramadol 50mg EMS 10 Cápsulas,EMS,7896004711744,31.45,"R$ 29,59 ",0.94,3% ,30.509999999999998
Cloridrato de Paroxetina - Medley 20mg caixa com 30 comprimidos,Medley,7896422515894,48.86,"R$ 38,87 ",8.79,18% ,40.07
Lorazepam 2mg Teuto 30 Comprimidos,Teuto,7896112125563,26.64,"R$ 18,60 ",7.46,28% ,19.18
Fenitoína - Teuto 100mg caixa com 30 comprimidos,Teuto,7896112114574,11.42,"R$ 10,75 ",0.34,3% ,11.08
Clonazepam 2mg Medley 30 Comprimidos,Medley,7896422514651,16.13,"R$ 14,39 ",1.29,8% ,14.84
Cloridrato de Tramadol - Germed Pharma 100mg solução oral frasco com 15ml,Germed Pharma,7896004708607,87.74,"R$ 52,77 ",33.34,38% ,54.39999999999999
Diazepam 10mg Neo Química 30 Comprimidos,Neo Química,7896714232980,20.22,"R$ 15,10 ",4.65,23% ,15.569999999999999
Fenobarbital 100mg 30 comprimidos,Teuto,7896112125365,11.72,"R$ 11,03 ",0.35,3% ,11.370000000000001
"Oxcarbazepina 300Mg Medley, Caixa Com 30 Comprimidos Revestidos",Medley,7896422511902,46.01,"R$ 43,29 ",1.38,3% ,44.629999999999995
Velija Cloridrato de Duloxetina 60mg 30 cápsulas,Libbs,7896094206304,150.92,"R$ 115,65 ",31.69,21% ,119.22999999999999
Pregabalina 75mg Medley 30 Cápsulas Gelatinosas Duras,Medley,7896422501187,98.82,"R$ 59,43 ",37.55,38% ,61.269999999999996
Reconter 10mg caixa com 60 comprimidos revestidos,Libbs,7896094209527,114.28,"R$ 94,23 ",17.14,15% ,97.14
Paco 500 + 30mg 36 Comprimidos Eurofarma,Eurofarma,7891317000134,78.25,"R$ 66,04 ",10.17,13% ,68.08
"Venlafaxina 37,5mg 30 Cápsulas - Eurofarma",Eurofarma,7891317464523,55.12,"R$ 43,84 ",9.92,18% ,45.199999999999996
Quetiapina 25mg 30 Comprimidos - Eurofarma,Eurofarma,7891317191771,103.46,"R$ 57,20 ",44.49,43% ,58.96999999999999
Deller 100mg com 30 comprimidos revestidos,Aché,7896658029608,100.17,"R$ 82,59 ",15.03,15% ,85.14
Velija 60mg frasco 60 cápsulas liberação retardada,Libbs,7896094209558,255.05,"R$ 210,29 ",38.26,15% ,216.79000000000002
Esc Comprimido 10mg Eurofarma 60 Comprimidos,Eurofarma,7891317476663,127.42,"R$ 105,06 ",19.11,15% ,108.31
Oxalato de Escitalopram 20mg Teuto 30 Comprimidos,Teuto,7896112159599,107.35,"R$ 69,76 ",35.43,33% ,71.91999999999999
Oxalato de Escitalopram 15mg Geolab 30 Comprimidos,Medley,7896422522632,137.69,"R$ 89,48 ",45.44,33% ,92.25
Ansitec 10mg 60 Comprimidos,Libbs,7896094209633,204.96,"R$ 163,03 ",36.89,18% ,168.07
"Cloridrato De Metilfenidato 10Mg Ems, Caixa Com 30 Comprimidos",EMS,7896004754154,32.3,"R$ 22,56 ",9.04,28% ,23.259999999999998
Pregabalina 150mg Medley 30 Cápsulas Gelatinosas Duras,Medley,7896422501330,146.55,"R$ 73,92 ",70.34,48% ,76.21000000000001
Cloridrato de Tramadol 50mg Eurofarma 10 Cápsulas,Eurofarma,7891317009083,40.16,"R$ 31,94 ",7.23,18% ,32.92999999999999
"Lamotrigina Biolab Genéricos 100mg, caixa com 30 comprimidos",Biolab Genéricos,7898146820865,72.41,"R$ 50,58 ",20.27,28% ,52.14
Ácido Valproico 250mg 25 cápsulas Biolab Genérico,Biolab Genéricos,7896112401230,20.59,"R$ 17,37 ",2.68,13% ,17.91
Citalopram 20mg Eurofarma 30 Comprimidos,Eurofarma,7891317472009,90.2,"R$ 36,74 ",52.32,58% ,37.88
Lorazepam 2mg Germed 30 Comprimidos,Germed Pharma,7896004761152,28.52,"R$ 17,15 ",10.84,38% ,17.68
Hemitartarato de Zolpidem 10mg 30 Comprimidos Revestidos - Biolab,Biolab Genéricos,7896112401872,39.5,"R$ 37,17 ",1.18,3% ,38.32
Succinato de Desvenlafaxina 50mg EMS 30 Comprimidos Revestidos,EMS,7896004751009,143.24,"R$ 72,25 ",68.76,48% ,74.48
"Hemitartarato De Zolpidem 5Mg Eurofarma, Caixa Com 30 Comprimidos Subilinguais",Eurofarma,7891317004606,89.15,"R$ 49,30 ",38.33,43% ,50.82000000000001
Topiramato 25mg 60 Comprimidos - Eurofarma,Eurofarma,7891317434328,96.96,"R$ 39,50 ",56.24,58% ,40.71999999999999
Nuit Flash 5mg com 30 Comprimidos,Biolab,7896112402442,54.94,"R$ 47,97 ",5.49,10% ,49.449999999999996
Cloridrato de Duloxetina 30mg Biosintética 30 Cápsulas Duras de Liberação Retardada,Biosintética - Aché,7896181925224,128.91,"R$ 71,28 ",55.43,43% ,73.47999999999999
Cloridrato de Duloxetina - Biosintética 60 mg cap dura lib retard ct bl al plas trans x 30,Biosintética - Aché,7896181925262,257.97,"R$ 130,12 ",123.83,48% ,134.14000000000004
Mirtazapina 15mg 30 comprimidos,Medley,7896422506076,85.34,"R$ 63,74 ",19.63,23% ,65.71000000000001
Oxalato de Escitalopram 20mg ml Eurofarma Solução Oral 15ml,Eurofarma,7891317191740,128.44,"R$ 83,47 ",42.39,33% ,86.05
Cloridrato de Amitriptilina - EMS 25mg caixa com 30 comprimidos revestidos,EMS,7896004727776,21.2,"R$ 17,89 ",2.76,13% ,18.439999999999998
Alprazolam 1mg 30comp EMS Genérico.,EMS,7896004718828,28.76,"R$ 24,27 ",3.74,13% ,25.020000000000003
Cloridrato de Memantina 10mg 30 Comprimidos Revestidos - Biolab,Biolab Genéricos,7898146825112,60.69,"R$ 39,44 ",20.03,33% ,40.66
Escitalopram 15mg Genérico Neo Química 30 Comprimidos,Nova Química,7895296204019,171.8,"R$ 45,00 ",125.41,73% ,46.390000000000015
Cloridrato De Donepezila 5mg Ems 30 Comprimido Revestido,EMS,7896004768212,159.91,"R$ 65,15 ",92.75,58% ,67.16
Mirtazapina 30mg EMS 30 Comprimidos Oroispersível,EMS,7896004758121,161.89,"R$ 113,06 ",45.33,28% ,116.55999999999999
Ansitec Cloridrato de Buspirona 5mg 90 comprimidos,Libbs,7896094209626,140.11,"R$ 101,93 ",35.03,25% ,105.08000000000001
Risperidona 3mg Eurofarma 30 Comprimidos Revestidos,Eurofarma,7891317446659,70.84,"R$ 39,17 ",30.46,43% ,40.38
Hemifumarato De Quetiapína 25mg Medley 30 Comprimidos,Medley,7896422500500,75.07,"R$ 56,07 ",17.27,23% ,57.8
Cloridrato de Venlafaxina 150mg 30 Capsulas EMS,EMS,7896004728612,161.47,"R$ 81,44 ",77.51,48% ,83.96
Hemifumarato de Quetiapina 25mg 30 Comprimidos Revestidos - Biolab,Biolab Genéricos,7898146825280,51.84,"R$ 43,75 ",6.74,13% ,45.1
Fumarato Quetiapina 200mg Genérico 30 Comprimidos,EMS,7896004730387,276.73,"R$ 112,74 ",160.5,58% ,116.23000000000002
Risperidona 2mg 30 Comprimidos Revestidos Eurofarma,Eurofarma,7891317448677,70.41,"R$ 38,93 ",30.28,43% ,40.129999999999995
Fumarato de Quetiapina - EMS 25mg caixa com 30 comprimidos revestidos,EMS,7896004748214,50.09,"R$ 44,70 ",4.01,8% ,46.080000000000005
Quetros Hemifumarato de Quetiapina 25mg 60 comprimidos,Aché,7896658038549,89.64,"R$ 73,90 ",13.45,15% ,76.19
"Pregabalina Althaia 75mg, Caixa Com 30 Capsulas",Althaia,7898569763534,83.97,"R$ 54,57 ",27.71,33% ,56.26
"Pregabalina Althaia 150Mg, Caixa Com 30 Capsulas",Althaia,7898569763602,117.55,"R$ 82,10 ",32.91,28% ,84.64
Dipirona Solução Oral 100ml EMS Genérico,Não especificada,7896004715674,17.74,"R$ 17,11 ",0.1,1% ,17.639999999999997
Lamitor Cd 50 mg 30 comprimidos sus,Não especificada,8902220113107,65.86,"R$ 51,11 ",13.17,20% ,52.69
"Alprazolam 0,25 Germed 30 Comprimidos",Germed Pharma,7896004718859,15.04,"R$ 12,69 ",1.96,13% ,13.079999999999998
Paracetamol + Fosfato de Codeína 500mg + 30mg Biolab 36 Comprimidos,Biolab Genéricos,7899551307743,73.46,"R$ 40,61 ",31.59,43% ,41.86999999999999
"Olanzapina 2,5mg 30 comprimidos Biolab Genérico",Não especificada,7898146827758,81.8,"R$ 45,23 ",35.17,43% ,46.629999999999995
Paracetamol + Fosfato de Codeína 500mg + 30mg 12 Comprimidos - Eurofarma,Não especificada,7891317448950,24.82,"R$ 17,33 ",6.95,28% ,17.87
"Pregabalina 75Mg Ems, Caixa Com 30 Capsulas",Não especificada,7896004773339,84.73,"R$ 46,85 ",36.43,43% ,48.300000000000004
"Olanzapina 5Mg Biolab, Caixa Com 30 Comprimidos Revestidos",Não especificada,7898146827826,138.07,"R$ 83,03 ",52.47,38% ,85.6
"Isotretinoina 20Mg Eurofarma, Caixa Com 30 Capsulas",Não especificada,7891317018542,176.41,"R$ 80,42 ",93.5,53% ,82.91
Cloridrato de Venlafaxina Medley 75mg com 30 cápsulas,Não especificada,7896422513951,94.95,"R$ 80,13 ",12.34,13% ,82.61
Cloridrato de Venlafaxina  Medley 150mg com 30 cápsulas,Não especificada,7896422513968,164.18,"R$ 106,70 ",54.18,33% ,110.0
Sonic Cloridrato de Trazodona 50mg 30 comprimidos,Não especificada,7891317011277,64.07,"R$ 55,93 ",6.41,10% ,57.66
Oxalato de Escitalopram 10mg 60 Comprimidos Medley,Não especificada,7891058002428,87.65,"R$ 78,22 ",7.01,8% ,80.64
"Cloridrato De Sertralina Ems 50mg, caixa com 30",Não especificada,7896004759845,78.87,"R$ 43,61 ",33.91,43% ,44.96000000000001
"Isotretinoina 20Mg Althaia, Caixa Com 30 Capsulas",Não especificada,7898590870331,109.49,"R$ 65,84 ",41.61,38% ,67.88
"Celecoxibe 200Mg Ems, Caixa Com 10 Capsulas",Não especificada,7896004747880,45.78,"R$ 31,97 ",12.82,28% ,32.96
Cloridrato de Sertralina 100mg 30 Comprimidos SEM,Não especificada,7896004759593,192.39,"R$ 97,04 ",92.35,48% ,100.03999999999999
Cloridrato de Trazodona 50mg 60 comprimidos Neo Química,Não especificada,7896714274508,67.44,"R$ 47,10 ",18.88,28% ,48.56
Valproato De Sódio Xarope 100mL Prati,Não especificada,7899547508321,15.04,"R$ 14,15 ",0.45,3% ,14.59
"Olanzapina Neo Química 5mg, caixa com 30 comprimidos revestidos",Não especificada,7896714240688,119.0,"R$ 48,48 ",69.02,58% ,49.980000000000004
Cloridrato Tramadol 100mg 10 Comprimidos Revestidos,Não especificada,7896004712611,78.57,"R$ 70,11 ",6.29,8% ,72.27999999999999
Depzel 10mg União Química 30 Comprimidos Revestidos,Não especificada,7896006297758,62.34,"R$ 60,47 ",0.0,0% ,62.34
Depzel 5mg União Química 30 Comprimidos Revestidos,Não especificada,7896006297543,62.34,"R$ 60,47 ",0.0,0% ,62.34
"Cloridrato de Tramadol EMS 100mg, caixa com 10 comprimidos revestidos de liberação prolongada",Não especificada,7896004777184,78.57,"R$ 43,44 ",33.79,43% ,44.779999999999994
"Cloridrato de Tramadol  37,5mg + Paracetamol Germed Pharma 325mg, caixa com 30 comprimidos revestidos",Não especificada,7896004787350,68.77,"R$ 66,71 ",0.0,0% ,68.77
"Cloridrato de Tramadol  37,5mg + Paracetamol Germed Pharma 325mg, caixa com 20 comprimidos revestidos",Não especificada,7896004748801,50.45,"R$ 47,47 ",1.51,3% ,48.940000000000005
Procimax 40mg caixa com 28 comprimidos revestidos,Libbs,7896094202719,186.51,186.51,39.17,21% ,147.33999999999997
Clonazepam gts 20ml teuto,Teuto,7896112135913,16.23,16.23,4.54,28% ,11.690000000000001
Diazepam - Germed Pharma 10mg caixa com 30 comprimidos,Legrand,7896004716527,21.05,21.05,5.89,28% ,15.16
Dalmadorm Flurazepam 30mg 30 comprimidos,Bausch + Lomb,7898168007015,32.72,32.72,4.91,15% ,27.81
Oxalato de Escitalopram 20mg Germed 30 Comprimidos Revestidos,Não especificada,7896004731629,141.32,141.32,74.9,53% ,66.41999999999999
"Cloridrato De Metilfenidato 10Mg Althaia, Caixa Com 30 Comprimidos",Não especificada,7898687730289,31.63,31.63,0.95,3% ,30.68
Serenata 100mg 60 Comprimidos Torrent,Torrent,8903855076072,328.53,328.53,65.71,20% ,262.82
Revange 375 + 325mg caixa com 10 comprimidos revestidos,Aché,7896658016837,42.17,42.17,6.33,15% ,35.84
Clor Tramadol 50Mg 10 Teu,Não especificada,7896112121145,28.5,28.5,2.28,8% ,26.22
RECONTER 10MG 30CPR,Libbs,7896094207608,107.01,107.01,19.26,18% ,87.75
Menelat Odt 30mg Com 30 Comprimidos Orodispersiveis,Torrent,8903855082844,149.97,149.97,31.49,21% ,118.48
Andes 50Mg Com 60 Comprimidos,Supera,7899420507236,124.42,124.42,22.4,18% ,102.02000000000001
Venlafaxina 75 30caps ems,EMS,7896004746388,82.97,82.97,2.49,3% ,80.48
Lorazepam 2mg 20 Comprimidos,Legrand,7894916140867,16.9,16.9,3.04,18% ,13.86
Stilnox Cr 6.25Mg 20Cpr C,Sanofi,7891058006235,50.94,50.94,7.64,15% ,43.3
Tylex 30Mg 36Cpr,Não especificada,7896212425563,110.81,110.81,16.62,15% ,94.19
Mantidan 100Mg 20Cpr,Eurofarma,7899640807222,24.29,24.29,3.64,15% ,20.65
Reconter 20Mg Com 30 Comprimidos,Libbs,7896094207615,223.54,223.54,55.88,25% ,167.66
"Cloridrato De Donepezila 5Mg Ache, Caixa Com 30 Comprimidos Revestidos",Biosintética - Aché,7896658038303,146.23,146.23,62.88,43% ,83.35
"Clonazepam 2,5mg ml Legrand Genérico Gotas com 20ml",Não especificada,7894916142403,16.22,16.22,4.54,28% ,11.68
Zz Rohyonol 1Mg 20Cpr  B1,Farmoquímica,7898040324254,19.52,19.52,4.1,21% ,15.42
Latuda 40mg 30 Comprimidos,Daiichi-Sankyo,7897411602359,458.63,458.63,22.93,5% ,435.7
Latuda 20mg 30 Comprimidos,Daiichi-Sankyo,7897411602311,229.31,229.31,11.47,5% ,217.84
Canabidiol 200mg ml 30ml+ser dosad prati,Prati-Donaduzzi,7899547533897,2896.98,2896.98,492.49,17% ,2404.49
Cloridrato de Sertralina 100mg Eurofarma 30 Comprimidos Revestidos,Eurofarma,7891317017392,195.39,195.39,84.02,43% ,111.36999999999999
Cloridrato de Sertralina 50mg Biosintética 30 Comprimidos Revestidos,Biosintética - Aché,7896658035463,90.89,90.89,34.54,38% ,56.35
Dicloridrato de Pramipexol - Biosintética 0250mg caixa com 30 comprimidos,Não especificada,7896181921653,92.63,92.63,39.83,43% ,52.8
Oxcarbazepina 300mg Ranbaxy 30 Comprimidos Revestidos,Ranbaxy,7897076911827,48.22,48.22,3.86,8% ,44.36
Amytril 75mg caixa com 20 comprimidos,Não especificada,7896676410518,92.96,92.96,13.94,15% ,79.02
Neupro 6mg 28 Adesivos UCB 24H,Não especificada,4030729003545,648.68,648.68,32.43,5% ,616.25
Stabil 025mg caixa com 30 comprimidos,Aché,7896658016479,58.92,58.92,8.84,15% ,50.08
"Revange 37,5mg + 325,0mg 30 Comprimidos Revestidos",Aché,7896658034985,101.46,101.46,15.22,15% ,86.24
"Stabil 0,125mg 30 Comprimidos",Não especificada,7896658016431,31.33,31.33,4.7,15% ,26.63
Revange 375 + 325mg caixa com 20 comprimidos revestidos,Aché,7896658016844,73.53,73.53,11.03,15% ,62.5
Melleril Cloridrato de Tioridazina 100mg 20 Drageas,Bausch + Lomb,7896862993269,58.49,58.49,8.77,15% ,49.72
Tegretol CR 200mg Navartis 20 Comprimidos,Novartis,7896261000117,35.31,35.31,1.77,5% ,33.54
Valdoxan Agomelatina 25mg 28 comprimidos,Servier,7898029558595,291.68,291.68,43.75,15% ,247.93
Unitidazin 100mg 20 comprimidos,Não especificada,7896006246503,45.78,45.78,0.0,0% ,45.78
Menelat 30mg Torrent 30 Comprimidos Revestidos,Torrent,8902220106970,165.5,165.5,33.1,20% ,132.4
Carbolitium Carbonato de Lítio 300mg 50 comprimidos,Eurofarma,7891317000189,53.45,53.45,8.02,15% ,45.43000000000001
Tegretol CR 200mg 20 Comprimidos Novartis,Novartis,7896261000094,32.78,32.78,3.93,12% ,28.85
"Paxil Cr 12,5mg 30 Comprimidos C1",GSK,7896015516956,124.61,124.61,6.23,5% ,118.38
Luvox 50mg 30 Comprimidos,Abbott do Brasil,7896253903013,177.12,177.12,26.57,15% ,150.55
Oxalato de Escitalopram 10mg 30 Comprimidos Eurofarma,Eurofarma,7891317476465,62.59,62.59,30.04,48% ,32.550000000000004
Depakote Sprinkle Divalproato de Sódio 125mg 30 cápsulas,Não especificada,7896255762649,47.52,47.52,7.13,15% ,40.39
Eranz 10mg comprimidos,Não especificada,7891045006231,907.42,907.42,45.37,5% ,862.05
Sibutramina 15mg Genérico Biosintética 30 Cápsulas,Não especificada,7896181913511,90.86,90.86,0.0,0% ,90.86
Egide 50mg 60 Comprimidos,Libbs,7896094207523,112.11,112.11,16.82,15% ,95.28999999999999
Rohydorm 2mg 20 Comprimidos,EMS Sigma Pharma,7894916501255,34.1,34.1,5.11,15% ,28.990000000000002
Oxalato de Escitalopram 10mg Torrent 30 Comprimidos Genérico,Torrent,8902220109339,99.69,99.69,52.84,53% ,46.849999999999994
Cloridrato de Duloxetina 30mg Genérico Legrand Pharma 30 Capsulas,Legrand,7894916148016,151.01,151.01,72.48,48% ,78.52999999999999
Isotretinoína 10mg 30 cápsulas Nova Química Genérico,Não especificada,7895296043021,106.4,106.4,40.43,38% ,65.97
Senes Cloridrato de Donepezila 5mg 30 Comprimidos,Não especificada,7899420501579,120.05,120.05,30.01,25% ,90.03999999999999
Restiva 5mg Caixa 2 Adesivos Transdérmicos,Mundipharma,7898586630314,142.56,142.56,21.38,15% ,121.18
"Minérgi 0,375mg com 30 Comprimidos",Não especificada,7899420504723,95.34,95.34,14.3,15% ,81.04
Reconter 20mg Libbs 60 Comprimidos revestidos-C1,Libbs,7896094209541,256.54,256.54,46.18,18% ,210.36
Zider 10mg 120 Comprimidos Libbs,Não especificada,7896094209183,106.61,106.61,15.99,15% ,90.62
Cloridrato de Tramadol 50mg 10 cápsulas Legrand Genérico,Legrand,7894916141550,31.45,31.45,0.0,0% ,31.45
Cloridrato de Fluoxetina 20mg Legrand 30 Comprimidos,Legrand,7894916141567,54.56,54.56,26.19,48% ,28.37
Lamotrigina 100mg Torrent 30 Comprimidos,Torrent,8902220107939,105.42,105.42,0.0,0% ,105.42
Prozac 20mg 30 Cápsulas,Eli Lilly,7896382706677,185.52,185.52,33.39,18% ,152.13
Oxalato de Escitalopram 20mg 30 comprimidos Eurofarma,Eurofarma,7891317476526,139.47,139.47,73.92,53% ,65.55
Don Cloridrato de Donepezila 5mg 30 comprimidos,Eurofarma,7891317197483,97.58,97.58,26.35,27% ,71.22999999999999
Cloridrato de Sertralina 50mg 30 comprimidos Eurofarma Genérico,Legrand,7894916340168,84.66,84.66,49.1,58% ,35.559999999999995
"Dicloridrato de Pramipexol 0,25mg Genérico EMS 30 comprimidos",EMS,7896004743042,92.62,92.62,35.2,38% ,57.42
Oxalato de Escitalopram 10mg 30 comprimidos Legrand,Legrand,7894916146487,66.36,66.36,31.85,48% ,34.51
Oxalato de Escitalopram 20mg 30 comprimidos Legrand,Legrand,7894916146500,139.46,139.46,80.89,58% ,58.57000000000001
Cloridrato Sertralina 50mg 30 Comprimidos Generico,Aché,7896181916451,94.72,94.72,17.05,18% ,77.67
Menelat ODT Mirtazapina 15mg 30 comprimidos,Torrent,8903855082813,86.89,86.89,17.38,20% ,69.51
Cloridrato de Duloxetina 60mg com 30 Cápsulas Eurofarma,Eurofarma,7891317487386,323.8,323.8,226.66,70% ,97.14000000000001
Cefalexina 250mg 5mL 100mL Suspensao Oral Uniao Quimica,União Química,7896006212300,56.61,56.61,10.19,18% ,46.42
Prebictal 100mg 30 cápsulas,Zodiac,7892953208281,175.27,175.27,26.29,15% ,148.98000000000002
Cod Par 500mg + 30mg 36 Comprimidos,Supera,7899420506932,78.25,78.25,11.74,15% ,66.51
Roxetin XR Cloridrato de Paroxetina 25mg 30 comprimidos,Laboratório Cristália,7896676435597,144.58,144.58,21.69,15% ,122.89000000000001
Esc ODT 15mg Com 30 Comprimidos,Não especificada,7891317011468,151.92,151.92,22.79,15% ,129.13
Inseris XR 300Mg Com 10 Comprimidos Revestidos,Não especificada,7896637032322,127.86,127.86,19.18,15% ,108.68
Runner Rosuvastatina Cálcica 10mg 30 comprimidos,Aché,7896658039478,38.22,38.22,5.73,15% ,32.489999999999995
Roacutan 20Mg Com 30Cap Gel C2,Roche,7896226500027,291.26,291.26,43.69,15% ,247.57
Eudok 20mg 30 Comprimidos,União Química,7896006215950,122.48,122.48,30.62,25% ,91.86
Alois 10mg ml Solução Oral Gotas 50ml,Não especificada,7896637024525,207.31,207.31,0.0,0% ,207.31
Cloridrato de Fluoxetina - Biosintética 20mg caixa com 30 cápsulas,Biosintética - Aché,7896181902041,55.4,55.4,15.51,28% ,39.89
Denyl 20mg comprimidos,Laboratório Cristália,7896676410471,88.3,88.3,22.07,25% ,66.22999999999999
Ritalina Cloridrato de Metilfenidato 10mg 60 comprimidos,Novartis,7896261011885,107.34,107.34,16.1,15% ,91.24000000000001
Cloridrato de Fluoxetina 20mg Germed 30 Comprimidos Revestidos,Germed Pharma,7896004711799,60.63,60.63,23.04,38% ,37.59
Oxalato de Escitalopram 15mg Germed 30 Comprimidos Revestidos,Não especificada,7896004747576,172.56,172.56,100.08,58% ,72.48
Movydia Celecoxibe 200mg 10 cápsulas,Não especificada,7891158106002,42.11,42.11,6.32,15% ,35.79
Riss 2mg 30 Comprimidos Revertidos,Eurofarma,7891317448745,58.35,58.35,8.75,15% ,49.6
Reconter 15Mg Com 60 Comprimidos,Não especificada,7896094211131,198.85,198.85,29.83,15% ,169.01999999999998
Espran 10 mg com rev ct bl al al x 60,Torrent,8903855072333,112.12,112.12,22.42,20% ,89.7
"Tylex 7,5 12 Comprimidos",Janssen-Cilag,7896212479573,32.74,32.74,4.91,15% ,27.830000000000002
Tylex 30mg c  12 Comprimidos,Janssen-Cilag,7896212479580,46.44,46.44,6.97,15% ,39.47
"Rivotril 0,5Mg 30Cpr B1",Blanver S.A.,7896226502427,19.41,19.41,2.91,15% ,16.5
Clonazepam 2mg 30 comprimidos Eurofarma Genérico,Eurofarma,7891317445232,20.64,20.64,3.72,18% ,16.92
Limbitrol 5Mg 20Cap B1,Bausch + Lomb,7898168007046,14.74,14.74,2.21,15% ,12.530000000000001
Bromazepam 6mg Genérico União Química 30 Comprimidos,União Química,7896006242758,38.75,38.75,8.91,23% ,29.84
Lexapro 20mg mL 15ml Solução,Lundbeck,5702157141326,310.89,310.89,46.63,15% ,264.26
Viverdal 1mg 30 Comprimidos Revestidos,União Química,7896006227588,26.86,26.86,4.03,15% ,22.83
Inseris XR 150Mg Com 10 Comprimidos Revestidos,Apsen,7896637032346,63.91,63.91,9.59,15% ,54.31999999999999
Pamelor Cloridrato de Nortriptilina 50mg 30 capsulas,Cellera Farma,7896261009684,92.86,92.86,13.93,15% ,78.93
Wellbutrin XL 150mg 30 Comprimidos GSK,Não especificada,7896015516598,209.27,209.27,10.46,5% ,198.81
Cloridrato de Nortriptilina 50mg 30 Capsulas Ranbaxy,Ranbaxy,7897076912299,56.1,56.1,10.1,18% ,46.0
Aripiprazol 10mg Neo Química 30 Comprimidos,Não especificada,7896714273709,246.21,246.21,118.18,48% ,128.03
Tegretol CR 400mg Navartis 20 Comprimidos,Não especificada,7896261000124,74.9,74.9,3.74,5% ,71.16000000000001
Viverdal 3mg 30 Comprimidos Revestidos,Não especificada,7896006227601,27.74,27.74,4.16,15% ,23.58
Pinazan Clozapina 100mg 30 comprimidos,Não especificada,7896676416909,238.81,238.81,35.82,15% ,202.99
"Aripiprazol Unichem 30mg, caixa com 30 comprimidos",Não especificada,7898912189707,1697.18,1697.18,1323.8,78% ,373.3800000000001
Risperidona 1mg 30 comprimidos Prati Genérico,Não especificada,7899547530070,42.87,42.87,0.0,0% ,42.87
Risperidona 2mg 30 comprimidos Prati Genérico,Não especificada,7899547530193,44.5,44.5,0.0,0% ,44.5
Codex 500mg + 30mg com 36 comprimidos,Não especificada,7896006230977,58.18,58.18,0.0,0% ,58.18
Codex 30mg União Química 12 cápsulas,Não especificada,7896006219590,26.53,26.53,3.98,15% ,22.55
Veepi 250mg 60 comprimidos,Não especificada,8903855084961,84.0,84.0,0.0,0% ,84.0
"Olanzapina Neo Química 10mg, caixa com 30 comprimidos",Não especificada,7896714240442,139.9,139.9,60.16,43% ,79.74000000000001
Citta Bromidrato de Citalopram 20mg 30 comprimidos,Não especificada,7899640806607,94.64,94.64,14.2,15% ,80.44
"Dicloridrato de Pramipexol 0,25mg 30 comprimidos Prati Donaduzzi Genérico",Prati-Donaduzzi,7899547514193,52.09,52.09,1.56,3% ,50.53
"Celecoxibe 200Mg Germed, Caixa Com 30 Capsulas",Não especificada,7896004747927,126.63,126.63,35.46,28% ,91.16999999999999
Paracetamol 500mg + Fosfato de Codeína 30mg EMS 12 Comprimidos,EMS,7896004756417,22.9,22.9,6.41,28% ,16.49
Paracetamol 500mg + Fosfato de Codeína 30mg EMS 24 Comprimidos,EMS,7896004756424,45.61,45.61,17.33,38% ,28.28
"Pregabalina 150mg Germed, Caixa Com 30 Capsulas",Não especificada,7896004776316,156.31,156.31,75.03,48% ,81.28
Tegretol CR 400mg caixa com 60 comprimidos,Novartis,7896261005747,224.74,224.74,11.24,5% ,213.5
"Clonazepam 2,5mg Medley Frasco Gotejador 20ml",Medley,7896422511865,13.2,13.2,1.06,8% ,12.139999999999999
Lavie 50mg ml Xarope com 100mL + 1 Copo de Medida,Não especificada,7899547532258,15.45,15.45,0.46,3% ,14.989999999999998
Lorax 1mg 30 comprimidos,Não especificada,7891045008396,37.57,37.57,9.39,25% ,28.18
Cloridrato de Amitriptilina 25mg Neo Química 30 Comprimidos,Neo Química,7896714274058,20.5,20.5,2.66,13% ,17.84
Succinato de Desvenlafaxina 100mg EMS 30 Comprimidos Revestidos,EMS,7896004751016,155.49,155.49,74.64,48% ,80.85000000000001
Luvox 100mg 30 Comprimidos Revestidos,Abbott do Brasil,7896255766715,341.04,341.04,17.05,5% ,323.99
Perlid 1mg mL Solução 30mL,Prati-Donaduzzi,7899547533132,63.19,63.19,9.48,15% ,53.709999999999994
Cod par 500mg + 30mg caixa com 12 comprimidos,Supera,7899420506918,32.91,32.91,4.94,15% ,27.969999999999995
ESC Solução Oral Gotas 20mg mL 15mL,Eurofarma,7891317191665,97.86,97.86,14.68,15% ,83.18
"Cloridrato De Tramadol 100mg mL Eurofarma, Frasco Com 10mL",Não especificada,7891317009052,94.7,94.7,40.72,43% ,53.980000000000004
Vendexla 50mg Com 30 Comprimidos,Eurofarma,7899640807796,107.77,107.77,35.66,33% ,72.11
Limiar 75mg com 30 Cápsulas Duras,Eurofarma,7891317139544,65.13,65.13,14.98,23% ,50.14999999999999
Clo 25mg EMS 20 Comprimidos,EMS Sigma Pharma,7894916503037,37.82,37.82,5.67,15% ,32.15
Patz 5mg Com 30 Comprimidos Sublinguais,EMS Sigma Pharma,7894916512992,140.87,140.87,7.04,5% ,133.83
Stilnox 10mg caixa com 20 comprimidos,Sanofi,7897595902146,106.53,106.53,15.98,15% ,90.55
Vendexla 100mg Com 30 Comprimidos,Não especificada,7899640807642,144.99,144.99,72.89,50% ,72.10000000000001
"Venlaxin XR 37,5mg 30 Cápsulas",Não especificada,7891317465346,50.56,50.56,7.58,15% ,42.980000000000004
Luvox Maleato de Fluvoxamina 100mg 60 comprimidos,Abbott do Brasil,7891158103155,613.76,613.76,30.69,5% ,583.0699999999999
Cloridrato de Tramadol 50mg Neo Química com 10 Cápsulas,Nova Química,7895296014014,31.45,31.45,7.23,23% ,24.22
Efexor XR 150mg 30 Comprimidos,Mylan,7908236800568,671.22,671.22,33.56,5% ,637.6600000000001
"Efexor XR 37,5mg 30 Cápsulas",Mylan,7908236800605,202.9,202.9,10.14,5% ,192.76
Riposo SL Hemitartarato de Zolpidem 5mg 30 Comprimidos,Não especificada,7899640808922,75.87,75.87,11.38,15% ,64.49000000000001
Zider Cloridrato de Memantina 10mg 60 comprimidos,Não especificada,7896094207585,103.43,103.43,15.51,15% ,87.92
Wellbutrin XL Cloridrato de Bupropiona 300mg 30 Comprimidos,GSK,7896015516604,257.95,257.95,12.9,5% ,245.04999999999998
Cod Par Paracetamol 500mg + Fosfato De Codeina 30mg Com 24 Comprimidos,Supera,7899420506925,59.78,59.78,8.97,15% ,50.81
Hezo Eszoplicona 2mg Com 20 Comprimidos,Supera,7899420507021,85.24,85.24,12.79,15% ,72.44999999999999
"Trol Par 37,5mg + 325mg, Com 10 Comprimidos",Supera,7899420507007,37.31,37.31,5.6,15% ,31.71
"Trol Par 37,5mg + 325mg, Com 20 Comprimidos",Supera,7899420507014,65.02,65.02,9.75,15% ,55.269999999999996
Oxcarbazepina 600mg Medley com 30 Comprimidos,Ranbaxy,7897076906090,95.08,95.08,7.61,8% ,87.47
Prebictal 150mg Com 30 Capsulas,Zodiac,7892953208304,185.61,185.61,27.84,15% ,157.77
Ritalina LA 10mg caixa com 30 cápsulas revestidos,Não especificada,7896261017177,136.97,136.97,6.85,5% ,130.12
Vivencia Patch 9mg com 30 Adesivos Transdérmicos,Não especificada,7896658034930,388.08,388.08,0.0,0% ,388.08
"Vivencia Patch 18mg, caixa com 30 adesivos de uso transdérmicos",Não especificada,7896658034954,534.95,534.95,0.0,0% ,534.95
Akineton 2mg caixa com 80 comprimidos,Laboratórios Bagó,7896255711005,49.66,49.66,7.45,15% ,42.209999999999994
Reuquinol 400mg 30 Comprimidos Apsen,Apsen,7896637023047,117.02,117.02,24.57,21% ,92.44999999999999
Ecoxe etoricoxibe 60mg 7 comprimidos,Não especificada,7896714292052,62.51,62.51,0.0,0% ,62.51
"Stilnox CR 12,5mg caixa com 20 comprimidos",Sanofi,7891058006259,106.53,106.53,15.98,15% ,90.55
Donila Cloridrato de Donepezila 10mg 60 comprimidos,Não especificada,7896658047718,105.48,105.48,3.16,3% ,102.32000000000001
Tegretol 200mg 60 Comprimidos,Novartis,7896261005181,93.23,93.23,13.98,15% ,79.25
Tegretol CR 200mg 60 Comprimidos,Novartis,7896261005198,93.23,93.23,4.66,5% ,88.57000000000001
"Onaz Olanzapina 2,5mg 30 comprimidos",Não especificada,7899547533248,65.72,65.72,11.83,18% ,53.89
Oxalato de Escitalopram 10mg Nova Química 30 Comprimidos Revestidos,Medley,7896422525466,111.77,111.77,25.71,23% ,86.06
Onaz Olanzapina 10mg 30 comprimidos,Não especificada,7899547533514,128.48,128.48,23.13,18% ,105.35
Patz 10Mg Com 20 Comprimidos Sublinguais,Não especificada,7894916515276,98.14,98.14,11.78,12% ,86.36
Lorax 2mg 30 comprimidos,Wyeth/Pfizer,7891045008402,53.22,53.22,13.3,25% ,39.92
Onaz Olanzapina 5mg 30 comprimidos,Prati-Donaduzzi,7899547533378,128.48,128.48,19.27,15% ,109.21
Coglive Bromidrato de Galantamina 24mg 60 cápsulas,Não especificada,7896094210325,413.11,413.11,74.36,18% ,338.75
Tegretol 2  100mL Solução Oral Novartis,Novartis,7896261000742,35.56,35.56,5.33,15% ,30.230000000000004
Tylex 30mg 24 Comprimidos,Não especificada,7896212425556,90.56,90.56,13.58,15% ,76.98
Arcoxia 60mg caixa com 7 comprimidos,Organon,7897337704960,73.52,73.52,23.62,32% ,49.89999999999999
Celecoxibe 200mg 30 cápsulas Eurofarma Genérico,Eurofarma,7891317002954,139.78,139.78,46.13,33% ,93.65
Depakote ER Divalproato de Sódio 500mg 30 comprimidos,Abbott do Brasil,7896255762991,150.78,150.78,7.54,5% ,143.24
Lamotrigina 50mg Eurofarma 30 Comprimidos,Eurofarma,7891317473679,91.59,91.59,57.7,63% ,33.89
Celecoxibe 200mg 10 Cápsulas - Eurofarma,Eurofarma,7891317137359,47.85,47.85,13.4,28% ,34.45
Cloridrato de Sertralina 50mg Genérico Cimed 30 Comprimidos,Cimed,7896523223841,88.28,88.28,46.79,53% ,41.49
Pristiq 100mg 28 comprimidos,Pfizer,7891045014366,268.43,268.43,53.69,20% ,214.74
"Rivotril 2,5mg Biopas Solução Oral 20ml",Blanver S.A.,7898581710455,30.62,30.62,4.59,15% ,26.03
Durateston 250mg mL 1mL 1 Ampola C5,Aspen Pharma,7897572000056,58.59,58.59,8.79,15% ,49.800000000000004
Rivotril 2mg caixa com 30 comprimidos,Blanver S.A.,7896226502410,34.04,34.04,5.45,16% ,28.59
"Rivotril 0,25mg Biopas 30 Comprimidos",Blanver S.A.,7898581710462,9.81,9.81,1.47,15% ,8.34
Restiva Buprenorfina 10mg 2 Adesivos Transdérmicos,Mundipharma,7898586630338,190.11,190.11,28.52,15% ,161.59
