"dt_ini","dt_fin","id_cnpj","reg","uf","vl_or","cod_rec","id_importation","id_tenant","dt_created","dt_updated","year","month","day","hour","minute","rown"
"01/10/2023","31/10/2023","09017661001176",E300,SC,10.85,"100102","6601c26ae4d1f54a569c6d53",paulatorres,"2024-03-25 18:49","2024-03-25 18:49",2024,3,25,18,49,1
"01/09/2023","30/09/2023","09017661000609",E300,CE,2180.2699999999995,"100102","6601c26ae4d1f54a569c6d53",paulatorres,"2024-03-25 18:49","2024-03-25 18:49",2024,3,25,18,49,1
"01/05/2023","31/05/2023","09017661000609",E300,AM,2861.66,"100102","6601c26ae4d1f54a569c6d53",paulatorres,"2024-03-25 18:49","2024-03-25 18:49",2024,3,25,18,49,1
"01/04/2023","30/04/2023","09017661000790",E300,PR,204.19,"100102","6601c26ae4d1f54a569c6d53",paulatorres,"2024-03-25 18:49","2024-03-25 18:49",2024,3,25,18,49,1
"01/02/2023","28/02/2023","09017661000528",E300,MS,285.27,"100102","6601c26ae4d1f54a569c6d53",paulatorres,"2024-03-25 18:49","2024-03-25 18:49",2024,3,25,18,49,1
"01/02/2023","28/02/2023","09017661000528",E300,AL,31.29,"100102","6601c26ae4d1f54a569c6d53",paulatorres,"2024-03-25 18:49","2024-03-25 18:49",2024,3,25,18,49,1
"01/02/2023","28/02/2023","09017661000528",E300,DF,1347.1499999999999,"100102","6601c26ae4d1f54a569c6d53",paulatorres,"2024-03-25 18:49","2024-03-25 18:49",2024,3,25,18,49,1
"01/04/2023","30/04/2023","09017661000609",E300,SC,5193.530000000002,"100102","6601c26ae4d1f54a569c6d53",paulatorres,"2024-03-25 18:49","2024-03-25 18:49",2024,3,25,18,49,1
"01/02/2023","28/02/2023","09017661000528",E300,SC,177.01999999999998,"100102","6601c26ae4d1f54a569c6d53",paulatorres,"2024-03-25 18:49","2024-03-25 18:49",2024,3,25,18,49,1
"01/04/2023","30/04/2023","09017661000528",E300,PE,154.85,"100102","6601c26ae4d1f54a569c6d53",paulatorres,"2024-03-25 18:49","2024-03-25 18:49",2024,3,25,18,49,1
"01/04/2023","30/04/2023","09017661000528",E300,BA,140.64,"100102","6601c26ae4d1f54a569c6d53",paulatorres,"2024-03-25 18:49","2024-03-25 18:49",2024,3,25,18,49,1
"01/05/2023","31/05/2023","09017661000609",E300,AL,2624.1000000000004,"100102","6601c26ae4d1f54a569c6d53",paulatorres,"2024-03-25 18:49","2024-03-25 18:49",2024,3,25,18,49,1
"01/09/2023","30/09/2023","09017661000609",E300,AL,246.47,"100102","6601c26ae4d1f54a569c6d53",paulatorres,"2024-03-25 18:49","2024-03-25 18:49",2024,3,25,18,49,1
"01/06/2023","30/06/2023","09017661000528",E300,PR,576.82,"100102","6601c26ae4d1f54a569c6d53",paulatorres,"2024-03-25 18:49","2024-03-25 18:49",2024,3,25,18,49,1
"01/09/2023","30/09/2023","09017661000609",E300,AL,20.54,"100129","6601c26ae4d1f54a569c6d53",paulatorres,"2024-03-25 18:49","2024-03-25 18:49",2024,3,25,18,49,1
"01/05/2023","31/05/2023","09017661000528",E300,RS,240.44,"100102","6601c26ae4d1f54a569c6d53",paulatorres,"2024-03-25 18:49","2024-03-25 18:49",2024,3,25,18,49,1
"01/10/2022","31/10/2022","09017661000609",E300,SE,1285.19,"100102","6601c26ae4d1f54a569c6d53",paulatorres,"2024-03-25 18:49","2024-03-25 18:49",2024,3,25,18,49,1
"01/09/2023","30/09/2023","09017661000528",E300,RJ,113.34,"100102","6601c26ae4d1f54a569c6d53",paulatorres,"2024-03-25 18:49","2024-03-25 18:49",2024,3,25,18,49,1
"01/05/2023","31/05/2023","09017661000528",E300,PA,122.82,"100102","6601c26ae4d1f54a569c6d53",paulatorres,"2024-03-25 18:49","2024-03-25 18:49",2024,3,25,18,49,1
"01/02/2023","28/02/2023","09017661000528",E300,CE,272.20000000000005,"100102","6601c26ae4d1f54a569c6d53",paulatorres,"2024-03-25 18:49","2024-03-25 18:49",2024,3,25,18,49,1
"01/06/2023","30/06/2023","09017661000528",E300,MS,298.32,"100102","6601c26ae4d1f54a569c6d53",paulatorres,"2024-03-25 18:49","2024-03-25 18:49",2024,3,25,18,49,1
"01/09/2023","30/09/2023","09017661000609",E300,PA,1735.16,"100102","6601c26ae4d1f54a569c6d53",paulatorres,"2024-03-25 18:49","2024-03-25 18:49",2024,3,25,18,49,1
"01/05/2023","31/05/2023","09017661000609",E300,AL,218.68,"100129","6601c26ae4d1f54a569c6d53",paulatorres,"2024-03-25 18:49","2024-03-25 18:49",2024,3,25,18,49,1
"01/04/2023","30/04/2023","09017661000609",E300,AP,106.16,"100102","6601c26ae4d1f54a569c6d53",paulatorres,"2024-03-25 18:49","2024-03-25 18:49",2024,3,25,18,49,1
"01/04/2023","30/04/2023","09017661000609",E300,MS,6439.969999999999,"100102","6601c26ae4d1f54a569c6d53",paulatorres,"2024-03-25 18:49","2024-03-25 18:49",2024,3,25,18,49,1
"01/09/2023","30/09/2023","09017661001095",E300,SP,70.78999999999999,"100102","6601c26ae4d1f54a569c6d53",paulatorres,"2024-03-25 18:49","2024-03-25 18:49",2024,3,25,18,49,1
"01/09/2023","30/09/2023","09017661000609",E300,BA,1208.6399999999999,"100129","6601c26ae4d1f54a569c6d53",paulatorres,"2024-03-25 18:49","2024-03-25 18:49",2024,3,25,18,49,1
"01/09/2023","30/09/2023","09017661000609",E300,TO,922.4499999999999,"100102","6601c26ae4d1f54a569c6d53",paulatorres,"2024-03-25 18:49","2024-03-25 18:49",2024,3,25,18,49,1
"01/02/2023","28/02/2023","09017661000528",E300,GO,819.05,"100102","6601c26ae4d1f54a569c6d53",paulatorres,"2024-03-25 18:49","2024-03-25 18:49",2024,3,25,18,49,1
"01/04/2023","30/04/2023","09017661000790",E300,RS,36.78,"100102","6601c26ae4d1f54a569c6d53",paulatorres,"2024-03-25 18:49","2024-03-25 18:49",2024,3,25,18,49,1
"01/04/2023","30/04/2023","09017661001095",E300,RJ,24.32,"100102","6601c26ae4d1f54a569c6d53",paulatorres,"2024-03-25 18:49","2024-03-25 18:49",2024,3,25,18,49,1
"01/09/2023","30/09/2023","09017661000609",E300,BA,7251.779999999995,"100102","6601c26ae4d1f54a569c6d53",paulatorres,"2024-03-25 18:49","2024-03-25 18:49",2024,3,25,18,49,1
"01/07/2023","31/07/2023","09017661000528",E300,MS,54.57,"100102","6601c26ae4d1f54a569c6d53",paulatorres,"2024-03-25 18:49","2024-03-25 18:49",2024,3,25,18,49,1
"01/05/2023","31/05/2023","09017661000609",E300,TO,71.8,"100102","6601c26ae4d1f54a569c6d53",paulatorres,"2024-03-25 18:49","2024-03-25 18:49",2024,3,25,18,49,1
"01/04/2023","30/04/2023","09017661000528",E300,ES,83.08,"100102","6601c26ae4d1f54a569c6d53",paulatorres,"2024-03-25 18:49","2024-03-25 18:49",2024,3,25,18,49,1
"01/02/2023","28/02/2023","09017661000528",E300,PE,174.93,"100102","6601c26ae4d1f54a569c6d53",paulatorres,"2024-03-25 18:49","2024-03-25 18:49",2024,3,25,18,49,1
"01/05/2023","31/05/2023","09017661000609",E300,SE,2960.7,"100102","6601c26ae4d1f54a569c6d53",paulatorres,"2024-03-25 18:49","2024-03-25 18:49",2024,3,25,18,49,1
"01/11/2023","30/11/2023","09017661000951",E300,GO,37.79,"100102","6601c26ae4d1f54a569c6d53",paulatorres,"2024-03-25 18:49","2024-03-25 18:49",2024,3,25,18,49,1
"01/09/2023","30/09/2023","09017661000609",E300,PI,1278.87,"100102","6601c26ae4d1f54a569c6d53",paulatorres,"2024-03-25 18:49","2024-03-25 18:49",2024,3,25,18,49,1
"01/04/2023","30/04/2023","09017661000609",E300,AC,51.33,"100102","6601c26ae4d1f54a569c6d53",paulatorres,"2024-03-25 18:49","2024-03-25 18:49",2024,3,25,18,49,1
"01/04/2023","30/04/2023","09017661000790",E300,AC,302.56,"100102","6601c26ae4d1f54a569c6d53",paulatorres,"2024-03-25 18:49","2024-03-25 18:49",2024,3,25,18,49,1
"01/05/2023","31/05/2023","09017661000609",E300,PA,2122.4199999999996,"100102","6601c26ae4d1f54a569c6d53",paulatorres,"2024-03-25 18:49","2024-03-25 18:49",2024,3,25,18,49,1
"01/04/2023","30/04/2023","09017661000609",E300,RJ,2802.030000000001,"100129","6601c26ae4d1f54a569c6d53",paulatorres,"2024-03-25 18:49","2024-03-25 18:49",2024,3,25,18,49,1
"01/05/2023","31/05/2023","09017661000609",E300,MG,17982.35999999999,"100102","6601c26ae4d1f54a569c6d53",paulatorres,"2024-03-25 18:49","2024-03-25 18:49",2024,3,25,18,49,1
"01/04/2023","30/04/2023","09017661000609",E300,CE,1201.8500000000001,"100102","6601c26ae4d1f54a569c6d53",paulatorres,"2024-03-25 18:49","2024-03-25 18:49",2024,3,25,18,49,1
"01/02/2023","28/02/2023","09017661000528",E300,PI,97.47,"100102","6601c26ae4d1f54a569c6d53",paulatorres,"2024-03-25 18:49","2024-03-25 18:49",2024,3,25,18,49,1
"01/04/2023","30/04/2023","09017661000528",E300,MA,186.23,"100110","6601c26ae4d1f54a569c6d53",paulatorres,"2024-03-25 18:49","2024-03-25 18:49",2024,3,25,18,49,1
"01/09/2023","30/09/2023","09017661001095",E300,SC,59.8,"100102","6601c26ae4d1f54a569c6d53",paulatorres,"2024-03-25 18:49","2024-03-25 18:49",2024,3,25,18,49,1
"01/08/2023","31/08/2023","09017661000102",E300,PE,263.67,"100102","6601c26ae4d1f54a569c6d53",paulatorres,"2024-03-25 18:49","2024-03-25 18:49",2024,3,25,18,49,1
"01/07/2023","31/07/2023","09017661000528",E300,MG,188.14,"100102","6601c26ae4d1f54a569c6d53",paulatorres,"2024-03-25 18:49","2024-03-25 18:49",2024,3,25,18,49,1
"01/04/2023","30/04/2023","09017661000609",E300,DF,7250.109999999999,"100102","6601c26ae4d1f54a569c6d53",paulatorres,"2024-03-25 18:49","2024-03-25 18:49",2024,3,25,18,49,1
"01/07/2023","31/07/2023","09017661001095",E300,MG,95.91,"100102","6601c26ae4d1f54a569c6d53",paulatorres,"2024-03-25 18:49","2024-03-25 18:49",2024,3,25,18,49,1
"01/09/2023","30/09/2023","09017661000609",E300,RS,6952.2199999999975,"100102","6601c26ae4d1f54a569c6d53",paulatorres,"2024-03-25 18:49","2024-03-25 18:49",2024,3,25,18,49,1
"01/10/2023","31/10/2023","09017661001095",E300,SP,85.12,"100102","6601c26ae4d1f54a569c6d53",paulatorres,"2024-03-25 18:49","2024-03-25 18:49",2024,3,25,18,49,1
"01/09/2023","30/09/2023","09017661000609",E300,PB,2260.9300000000003,"100102","6601c26ae4d1f54a569c6d53",paulatorres,"2024-03-25 18:49","2024-03-25 18:49",2024,3,25,18,49,1
"01/10/2022","31/10/2022","09017661000609",E300,RJ,139.76,"100129","6601c26ae4d1f54a569c6d53",paulatorres,"2024-03-25 18:49","2024-03-25 18:49",2024,3,25,18,49,1
"01/10/2022","31/10/2022","09017661000609",E300,RN,767.4000000000001,"100102","6601c26ae4d1f54a569c6d53",paulatorres,"2024-03-25 18:49","2024-03-25 18:49",2024,3,25,18,49,1
"01/10/2022","31/10/2022","09017661000609",E300,PI,884.64,"100102","6601c26ae4d1f54a569c6d53",paulatorres,"2024-03-25 18:49","2024-03-25 18:49",2024,3,25,18,49,1
"01/05/2023","31/05/2023","09017661000609",E300,MA,2033.9,"100110","6601c26ae4d1f54a569c6d53",paulatorres,"2024-03-25 18:49","2024-03-25 18:49",2024,3,25,18,49,1
"01/04/2023","30/04/2023","09017661000609",E300,GO,10014.79,"100102","6601c26ae4d1f54a569c6d53",paulatorres,"2024-03-25 18:49","2024-03-25 18:49",2024,3,25,18,49,1
"01/07/2023","31/07/2023","09017661000528",E300,DF,95.59,"100102","6601c26ae4d1f54a569c6d53",paulatorres,"2024-03-25 18:49","2024-03-25 18:49",2024,3,25,18,49,1
"01/09/2023","30/09/2023","09017661000609",E300,PR,10374.72,"100102","6601c26ae4d1f54a569c6d53",paulatorres,"2024-03-25 18:49","2024-03-25 18:49",2024,3,25,18,49,1
"01/04/2023","30/04/2023","09017661000609",E300,RS,6039.199999999999,"100102","6601c26ae4d1f54a569c6d53",paulatorres,"2024-03-25 18:49","2024-03-25 18:49",2024,3,25,18,49,1
"01/04/2023","30/04/2023","09017661000528",E300,RS,464.12,"100102","6601c26ae4d1f54a569c6d53",paulatorres,"2024-03-25 18:49","2024-03-25 18:49",2024,3,25,18,49,1
"01/10/2022","31/10/2022","09017661000609",E300,ES,786.2200000000001,"100102","6601c26ae4d1f54a569c6d53",paulatorres,"2024-03-25 18:49","2024-03-25 18:49",2024,3,25,18,49,1
"01/02/2023","28/02/2023","09017661000528",E300,RN,104.59,"100102","6601c26ae4d1f54a569c6d53",paulatorres,"2024-03-25 18:49","2024-03-25 18:49",2024,3,25,18,49,1
"01/05/2023","31/05/2023","09017661000609",E300,ES,3893.7500000000005,"100102","6601c26ae4d1f54a569c6d53",paulatorres,"2024-03-25 18:49","2024-03-25 18:49",2024,3,25,18,49,1
"01/05/2023","31/05/2023","09017661000609",E300,RN,647.88,"100102","6601c26ae4d1f54a569c6d53",paulatorres,"2024-03-25 18:49","2024-03-25 18:49",2024,3,25,18,49,1
"01/08/2023","31/08/2023","09017661000790",E300,GO,358.58,"100102","6601c26ae4d1f54a569c6d53",paulatorres,"2024-03-25 18:49","2024-03-25 18:49",2024,3,25,18,49,1
"01/05/2023","31/05/2023","09017661000528",E300,RJ,568.8000000000001,"100102","6601c26ae4d1f54a569c6d53",paulatorres,"2024-03-25 18:49","2024-03-25 18:49",2024,3,25,18,49,1
"01/10/2022","31/10/2022","09017661000609",E300,PA,659.34,"100102","6601c26ae4d1f54a569c6d53",paulatorres,"2024-03-25 18:49","2024-03-25 18:49",2024,3,25,18,49,1
"01/05/2023","31/05/2023","09017661000609",E300,PI,2734.2400000000002,"100102","6601c26ae4d1f54a569c6d53",paulatorres,"2024-03-25 18:49","2024-03-25 18:49",2024,3,25,18,49,1
"01/06/2023","30/06/2023","09017661000528",E300,GO,145.85,"100102","6601c26ae4d1f54a569c6d53",paulatorres,"2024-03-25 18:49","2024-03-25 18:49",2024,3,25,18,49,1
"01/09/2023","30/09/2023","09017661000609",E300,RJ,15664.88,"100102","6601c26ae4d1f54a569c6d53",paulatorres,"2024-03-25 18:49","2024-03-25 18:49",2024,3,25,18,49,1
"01/10/2022","31/10/2022","09017661000609",E300,RR,301.27,"100102","6601c26ae4d1f54a569c6d53",paulatorres,"2024-03-25 18:49","2024-03-25 18:49",2024,3,25,18,49,1
"01/02/2023","28/02/2023","09017661000528",E300,MG,609.9599999999999,"100102","6601c26ae4d1f54a569c6d53",paulatorres,"2024-03-25 18:49","2024-03-25 18:49",2024,3,25,18,49,1
"01/04/2023","30/04/2023","09017661000609",E300,MG,10562.059999999998,"100102","6601c26ae4d1f54a569c6d53",paulatorres,"2024-03-25 18:49","2024-03-25 18:49",2024,3,25,18,49,1
"01/04/2023","30/04/2023","09017661000609",E300,PB,2135.16,"100102","6601c26ae4d1f54a569c6d53",paulatorres,"2024-03-25 18:49","2024-03-25 18:49",2024,3,25,18,49,1
"01/09/2023","30/09/2023","09017661000609",E300,AP,281.75,"100102","6601c26ae4d1f54a569c6d53",paulatorres,"2024-03-25 18:49","2024-03-25 18:49",2024,3,25,18,49,1
"01/09/2023","30/09/2023","09017661000528",E300,MG,154.63,"100102","6601c26ae4d1f54a569c6d53",paulatorres,"2024-03-25 18:49","2024-03-25 18:49",2024,3,25,18,49,1
"01/04/2023","30/04/2023","09017661000609",E300,AL,190.57,"100129","6601c26ae4d1f54a569c6d53",paulatorres,"2024-03-25 18:49","2024-03-25 18:49",2024,3,25,18,49,1
"01/04/2023","30/04/2023","09017661000528",E300,RJ,263.05,"100102","6601c26ae4d1f54a569c6d53",paulatorres,"2024-03-25 18:49","2024-03-25 18:49",2024,3,25,18,49,1
"01/05/2023","31/05/2023","09017661000609",E300,AC,561.03,"100102","6601c26ae4d1f54a569c6d53",paulatorres,"2024-03-25 18:49","2024-03-25 18:49",2024,3,25,18,49,1
"01/04/2023","30/04/2023","09017661000609",E300,PR,9585.909999999998,"100102","6601c26ae4d1f54a569c6d53",paulatorres,"2024-03-25 18:49","2024-03-25 18:49",2024,3,25,18,49,1
"01/09/2023","30/09/2023","09017661000609",E300,GO,8213.839999999998,"100102","6601c26ae4d1f54a569c6d53",paulatorres,"2024-03-25 18:49","2024-03-25 18:49",2024,3,25,18,49,1
"01/05/2023","31/05/2023","09017661000528",E300,BA,132.09,"100129","6601c26ae4d1f54a569c6d53",paulatorres,"2024-03-25 18:49","2024-03-25 18:49",2024,3,25,18,49,1
"01/10/2022","31/10/2022","09017661000609",E300,MA,333.02,"100110","6601c26ae4d1f54a569c6d53",paulatorres,"2024-03-25 18:49","2024-03-25 18:49",2024,3,25,18,49,1
"01/05/2023","31/05/2023","09017661000528",E300,ES,335.5,"100102","6601c26ae4d1f54a569c6d53",paulatorres,"2024-03-25 18:49","2024-03-25 18:49",2024,3,25,18,49,1
"01/06/2023","30/06/2023","09017661000528",E300,ES,165.7,"100102","6601c26ae4d1f54a569c6d53",paulatorres,"2024-03-25 18:49","2024-03-25 18:49",2024,3,25,18,49,1
"01/05/2023","31/05/2023","09017661000609",E300,PR,10383.090000000004,"100102","6601c26ae4d1f54a569c6d53",paulatorres,"2024-03-25 18:49","2024-03-25 18:49",2024,3,25,18,49,1
"01/04/2023","30/04/2023","09017661000609",E300,MT,4949.4800000000005,"100102","6601c26ae4d1f54a569c6d53",paulatorres,"2024-03-25 18:49","2024-03-25 18:49",2024,3,25,18,49,1
"01/03/2023","31/03/2023","09017661000609",E300,RO,514.65,"100102","6601c26ae4d1f54a569c6d53",paulatorres,"2024-03-25 18:49","2024-03-25 18:49",2024,3,25,18,49,1
"01/12/2022","31/12/2022","09017661000609",E300,PA,802.31,"100102","6601c26ae4d1f54a569c6d53",paulatorres,"2024-03-25 18:49","2024-03-25 18:49",2024,3,25,18,49,1
"01/11/2023","30/11/2023","09017661000609",E300,AC,421.83,"100102","6601c26ae4d1f54a569c6d53",paulatorres,"2024-03-25 18:49","2024-03-25 18:49",2024,3,25,18,49,1
"01/12/2022","31/12/2022","09017661000609",E300,CE,1316.3000000000002,"100102","6601c26ae4d1f54a569c6d53",paulatorres,"2024-03-25 18:49","2024-03-25 18:49",2024,3,25,18,49,1
"01/11/2023","30/11/2023","09017661000609",E300,AL,438.0800000000001,"100129","6601c26ae4d1f54a569c6d53",paulatorres,"2024-03-25 18:49","2024-03-25 18:49",2024,3,25,18,49,1
"01/01/2023","31/01/2023","09017661000609",E300,DF,9830.189999999999,"100102","6601c26ae4d1f54a569c6d53",paulatorres,"2024-03-25 18:49","2024-03-25 18:49",2024,3,25,18,49,1
"01/09/2023","30/09/2023","09017661000609",E300,SC,5929.430000000001,"100102","6601c26ae4d1f54a569c6d53",paulatorres,"2024-03-25 18:49","2024-03-25 18:49",2024,3,25,18,49,1
"01/04/2023","30/04/2023","09017661000609",E300,SE,1631.0099999999998,"100102","6601c26ae4d1f54a569c6d53",paulatorres,"2024-03-25 18:49","2024-03-25 18:49",2024,3,25,18,49,1
"01/04/2023","30/04/2023","09017661000102",E300,SC,17.95,"100102","6601c26ae4d1f54a569c6d53",paulatorres,"2024-03-25 18:49","2024-03-25 18:49",2024,3,25,18,49,1
"01/12/2023","31/12/2023","09017661000528",E300,BA,32.129999999999995,"100129","6601c26ae4d1f54a569c6d53",paulatorres,"2024-03-25 18:49","2024-03-25 18:49",2024,3,25,18,49,1
"01/03/2023","31/03/2023","09017661000609",E300,DF,8992.450000000003,"100102","6601c26ae4d1f54a569c6d53",paulatorres,"2024-03-25 18:49","2024-03-25 18:49",2024,3,25,18,49,1
"01/05/2023","31/05/2023","09017661000528",E300,PB,31.24,"100102","6601c26ae4d1f54a569c6d53",paulatorres,"2024-03-25 18:49","2024-03-25 18:49",2024,3,25,18,49,1
"01/10/2022","31/10/2022","09017661000609",E300,SC,2244.0699999999993,"100102","6601c26ae4d1f54a569c6d53",paulatorres,"2024-03-25 18:49","2024-03-25 18:49",2024,3,25,18,49,1
"01/04/2023","30/04/2023","09017661000609",E300,BA,880.1400000000001,"100129","6601c26ae4d1f54a569c6d53",paulatorres,"2024-03-25 18:49","2024-03-25 18:49",2024,3,25,18,49,1
"01/12/2023","31/12/2023","09017661000609",E300,PR,7227.1100000000015,"100102","6601c26ae4d1f54a569c6d53",paulatorres,"2024-03-25 18:49","2024-03-25 18:49",2024,3,25,18,49,1
"01/02/2023","28/02/2023","09017661000609",E300,RJ,6091.220000000001,"100102","6601c26ae4d1f54a569c6d53",paulatorres,"2024-03-25 18:49","2024-03-25 18:49",2024,3,25,18,49,1
"01/11/2023","30/11/2023","09017661000366",E300,MG,257.3,"100102","6601c26ae4d1f54a569c6d53",paulatorres,"2024-03-25 18:49","2024-03-25 18:49",2024,3,25,18,49,1
"01/11/2023","30/11/2023","09017661000102",E300,RS,29.05,"100110","6601c26ae4d1f54a569c6d53",paulatorres,"2024-03-25 18:49","2024-03-25 18:49",2024,3,25,18,49,1
"01/08/2022","31/08/2022","09017661000609",E300,RO,1295.1800000000003,"100102","6601c26ae4d1f54a569c6d53",paulatorres,"2024-03-25 18:49","2024-03-25 18:49",2024,3,25,18,49,1
"01/12/2023","31/12/2023","09017661000609",E300,MT,1981.7200000000003,"100102","6601c26ae4d1f54a569c6d53",paulatorres,"2024-03-25 18:49","2024-03-25 18:49",2024,3,25,18,49,1
"01/07/2022","31/07/2022","09017661000609",E300,PR,8409.129999999994,"100102","6601c26ae4d1f54a569c6d53",paulatorres,"2024-03-25 18:49","2024-03-25 18:49",2024,3,25,18,49,1
"01/07/2022","31/07/2022","09017661000609",E300,RS,5061.64,"100102","6601c26ae4d1f54a569c6d53",paulatorres,"2024-03-25 18:49","2024-03-25 18:49",2024,3,25,18,49,1
"01/11/2023","30/11/2023","09017661000528",E300,MS,224.68,"100102","6601c26ae4d1f54a569c6d53",paulatorres,"2024-03-25 18:49","2024-03-25 18:49",2024,3,25,18,49,1
"01/08/2022","31/08/2022","09017661000609",E300,PB,2012.3700000000001,"100102","6601c26ae4d1f54a569c6d53",paulatorres,"2024-03-25 18:49","2024-03-25 18:49",2024,3,25,18,49,1
"01/10/2022","31/10/2022","09017661000609",E300,AL,183.77,"100102","6601c26ae4d1f54a569c6d53",paulatorres,"2024-03-25 18:49","2024-03-25 18:49",2024,3,25,18,49,1
"01/04/2023","30/04/2023","09017661000609",E300,AM,1487.14,"100102","6601c26ae4d1f54a569c6d53",paulatorres,"2024-03-25 18:49","2024-03-25 18:49",2024,3,25,18,49,1
"01/08/2023","31/08/2023","09017661001095",E300,RJ,161.88,"100102","6601c26ae4d1f54a569c6d53",paulatorres,"2024-03-25 18:49","2024-03-25 18:49",2024,3,25,18,49,1
"01/11/2022","30/11/2022","09017661000609",E300,AL,16.28,"100129","6601c26ae4d1f54a569c6d53",paulatorres,"2024-03-25 18:49","2024-03-25 18:49",2024,3,25,18,49,1
"01/07/2022","31/07/2022","09017661000609",E300,RJ,10971.050000000001,"100102","6601c26ae4d1f54a569c6d53",paulatorres,"2024-03-25 18:49","2024-03-25 18:49",2024,3,25,18,49,1
"01/09/2023","30/09/2023","09017661000528",E300,RJ,28.339999999999996,"100129","6601c26ae4d1f54a569c6d53",paulatorres,"2024-03-25 18:49","2024-03-25 18:49",2024,3,25,18,49,1
"01/09/2023","30/09/2023","09017661000609",E300,AM,2338.4599999999996,"100102","6601c26ae4d1f54a569c6d53",paulatorres,"2024-03-25 18:49","2024-03-25 18:49",2024,3,25,18,49,1
"01/12/2023","31/12/2023","09017661000609",E300,PA,631.23,"100102","6601c26ae4d1f54a569c6d53",paulatorres,"2024-03-25 18:49","2024-03-25 18:49",2024,3,25,18,49,1
"01/08/2023","31/08/2023","09017661000609",E300,SE,4545.62,"100102","6601c26ae4d1f54a569c6d53",paulatorres,"2024-03-25 18:49","2024-03-25 18:49",2024,3,25,18,49,1
"01/12/2023","31/12/2023","09017661000609",E300,AC,114.53,"100102","6601c26ae4d1f54a569c6d53",paulatorres,"2024-03-25 18:49","2024-03-25 18:49",2024,3,25,18,49,1
"01/07/2023","31/07/2023","09017661000790",E300,MS,336.17999999999995,"100102","6601c26ae4d1f54a569c6d53",paulatorres,"2024-03-25 18:49","2024-03-25 18:49",2024,3,25,18,49,1
"01/12/2023","31/12/2023","09017661000609",E300,PI,1676.96,"100102","6601c26ae4d1f54a569c6d53",paulatorres,"2024-03-25 18:49","2024-03-25 18:49",2024,3,25,18,49,1
"01/02/2023","28/02/2023","09017661000609",E300,PA,1473.6000000000001,"100102","6601c26ae4d1f54a569c6d53",paulatorres,"2024-03-25 18:49","2024-03-25 18:49",2024,3,25,18,49,1
"01/02/2023","28/02/2023","09017661000609",E300,AL,107.22,"100129","6601c26ae4d1f54a569c6d53",paulatorres,"2024-03-25 18:49","2024-03-25 18:49",2024,3,25,18,49,1
"01/10/2022","31/10/2022","09017661000609",E300,CE,896.77,"100102","6601c26ae4d1f54a569c6d53",paulatorres,"2024-03-25 18:49","2024-03-25 18:49",2024,3,25,18,49,1
"01/06/2023","30/06/2023","09017661000790",E300,BA,230.04,"100102","6601c26ae4d1f54a569c6d53",paulatorres,"2024-03-25 18:49","2024-03-25 18:49",2024,3,25,18,49,1
"01/08/2023","31/08/2023","09017661000609",E300,MS,6651.69,"100102","6601c26ae4d1f54a569c6d53",paulatorres,"2024-03-25 18:49","2024-03-25 18:49",2024,3,25,18,49,1
"01/11/2022","30/11/2022","09017661000609",E300,RN,1901.7400000000002,"100102","6601c26ae4d1f54a569c6d53",paulatorres,"2024-03-25 18:49","2024-03-25 18:49",2024,3,25,18,49,1
"01/12/2023","31/12/2023","09017661000609",E300,MA,660.41,"100110","6601c26ae4d1f54a569c6d53",paulatorres,"2024-03-25 18:49","2024-03-25 18:49",2024,3,25,18,49,1
"01/08/2023","31/08/2023","09017661000609",E300,SC,5754.420000000001,"100102","6601c26ae4d1f54a569c6d53",paulatorres,"2024-03-25 18:49","2024-03-25 18:49",2024,3,25,18,49,1
"01/08/2023","31/08/2023","09017661000609",E300,AM,2485.4099999999994,"100102","6601c26ae4d1f54a569c6d53",paulatorres,"2024-03-25 18:49","2024-03-25 18:49",2024,3,25,18,49,1
"01/12/2022","31/12/2022","09017661000609",E300,BA,2459.38,"100102","6601c26ae4d1f54a569c6d53",paulatorres,"2024-03-25 18:49","2024-03-25 18:49",2024,3,25,18,49,1
"01/12/2022","31/12/2022","09017661000609",E300,PE,1971.8400000000006,"100102","6601c26ae4d1f54a569c6d53",paulatorres,"2024-03-25 18:49","2024-03-25 18:49",2024,3,25,18,49,1
"01/08/2023","31/08/2023","09017661000528",E300,RS,92.8,"100102","6601c26ae4d1f54a569c6d53",paulatorres,"2024-03-25 18:49","2024-03-25 18:49",2024,3,25,18,49,1
"01/03/2023","31/03/2023","09017661000102",E300,SC,31.55,"100102","6601c26ae4d1f54a569c6d53",paulatorres,"2024-03-25 18:49","2024-03-25 18:49",2024,3,25,18,49,1
"01/04/2023","30/04/2023","09017661000528",E300,RJ,23.58,"100129","6601c26ae4d1f54a569c6d53",paulatorres,"2024-03-25 18:49","2024-03-25 18:49",2024,3,25,18,49,1
"01/09/2023","30/09/2023","09017661000609",E300,DF,10024.559999999998,"100102","6601c26ae4d1f54a569c6d53",paulatorres,"2024-03-25 18:49","2024-03-25 18:49",2024,3,25,18,49,1
"01/04/2023","30/04/2023","09017661000609",E300,PE,1938.0800000000002,"100102","6601c26ae4d1f54a569c6d53",paulatorres,"2024-03-25 18:49","2024-03-25 18:49",2024,3,25,18,49,1
"01/09/2023","30/09/2023","09017661001095",E300,RS,49.8,"100102","6601c26ae4d1f54a569c6d53",paulatorres,"2024-03-25 18:49","2024-03-25 18:49",2024,3,25,18,49,1
"01/07/2023","31/07/2023","09017661000528",E300,SC,36.66,"100102","6601c26ae4d1f54a569c6d53",paulatorres,"2024-03-25 18:49","2024-03-25 18:49",2024,3,25,18,49,1
"01/08/2023","31/08/2023","09017661000951",E300,SC,34.8,"100102","6601c26ae4d1f54a569c6d53",paulatorres,"2024-03-25 18:49","2024-03-25 18:49",2024,3,25,18,49,1
"01/09/2023","30/09/2023","09017661000609",E300,MA,2125.12,"100110","6601c26ae4d1f54a569c6d53",paulatorres,"2024-03-25 18:49","2024-03-25 18:49",2024,3,25,18,49,1
"01/05/2023","31/05/2023","09017661000528",E300,PR,97.17,"100102","6601c26ae4d1f54a569c6d53",paulatorres,"2024-03-25 18:49","2024-03-25 18:49",2024,3,25,18,49,1
"01/04/2023","30/04/2023","09017661000609",E300,RO,1433.96,"100102","6601c26ae4d1f54a569c6d53",paulatorres,"2024-03-25 18:49","2024-03-25 18:49",2024,3,25,18,49,1
"01/03/2023","31/03/2023","09017661000609",E300,MS,7833.920000000002,"100102","6601c26ae4d1f54a569c6d53",paulatorres,"2024-03-25 18:49","2024-03-25 18:49",2024,3,25,18,49,1
"01/12/2023","31/12/2023","09017661000447",E300,MT,51.0,"100110","6601c26ae4d1f54a569c6d53",paulatorres,"2024-03-25 18:49","2024-03-25 18:49",2024,3,25,18,49,1
"01/01/2023","31/01/2023","09017661000609",E300,MT,3077.34,"100102","6601c26ae4d1f54a569c6d53",paulatorres,"2024-03-25 18:49","2024-03-25 18:49",2024,3,25,18,49,1
"01/09/2023","30/09/2023","09017661000528",E300,MT,130.0,"100102","6601c26ae4d1f54a569c6d53",paulatorres,"2024-03-25 18:49","2024-03-25 18:49",2024,3,25,18,49,1
"01/06/2023","30/06/2023","09017661000447",E300,PR,195.52,"100102","6601c26ae4d1f54a569c6d53",paulatorres,"2024-03-25 18:49","2024-03-25 18:49",2024,3,25,18,49,1
"01/05/2023","31/05/2023","09017661000528",E300,GO,281.52,"100102","6601c26ae4d1f54a569c6d53",paulatorres,"2024-03-25 18:49","2024-03-25 18:49",2024,3,25,18,49,1
"01/07/2023","31/07/2023","09017661000528",E300,SE,277.13,"100102","6601c26ae4d1f54a569c6d53",paulatorres,"2024-03-25 18:49","2024-03-25 18:49",2024,3,25,18,49,1
"01/10/2022","31/10/2022","09017661000609",E300,GO,4375.4400000000005,"100102","6601c26ae4d1f54a569c6d53",paulatorres,"2024-03-25 18:49","2024-03-25 18:49",2024,3,25,18,49,1
"01/04/2023","30/04/2023","09017661000528",E300,SC,344.21000000000004,"100102","6601c26ae4d1f54a569c6d53",paulatorres,"2024-03-25 18:49","2024-03-25 18:49",2024,3,25,18,49,1
"01/02/2023","28/02/2023","09017661000528",E300,PA,204.04,"100102","6601c26ae4d1f54a569c6d53",paulatorres,"2024-03-25 18:49","2024-03-25 18:49",2024,3,25,18,49,1
"01/12/2023","31/12/2023","09017661000528",E300,MS,139.0,"100102","6601c26ae4d1f54a569c6d53",paulatorres,"2024-03-25 18:49","2024-03-25 18:49",2024,3,25,18,49,1
"01/03/2023","31/03/2023","09017661000790",E300,ES,69.2,"100102","6601c26ae4d1f54a569c6d53",paulatorres,"2024-03-25 18:49","2024-03-25 18:49",2024,3,25,18,49,1
"01/12/2023","31/12/2023","09017661001257",E300,SC,27.93,"100102","6601c26ae4d1f54a569c6d53",paulatorres,"2024-03-25 18:49","2024-03-25 18:49",2024,3,25,18,49,1
"01/08/2022","31/08/2022","09017661000609",E300,AL,502.87999999999994,"100102","6601c26ae4d1f54a569c6d53",paulatorres,"2024-03-25 18:49","2024-03-25 18:49",2024,3,25,18,49,1
"01/01/2023","31/01/2023","09017661000609",E300,PR,7937.039999999996,"100102","6601c26ae4d1f54a569c6d53",paulatorres,"2024-03-25 18:49","2024-03-25 18:49",2024,3,25,18,49,1
"01/11/2023","30/11/2023","09017661000609",E300,DF,27741.659999999993,"100102","6601c26ae4d1f54a569c6d53",paulatorres,"2024-03-25 18:49","2024-03-25 18:49",2024,3,25,18,49,1
"01/08/2022","31/08/2022","09017661000609",E300,MA,1069.3,"100110","6601c26ae4d1f54a569c6d53",paulatorres,"2024-03-25 18:49","2024-03-25 18:49",2024,3,25,18,49,1
"01/12/2023","31/12/2023","09017661000609",E300,MG,10.31,"100129","6601c26ae4d1f54a569c6d53",paulatorres,"2024-03-25 18:49","2024-03-25 18:49",2024,3,25,18,49,1
"01/06/2023","30/06/2023","09017661000790",E300,MG,57.16,"100102","6601c26ae4d1f54a569c6d53",paulatorres,"2024-03-25 18:49","2024-03-25 18:49",2024,3,25,18,49,1
"01/06/2023","30/06/2023","09017661000790",E300,RS,64.75,"100102","6601c26ae4d1f54a569c6d53",paulatorres,"2024-03-25 18:49","2024-03-25 18:49",2024,3,25,18,49,1
"01/11/2023","30/11/2023","09017661000102",E300,BA,124.67,"100110","6601c26ae4d1f54a569c6d53",paulatorres,"2024-03-25 18:49","2024-03-25 18:49",2024,3,25,18,49,1
"01/03/2023","31/03/2023","09017661000609",E300,RJ,3410.190000000001,"100129","6601c26ae4d1f54a569c6d53",paulatorres,"2024-03-25 18:49","2024-03-25 18:49",2024,3,25,18,49,1
"01/08/2023","31/08/2023","09017661000528",E300,MS,73.77,"100102","6601c26ae4d1f54a569c6d53",paulatorres,"2024-03-25 18:49","2024-03-25 18:49",2024,3,25,18,49,1
"01/11/2023","30/11/2023","09017661000528",E300,ES,68.2,"100102","6601c26ae4d1f54a569c6d53",paulatorres,"2024-03-25 18:49","2024-03-25 18:49",2024,3,25,18,49,1
"01/08/2023","31/08/2023","09017661001095",E300,RJ,40.47,"100129","6601c26ae4d1f54a569c6d53",paulatorres,"2024-03-25 18:49","2024-03-25 18:49",2024,3,25,18,49,1
"01/08/2022","31/08/2022","09017661000609",E300,CE,2393.45,"100102","6601c26ae4d1f54a569c6d53",paulatorres,"2024-03-25 18:49","2024-03-25 18:49",2024,3,25,18,49,1
"01/08/2023","31/08/2023","09017661000609",E300,TO,870.38,"100102","6601c26ae4d1f54a569c6d53",paulatorres,"2024-03-25 18:49","2024-03-25 18:49",2024,3,25,18,49,1
"01/12/2023","31/12/2023","09017661000609",E300,AM,1937.4299999999998,"100102","6601c26ae4d1f54a569c6d53",paulatorres,"2024-03-25 18:49","2024-03-25 18:49",2024,3,25,18,49,1
"01/12/2023","31/12/2023","09017661000528",E300,BA,192.81,"100102","6601c26ae4d1f54a569c6d53",paulatorres,"2024-03-25 18:49","2024-03-25 18:49",2024,3,25,18,49,1
"01/04/2023","30/04/2023","09017661000790",E300,MG,156.48,"100102","6601c26ae4d1f54a569c6d53",paulatorres,"2024-03-25 18:49","2024-03-25 18:49",2024,3,25,18,49,1
"01/09/2023","30/09/2023","09017661000609",E300,MT,3922.6299999999997,"100102","6601c26ae4d1f54a569c6d53",paulatorres,"2024-03-25 18:49","2024-03-25 18:49",2024,3,25,18,49,1
"01/09/2023","30/09/2023","09017661000528",E300,DF,116.27,"100102","6601c26ae4d1f54a569c6d53",paulatorres,"2024-03-25 18:49","2024-03-25 18:49",2024,3,25,18,49,1
"01/03/2023","31/03/2023","09017661000609",E300,PI,1205.51,"100102","6601c26ae4d1f54a569c6d53",paulatorres,"2024-03-25 18:49","2024-03-25 18:49",2024,3,25,18,49,1
"01/11/2023","30/11/2023","09017661000609",E300,SE,5247.339999999999,"100102","6601c26ae4d1f54a569c6d53",paulatorres,"2024-03-25 18:49","2024-03-25 18:49",2024,3,25,18,49,1
"01/10/2022","31/10/2022","09017661000609",E300,RJ,5807.190000000001,"100102","6601c26ae4d1f54a569c6d53",paulatorres,"2024-03-25 18:49","2024-03-25 18:49",2024,3,25,18,49,1
"01/11/2023","30/11/2023","09017661000366",E300,RJ,32.1,"100129","6601c26ae4d1f54a569c6d53",paulatorres,"2024-03-25 18:49","2024-03-25 18:49",2024,3,25,18,49,1
"01/08/2023","31/08/2023","09017661000609",E300,RJ,4348.509999999999,"100129","6601c26ae4d1f54a569c6d53",paulatorres,"2024-03-25 18:49","2024-03-25 18:49",2024,3,25,18,49,1
"01/05/2023","31/05/2023","09017661000609",E300,GO,12735.139999999998,"100102","6601c26ae4d1f54a569c6d53",paulatorres,"2024-03-25 18:49","2024-03-25 18:49",2024,3,25,18,49,1
"01/12/2023","31/12/2023","09017661000528",E300,PE,63.78,"100102","6601c26ae4d1f54a569c6d53",paulatorres,"2024-03-25 18:49","2024-03-25 18:49",2024,3,25,18,49,1
"01/12/2022","31/12/2022","09017661000609",E300,MG,9008.29,"100102","6601c26ae4d1f54a569c6d53",paulatorres,"2024-03-25 18:49","2024-03-25 18:49",2024,3,25,18,49,1
"01/11/2022","30/11/2022","09017661000609",E300,PR,14236.110000000013,"100102","6601c26ae4d1f54a569c6d53",paulatorres,"2024-03-25 18:49","2024-03-25 18:49",2024,3,25,18,49,1
"01/12/2023","31/12/2023","09017661000609",E300,RJ,9814.980000000001,"100102","6601c26ae4d1f54a569c6d53",paulatorres,"2024-03-25 18:49","2024-03-25 18:49",2024,3,25,18,49,1
"01/07/2022","31/07/2022","09017661000609",E300,RN,389.74,"100102","6601c26ae4d1f54a569c6d53",paulatorres,"2024-03-25 18:49","2024-03-25 18:49",2024,3,25,18,49,1
"01/07/2022","31/07/2022","09017661000609",E300,RO,2418.6900000000005,"100102","6601c26ae4d1f54a569c6d53",paulatorres,"2024-03-25 18:49","2024-03-25 18:49",2024,3,25,18,49,1
"01/12/2023","31/12/2023","09017661000528",E300,MG,32.06,"100102","6601c26ae4d1f54a569c6d53",paulatorres,"2024-03-25 18:49","2024-03-25 18:49",2024,3,25,18,49,1
"01/02/2023","28/02/2023","09017661000528",E300,AC,115.88,"100102","6601c26ae4d1f54a569c6d53",paulatorres,"2024-03-25 18:49","2024-03-25 18:49",2024,3,25,18,49,1
"01/03/2023","31/03/2023","09017661000609",E300,ES,1751.9999999999998,"100102","6601c26ae4d1f54a569c6d53",paulatorres,"2024-03-25 18:49","2024-03-25 18:49",2024,3,25,18,49,1
"01/12/2022","31/12/2022","09017661000609",E300,PB,1400.12,"100102","6601c26ae4d1f54a569c6d53",paulatorres,"2024-03-25 18:49","2024-03-25 18:49",2024,3,25,18,49,1
"01/04/2023","30/04/2023","09017661000528",E300,PR,605.8800000000001,"100102","6601c26ae4d1f54a569c6d53",paulatorres,"2024-03-25 18:49","2024-03-25 18:49",2024,3,25,18,49,1
"01/07/2023","31/07/2023","09017661000528",E300,CE,166.4,"100102","6601c26ae4d1f54a569c6d53",paulatorres,"2024-03-25 18:49","2024-03-25 18:49",2024,3,25,18,49,1
"01/10/2022","31/10/2022","09017661000609",E300,DF,4745.110000000002,"100102","6601c26ae4d1f54a569c6d53",paulatorres,"2024-03-25 18:49","2024-03-25 18:49",2024,3,25,18,49,1
"01/03/2023","31/03/2023","09017661000609",E300,PR,9283.28,"100102","6601c26ae4d1f54a569c6d53",paulatorres,"2024-03-25 18:49","2024-03-25 18:49",2024,3,25,18,49,1
"01/07/2023","31/07/2023","09017661000528",E300,RS,92.2,"100102","6601c26ae4d1f54a569c6d53",paulatorres,"2024-03-25 18:49","2024-03-25 18:49",2024,3,25,18,49,1
"01/10/2023","31/10/2023","09017661000951",E300,MG,71.76,"100102","6601c26ae4d1f54a569c6d53",paulatorres,"2024-03-25 18:49","2024-03-25 18:49",2024,3,25,18,49,1
"01/04/2023","30/04/2023","09017661001095",E300,SP,22.74,"100102","6601c26ae4d1f54a569c6d53",paulatorres,"2024-03-25 18:49","2024-03-25 18:49",2024,3,25,18,49,1
"01/05/2023","31/05/2023","09017661000609",E300,CE,3191.9900000000007,"100102","6601c26ae4d1f54a569c6d53",paulatorres,"2024-03-25 18:49","2024-03-25 18:49",2024,3,25,18,49,1
"01/11/2023","30/11/2023","09017661000609",E300,PE,10516.08,"100102","6601c26ae4d1f54a569c6d53",paulatorres,"2024-03-25 18:49","2024-03-25 18:49",2024,3,25,18,49,1
"01/03/2023","31/03/2023","09017661000609",E300,SE,2074.42,"100102","6601c26ae4d1f54a569c6d53",paulatorres,"2024-03-25 18:49","2024-03-25 18:49",2024,3,25,18,49,1
"01/12/2022","31/12/2022","09017661000609",E300,SC,3243.31,"100102","6601c26ae4d1f54a569c6d53",paulatorres,"2024-03-25 18:49","2024-03-25 18:49",2024,3,25,18,49,1
"01/01/2023","31/01/2023","09017661000609",E300,RS,5163.159999999997,"100102","6601c26ae4d1f54a569c6d53",paulatorres,"2024-03-25 18:49","2024-03-25 18:49",2024,3,25,18,49,1
"01/11/2023","30/11/2023","09017661000609",E300,MG,32039.769999999982,"100102","6601c26ae4d1f54a569c6d53",paulatorres,"2024-03-25 18:49","2024-03-25 18:49",2024,3,25,18,49,1
"01/12/2023","31/12/2023","09017661000528",E300,SC,143.31,"100102","6601c26ae4d1f54a569c6d53",paulatorres,"2024-03-25 18:49","2024-03-25 18:49",2024,3,25,18,49,1
"01/09/2023","30/09/2023","09017661000609",E300,MS,4580.160000000001,"100102","6601c26ae4d1f54a569c6d53",paulatorres,"2024-03-25 18:49","2024-03-25 18:49",2024,3,25,18,49,1
"01/09/2023","30/09/2023","09017661000609",E300,RN,2851.2799999999997,"100102","6601c26ae4d1f54a569c6d53",paulatorres,"2024-03-25 18:49","2024-03-25 18:49",2024,3,25,18,49,1
"01/05/2023","31/05/2023","09017661000528",E300,BA,937.4300000000001,"100102","6601c26ae4d1f54a569c6d53",paulatorres,"2024-03-25 18:49","2024-03-25 18:49",2024,3,25,18,49,1
"01/11/2023","30/11/2023","09017661001095",E300,SP,91.59,"100102","6601c26ae4d1f54a569c6d53",paulatorres,"2024-03-25 18:49","2024-03-25 18:49",2024,3,25,18,49,1
"01/07/2023","31/07/2023","09017661000285",E300,MA,33.02,"100102","6601c26ae4d1f54a569c6d53",paulatorres,"2024-03-25 18:49","2024-03-25 18:49",2024,3,25,18,49,1
"01/04/2023","30/04/2023","09017661000528",E300,MS,547.55,"100102","6601c26ae4d1f54a569c6d53",paulatorres,"2024-03-25 18:49","2024-03-25 18:49",2024,3,25,18,49,1
"01/10/2022","31/10/2022","09017661000609",E300,BA,20.35,"100129","6601c26ae4d1f54a569c6d53",paulatorres,"2024-03-25 18:49","2024-03-25 18:49",2024,3,25,18,49,1
"01/05/2023","31/05/2023","09017661000528",E300,MG,208.02,"100102","6601c26ae4d1f54a569c6d53",paulatorres,"2024-03-25 18:49","2024-03-25 18:49",2024,3,25,18,49,1
"01/10/2022","31/10/2022","09017661000609",E300,TO,412.33000000000004,"100102","6601c26ae4d1f54a569c6d53",paulatorres,"2024-03-25 18:49","2024-03-25 18:49",2024,3,25,18,49,1
"01/08/2023","31/08/2023","09017661000528",E300,PR,186.19,"100102","6601c26ae4d1f54a569c6d53",paulatorres,"2024-03-25 18:49","2024-03-25 18:49",2024,3,25,18,49,1
"01/11/2023","30/11/2023","09017661000609",E300,AP,96.08,"100102","6601c26ae4d1f54a569c6d53",paulatorres,"2024-03-25 18:49","2024-03-25 18:49",2024,3,25,18,49,1
"01/09/2023","30/09/2023","09017661000609",E300,RJ,3916.239999999998,"100129","6601c26ae4d1f54a569c6d53",paulatorres,"2024-03-25 18:49","2024-03-25 18:49",2024,3,25,18,49,1
"01/05/2023","31/05/2023","09017661000528",E300,SC,440.13999999999993,"100102","6601c26ae4d1f54a569c6d53",paulatorres,"2024-03-25 18:49","2024-03-25 18:49",2024,3,25,18,49,1
"01/07/2023","31/07/2023","09017661000528",E300,GO,420.0,"100102","6601c26ae4d1f54a569c6d53",paulatorres,"2024-03-25 18:49","2024-03-25 18:49",2024,3,25,18,49,1
"01/08/2022","31/08/2022","09017661000609",E300,AL,2.06,"100129","6601c26ae4d1f54a569c6d53",paulatorres,"2024-03-25 18:49","2024-03-25 18:49",2024,3,25,18,49,1
"01/10/2023","31/10/2023","09017661000528",E300,MT,100.22,"100102","6601c26ae4d1f54a569c6d53",paulatorres,"2024-03-25 18:49","2024-03-25 18:49",2024,3,25,18,49,1
"01/10/2023","31/10/2023","09017661000528",E300,RJ,23.89,"100129","6601c26ae4d1f54a569c6d53",paulatorres,"2024-03-25 18:49","2024-03-25 18:49",2024,3,25,18,49,1
"01/07/2022","31/07/2022","09017661000609",E300,MT,3052.32,"100102","6601c26ae4d1f54a569c6d53",paulatorres,"2024-03-25 18:49","2024-03-25 18:49",2024,3,25,18,49,1
"01/10/2023","31/10/2023","09017661000609",E300,MA,1594.27,"100110","6601c26ae4d1f54a569c6d53",paulatorres,"2024-03-25 18:49","2024-03-25 18:49",2024,3,25,18,49,1
"01/04/2023","30/04/2023","09017661000528",E300,SE,193.5,"100102","6601c26ae4d1f54a569c6d53",paulatorres,"2024-03-25 18:49","2024-03-25 18:49",2024,3,25,18,49,1
"01/04/2023","30/04/2023","09017661000609",E300,BA,5280.35,"100102","6601c26ae4d1f54a569c6d53",paulatorres,"2024-03-25 18:49","2024-03-25 18:49",2024,3,25,18,49,1
"01/06/2023","30/06/2023","09017661000609",E300,ES,2507.6799999999994,"100102","6601c26ae4d1f54a569c6d53",paulatorres,"2024-03-25 18:49","2024-03-25 18:49",2024,3,25,18,49,1
"01/03/2023","31/03/2023","09017661000528",E300,PE,162.8,"100102","6601c26ae4d1f54a569c6d53",paulatorres,"2024-03-25 18:49","2024-03-25 18:49",2024,3,25,18,49,1
"01/10/2023","31/10/2023","09017661000609",E300,PA,1230.26,"100102","6601c26ae4d1f54a569c6d53",paulatorres,"2024-03-25 18:49","2024-03-25 18:49",2024,3,25,18,49,1
"01/07/2023","31/07/2023","09017661000609",E300,RR,187.67,"100102","6601c26ae4d1f54a569c6d53",paulatorres,"2024-03-25 18:49","2024-03-25 18:49",2024,3,25,18,49,1
"01/08/2023","31/08/2023","09017661000951",E300,GO,126.6,"100102","6601c26ae4d1f54a569c6d53",paulatorres,"2024-03-25 18:49","2024-03-25 18:49",2024,3,25,18,49,1
"01/05/2023","31/05/2023","09017661000609",E300,RO,1333.0099999999998,"100102","6601c26ae4d1f54a569c6d53",paulatorres,"2024-03-25 18:49","2024-03-25 18:49",2024,3,25,18,49,1
"01/06/2023","30/06/2023","09017661000102",E300,PE,296.44,"100102","6601c26ae4d1f54a569c6d53",paulatorres,"2024-03-25 18:49","2024-03-25 18:49",2024,3,25,18,49,1
"01/01/2023","31/01/2023","09017661000609",E300,PA,1812.0799999999997,"100102","6601c26ae4d1f54a569c6d53",paulatorres,"2024-03-25 18:49","2024-03-25 18:49",2024,3,25,18,49,1
"01/12/2022","31/12/2022","09017661000609",E300,AL,870.71,"100102","6601c26ae4d1f54a569c6d53",paulatorres,"2024-03-25 18:49","2024-03-25 18:49",2024,3,25,18,49,1
"01/03/2023","31/03/2023","09017661000609",E300,PA,1202.34,"100102","6601c26ae4d1f54a569c6d53",paulatorres,"2024-03-25 18:49","2024-03-25 18:49",2024,3,25,18,49,1
"01/12/2022","31/12/2022","09017661000609",E300,AM,403.01,"100102","6601c26ae4d1f54a569c6d53",paulatorres,"2024-03-25 18:49","2024-03-25 18:49",2024,3,25,18,49,1
"01/11/2023","30/11/2023","09017661000609",E300,ES,2050.9,"100102","6601c26ae4d1f54a569c6d53",paulatorres,"2024-03-25 18:49","2024-03-25 18:49",2024,3,25,18,49,1
"01/08/2023","31/08/2023","09017661000528",E300,MG,277.72,"100102","6601c26ae4d1f54a569c6d53",paulatorres,"2024-03-25 18:49","2024-03-25 18:49",2024,3,25,18,49,1
"01/12/2023","31/12/2023","09017661000528",E300,GO,135.73,"100102","6601c26ae4d1f54a569c6d53",paulatorres,"2024-03-25 18:49","2024-03-25 18:49",2024,3,25,18,49,1
"01/12/2023","31/12/2023","09017661000528",E300,RJ,4.08,"100102","6601c26ae4d1f54a569c6d53",paulatorres,"2024-03-25 18:49","2024-03-25 18:49",2024,3,25,18,49,1
"01/12/2022","31/12/2022","09017661000609",E300,RO,491.36,"100102","6601c26ae4d1f54a569c6d53",paulatorres,"2024-03-25 18:49","2024-03-25 18:49",2024,3,25,18,49,1
"01/01/2023","31/01/2023","09017661000609",E300,MA,1017.22,"100110","6601c26ae4d1f54a569c6d53",paulatorres,"2024-03-25 18:49","2024-03-25 18:49",2024,3,25,18,49,1
"01/08/2022","31/08/2022","09017661000609",E300,AC,258.9,"100102","6601c26ae4d1f54a569c6d53",paulatorres,"2024-03-25 18:49","2024-03-25 18:49",2024,3,25,18,49,1
"01/01/2023","31/01/2023","09017661000609",E300,BA,4548.28,"100102","6601c26ae4d1f54a569c6d53",paulatorres,"2024-03-25 18:49","2024-03-25 18:49",2024,3,25,18,49,1
"01/08/2023","31/08/2023","09017661000528",E300,MT,215.0,"100102","6601c26ae4d1f54a569c6d53",paulatorres,"2024-03-25 18:49","2024-03-25 18:49",2024,3,25,18,49,1
"01/12/2022","31/12/2022","09017661000609",E300,MT,3281.19,"100102","6601c26ae4d1f54a569c6d53",paulatorres,"2024-03-25 18:49","2024-03-25 18:49",2024,3,25,18,49,1
"01/05/2023","31/05/2023","09017661001095",E300,SC,71.18,"100102","6601c26ae4d1f54a569c6d53",paulatorres,"2024-03-25 18:49","2024-03-25 18:49",2024,3,25,18,49,1
"01/09/2023","30/09/2023","09017661000951",E300,GO,49.88,"100110","6601c26ae4d1f54a569c6d53",paulatorres,"2024-03-25 18:49","2024-03-25 18:49",2024,3,25,18,49,1
"01/07/2023","31/07/2023","09017661000951",E300,RJ,181.7,"100102","6601c26ae4d1f54a569c6d53",paulatorres,"2024-03-25 18:49","2024-03-25 18:49",2024,3,25,18,49,1
"01/04/2023","30/04/2023","09017661000102",E300,PR,447.3,"100102","6601c26ae4d1f54a569c6d53",paulatorres,"2024-03-25 18:49","2024-03-25 18:49",2024,3,25,18,49,1
"01/03/2023","31/03/2023","09017661000609",E300,PB,2607.85,"100102","6601c26ae4d1f54a569c6d53",paulatorres,"2024-03-25 18:49","2024-03-25 18:49",2024,3,25,18,49,1
"01/05/2023","31/05/2023","09017661001095",E300,PE,95.67,"100102","6601c26ae4d1f54a569c6d53",paulatorres,"2024-03-25 18:49","2024-03-25 18:49",2024,3,25,18,49,1
"01/11/2023","30/11/2023","09017661000609",E300,RS,11350.280000000002,"100102","6601c26ae4d1f54a569c6d53",paulatorres,"2024-03-25 18:49","2024-03-25 18:49",2024,3,25,18,49,1
"01/03/2023","31/03/2023","09017661000609",E300,AL,1484.1399999999999,"100102","6601c26ae4d1f54a569c6d53",paulatorres,"2024-03-25 18:49","2024-03-25 18:49",2024,3,25,18,49,1
"01/01/2023","31/01/2023","09017661000609",E300,MG,13796.060000000007,"100102","6601c26ae4d1f54a569c6d53",paulatorres,"2024-03-25 18:49","2024-03-25 18:49",2024,3,25,18,49,1
"01/09/2023","30/09/2023","09017661000528",E300,GO,105.7,"100102","6601c26ae4d1f54a569c6d53",paulatorres,"2024-03-25 18:49","2024-03-25 18:49",2024,3,25,18,49,1
"01/01/2023","31/01/2023","09017661000609",E300,PB,1978.2,"100102","6601c26ae4d1f54a569c6d53",paulatorres,"2024-03-25 18:49","2024-03-25 18:49",2024,3,25,18,49,1
"01/03/2023","31/03/2023","09017661000609",E300,PE,4896.12,"100102","6601c26ae4d1f54a569c6d53",paulatorres,"2024-03-25 18:49","2024-03-25 18:49",2024,3,25,18,49,1
"01/03/2023","31/03/2023","09017661000609",E300,RS,6445.459999999999,"100102","6601c26ae4d1f54a569c6d53",paulatorres,"2024-03-25 18:49","2024-03-25 18:49",2024,3,25,18,49,1
"01/12/2022","31/12/2022","09017661000609",E300,RN,602.49,"100102","6601c26ae4d1f54a569c6d53",paulatorres,"2024-03-25 18:49","2024-03-25 18:49",2024,3,25,18,49,1
"01/01/2023","31/01/2023","09017661000609",E300,AM,2768.4700000000007,"100102","6601c26ae4d1f54a569c6d53",paulatorres,"2024-03-25 18:49","2024-03-25 18:49",2024,3,25,18,49,1
"01/11/2023","30/11/2023","09017661000790",E300,MG,94.99,"100102","6601c26ae4d1f54a569c6d53",paulatorres,"2024-03-25 18:49","2024-03-25 18:49",2024,3,25,18,49,1
"01/01/2023","31/01/2023","09017661000609",E300,ES,496.55999999999995,"100102","6601c26ae4d1f54a569c6d53",paulatorres,"2024-03-25 18:49","2024-03-25 18:49",2024,3,25,18,49,1
"01/01/2023","31/01/2023","09017661000609",E300,PI,2948.47,"100102","6601c26ae4d1f54a569c6d53",paulatorres,"2024-03-25 18:49","2024-03-25 18:49",2024,3,25,18,49,1
"01/03/2023","31/03/2023","09017661000790",E300,RS,85.7,"100102","6601c26ae4d1f54a569c6d53",paulatorres,"2024-03-25 18:49","2024-03-25 18:49",2024,3,25,18,49,1
"01/11/2023","30/11/2023","09017661000609",E300,RO,2524.500000000001,"100102","6601c26ae4d1f54a569c6d53",paulatorres,"2024-03-25 18:49","2024-03-25 18:49",2024,3,25,18,49,1
"01/03/2023","31/03/2023","09017661000609",E300,CE,1197.4299999999998,"100102","6601c26ae4d1f54a569c6d53",paulatorres,"2024-03-25 18:49","2024-03-25 18:49",2024,3,25,18,49,1
"01/08/2022","31/08/2022","09017661000609",E300,BA,109.0,"100129","6601c26ae4d1f54a569c6d53",paulatorres,"2024-03-25 18:49","2024-03-25 18:49",2024,3,25,18,49,1
"01/06/2023","30/06/2023","09017661000528",E300,RJ,100.82000000000001,"100129","6601c26ae4d1f54a569c6d53",paulatorres,"2024-03-25 18:49","2024-03-25 18:49",2024,3,25,18,49,1
"01/12/2023","31/12/2023","09017661000102",E300,MS,56.0,"100102","6601c26ae4d1f54a569c6d53",paulatorres,"2024-03-25 18:49","2024-03-25 18:49",2024,3,25,18,49,1
"01/12/2023","31/12/2023","09017661000528",E300,AM,588.25,"100102","6601c26ae4d1f54a569c6d53",paulatorres,"2024-03-25 18:49","2024-03-25 18:49",2024,3,25,18,49,1
"01/08/2023","31/08/2023","09017661000447",E300,PR,87.15,"100102","6601c26ae4d1f54a569c6d53",paulatorres,"2024-03-25 18:49","2024-03-25 18:49",2024,3,25,18,49,1
"01/11/2023","30/11/2023","09017661000609",E300,PB,8469.400000000001,"100102","6601c26ae4d1f54a569c6d53",paulatorres,"2024-03-25 18:49","2024-03-25 18:49",2024,3,25,18,49,1
"01/12/2023","31/12/2023","09017661000609",E300,AL,1754.4,"100102","6601c26ae4d1f54a569c6d53",paulatorres,"2024-03-25 18:49","2024-03-25 18:49",2024,3,25,18,49,1
"01/07/2022","31/07/2022","09017661000609",E300,SC,4395.35,"100102","6601c26ae4d1f54a569c6d53",paulatorres,"2024-03-25 18:49","2024-03-25 18:49",2024,3,25,18,49,1
"01/12/2022","31/12/2022","09017661000609",E300,AL,50.68000000000001,"100129","6601c26ae4d1f54a569c6d53",paulatorres,"2024-03-25 18:49","2024-03-25 18:49",2024,3,25,18,49,1
"01/12/2022","31/12/2022","09017661000609",E300,RJ,8203.329999999993,"100102","6601c26ae4d1f54a569c6d53",paulatorres,"2024-03-25 18:49","2024-03-25 18:49",2024,3,25,18,49,1
"01/08/2023","31/08/2023","09017661001095",E300,SC,206.12,"100102","6601c26ae4d1f54a569c6d53",paulatorres,"2024-03-25 18:49","2024-03-25 18:49",2024,3,25,18,49,1
"01/11/2022","30/11/2022","09017661000609",E300,BA,6893.2699999999995,"100102","6601c26ae4d1f54a569c6d53",paulatorres,"2024-03-25 18:49","2024-03-25 18:49",2024,3,25,18,49,1
"01/02/2023","28/02/2023","09017661000609",E300,MS,4618.25,"100102","6601c26ae4d1f54a569c6d53",paulatorres,"2024-03-25 18:49","2024-03-25 18:49",2024,3,25,18,49,1
"01/02/2023","28/02/2023","09017661000609",E300,MT,2809.7999999999997,"100102","6601c26ae4d1f54a569c6d53",paulatorres,"2024-03-25 18:49","2024-03-25 18:49",2024,3,25,18,49,1
"01/12/2023","31/12/2023","09017661000609",E300,PE,2296.3500000000004,"100102","6601c26ae4d1f54a569c6d53",paulatorres,"2024-03-25 18:49","2024-03-25 18:49",2024,3,25,18,49,1
"01/02/2023","28/02/2023","09017661000609",E300,RO,842.26,"100102","6601c26ae4d1f54a569c6d53",paulatorres,"2024-03-25 18:49","2024-03-25 18:49",2024,3,25,18,49,1
"01/03/2023","31/03/2023","09017661000609",E300,TO,746.8900000000001,"100102","6601c26ae4d1f54a569c6d53",paulatorres,"2024-03-25 18:49","2024-03-25 18:49",2024,3,25,18,49,1
"01/02/2023","28/02/2023","09017661000609",E300,CE,2560.48,"100102","6601c26ae4d1f54a569c6d53",paulatorres,"2024-03-25 18:49","2024-03-25 18:49",2024,3,25,18,49,1
"01/10/2022","31/10/2022","09017661000609",E300,MT,2704.9299999999994,"100102","6601c26ae4d1f54a569c6d53",paulatorres,"2024-03-25 18:49","2024-03-25 18:49",2024,3,25,18,49,1
"01/02/2023","28/02/2023","09017661000528",E300,RJ,228.03,"100102","6601c26ae4d1f54a569c6d53",paulatorres,"2024-03-25 18:49","2024-03-25 18:49",2024,3,25,18,49,1
"01/04/2023","30/04/2023","09017661000609",E300,TO,1372.0500000000002,"100102","6601c26ae4d1f54a569c6d53",paulatorres,"2024-03-25 18:49","2024-03-25 18:49",2024,3,25,18,49,1
"01/12/2023","31/12/2023","09017661000609",E300,ES,1314.4099999999999,"100102","6601c26ae4d1f54a569c6d53",paulatorres,"2024-03-25 18:49","2024-03-25 18:49",2024,3,25,18,49,1
"01/12/2023","31/12/2023","09017661000609",E300,SE,2042.63,"100102","6601c26ae4d1f54a569c6d53",paulatorres,"2024-03-25 18:49","2024-03-25 18:49",2024,3,25,18,49,1
"01/02/2023","28/02/2023","09017661000609",E300,AM,2160.8299999999995,"100102","6601c26ae4d1f54a569c6d53",paulatorres,"2024-03-25 18:49","2024-03-25 18:49",2024,3,25,18,49,1
"01/02/2023","28/02/2023","09017661000609",E300,RS,4325.740000000002,"100102","6601c26ae4d1f54a569c6d53",paulatorres,"2024-03-25 18:49","2024-03-25 18:49",2024,3,25,18,49,1
"01/07/2022","31/07/2022","09017661000609",E300,BA,5837.709999999999,"100102","6601c26ae4d1f54a569c6d53",paulatorres,"2024-03-25 18:49","2024-03-25 18:49",2024,3,25,18,49,1
"01/01/2023","31/01/2023","09017661000609",E300,RO,264.87,"100102","6601c26ae4d1f54a569c6d53",paulatorres,"2024-03-25 18:49","2024-03-25 18:49",2024,3,25,18,49,1
"01/01/2023","31/01/2023","09017661000609",E300,SC,3891.5,"100102","6601c26ae4d1f54a569c6d53",paulatorres,"2024-03-25 18:49","2024-03-25 18:49",2024,3,25,18,49,1
"01/07/2023","31/07/2023","09017661000102",E300,PE,197.66,"100110","6601c26ae4d1f54a569c6d53",paulatorres,"2024-03-25 18:49","2024-03-25 18:49",2024,3,25,18,49,1
"01/11/2022","30/11/2022","09017661000609",E300,SE,2706.58,"100102","6601c26ae4d1f54a569c6d53",paulatorres,"2024-03-25 18:49","2024-03-25 18:49",2024,3,25,18,49,1
"01/11/2023","30/11/2023","09017661000528",E300,RJ,4.36,"100129","6601c26ae4d1f54a569c6d53",paulatorres,"2024-03-25 18:49","2024-03-25 18:49",2024,3,25,18,49,1
"01/07/2023","31/07/2023","09017661000447",E300,RS,130.3,"100102","6601c26ae4d1f54a569c6d53",paulatorres,"2024-03-25 18:49","2024-03-25 18:49",2024,3,25,18,49,1
"01/08/2022","31/08/2022","09017661000609",E300,BA,5209.989999999999,"100102","6601c26ae4d1f54a569c6d53",paulatorres,"2024-03-25 18:49","2024-03-25 18:49",2024,3,25,18,49,1
"01/07/2022","31/07/2022","09017661000609",E300,MG,13505.700000000003,"100102","6601c26ae4d1f54a569c6d53",paulatorres,"2024-03-25 18:49","2024-03-25 18:49",2024,3,25,18,49,1
"01/03/2023","31/03/2023","09017661000609",E300,MG,13703.19,"100102","6601c26ae4d1f54a569c6d53",paulatorres,"2024-03-25 18:49","2024-03-25 18:49",2024,3,25,18,49,1
"01/05/2023","31/05/2023","09017661000447",E300,GO,80.4,"100110","6601c26ae4d1f54a569c6d53",paulatorres,"2024-03-25 18:49","2024-03-25 18:49",2024,3,25,18,49,1
"01/05/2023","31/05/2023","09017661000447",E300,RJ,128.0,"100110","6601c26ae4d1f54a569c6d53",paulatorres,"2024-03-25 18:49","2024-03-25 18:49",2024,3,25,18,49,1
"01/08/2023","31/08/2023","09017661000609",E300,MA,2541.66,"100110","6601c26ae4d1f54a569c6d53",paulatorres,"2024-03-25 18:49","2024-03-25 18:49",2024,3,25,18,49,1
"01/02/2023","28/02/2023","09017661000609",E300,MG,7850.659999999997,"100102","6601c26ae4d1f54a569c6d53",paulatorres,"2024-03-25 18:49","2024-03-25 18:49",2024,3,25,18,49,1
"01/09/2023","30/09/2023","09017661000285",E300,BA,4.2,"100129","6601c26ae4d1f54a569c6d53",paulatorres,"2024-03-25 18:49","2024-03-25 18:49",2024,3,25,18,49,1
"01/11/2022","30/11/2022","09017661000609",E300,CE,6890.799999999998,"100102","6601c26ae4d1f54a569c6d53",paulatorres,"2024-03-25 18:49","2024-03-25 18:49",2024,3,25,18,49,1
"01/11/2022","30/11/2022","09017661000609",E300,RO,1505.7599999999995,"100102","6601c26ae4d1f54a569c6d53",paulatorres,"2024-03-25 18:49","2024-03-25 18:49",2024,3,25,18,49,1
"01/12/2023","31/12/2023","09017661000528",E300,PB,164.59,"100102","6601c26ae4d1f54a569c6d53",paulatorres,"2024-03-25 18:49","2024-03-25 18:49",2024,3,25,18,49,1
"01/03/2023","31/03/2023","09017661000609",E300,SC,5088.879999999999,"100102","6601c26ae4d1f54a569c6d53",paulatorres,"2024-03-25 18:49","2024-03-25 18:49",2024,3,25,18,49,1
"01/11/2023","30/11/2023","09017661000609",E300,TO,1711.6600000000003,"100102","6601c26ae4d1f54a569c6d53",paulatorres,"2024-03-25 18:49","2024-03-25 18:49",2024,3,25,18,49,1
"01/01/2023","31/01/2023","09017661000528",E300,RS,379.81,"100102","6601c26ae4d1f54a569c6d53",paulatorres,"2024-03-25 18:49","2024-03-25 18:49",2024,3,25,18,49,1
"01/02/2023","28/02/2023","09017661000609",E300,ES,736.5400000000001,"100102","6601c26ae4d1f54a569c6d53",paulatorres,"2024-03-25 18:49","2024-03-25 18:49",2024,3,25,18,49,1
"01/07/2023","31/07/2023","09017661000609",E300,AC,739.35,"100102","6601c26ae4d1f54a569c6d53",paulatorres,"2024-03-25 18:49","2024-03-25 18:49",2024,3,25,18,49,1
"01/12/2023","31/12/2023","09017661000870",E300,MS,172.55,"100102","6601c26ae4d1f54a569c6d53",paulatorres,"2024-03-25 18:49","2024-03-25 18:49",2024,3,25,18,49,1
"01/07/2023","31/07/2023","09017661000609",E300,RN,1121.7599999999998,"100102","6601c26ae4d1f54a569c6d53",paulatorres,"2024-03-25 18:49","2024-03-25 18:49",2024,3,25,18,49,1
"01/02/2023","28/02/2023","09017661000609",E300,PB,2293.96,"100102","6601c26ae4d1f54a569c6d53",paulatorres,"2024-03-25 18:49","2024-03-25 18:49",2024,3,25,18,49,1
"01/12/2023","31/12/2023","09017661000447",E300,SC,229.76,"100110","6601c26ae4d1f54a569c6d53",paulatorres,"2024-03-25 18:49","2024-03-25 18:49",2024,3,25,18,49,1
"01/04/2023","30/04/2023","09017661000528",E300,RN,359.09000000000003,"100102","6601c26ae4d1f54a569c6d53",paulatorres,"2024-03-25 18:49","2024-03-25 18:49",2024,3,25,18,49,1
"01/02/2023","28/02/2023","09017661000528",E300,PR,857.4600000000002,"100102","6601c26ae4d1f54a569c6d53",paulatorres,"2024-03-25 18:49","2024-03-25 18:49",2024,3,25,18,49,1
"01/06/2023","30/06/2023","09017661000609",E300,MG,13759.72,"100102","6601c26ae4d1f54a569c6d53",paulatorres,"2024-03-25 18:49","2024-03-25 18:49",2024,3,25,18,49,1
"01/01/2023","31/01/2023","09017661000528",E300,RJ,479.48,"100102","6601c26ae4d1f54a569c6d53",paulatorres,"2024-03-25 18:49","2024-03-25 18:49",2024,3,25,18,49,1
"01/07/2023","31/07/2023","09017661000609",E300,PA,2504.3099999999995,"100102","6601c26ae4d1f54a569c6d53",paulatorres,"2024-03-25 18:49","2024-03-25 18:49",2024,3,25,18,49,1
"01/01/2023","31/01/2023","09017661000609",E300,PE,2982.42,"100102","6601c26ae4d1f54a569c6d53",paulatorres,"2024-03-25 18:49","2024-03-25 18:49",2024,3,25,18,49,1
"01/11/2023","30/11/2023","09017661000609",E300,MT,10393.48,"100102","6601c26ae4d1f54a569c6d53",paulatorres,"2024-03-25 18:49","2024-03-25 18:49",2024,3,25,18,49,1
"01/07/2023","31/07/2023","09017661000609",E300,RJ,20890.370000000017,"100102","6601c26ae4d1f54a569c6d53",paulatorres,"2024-03-25 18:49","2024-03-25 18:49",2024,3,25,18,49,1
"01/06/2023","30/06/2023","09017661000790",E300,GO,111.92,"100102","6601c26ae4d1f54a569c6d53",paulatorres,"2024-03-25 18:49","2024-03-25 18:49",2024,3,25,18,49,1
"01/11/2022","30/11/2022","09017661000609",E300,AM,2057.1400000000003,"100102","6601c26ae4d1f54a569c6d53",paulatorres,"2024-03-25 18:49","2024-03-25 18:49",2024,3,25,18,49,1
"01/08/2023","31/08/2023","09017661000609",E300,GO,10594.019999999997,"100102","6601c26ae4d1f54a569c6d53",paulatorres,"2024-03-25 18:49","2024-03-25 18:49",2024,3,25,18,49,1
"01/02/2023","28/02/2023","09017661000609",E300,PE,1909.5900000000001,"100102","6601c26ae4d1f54a569c6d53",paulatorres,"2024-03-25 18:49","2024-03-25 18:49",2024,3,25,18,49,1
"01/07/2022","31/07/2022","09017661000609",E300,AM,2379.5,"100102","6601c26ae4d1f54a569c6d53",paulatorres,"2024-03-25 18:49","2024-03-25 18:49",2024,3,25,18,49,1
"01/11/2023","30/11/2023","09017661000528",E300,PB,164.93,"100102","6601c26ae4d1f54a569c6d53",paulatorres,"2024-03-25 18:49","2024-03-25 18:49",2024,3,25,18,49,1
"01/10/2023","31/10/2023","09017661000528",E300,RS,39.06,"100102","6601c26ae4d1f54a569c6d53",paulatorres,"2024-03-25 18:49","2024-03-25 18:49",2024,3,25,18,49,1
"01/02/2023","28/02/2023","09017661000609",E300,BA,627.34,"100129","6601c26ae4d1f54a569c6d53",paulatorres,"2024-03-25 18:49","2024-03-25 18:49",2024,3,25,18,49,1
"01/06/2023","30/06/2023","09017661000609",E300,PR,9776.96000000001,"100102","6601c26ae4d1f54a569c6d53",paulatorres,"2024-03-25 18:49","2024-03-25 18:49",2024,3,25,18,49,1
"01/06/2023","30/06/2023","09017661000609",E300,RJ,3663.8999999999987,"100129","6601c26ae4d1f54a569c6d53",paulatorres,"2024-03-25 18:49","2024-03-25 18:49",2024,3,25,18,49,1
"01/10/2023","31/10/2023","09017661000609",E300,DF,10011.409999999998,"100102","6601c26ae4d1f54a569c6d53",paulatorres,"2024-03-25 18:49","2024-03-25 18:49",2024,3,25,18,49,1
"01/07/2023","31/07/2023","09017661000366",E300,SC,63.0,"100102","6601c26ae4d1f54a569c6d53",paulatorres,"2024-03-25 18:49","2024-03-25 18:49",2024,3,25,18,49,1
"01/03/2023","31/03/2023","09017661000528",E300,PI,261.06,"100102","6601c26ae4d1f54a569c6d53",paulatorres,"2024-03-25 18:49","2024-03-25 18:49",2024,3,25,18,49,1
"01/09/2022","30/09/2022","09017661000609",E300,BA,51.32999999999999,"100129","6601c26ae4d1f54a569c6d53",paulatorres,"2024-03-25 18:49","2024-03-25 18:49",2024,3,25,18,49,1
"01/03/2023","31/03/2023","09017661000528",E300,TO,363.55,"100102","6601c26ae4d1f54a569c6d53",paulatorres,"2024-03-25 18:49","2024-03-25 18:49",2024,3,25,18,49,1
"01/09/2022","30/09/2022","09017661000609",E300,BA,3939.19,"100102","6601c26ae4d1f54a569c6d53",paulatorres,"2024-03-25 18:49","2024-03-25 18:49",2024,3,25,18,49,1
"01/05/2023","31/05/2023","09017661000447",E300,AM,95.68,"100110","6601c26ae4d1f54a569c6d53",paulatorres,"2024-03-25 18:49","2024-03-25 18:49",2024,3,25,18,49,1
"01/08/2023","31/08/2023","09017661001095",E300,SP,222.73000000000002,"100102","6601c26ae4d1f54a569c6d53",paulatorres,"2024-03-25 18:49","2024-03-25 18:49",2024,3,25,18,49,1
"01/10/2023","31/10/2023","09017661000528",E300,RJ,95.54,"100102","6601c26ae4d1f54a569c6d53",paulatorres,"2024-03-25 18:49","2024-03-25 18:49",2024,3,25,18,49,1
"01/10/2023","31/10/2023","09017661000609",E300,RR,393.84000000000003,"100102","6601c26ae4d1f54a569c6d53",paulatorres,"2024-03-25 18:49","2024-03-25 18:49",2024,3,25,18,49,1
"01/09/2022","30/09/2022","09017661000609",E300,DF,7490.03,"100102","6601c26ae4d1f54a569c6d53",paulatorres,"2024-03-25 18:49","2024-03-25 18:49",2024,3,25,18,49,1
"01/11/2023","30/11/2023","09017661000528",E300,SC,154.63,"100102","6601c26ae4d1f54a569c6d53",paulatorres,"2024-03-25 18:49","2024-03-25 18:49",2024,3,25,18,49,1
"01/07/2023","31/07/2023","09017661000790",E300,MT,180.27,"100102","6601c26ae4d1f54a569c6d53",paulatorres,"2024-03-25 18:49","2024-03-25 18:49",2024,3,25,18,49,1
"01/07/2023","31/07/2023","09017661000528",E300,PR,163.07,"100102","6601c26ae4d1f54a569c6d53",paulatorres,"2024-03-25 18:49","2024-03-25 18:49",2024,3,25,18,49,1
"01/07/2023","31/07/2023","09017661000528",E300,RJ,57.84,"100129","6601c26ae4d1f54a569c6d53",paulatorres,"2024-03-25 18:49","2024-03-25 18:49",2024,3,25,18,49,1
"01/05/2023","31/05/2023","09017661000609",E300,MS,7081.939999999999,"100102","6601c26ae4d1f54a569c6d53",paulatorres,"2024-03-25 18:49","2024-03-25 18:49",2024,3,25,18,49,1
"01/02/2023","28/02/2023","09017661000528",E300,RO,43.09,"100102","6601c26ae4d1f54a569c6d53",paulatorres,"2024-03-25 18:49","2024-03-25 18:49",2024,3,25,18,49,1
"01/11/2023","30/11/2023","09017661000366",E300,BA,10.51,"100129","6601c26ae4d1f54a569c6d53",paulatorres,"2024-03-25 18:49","2024-03-25 18:49",2024,3,25,18,49,1
"01/07/2023","31/07/2023","09017661000447",E300,MT,525.88,"100102","6601c26ae4d1f54a569c6d53",paulatorres,"2024-03-25 18:49","2024-03-25 18:49",2024,3,25,18,49,1
"01/10/2023","31/10/2023","09017661000609",E300,AL,95.19999999999999,"100129","6601c26ae4d1f54a569c6d53",paulatorres,"2024-03-25 18:49","2024-03-25 18:49",2024,3,25,18,49,1
"01/09/2022","30/09/2022","09017661000609",E300,RJ,225.72,"100129","6601c26ae4d1f54a569c6d53",paulatorres,"2024-03-25 18:49","2024-03-25 18:49",2024,3,25,18,49,1
"01/09/2022","30/09/2022","09017661000609",E300,RS,4055.0600000000004,"100102","6601c26ae4d1f54a569c6d53",paulatorres,"2024-03-25 18:49","2024-03-25 18:49",2024,3,25,18,49,1
"01/10/2023","31/10/2023","09017661000609",E300,MG,11621.720000000008,"100102","6601c26ae4d1f54a569c6d53",paulatorres,"2024-03-25 18:49","2024-03-25 18:49",2024,3,25,18,49,1
"01/07/2023","31/07/2023","09017661000609",E300,PE,7152.579999999999,"100102","6601c26ae4d1f54a569c6d53",paulatorres,"2024-03-25 18:49","2024-03-25 18:49",2024,3,25,18,49,1
"01/07/2023","31/07/2023","09017661000609",E300,SE,5830.9,"100102","6601c26ae4d1f54a569c6d53",paulatorres,"2024-03-25 18:49","2024-03-25 18:49",2024,3,25,18,49,1
"01/07/2023","31/07/2023","09017661000609",E300,TO,643.3,"100102","6601c26ae4d1f54a569c6d53",paulatorres,"2024-03-25 18:49","2024-03-25 18:49",2024,3,25,18,49,1
"01/06/2023","30/06/2023","09017661000447",E300,SE,116.43,"100102","6601c26ae4d1f54a569c6d53",paulatorres,"2024-03-25 18:49","2024-03-25 18:49",2024,3,25,18,49,1
"01/06/2023","30/06/2023","09017661000528",E300,MG,348.74,"100102","6601c26ae4d1f54a569c6d53",paulatorres,"2024-03-25 18:49","2024-03-25 18:49",2024,3,25,18,49,1
"01/04/2023","30/04/2023","09017661000609",E300,ES,2772.9699999999993,"100102","6601c26ae4d1f54a569c6d53",paulatorres,"2024-03-25 18:49","2024-03-25 18:49",2024,3,25,18,49,1
"01/03/2023","31/03/2023","09017661000609",E300,MA,700.61,"100110","6601c26ae4d1f54a569c6d53",paulatorres,"2024-03-25 18:49","2024-03-25 18:49",2024,3,25,18,49,1
"01/12/2022","31/12/2022","09017661000609",E300,RS,3835.0300000000007,"100102","6601c26ae4d1f54a569c6d53",paulatorres,"2024-03-25 18:49","2024-03-25 18:49",2024,3,25,18,49,1
"01/11/2023","30/11/2023","09017661000609",E300,BA,3171.850000000001,"100129","6601c26ae4d1f54a569c6d53",paulatorres,"2024-03-25 18:49","2024-03-25 18:49",2024,3,25,18,49,1
"01/11/2023","30/11/2023","09017661000609",E300,RJ,32207.460000000017,"100102","6601c26ae4d1f54a569c6d53",paulatorres,"2024-03-25 18:49","2024-03-25 18:49",2024,3,25,18,49,1
"01/10/2023","31/10/2023","09017661000609",E300,PB,2122.6200000000003,"100102","6601c26ae4d1f54a569c6d53",paulatorres,"2024-03-25 18:49","2024-03-25 18:49",2024,3,25,18,49,1
"01/10/2023","31/10/2023","09017661000609",E300,RJ,3565.5899999999983,"100129","6601c26ae4d1f54a569c6d53",paulatorres,"2024-03-25 18:49","2024-03-25 18:49",2024,3,25,18,49,1
"01/07/2023","31/07/2023","09017661000609",E300,CE,3183.7699999999995,"100102","6601c26ae4d1f54a569c6d53",paulatorres,"2024-03-25 18:49","2024-03-25 18:49",2024,3,25,18,49,1
"01/07/2023","31/07/2023","09017661001095",E300,DF,220.0,"100102","6601c26ae4d1f54a569c6d53",paulatorres,"2024-03-25 18:49","2024-03-25 18:49",2024,3,25,18,49,1
"01/10/2022","31/10/2022","09017661000609",E300,RO,1428.9300000000003,"100102","6601c26ae4d1f54a569c6d53",paulatorres,"2024-03-25 18:49","2024-03-25 18:49",2024,3,25,18,49,1
"01/05/2023","31/05/2023","09017661000609",E300,BA,6990.160000000001,"100102","6601c26ae4d1f54a569c6d53",paulatorres,"2024-03-25 18:49","2024-03-25 18:49",2024,3,25,18,49,1
"01/05/2023","31/05/2023","09017661000609",E300,SC,5304.459999999998,"100102","6601c26ae4d1f54a569c6d53",paulatorres,"2024-03-25 18:49","2024-03-25 18:49",2024,3,25,18,49,1
"01/02/2023","28/02/2023","09017661000528",E300,SE,139.7,"100102","6601c26ae4d1f54a569c6d53",paulatorres,"2024-03-25 18:49","2024-03-25 18:49",2024,3,25,18,49,1
"01/06/2023","30/06/2023","09017661000609",E300,AL,3021.3799999999997,"100102","6601c26ae4d1f54a569c6d53",paulatorres,"2024-03-25 18:49","2024-03-25 18:49",2024,3,25,18,49,1
"01/03/2023","31/03/2023","09017661000528",E300,BA,967.5700000000002,"100102","6601c26ae4d1f54a569c6d53",paulatorres,"2024-03-25 18:49","2024-03-25 18:49",2024,3,25,18,49,1
"01/08/2022","31/08/2022","09017661000609",E300,MT,4719.800000000001,"100102","6601c26ae4d1f54a569c6d53",paulatorres,"2024-03-25 18:49","2024-03-25 18:49",2024,3,25,18,49,1
"01/12/2023","31/12/2023","09017661000609",E300,RN,1173.7599999999998,"100102","6601c26ae4d1f54a569c6d53",paulatorres,"2024-03-25 18:49","2024-03-25 18:49",2024,3,25,18,49,1
"01/07/2022","31/07/2022","09017661000609",E300,PI,1729.9499999999998,"100102","6601c26ae4d1f54a569c6d53",paulatorres,"2024-03-25 18:49","2024-03-25 18:49",2024,3,25,18,49,1
"01/03/2023","31/03/2023","09017661000285",E300,MG,443.4,"100102","6601c26ae4d1f54a569c6d53",paulatorres,"2024-03-25 18:49","2024-03-25 18:49",2024,3,25,18,49,1
"01/03/2023","31/03/2023","09017661000609",E300,BA,1225.09,"100129","6601c26ae4d1f54a569c6d53",paulatorres,"2024-03-25 18:49","2024-03-25 18:49",2024,3,25,18,49,1
"01/03/2023","31/03/2023","09017661000609",E300,GO,6561.959999999999,"100102","6601c26ae4d1f54a569c6d53",paulatorres,"2024-03-25 18:49","2024-03-25 18:49",2024,3,25,18,49,1
"01/12/2022","31/12/2022","09017661000609",E300,MS,4217.63,"100102","6601c26ae4d1f54a569c6d53",paulatorres,"2024-03-25 18:49","2024-03-25 18:49",2024,3,25,18,49,1
"01/06/2023","30/06/2023","09017661000609",E300,MS,5674.380000000001,"100102","6601c26ae4d1f54a569c6d53",paulatorres,"2024-03-25 18:49","2024-03-25 18:49",2024,3,25,18,49,1
"01/10/2022","31/10/2022","09017661000609",E300,BA,2584.92,"100102","6601c26ae4d1f54a569c6d53",paulatorres,"2024-03-25 18:49","2024-03-25 18:49",2024,3,25,18,49,1
"01/05/2023","31/05/2023","09017661000609",E300,DF,9694.84,"100102","6601c26ae4d1f54a569c6d53",paulatorres,"2024-03-25 18:49","2024-03-25 18:49",2024,3,25,18,49,1
"01/05/2023","31/05/2023","09017661000609",E300,PE,3948.3600000000006,"100102","6601c26ae4d1f54a569c6d53",paulatorres,"2024-03-25 18:49","2024-03-25 18:49",2024,3,25,18,49,1
"01/12/2023","31/12/2023","09017661000609",E300,BA,7722.1799999999985,"100102","6601c26ae4d1f54a569c6d53",paulatorres,"2024-03-25 18:49","2024-03-25 18:49",2024,3,25,18,49,1
"01/02/2023","28/02/2023","09017661000609",E300,PI,1146.3000000000002,"100102","6601c26ae4d1f54a569c6d53",paulatorres,"2024-03-25 18:49","2024-03-25 18:49",2024,3,25,18,49,1
"01/05/2023","31/05/2023","09017661000609",E300,RJ,4229.740000000001,"100129","6601c26ae4d1f54a569c6d53",paulatorres,"2024-03-25 18:49","2024-03-25 18:49",2024,3,25,18,49,1
"01/05/2023","31/05/2023","09017661000609",E300,RJ,16919.610000000004,"100102","6601c26ae4d1f54a569c6d53",paulatorres,"2024-03-25 18:49","2024-03-25 18:49",2024,3,25,18,49,1
"01/02/2023","28/02/2023","09017661000528",E300,RS,337.73,"100102","6601c26ae4d1f54a569c6d53",paulatorres,"2024-03-25 18:49","2024-03-25 18:49",2024,3,25,18,49,1
"01/04/2023","30/04/2023","09017661000609",E300,MA,567.38,"100110","6601c26ae4d1f54a569c6d53",paulatorres,"2024-03-25 18:49","2024-03-25 18:49",2024,3,25,18,49,1
"01/06/2023","30/06/2023","09017661000609",E300,PA,1314.06,"100102","6601c26ae4d1f54a569c6d53",paulatorres,"2024-03-25 18:49","2024-03-25 18:49",2024,3,25,18,49,1
"01/10/2023","31/10/2023","09017661000609",E300,BA,1047.4400000000003,"100129","6601c26ae4d1f54a569c6d53",paulatorres,"2024-03-25 18:49","2024-03-25 18:49",2024,3,25,18,49,1
"01/05/2023","31/05/2023","09017661000951",E300,SP,35.16,"103-0","6601c26ae4d1f54a569c6d53",paulatorres,"2024-03-25 18:49","2024-03-25 18:49",2024,3,25,18,49,1
"01/05/2023","31/05/2023","09017661000609",E300,BA,1165.01,"100129","6601c26ae4d1f54a569c6d53",paulatorres,"2024-03-25 18:49","2024-03-25 18:49",2024,3,25,18,49,1
"01/01/2023","31/01/2023","09017661000528",E300,MT,615.34,"100102","6601c26ae4d1f54a569c6d53",paulatorres,"2024-03-25 18:49","2024-03-25 18:49",2024,3,25,18,49,1
"01/05/2023","31/05/2023","09017661000609",E300,MT,5836.47,"100102","6601c26ae4d1f54a569c6d53",paulatorres,"2024-03-25 18:49","2024-03-25 18:49",2024,3,25,18,49,1
"01/07/2023","31/07/2023","09017661000951",E300,SP,97.02,"100102","6601c26ae4d1f54a569c6d53",paulatorres,"2024-03-25 18:49","2024-03-25 18:49",2024,3,25,18,49,1
"01/08/2023","31/08/2023","09017661000528",E300,PA,205.93,"100102","6601c26ae4d1f54a569c6d53",paulatorres,"2024-03-25 18:49","2024-03-25 18:49",2024,3,25,18,49,1
"01/11/2023","30/11/2023","09017661000609",E300,RN,6516.610000000001,"100102","6601c26ae4d1f54a569c6d53",paulatorres,"2024-03-25 18:49","2024-03-25 18:49",2024,3,25,18,49,1
"01/08/2022","31/08/2022","09017661000609",E300,ES,1617.65,"100102","6601c26ae4d1f54a569c6d53",paulatorres,"2024-03-25 18:49","2024-03-25 18:49",2024,3,25,18,49,1
"01/11/2022","30/11/2022","09017661000609",E300,BA,112.87999999999998,"100129","6601c26ae4d1f54a569c6d53",paulatorres,"2024-03-25 18:49","2024-03-25 18:49",2024,3,25,18,49,1
"01/08/2023","31/08/2023","09017661001095",E300,MG,27.75,"100102","6601c26ae4d1f54a569c6d53",paulatorres,"2024-03-25 18:49","2024-03-25 18:49",2024,3,25,18,49,1
"01/12/2023","31/12/2023","09017661000609",E300,GO,5277.44,"100102","6601c26ae4d1f54a569c6d53",paulatorres,"2024-03-25 18:49","2024-03-25 18:49",2024,3,25,18,49,1
"01/08/2023","31/08/2023","09017661000609",E300,RO,2045.6700000000003,"100102","6601c26ae4d1f54a569c6d53",paulatorres,"2024-03-25 18:49","2024-03-25 18:49",2024,3,25,18,49,1
"01/07/2022","31/07/2022","09017661000609",E300,PA,1093.4699999999998,"100102","6601c26ae4d1f54a569c6d53",paulatorres,"2024-03-25 18:49","2024-03-25 18:49",2024,3,25,18,49,1
"01/03/2023","31/03/2023","09017661000609",E300,MT,4746.839999999999,"100102","6601c26ae4d1f54a569c6d53",paulatorres,"2024-03-25 18:49","2024-03-25 18:49",2024,3,25,18,49,1
"01/12/2022","31/12/2022","09017661000609",E300,GO,4183.879999999999,"100102","6601c26ae4d1f54a569c6d53",paulatorres,"2024-03-25 18:49","2024-03-25 18:49",2024,3,25,18,49,1
"01/12/2023","31/12/2023","09017661000447",E300,CE,158.21,"100110","6601c26ae4d1f54a569c6d53",paulatorres,"2024-03-25 18:49","2024-03-25 18:49",2024,3,25,18,49,1
"01/08/2023","31/08/2023","09017661000951",E300,RJ,27.9,"7501","6601c26ae4d1f54a569c6d53",paulatorres,"2024-03-25 18:49","2024-03-25 18:49",2024,3,25,18,49,1
"01/09/2023","30/09/2023","09017661000528",E300,PR,90.51,"100102","6601c26ae4d1f54a569c6d53",paulatorres,"2024-03-25 18:49","2024-03-25 18:49",2024,3,25,18,49,1
"01/09/2023","30/09/2023","09017661000528",E300,SC,13.95,"100102","6601c26ae4d1f54a569c6d53",paulatorres,"2024-03-25 18:49","2024-03-25 18:49",2024,3,25,18,49,1
"01/04/2023","30/04/2023","09017661000528",E300,PB,588.4,"100102","6601c26ae4d1f54a569c6d53",paulatorres,"2024-03-25 18:49","2024-03-25 18:49",2024,3,25,18,49,1
"01/10/2023","31/10/2023","09017661001095",E300,MG,51.25,"100102","6601c26ae4d1f54a569c6d53",paulatorres,"2024-03-25 18:49","2024-03-25 18:49",2024,3,25,18,49,1
"01/08/2022","31/08/2022","09017661000609",E300,AM,2990.32,"100102","6601c26ae4d1f54a569c6d53",paulatorres,"2024-03-25 18:49","2024-03-25 18:49",2024,3,25,18,49,1
"01/02/2023","28/02/2023","09017661000609",E300,AL,1179.4699999999998,"100102","6601c26ae4d1f54a569c6d53",paulatorres,"2024-03-25 18:49","2024-03-25 18:49",2024,3,25,18,49,1
"01/07/2023","31/07/2023","09017661000609",E300,MA,2926.38,"100110","6601c26ae4d1f54a569c6d53",paulatorres,"2024-03-25 18:49","2024-03-25 18:49",2024,3,25,18,49,1
"01/12/2022","31/12/2022","09017661000609",E300,BA,244.77000000000004,"100129","6601c26ae4d1f54a569c6d53",paulatorres,"2024-03-25 18:49","2024-03-25 18:49",2024,3,25,18,49,1
"01/12/2022","31/12/2022","09017661000609",E300,MA,278.07,"100110","6601c26ae4d1f54a569c6d53",paulatorres,"2024-03-25 18:49","2024-03-25 18:49",2024,3,25,18,49,1
"01/05/2023","31/05/2023","09017661000447",E300,PR,270.1,"100110","6601c26ae4d1f54a569c6d53",paulatorres,"2024-03-25 18:49","2024-03-25 18:49",2024,3,25,18,49,1
"01/05/2023","31/05/2023","09017661000790",E300,MT,86.55,"100102","6601c26ae4d1f54a569c6d53",paulatorres,"2024-03-25 18:49","2024-03-25 18:49",2024,3,25,18,49,1
"01/08/2022","31/08/2022","09017661000609",E300,PE,3361.4699999999993,"100102","6601c26ae4d1f54a569c6d53",paulatorres,"2024-03-25 18:49","2024-03-25 18:49",2024,3,25,18,49,1
"01/12/2023","31/12/2023","09017661000609",E300,RO,412.51,"100102","6601c26ae4d1f54a569c6d53",paulatorres,"2024-03-25 18:49","2024-03-25 18:49",2024,3,25,18,49,1
"01/08/2023","31/08/2023","09017661000609",E300,MT,7788.6100000000015,"100102","6601c26ae4d1f54a569c6d53",paulatorres,"2024-03-25 18:49","2024-03-25 18:49",2024,3,25,18,49,1
"01/10/2022","31/10/2022","09017661000609",E300,MS,2865.2700000000004,"100102","6601c26ae4d1f54a569c6d53",paulatorres,"2024-03-25 18:49","2024-03-25 18:49",2024,3,25,18,49,1
"01/10/2022","31/10/2022","09017661000609",E300,PE,2106.04,"100102","6601c26ae4d1f54a569c6d53",paulatorres,"2024-03-25 18:49","2024-03-25 18:49",2024,3,25,18,49,1
"01/04/2023","30/04/2023","09017661000609",E300,PA,1365.4500000000003,"100102","6601c26ae4d1f54a569c6d53",paulatorres,"2024-03-25 18:49","2024-03-25 18:49",2024,3,25,18,49,1
"01/06/2023","30/06/2023","09017661000528",E300,PA,228.92,"100102","6601c26ae4d1f54a569c6d53",paulatorres,"2024-03-25 18:49","2024-03-25 18:49",2024,3,25,18,49,1
"01/05/2023","31/05/2023","09017661000609",E300,PB,2152.2200000000003,"100102","6601c26ae4d1f54a569c6d53",paulatorres,"2024-03-25 18:49","2024-03-25 18:49",2024,3,25,18,49,1
"01/11/2022","30/11/2022","09017661000609",E300,MG,20257.459999999977,"100102","6601c26ae4d1f54a569c6d53",paulatorres,"2024-03-25 18:49","2024-03-25 18:49",2024,3,25,18,49,1
"01/07/2023","31/07/2023","09017661000790",E300,RJ,40.94,"100129","6601c26ae4d1f54a569c6d53",paulatorres,"2024-03-25 18:49","2024-03-25 18:49",2024,3,25,18,49,1
"01/08/2023","31/08/2023","09017661000609",E300,MG,18467.649999999998,"100102","6601c26ae4d1f54a569c6d53",paulatorres,"2024-03-25 18:49","2024-03-25 18:49",2024,3,25,18,49,1
"01/03/2023","31/03/2023","09017661000609",E300,AL,134.91,"100129","6601c26ae4d1f54a569c6d53",paulatorres,"2024-03-25 18:49","2024-03-25 18:49",2024,3,25,18,49,1
"01/01/2023","31/01/2023","09017661000609",E300,RJ,3133.110000000001,"100129","6601c26ae4d1f54a569c6d53",paulatorres,"2024-03-25 18:49","2024-03-25 18:49",2024,3,25,18,49,1
"01/11/2023","30/11/2023","09017661000609",E300,AM,4021.8600000000006,"100102","6601c26ae4d1f54a569c6d53",paulatorres,"2024-03-25 18:49","2024-03-25 18:49",2024,3,25,18,49,1
"01/10/2022","31/10/2022","09017661000609",E300,RS,2918.53,"100102","6601c26ae4d1f54a569c6d53",paulatorres,"2024-03-25 18:49","2024-03-25 18:49",2024,3,25,18,49,1
"01/04/2023","30/04/2023","09017661000609",E300,PI,1460.92,"100102","6601c26ae4d1f54a569c6d53",paulatorres,"2024-03-25 18:49","2024-03-25 18:49",2024,3,25,18,49,1
"01/04/2023","30/04/2023","09017661000609",E300,RJ,11208.04,"100102","6601c26ae4d1f54a569c6d53",paulatorres,"2024-03-25 18:49","2024-03-25 18:49",2024,3,25,18,49,1
"01/08/2022","31/08/2022","09017661000609",E300,RS,4682.91,"100102","6601c26ae4d1f54a569c6d53",paulatorres,"2024-03-25 18:49","2024-03-25 18:49",2024,3,25,18,49,1
"01/09/2023","30/09/2023","09017661000609",E300,MG,15364.500000000005,"100102","6601c26ae4d1f54a569c6d53",paulatorres,"2024-03-25 18:49","2024-03-25 18:49",2024,3,25,18,49,1
"01/02/2023","28/02/2023","09017661000528",E300,PB,186.78,"100102","6601c26ae4d1f54a569c6d53",paulatorres,"2024-03-25 18:49","2024-03-25 18:49",2024,3,25,18,49,1
"01/08/2023","31/08/2023","09017661000951",E300,RJ,111.6,"100102","6601c26ae4d1f54a569c6d53",paulatorres,"2024-03-25 18:49","2024-03-25 18:49",2024,3,25,18,49,1
"01/09/2023","30/09/2023","09017661000609",E300,PE,4548.770000000001,"100102","6601c26ae4d1f54a569c6d53",paulatorres,"2024-03-25 18:49","2024-03-25 18:49",2024,3,25,18,49,1
"01/09/2023","30/09/2023","09017661000609",E300,RO,1464.8300000000002,"100102","6601c26ae4d1f54a569c6d53",paulatorres,"2024-03-25 18:49","2024-03-25 18:49",2024,3,25,18,49,1
"01/11/2022","30/11/2022","09017661000609",E300,PB,4654.07,"100102","6601c26ae4d1f54a569c6d53",paulatorres,"2024-03-25 18:49","2024-03-25 18:49",2024,3,25,18,49,1
"01/03/2023","31/03/2023","09017661000609",E300,BA,6963.719999999999,"100102","6601c26ae4d1f54a569c6d53",paulatorres,"2024-03-25 18:49","2024-03-25 18:49",2024,3,25,18,49,1
"01/11/2023","30/11/2023","09017661000609",E300,MS,13210.189999999999,"100102","6601c26ae4d1f54a569c6d53",paulatorres,"2024-03-25 18:49","2024-03-25 18:49",2024,3,25,18,49,1
"01/04/2023","30/04/2023","09017661000447",E300,SE,387.0,"100102","6601c26ae4d1f54a569c6d53",paulatorres,"2024-03-25 18:49","2024-03-25 18:49",2024,3,25,18,49,1
"01/01/2023","31/01/2023","09017661000528",E300,PE,525.97,"100102","6601c26ae4d1f54a569c6d53",paulatorres,"2024-03-25 18:49","2024-03-25 18:49",2024,3,25,18,49,1
"01/07/2023","31/07/2023","09017661000609",E300,RJ,5194.849999999997,"100129","6601c26ae4d1f54a569c6d53",paulatorres,"2024-03-25 18:49","2024-03-25 18:49",2024,3,25,18,49,1
"01/02/2023","28/02/2023","09017661000609",E300,RJ,2030.4,"100129","6601c26ae4d1f54a569c6d53",paulatorres,"2024-03-25 18:49","2024-03-25 18:49",2024,3,25,18,49,1
"01/07/2022","31/07/2022","09017661000609",E300,AL,381.21000000000004,"100102","6601c26ae4d1f54a569c6d53",paulatorres,"2024-03-25 18:49","2024-03-25 18:49",2024,3,25,18,49,1
"01/03/2023","31/03/2023","09017661000609",E300,AP,125.31,"100102","6601c26ae4d1f54a569c6d53",paulatorres,"2024-03-25 18:49","2024-03-25 18:49",2024,3,25,18,49,1
"01/09/2023","30/09/2023","09017661000528",E300,MS,242.32,"100102","6601c26ae4d1f54a569c6d53",paulatorres,"2024-03-25 18:49","2024-03-25 18:49",2024,3,25,18,49,1
"01/12/2023","31/12/2023","09017661000285",E300,MG,11.94,"100102","6601c26ae4d1f54a569c6d53",paulatorres,"2024-03-25 18:49","2024-03-25 18:49",2024,3,25,18,49,1
"01/05/2023","31/05/2023","09017661000528",E300,DF,281.13,"100102","6601c26ae4d1f54a569c6d53",paulatorres,"2024-03-25 18:49","2024-03-25 18:49",2024,3,25,18,49,1
"01/07/2023","31/07/2023","09017661000870",E300,MS,111.83,"100102","6601c26ae4d1f54a569c6d53",paulatorres,"2024-03-25 18:49","2024-03-25 18:49",2024,3,25,18,49,1
"01/09/2022","30/09/2022","09017661000609",E300,CE,1330.8100000000002,"100102","6601c26ae4d1f54a569c6d53",paulatorres,"2024-03-25 18:49","2024-03-25 18:49",2024,3,25,18,49,1
"01/01/2023","31/01/2023","09017661000528",E300,RN,172.48,"100102","6601c26ae4d1f54a569c6d53",paulatorres,"2024-03-25 18:49","2024-03-25 18:49",2024,3,25,18,49,1
"01/08/2022","31/08/2022","09017661000609",E300,RN,1445.52,"100102","6601c26ae4d1f54a569c6d53",paulatorres,"2024-03-25 18:49","2024-03-25 18:49",2024,3,25,18,49,1
"01/08/2023","31/08/2023","09017661000609",E300,RR,248.2,"100102","6601c26ae4d1f54a569c6d53",paulatorres,"2024-03-25 18:49","2024-03-25 18:49",2024,3,25,18,49,1
"01/02/2023","28/02/2023","09017661000609",E300,SC,3347.749999999999,"100102","6601c26ae4d1f54a569c6d53",paulatorres,"2024-03-25 18:49","2024-03-25 18:49",2024,3,25,18,49,1
"01/12/2023","31/12/2023","09017661000609",E300,AL,146.20000000000002,"100129","6601c26ae4d1f54a569c6d53",paulatorres,"2024-03-25 18:49","2024-03-25 18:49",2024,3,25,18,49,1
"01/03/2023","31/03/2023","09017661000528",E300,DF,1969.3899999999999,"100102","6601c26ae4d1f54a569c6d53",paulatorres,"2024-03-25 18:49","2024-03-25 18:49",2024,3,25,18,49,1
"01/09/2022","30/09/2022","09017661000609",E300,GO,7327.77,"100102","6601c26ae4d1f54a569c6d53",paulatorres,"2024-03-25 18:49","2024-03-25 18:49",2024,3,25,18,49,1
"01/11/2022","30/11/2022","09017661000609",E300,MT,4317.68,"100102","6601c26ae4d1f54a569c6d53",paulatorres,"2024-03-25 18:49","2024-03-25 18:49",2024,3,25,18,49,1
"01/10/2023","31/10/2023","09017661000102",E300,SC,21.4,"100102","6601c26ae4d1f54a569c6d53",paulatorres,"2024-03-25 18:49","2024-03-25 18:49",2024,3,25,18,49,1
"01/07/2023","31/07/2023","09017661001095",E300,SP,120.0,"100102","6601c26ae4d1f54a569c6d53",paulatorres,"2024-03-25 18:49","2024-03-25 18:49",2024,3,25,18,49,1
"01/09/2023","30/09/2023","09017661000528",E300,BA,21.58,"100129","6601c26ae4d1f54a569c6d53",paulatorres,"2024-03-25 18:49","2024-03-25 18:49",2024,3,25,18,49,1
"01/07/2023","31/07/2023","09017661000790",E300,RJ,163.76,"100102","6601c26ae4d1f54a569c6d53",paulatorres,"2024-03-25 18:49","2024-03-25 18:49",2024,3,25,18,49,1
"01/11/2022","30/11/2022","09017661000609",E300,MS,10884.730000000003,"100102","6601c26ae4d1f54a569c6d53",paulatorres,"2024-03-25 18:49","2024-03-25 18:49",2024,3,25,18,49,1
"01/12/2023","31/12/2023","09017661000609",E300,MS,4345.41,"100102","6601c26ae4d1f54a569c6d53",paulatorres,"2024-03-25 18:49","2024-03-25 18:49",2024,3,25,18,49,1
"01/08/2023","31/08/2023","09017661000609",E300,PB,3512.97,"100102","6601c26ae4d1f54a569c6d53",paulatorres,"2024-03-25 18:49","2024-03-25 18:49",2024,3,25,18,49,1
"01/06/2023","30/06/2023","09017661000609",E300,RR,250.61,"100102","6601c26ae4d1f54a569c6d53",paulatorres,"2024-03-25 18:49","2024-03-25 18:49",2024,3,25,18,49,1
"01/09/2022","30/09/2022","09017661000609",E300,AL,8.59,"100129","6601c26ae4d1f54a569c6d53",paulatorres,"2024-03-25 18:49","2024-03-25 18:49",2024,3,25,18,49,1
"01/08/2022","31/08/2022","09017661000609",E300,PR,6395.080000000001,"100102","6601c26ae4d1f54a569c6d53",paulatorres,"2024-03-25 18:49","2024-03-25 18:49",2024,3,25,18,49,1
"01/07/2022","31/07/2022","09017661000609",E300,AC,209.16,"100102","6601c26ae4d1f54a569c6d53",paulatorres,"2024-03-25 18:49","2024-03-25 18:49",2024,3,25,18,49,1
"01/09/2022","30/09/2022","09017661000609",E300,AC,182.79,"100102","6601c26ae4d1f54a569c6d53",paulatorres,"2024-03-25 18:49","2024-03-25 18:49",2024,3,25,18,49,1
"01/11/2023","30/11/2023","09017661001257",E300,MT,134.5,"100102","6601c26ae4d1f54a569c6d53",paulatorres,"2024-03-25 18:49","2024-03-25 18:49",2024,3,25,18,49,1
"01/12/2023","31/12/2023","09017661000528",E300,PR,169.95,"100102","6601c26ae4d1f54a569c6d53",paulatorres,"2024-03-25 18:49","2024-03-25 18:49",2024,3,25,18,49,1
"01/12/2022","31/12/2022","09017661000609",E300,DF,7694.0199999999995,"100102","6601c26ae4d1f54a569c6d53",paulatorres,"2024-03-25 18:49","2024-03-25 18:49",2024,3,25,18,49,1
"01/08/2023","31/08/2023","09017661000609",E300,PR,15293.539999999995,"100102","6601c26ae4d1f54a569c6d53",paulatorres,"2024-03-25 18:49","2024-03-25 18:49",2024,3,25,18,49,1
"01/04/2023","30/04/2023","09017661000528",E300,AM,257.94,"100102","6601c26ae4d1f54a569c6d53",paulatorres,"2024-03-25 18:49","2024-03-25 18:49",2024,3,25,18,49,1
"01/10/2022","31/10/2022","09017661000609",E300,MG,6423.71,"100102","6601c26ae4d1f54a569c6d53",paulatorres,"2024-03-25 18:49","2024-03-25 18:49",2024,3,25,18,49,1
"01/01/2023","31/01/2023","09017661000528",E300,RO,97.13,"100102","6601c26ae4d1f54a569c6d53",paulatorres,"2024-03-25 18:49","2024-03-25 18:49",2024,3,25,18,49,1
"01/07/2023","31/07/2023","09017661000366",E300,RJ,70.8,"100102","6601c26ae4d1f54a569c6d53",paulatorres,"2024-03-25 18:49","2024-03-25 18:49",2024,3,25,18,49,1
"01/06/2023","30/06/2023","09017661000609",E300,SE,2836.96,"100102","6601c26ae4d1f54a569c6d53",paulatorres,"2024-03-25 18:49","2024-03-25 18:49",2024,3,25,18,49,1
"01/07/2023","31/07/2023","09017661000609",E300,PR,18205.58999999999,"100102","6601c26ae4d1f54a569c6d53",paulatorres,"2024-03-25 18:49","2024-03-25 18:49",2024,3,25,18,49,1
"01/01/2023","31/01/2023","09017661000609",E300,GO,8373.56,"100102","6601c26ae4d1f54a569c6d53",paulatorres,"2024-03-25 18:49","2024-03-25 18:49",2024,3,25,18,49,1
"01/09/2022","30/09/2022","09017661000609",E300,SC,3827.3200000000015,"100102","6601c26ae4d1f54a569c6d53",paulatorres,"2024-03-25 18:49","2024-03-25 18:49",2024,3,25,18,49,1
"01/12/2022","31/12/2022","09017661000609",E300,ES,1641.4200000000003,"100102","6601c26ae4d1f54a569c6d53",paulatorres,"2024-03-25 18:49","2024-03-25 18:49",2024,3,25,18,49,1
"01/07/2023","31/07/2023","09017661000447",E300,MS,105.7,"100102","6601c26ae4d1f54a569c6d53",paulatorres,"2024-03-25 18:49","2024-03-25 18:49",2024,3,25,18,49,1
"01/06/2023","30/06/2023","09017661000102",E300,MA,175.89,"100102","6601c26ae4d1f54a569c6d53",paulatorres,"2024-03-25 18:49","2024-03-25 18:49",2024,3,25,18,49,1
"01/12/2022","31/12/2022","09017661000609",E300,PI,851.7599999999999,"100102","6601c26ae4d1f54a569c6d53",paulatorres,"2024-03-25 18:49","2024-03-25 18:49",2024,3,25,18,49,1
"01/11/2023","30/11/2023","09017661000609",E300,BA,19031.089999999993,"100102","6601c26ae4d1f54a569c6d53",paulatorres,"2024-03-25 18:49","2024-03-25 18:49",2024,3,25,18,49,1
"01/08/2023","31/08/2023","09017661000609",E300,RJ,17658.739999999998,"100102","6601c26ae4d1f54a569c6d53",paulatorres,"2024-03-25 18:49","2024-03-25 18:49",2024,3,25,18,49,1
"01/02/2023","28/02/2023","09017661000609",E300,TO,713.61,"100102","6601c26ae4d1f54a569c6d53",paulatorres,"2024-03-25 18:49","2024-03-25 18:49",2024,3,25,18,49,1
"01/07/2022","31/07/2022","09017661000609",E300,RJ,331.18999999999994,"100129","6601c26ae4d1f54a569c6d53",paulatorres,"2024-03-25 18:49","2024-03-25 18:49",2024,3,25,18,49,1
"01/11/2022","30/11/2022","09017661000609",E300,MA,1305.55,"100110","6601c26ae4d1f54a569c6d53",paulatorres,"2024-03-25 18:49","2024-03-25 18:49",2024,3,25,18,49,1
"01/05/2023","31/05/2023","09017661000102",E300,SC,79.65,"100102","6601c26ae4d1f54a569c6d53",paulatorres,"2024-03-25 18:49","2024-03-25 18:49",2024,3,25,18,49,1
"01/12/2023","31/12/2023","09017661000609",E300,MG,9125.05,"100102","6601c26ae4d1f54a569c6d53",paulatorres,"2024-03-25 18:49","2024-03-25 18:49",2024,3,25,18,49,1
"01/12/2023","31/12/2023","09017661000609",E300,RJ,2430.689999999999,"100129","6601c26ae4d1f54a569c6d53",paulatorres,"2024-03-25 18:49","2024-03-25 18:49",2024,3,25,18,49,1
"01/11/2023","30/11/2023","09017661000528",E300,RN,113.88,"100102","6601c26ae4d1f54a569c6d53",paulatorres,"2024-03-25 18:49","2024-03-25 18:49",2024,3,25,18,49,1
"01/11/2022","30/11/2022","09017661000609",E300,TO,294.31,"100102","6601c26ae4d1f54a569c6d53",paulatorres,"2024-03-25 18:49","2024-03-25 18:49",2024,3,25,18,49,1
"01/07/2022","31/07/2022","09017661000609",E300,AL,11.07,"100129","6601c26ae4d1f54a569c6d53",paulatorres,"2024-03-25 18:49","2024-03-25 18:49",2024,3,25,18,49,1
"01/07/2022","31/07/2022","09017661000609",E300,TO,647.8100000000001,"100102","6601c26ae4d1f54a569c6d53",paulatorres,"2024-03-25 18:49","2024-03-25 18:49",2024,3,25,18,49,1
"01/01/2023","31/01/2023","09017661000609",E300,AL,1429.28,"100102","6601c26ae4d1f54a569c6d53",paulatorres,"2024-03-25 18:49","2024-03-25 18:49",2024,3,25,18,49,1
"01/11/2023","30/11/2023","09017661000609",E300,RJ,8051.929999999995,"100129","6601c26ae4d1f54a569c6d53",paulatorres,"2024-03-25 18:49","2024-03-25 18:49",2024,3,25,18,49,1
"01/10/2023","31/10/2023","09017661000528",E300,MG,182.64999999999998,"100102","6601c26ae4d1f54a569c6d53",paulatorres,"2024-03-25 18:49","2024-03-25 18:49",2024,3,25,18,49,1
"01/08/2023","31/08/2023","09017661000609",E300,BA,1604.33,"100129","6601c26ae4d1f54a569c6d53",paulatorres,"2024-03-25 18:49","2024-03-25 18:49",2024,3,25,18,49,1
"01/10/2023","31/10/2023","09017661000609",E300,AM,2707.39,"100102","6601c26ae4d1f54a569c6d53",paulatorres,"2024-03-25 18:49","2024-03-25 18:49",2024,3,25,18,49,1
"01/02/2023","28/02/2023","09017661000609",E300,MA,593.03,"100110","6601c26ae4d1f54a569c6d53",paulatorres,"2024-03-25 18:49","2024-03-25 18:49",2024,3,25,18,49,1
"01/07/2022","31/07/2022","09017661000609",E300,DF,8986.450000000004,"100102","6601c26ae4d1f54a569c6d53",paulatorres,"2024-03-25 18:49","2024-03-25 18:49",2024,3,25,18,49,1
"01/12/2022","31/12/2022","09017661000609",E300,PR,5371.489999999998,"100102","6601c26ae4d1f54a569c6d53",paulatorres,"2024-03-25 18:49","2024-03-25 18:49",2024,3,25,18,49,1
"01/06/2023","30/06/2023","09017661000609",E300,CE,3425.0099999999998,"100102","6601c26ae4d1f54a569c6d53",paulatorres,"2024-03-25 18:49","2024-03-25 18:49",2024,3,25,18,49,1
"01/07/2022","31/07/2022","09017661000609",E300,CE,1751.8300000000002,"100102","6601c26ae4d1f54a569c6d53",paulatorres,"2024-03-25 18:49","2024-03-25 18:49",2024,3,25,18,49,1
"01/12/2023","31/12/2023","09017661000528",E300,RJ,1.02,"100129","6601c26ae4d1f54a569c6d53",paulatorres,"2024-03-25 18:49","2024-03-25 18:49",2024,3,25,18,49,1
"01/07/2023","31/07/2023","09017661000609",E300,DF,15067.689999999999,"100102","6601c26ae4d1f54a569c6d53",paulatorres,"2024-03-25 18:49","2024-03-25 18:49",2024,3,25,18,49,1
"01/06/2023","30/06/2023","09017661000528",E300,RJ,403.20000000000005,"100102","6601c26ae4d1f54a569c6d53",paulatorres,"2024-03-25 18:49","2024-03-25 18:49",2024,3,25,18,49,1
"01/07/2023","31/07/2023","09017661000528",E300,RJ,231.29999999999998,"100102","6601c26ae4d1f54a569c6d53",paulatorres,"2024-03-25 18:49","2024-03-25 18:49",2024,3,25,18,49,1
"01/05/2023","31/05/2023","09017661000609",E300,RS,8424.56,"100102","6601c26ae4d1f54a569c6d53",paulatorres,"2024-03-25 18:49","2024-03-25 18:49",2024,3,25,18,49,1
"01/02/2023","28/02/2023","09017661000528",E300,AM,134.2,"100102","6601c26ae4d1f54a569c6d53",paulatorres,"2024-03-25 18:49","2024-03-25 18:49",2024,3,25,18,49,1
"01/08/2023","31/08/2023","09017661000609",E300,PE,5727.020000000002,"100102","6601c26ae4d1f54a569c6d53",paulatorres,"2024-03-25 18:49","2024-03-25 18:49",2024,3,25,18,49,1
"01/07/2022","31/07/2022","09017661000609",E300,MA,1453.09,"100110","6601c26ae4d1f54a569c6d53",paulatorres,"2024-03-25 18:49","2024-03-25 18:49",2024,3,25,18,49,1
"01/04/2023","30/04/2023","09017661001095",E300,RJ,6.08,"100129","6601c26ae4d1f54a569c6d53",paulatorres,"2024-03-25 18:49","2024-03-25 18:49",2024,3,25,18,49,1
"01/03/2023","31/03/2023","09017661000528",E300,MA,77.0,"100110","6601c26ae4d1f54a569c6d53",paulatorres,"2024-03-25 18:49","2024-03-25 18:49",2024,3,25,18,49,1
"01/03/2023","31/03/2023","09017661000528",E300,SC,387.12,"100102","6601c26ae4d1f54a569c6d53",paulatorres,"2024-03-25 18:49","2024-03-25 18:49",2024,3,25,18,49,1
"01/08/2022","31/08/2022","09017661000609",E300,TO,1001.79,"100102","6601c26ae4d1f54a569c6d53",paulatorres,"2024-03-25 18:49","2024-03-25 18:49",2024,3,25,18,49,1
"01/11/2023","30/11/2023","09017661000790",E300,MS,173.7,"100102","6601c26ae4d1f54a569c6d53",paulatorres,"2024-03-25 18:49","2024-03-25 18:49",2024,3,25,18,49,1
"01/10/2023","31/10/2023","09017661000609",E300,PE,4510.349999999999,"100102","6601c26ae4d1f54a569c6d53",paulatorres,"2024-03-25 18:49","2024-03-25 18:49",2024,3,25,18,49,1
"01/10/2023","31/10/2023","09017661000609",E300,RJ,14293.229999999992,"100102","6601c26ae4d1f54a569c6d53",paulatorres,"2024-03-25 18:49","2024-03-25 18:49",2024,3,25,18,49,1
"01/01/2023","31/01/2023","09017661000528",E300,MS,64.5,"100102","6601c26ae4d1f54a569c6d53",paulatorres,"2024-03-25 18:49","2024-03-25 18:49",2024,3,25,18,49,1
"01/01/2023","31/01/2023","09017661000528",E300,MG,1141.06,"100102","6601c26ae4d1f54a569c6d53",paulatorres,"2024-03-25 18:49","2024-03-25 18:49",2024,3,25,18,49,1
"01/10/2023","31/10/2023","09017661000609",E300,RN,1722.98,"100102","6601c26ae4d1f54a569c6d53",paulatorres,"2024-03-25 18:49","2024-03-25 18:49",2024,3,25,18,49,1
"01/12/2022","31/12/2022","09017661000609",E300,RJ,2115.57,"100129","6601c26ae4d1f54a569c6d53",paulatorres,"2024-03-25 18:49","2024-03-25 18:49",2024,3,25,18,49,1
"01/06/2023","30/06/2023","09017661000609",E300,AL,251.8,"100129","6601c26ae4d1f54a569c6d53",paulatorres,"2024-03-25 18:49","2024-03-25 18:49",2024,3,25,18,49,1
"01/06/2023","30/06/2023","09017661000609",E300,GO,10828.019999999999,"100102","6601c26ae4d1f54a569c6d53",paulatorres,"2024-03-25 18:49","2024-03-25 18:49",2024,3,25,18,49,1
"01/03/2023","31/03/2023","09017661000528",E300,GO,1380.47,"100102","6601c26ae4d1f54a569c6d53",paulatorres,"2024-03-25 18:49","2024-03-25 18:49",2024,3,25,18,49,1
"01/09/2022","30/09/2022","09017661000609",E300,PA,1742.88,"100102","6601c26ae4d1f54a569c6d53",paulatorres,"2024-03-25 18:49","2024-03-25 18:49",2024,3,25,18,49,1
"01/06/2023","30/06/2023","09017661000528",E300,SC,297.89,"100102","6601c26ae4d1f54a569c6d53",paulatorres,"2024-03-25 18:49","2024-03-25 18:49",2024,3,25,18,49,1
"01/04/2023","30/04/2023","09017661000528",E300,MG,657.26,"100102","6601c26ae4d1f54a569c6d53",paulatorres,"2024-03-25 18:49","2024-03-25 18:49",2024,3,25,18,49,1
"01/05/2023","31/05/2023","09017661000528",E300,PE,178.72,"100102","6601c26ae4d1f54a569c6d53",paulatorres,"2024-03-25 18:49","2024-03-25 18:49",2024,3,25,18,49,1
"01/07/2023","31/07/2023","09017661000528",E300,MT,138.09,"100102","6601c26ae4d1f54a569c6d53",paulatorres,"2024-03-25 18:49","2024-03-25 18:49",2024,3,25,18,49,1
"01/10/2022","31/10/2022","09017661000609",E300,AM,1405.3700000000001,"100102","6601c26ae4d1f54a569c6d53",paulatorres,"2024-03-25 18:49","2024-03-25 18:49",2024,3,25,18,49,1
"01/04/2023","30/04/2023","09017661000609",E300,AL,2286.8599999999997,"100102","6601c26ae4d1f54a569c6d53",paulatorres,"2024-03-25 18:49","2024-03-25 18:49",2024,3,25,18,49,1
"01/11/2023","30/11/2023","09017661000528",E300,SE,177.86,"100102","6601c26ae4d1f54a569c6d53",paulatorres,"2024-03-25 18:49","2024-03-25 18:49",2024,3,25,18,49,1
"01/12/2023","31/12/2023","09017661000609",E300,CE,672.59,"100102","6601c26ae4d1f54a569c6d53",paulatorres,"2024-03-25 18:49","2024-03-25 18:49",2024,3,25,18,49,1
"01/10/2023","31/10/2023","09017661000609",E300,MS,4227.219999999999,"100102","6601c26ae4d1f54a569c6d53",paulatorres,"2024-03-25 18:49","2024-03-25 18:49",2024,3,25,18,49,1
"01/07/2023","31/07/2023","09017661000609",E300,PI,2639.41,"100102","6601c26ae4d1f54a569c6d53",paulatorres,"2024-03-25 18:49","2024-03-25 18:49",2024,3,25,18,49,1
"01/07/2023","31/07/2023","09017661000951",E300,GO,92.2,"100102","6601c26ae4d1f54a569c6d53",paulatorres,"2024-03-25 18:49","2024-03-25 18:49",2024,3,25,18,49,1
"01/08/2023","31/08/2023","09017661000528",E300,AL,82.63,"100102","6601c26ae4d1f54a569c6d53",paulatorres,"2024-03-25 18:49","2024-03-25 18:49",2024,3,25,18,49,1
"01/08/2023","31/08/2023","09017661000528",E300,SE,187.71,"100102","6601c26ae4d1f54a569c6d53",paulatorres,"2024-03-25 18:49","2024-03-25 18:49",2024,3,25,18,49,1
"01/08/2023","31/08/2023","09017661000609",E300,RN,1233.48,"100102","6601c26ae4d1f54a569c6d53",paulatorres,"2024-03-25 18:49","2024-03-25 18:49",2024,3,25,18,49,1
"01/02/2023","28/02/2023","09017661000609",E300,DF,6590.840000000001,"100102","6601c26ae4d1f54a569c6d53",paulatorres,"2024-03-25 18:49","2024-03-25 18:49",2024,3,25,18,49,1
"01/10/2022","31/10/2022","09017661000609",E300,PB,963.0900000000001,"100102","6601c26ae4d1f54a569c6d53",paulatorres,"2024-03-25 18:49","2024-03-25 18:49",2024,3,25,18,49,1
"01/02/2023","28/02/2023","09017661000528",E300,MT,343.3,"100102","6601c26ae4d1f54a569c6d53",paulatorres,"2024-03-25 18:49","2024-03-25 18:49",2024,3,25,18,49,1
"01/08/2022","31/08/2022","09017661000609",E300,MS,5457.629999999998,"100102","6601c26ae4d1f54a569c6d53",paulatorres,"2024-03-25 18:49","2024-03-25 18:49",2024,3,25,18,49,1
"01/02/2023","28/02/2023","09017661000609",E300,PR,6237.379999999997,"100102","6601c26ae4d1f54a569c6d53",paulatorres,"2024-03-25 18:49","2024-03-25 18:49",2024,3,25,18,49,1
"01/09/2022","30/09/2022","09017661000609",E300,AL,371.83000000000004,"100102","6601c26ae4d1f54a569c6d53",paulatorres,"2024-03-25 18:49","2024-03-25 18:49",2024,3,25,18,49,1
"01/09/2022","30/09/2022","09017661000609",E300,SE,1875.7000000000003,"100102","6601c26ae4d1f54a569c6d53",paulatorres,"2024-03-25 18:49","2024-03-25 18:49",2024,3,25,18,49,1
"01/10/2023","31/10/2023","09017661000609",E300,BA,6284.839999999997,"100102","6601c26ae4d1f54a569c6d53",paulatorres,"2024-03-25 18:49","2024-03-25 18:49",2024,3,25,18,49,1
"01/09/2022","30/09/2022","09017661000609",E300,PR,6677.7599999999975,"100102","6601c26ae4d1f54a569c6d53",paulatorres,"2024-03-25 18:49","2024-03-25 18:49",2024,3,25,18,49,1
"01/07/2023","31/07/2023","09017661000790",E300,PR,84.7,"100102","6601c26ae4d1f54a569c6d53",paulatorres,"2024-03-25 18:49","2024-03-25 18:49",2024,3,25,18,49,1
"01/11/2023","30/11/2023","09017661000870",E300,GO,92.2,"100102","6601c26ae4d1f54a569c6d53",paulatorres,"2024-03-25 18:49","2024-03-25 18:49",2024,3,25,18,49,1
"01/08/2022","31/08/2022","09017661000609",E300,RJ,9684.120000000006,"100102","6601c26ae4d1f54a569c6d53",paulatorres,"2024-03-25 18:49","2024-03-25 18:49",2024,3,25,18,49,1
"01/04/2023","30/04/2023","09017661000528",E300,DF,657.16,"100102","6601c26ae4d1f54a569c6d53",paulatorres,"2024-03-25 18:49","2024-03-25 18:49",2024,3,25,18,49,1
"01/07/2023","31/07/2023","09017661000366",E300,RS,70.25,"100102","6601c26ae4d1f54a569c6d53",paulatorres,"2024-03-25 18:49","2024-03-25 18:49",2024,3,25,18,49,1
"01/03/2023","31/03/2023","09017661000285",E300,RJ,53.4,"100102","6601c26ae4d1f54a569c6d53",paulatorres,"2024-03-25 18:49","2024-03-25 18:49",2024,3,25,18,49,1
"01/07/2023","31/07/2023","09017661000609",E300,AL,74.25,"100129","6601c26ae4d1f54a569c6d53",paulatorres,"2024-03-25 18:49","2024-03-25 18:49",2024,3,25,18,49,1
"01/11/2023","30/11/2023","09017661000609",E300,GO,15282.510000000002,"100102","6601c26ae4d1f54a569c6d53",paulatorres,"2024-03-25 18:49","2024-03-25 18:49",2024,3,25,18,49,1
"01/11/2023","30/11/2023","09017661000366",E300,RJ,128.4,"100102","6601c26ae4d1f54a569c6d53",paulatorres,"2024-03-25 18:49","2024-03-25 18:49",2024,3,25,18,49,1
"01/08/2023","31/08/2023","09017661001095",E300,DF,109.56,"100102","6601c26ae4d1f54a569c6d53",paulatorres,"2024-03-25 18:49","2024-03-25 18:49",2024,3,25,18,49,1
"01/08/2022","31/08/2022","09017661000609",E300,GO,6592.640000000001,"100102","6601c26ae4d1f54a569c6d53",paulatorres,"2024-03-25 18:49","2024-03-25 18:49",2024,3,25,18,49,1
"01/03/2023","31/03/2023","09017661000528",E300,RN,99.55,"100102","6601c26ae4d1f54a569c6d53",paulatorres,"2024-03-25 18:49","2024-03-25 18:49",2024,3,25,18,49,1
"01/03/2023","31/03/2023","09017661000528",E300,RO,128.68,"100102","6601c26ae4d1f54a569c6d53",paulatorres,"2024-03-25 18:49","2024-03-25 18:49",2024,3,25,18,49,1
"01/01/2023","31/01/2023","09017661000528",E300,CE,434.23,"100102","6601c26ae4d1f54a569c6d53",paulatorres,"2024-03-25 18:49","2024-03-25 18:49",2024,3,25,18,49,1
"01/01/2023","31/01/2023","09017661000528",E300,SC,276.08000000000004,"100102","6601c26ae4d1f54a569c6d53",paulatorres,"2024-03-25 18:49","2024-03-25 18:49",2024,3,25,18,49,1
"01/06/2023","30/06/2023","09017661000790",E300,BA,38.34,"100129","6601c26ae4d1f54a569c6d53",paulatorres,"2024-03-25 18:49","2024-03-25 18:49",2024,3,25,18,49,1
"01/06/2023","30/06/2023","09017661000790",E300,ES,229.83,"100102","6601c26ae4d1f54a569c6d53",paulatorres,"2024-03-25 18:49","2024-03-25 18:49",2024,3,25,18,49,1
"01/11/2022","30/11/2022","09017661000609",E300,AL,738.8100000000001,"100102","6601c26ae4d1f54a569c6d53",paulatorres,"2024-03-25 18:49","2024-03-25 18:49",2024,3,25,18,49,1
"01/10/2023","31/10/2023","09017661000609",E300,CE,2698.25,"100102","6601c26ae4d1f54a569c6d53",paulatorres,"2024-03-25 18:49","2024-03-25 18:49",2024,3,25,18,49,1
"01/11/2022","30/11/2022","09017661000609",E300,DF,15114.55,"100102","6601c26ae4d1f54a569c6d53",paulatorres,"2024-03-25 18:49","2024-03-25 18:49",2024,3,25,18,49,1
"01/11/2022","30/11/2022","09017661000609",E300,RJ,327.43999999999994,"100129","6601c26ae4d1f54a569c6d53",paulatorres,"2024-03-25 18:49","2024-03-25 18:49",2024,3,25,18,49,1
"01/08/2023","31/08/2023","09017661000609",E300,RS,5771.430000000003,"100102","6601c26ae4d1f54a569c6d53",paulatorres,"2024-03-25 18:49","2024-03-25 18:49",2024,3,25,18,49,1
"01/06/2023","30/06/2023","09017661000609",E300,RS,6922.389999999998,"100102","6601c26ae4d1f54a569c6d53",paulatorres,"2024-03-25 18:49","2024-03-25 18:49",2024,3,25,18,49,1
"01/11/2023","30/11/2023","09017661000609",E300,PA,3801.03,"100102","6601c26ae4d1f54a569c6d53",paulatorres,"2024-03-25 18:49","2024-03-25 18:49",2024,3,25,18,49,1
"01/06/2023","30/06/2023","09017661000609",E300,MT,4670.7300000000005,"100102","6601c26ae4d1f54a569c6d53",paulatorres,"2024-03-25 18:49","2024-03-25 18:49",2024,3,25,18,49,1
"01/07/2023","31/07/2023","09017661000609",E300,BA,1553.9700000000003,"100129","6601c26ae4d1f54a569c6d53",paulatorres,"2024-03-25 18:49","2024-03-25 18:49",2024,3,25,18,49,1
"01/08/2022","31/08/2022","09017661000609",E300,SC,4637.64,"100102","6601c26ae4d1f54a569c6d53",paulatorres,"2024-03-25 18:49","2024-03-25 18:49",2024,3,25,18,49,1
"01/11/2022","30/11/2022","09017661000609",E300,PI,2177.5199999999995,"100102","6601c26ae4d1f54a569c6d53",paulatorres,"2024-03-25 18:49","2024-03-25 18:49",2024,3,25,18,49,1
"01/08/2023","31/08/2023","09017661000609",E300,PA,1185.24,"100102","6601c26ae4d1f54a569c6d53",paulatorres,"2024-03-25 18:49","2024-03-25 18:49",2024,3,25,18,49,1
"01/11/2023","30/11/2023","09017661000609",E300,AL,5257.400000000001,"100102","6601c26ae4d1f54a569c6d53",paulatorres,"2024-03-25 18:49","2024-03-25 18:49",2024,3,25,18,49,1
"01/08/2023","31/08/2023","09017661000528",E300,PB,21.89,"100102","6601c26ae4d1f54a569c6d53",paulatorres,"2024-03-25 18:49","2024-03-25 18:49",2024,3,25,18,49,1
"01/08/2022","31/08/2022","09017661000609",E300,PA,1310.3,"100102","6601c26ae4d1f54a569c6d53",paulatorres,"2024-03-25 18:49","2024-03-25 18:49",2024,3,25,18,49,1
"01/11/2022","30/11/2022","09017661000609",E300,SC,7874.530000000001,"100102","6601c26ae4d1f54a569c6d53",paulatorres,"2024-03-25 18:49","2024-03-25 18:49",2024,3,25,18,49,1
"01/08/2022","31/08/2022","09017661000609",E300,SE,682.47,"100102","6601c26ae4d1f54a569c6d53",paulatorres,"2024-03-25 18:49","2024-03-25 18:49",2024,3,25,18,49,1
"01/02/2023","28/02/2023","09017661000609",E300,BA,3450.1699999999996,"100102","6601c26ae4d1f54a569c6d53",paulatorres,"2024-03-25 18:49","2024-03-25 18:49",2024,3,25,18,49,1
"01/07/2022","31/07/2022","09017661000609",E300,MS,6000.43,"100102","6601c26ae4d1f54a569c6d53",paulatorres,"2024-03-25 18:49","2024-03-25 18:49",2024,3,25,18,49,1
"01/06/2023","30/06/2023","09017661000609",E300,BA,1187.6900000000005,"100129","6601c26ae4d1f54a569c6d53",paulatorres,"2024-03-25 18:49","2024-03-25 18:49",2024,3,25,18,49,1
"01/07/2023","31/07/2023","09017661000609",E300,MT,5192.389999999999,"100102","6601c26ae4d1f54a569c6d53",paulatorres,"2024-03-25 18:49","2024-03-25 18:49",2024,3,25,18,49,1
"01/07/2023","31/07/2023","09017661000609",E300,PB,3667.5700000000006,"100102","6601c26ae4d1f54a569c6d53",paulatorres,"2024-03-25 18:49","2024-03-25 18:49",2024,3,25,18,49,1
"01/07/2022","31/07/2022","09017661000609",E300,PB,2438.2,"100102","6601c26ae4d1f54a569c6d53",paulatorres,"2024-03-25 18:49","2024-03-25 18:49",2024,3,25,18,49,1
"01/12/2023","31/12/2023","09017661000609",E300,RS,4759.400000000001,"100102","6601c26ae4d1f54a569c6d53",paulatorres,"2024-03-25 18:49","2024-03-25 18:49",2024,3,25,18,49,1
"01/07/2022","31/07/2022","09017661000609",E300,PE,4549.23,"100102","6601c26ae4d1f54a569c6d53",paulatorres,"2024-03-25 18:49","2024-03-25 18:49",2024,3,25,18,49,1
"01/07/2022","31/07/2022","09017661000609",E300,RR,194.01,"100102","6601c26ae4d1f54a569c6d53",paulatorres,"2024-03-25 18:49","2024-03-25 18:49",2024,3,25,18,49,1
"01/10/2023","31/10/2023","09017661000609",E300,AC,153.83,"100102","6601c26ae4d1f54a569c6d53",paulatorres,"2024-03-25 18:49","2024-03-25 18:49",2024,3,25,18,49,1
"01/09/2022","30/09/2022","09017661000609",E300,PE,1582.6199999999997,"100102","6601c26ae4d1f54a569c6d53",paulatorres,"2024-03-25 18:49","2024-03-25 18:49",2024,3,25,18,49,1
"01/01/2023","31/01/2023","09017661000528",E300,GO,485.14,"100102","6601c26ae4d1f54a569c6d53",paulatorres,"2024-03-25 18:49","2024-03-25 18:49",2024,3,25,18,49,1
"01/11/2023","30/11/2023","09017661000609",E300,MA,3574.6,"100110","6601c26ae4d1f54a569c6d53",paulatorres,"2024-03-25 18:49","2024-03-25 18:49",2024,3,25,18,49,1
"01/07/2023","31/07/2023","09017661000609",E300,MG,24838.82,"100102","6601c26ae4d1f54a569c6d53",paulatorres,"2024-03-25 18:49","2024-03-25 18:49",2024,3,25,18,49,1
"01/07/2023","31/07/2023","09017661000609",E300,RO,1834.02,"100102","6601c26ae4d1f54a569c6d53",paulatorres,"2024-03-25 18:49","2024-03-25 18:49",2024,3,25,18,49,1
"01/05/2023","31/05/2023","09017661000790",E300,AC,82.2,"100102","6601c26ae4d1f54a569c6d53",paulatorres,"2024-03-25 18:49","2024-03-25 18:49",2024,3,25,18,49,1
"01/11/2023","30/11/2023","09017661000528",E300,MG,287.99,"100102","6601c26ae4d1f54a569c6d53",paulatorres,"2024-03-25 18:49","2024-03-25 18:49",2024,3,25,18,49,1
"01/12/2023","31/12/2023","09017661000609",E300,TO,1476.4099999999999,"100102","6601c26ae4d1f54a569c6d53",paulatorres,"2024-03-25 18:49","2024-03-25 18:49",2024,3,25,18,49,1
"01/02/2023","28/02/2023","09017661000609",E300,RN,1249.67,"100102","6601c26ae4d1f54a569c6d53",paulatorres,"2024-03-25 18:49","2024-03-25 18:49",2024,3,25,18,49,1
"01/07/2022","31/07/2022","09017661000609",E300,BA,63.980000000000004,"100129","6601c26ae4d1f54a569c6d53",paulatorres,"2024-03-25 18:49","2024-03-25 18:49",2024,3,25,18,49,1
"01/09/2022","30/09/2022","09017661000609",E300,ES,1540.3699999999997,"100102","6601c26ae4d1f54a569c6d53",paulatorres,"2024-03-25 18:49","2024-03-25 18:49",2024,3,25,18,49,1
"01/05/2023","31/05/2023","09017661000447",E300,RJ,32.0,"7544","6601c26ae4d1f54a569c6d53",paulatorres,"2024-03-25 18:49","2024-03-25 18:49",2024,3,25,18,49,1
"01/10/2022","31/10/2022","09017661000609",E300,PR,3430.940000000001,"100102","6601c26ae4d1f54a569c6d53",paulatorres,"2024-03-25 18:49","2024-03-25 18:49",2024,3,25,18,49,1
"01/04/2023","30/04/2023","09017661000609",E300,RN,1065.85,"100102","6601c26ae4d1f54a569c6d53",paulatorres,"2024-03-25 18:49","2024-03-25 18:49",2024,3,25,18,49,1
"01/06/2023","30/06/2023","09017661000609",E300,RJ,14656.259999999993,"100102","6601c26ae4d1f54a569c6d53",paulatorres,"2024-03-25 18:49","2024-03-25 18:49",2024,3,25,18,49,1
"01/03/2023","31/03/2023","09017661000528",E300,MS,1253.77,"100102","6601c26ae4d1f54a569c6d53",paulatorres,"2024-03-25 18:49","2024-03-25 18:49",2024,3,25,18,49,1
"01/09/2022","30/09/2022","09017661000609",E300,AM,1702.3999999999999,"100102","6601c26ae4d1f54a569c6d53",paulatorres,"2024-03-25 18:49","2024-03-25 18:49",2024,3,25,18,49,1
"01/01/2023","31/01/2023","09017661000528",E300,PA,268.49,"100102","6601c26ae4d1f54a569c6d53",paulatorres,"2024-03-25 18:49","2024-03-25 18:49",2024,3,25,18,49,1
"01/10/2023","31/10/2023","09017661000609",E300,AL,1142.5300000000002,"100102","6601c26ae4d1f54a569c6d53",paulatorres,"2024-03-25 18:49","2024-03-25 18:49",2024,3,25,18,49,1
"01/10/2023","31/10/2023","09017661000609",E300,SC,4492.94,"100102","6601c26ae4d1f54a569c6d53",paulatorres,"2024-03-25 18:49","2024-03-25 18:49",2024,3,25,18,49,1
"01/11/2023","30/11/2023","09017661000609",E300,PR,28870.38,"100102","6601c26ae4d1f54a569c6d53",paulatorres,"2024-03-25 18:49","2024-03-25 18:49",2024,3,25,18,49,1
"01/11/2023","30/11/2023","09017661000609",E300,SC,10495.459999999995,"100102","6601c26ae4d1f54a569c6d53",paulatorres,"2024-03-25 18:49","2024-03-25 18:49",2024,3,25,18,49,1
"01/12/2023","31/12/2023","09017661000870",E300,MG,111.81,"100102","6601c26ae4d1f54a569c6d53",paulatorres,"2024-03-25 18:49","2024-03-25 18:49",2024,3,25,18,49,1
"01/03/2023","31/03/2023","09017661000528",E300,RS,1111.59,"100102","6601c26ae4d1f54a569c6d53",paulatorres,"2024-03-25 18:49","2024-03-25 18:49",2024,3,25,18,49,1
"01/04/2023","30/04/2023","09017661000447",E300,MS,289.0,"100102","6601c26ae4d1f54a569c6d53",paulatorres,"2024-03-25 18:49","2024-03-25 18:49",2024,3,25,18,49,1
"01/10/2023","31/10/2023","09017661000609",E300,PR,10533.759999999993,"100102","6601c26ae4d1f54a569c6d53",paulatorres,"2024-03-25 18:49","2024-03-25 18:49",2024,3,25,18,49,1
"01/09/2022","30/09/2022","09017661000609",E300,MT,2371.01,"100102","6601c26ae4d1f54a569c6d53",paulatorres,"2024-03-25 18:49","2024-03-25 18:49",2024,3,25,18,49,1
"01/11/2023","30/11/2023","09017661000528",E300,RS,98.50999999999999,"100102","6601c26ae4d1f54a569c6d53",paulatorres,"2024-03-25 18:49","2024-03-25 18:49",2024,3,25,18,49,1
"01/11/2022","30/11/2022","09017661000609",E300,PA,1578.49,"100102","6601c26ae4d1f54a569c6d53",paulatorres,"2024-03-25 18:49","2024-03-25 18:49",2024,3,25,18,49,1
"01/08/2023","31/08/2023","09017661000609",E300,DF,11238.92,"100102","6601c26ae4d1f54a569c6d53",paulatorres,"2024-03-25 18:49","2024-03-25 18:49",2024,3,25,18,49,1
"01/01/2023","31/01/2023","09017661000609",E300,AL,129.93,"100129","6601c26ae4d1f54a569c6d53",paulatorres,"2024-03-25 18:49","2024-03-25 18:49",2024,3,25,18,49,1
"01/01/2023","31/01/2023","09017661000609",E300,AC,39.02,"100102","6601c26ae4d1f54a569c6d53",paulatorres,"2024-03-25 18:49","2024-03-25 18:49",2024,3,25,18,49,1
"01/01/2023","31/01/2023","09017661000609",E300,SE,1305.9500000000003,"100102","6601c26ae4d1f54a569c6d53",paulatorres,"2024-03-25 18:49","2024-03-25 18:49",2024,3,25,18,49,1
"01/11/2023","30/11/2023","09017661000609",E300,PI,7609.580000000001,"100102","6601c26ae4d1f54a569c6d53",paulatorres,"2024-03-25 18:49","2024-03-25 18:49",2024,3,25,18,49,1
"01/11/2023","30/11/2023","09017661000951",E300,SP,19.8,"100102","6601c26ae4d1f54a569c6d53",paulatorres,"2024-03-25 18:49","2024-03-25 18:49",2024,3,25,18,49,1
"01/10/2022","31/10/2022","09017661000609",E300,AL,3.88,"100129","6601c26ae4d1f54a569c6d53",paulatorres,"2024-03-25 18:49","2024-03-25 18:49",2024,3,25,18,49,1
"01/06/2023","30/06/2023","09017661000609",E300,PB,839.2199999999999,"100102","6601c26ae4d1f54a569c6d53",paulatorres,"2024-03-25 18:49","2024-03-25 18:49",2024,3,25,18,49,1
"01/06/2023","30/06/2023","09017661000609",E300,TO,559.46,"100102","6601c26ae4d1f54a569c6d53",paulatorres,"2024-03-25 18:49","2024-03-25 18:49",2024,3,25,18,49,1
"01/06/2023","30/06/2023","09017661000609",E300,AM,2063.3299999999995,"100102","6601c26ae4d1f54a569c6d53",paulatorres,"2024-03-25 18:49","2024-03-25 18:49",2024,3,25,18,49,1
"01/03/2023","31/03/2023","09017661000528",E300,PB,253.4,"100102","6601c26ae4d1f54a569c6d53",paulatorres,"2024-03-25 18:49","2024-03-25 18:49",2024,3,25,18,49,1
"01/10/2023","31/10/2023","09017661000609",E300,SE,2162.0099999999998,"100102","6601c26ae4d1f54a569c6d53",paulatorres,"2024-03-25 18:49","2024-03-25 18:49",2024,3,25,18,49,1
"01/07/2023","31/07/2023","09017661000366",E300,PA,173.4,"100102","6601c26ae4d1f54a569c6d53",paulatorres,"2024-03-25 18:49","2024-03-25 18:49",2024,3,25,18,49,1
"01/03/2023","31/03/2023","09017661000528",E300,MT,353.26,"100102","6601c26ae4d1f54a569c6d53",paulatorres,"2024-03-25 18:49","2024-03-25 18:49",2024,3,25,18,49,1
"01/10/2023","31/10/2023","09017661000609",E300,GO,8654.209999999997,"100102","6601c26ae4d1f54a569c6d53",paulatorres,"2024-03-25 18:49","2024-03-25 18:49",2024,3,25,18,49,1
"01/09/2022","30/09/2022","09017661000609",E300,MS,5692.760000000001,"100102","6601c26ae4d1f54a569c6d53",paulatorres,"2024-03-25 18:49","2024-03-25 18:49",2024,3,25,18,49,1
"01/09/2022","30/09/2022","09017661000609",E300,RN,985.58,"100102","6601c26ae4d1f54a569c6d53",paulatorres,"2024-03-25 18:49","2024-03-25 18:49",2024,3,25,18,49,1
"01/01/2023","31/01/2023","09017661000528",E300,TO,225.48,"100102","6601c26ae4d1f54a569c6d53",paulatorres,"2024-03-25 18:49","2024-03-25 18:49",2024,3,25,18,49,1
"01/03/2023","31/03/2023","09017661000528",E300,MG,903.39,"100102","6601c26ae4d1f54a569c6d53",paulatorres,"2024-03-25 18:49","2024-03-25 18:49",2024,3,25,18,49,1
"01/09/2022","30/09/2022","09017661000609",E300,RJ,7509.3600000000015,"100102","6601c26ae4d1f54a569c6d53",paulatorres,"2024-03-25 18:49","2024-03-25 18:49",2024,3,25,18,49,1
"01/01/2023","31/01/2023","09017661000528",E300,DF,2725.7200000000003,"100102","6601c26ae4d1f54a569c6d53",paulatorres,"2024-03-25 18:49","2024-03-25 18:49",2024,3,25,18,49,1
"01/09/2022","30/09/2022","09017661000609",E300,PB,1470.16,"100102","6601c26ae4d1f54a569c6d53",paulatorres,"2024-03-25 18:49","2024-03-25 18:49",2024,3,25,18,49,1
"01/10/2023","31/10/2023","09017661000951",E300,GO,47.85,"100102","6601c26ae4d1f54a569c6d53",paulatorres,"2024-03-25 18:49","2024-03-25 18:49",2024,3,25,18,49,1
"01/09/2023","30/09/2023","09017661000528",E300,BA,129.48,"100102","6601c26ae4d1f54a569c6d53",paulatorres,"2024-03-25 18:49","2024-03-25 18:49",2024,3,25,18,49,1
"01/10/2023","31/10/2023","09017661000609",E300,TO,988.4599999999999,"100102","6601c26ae4d1f54a569c6d53",paulatorres,"2024-03-25 18:49","2024-03-25 18:49",2024,3,25,18,49,1
"01/07/2023","31/07/2023","09017661000609",E300,AM,3424.76,"100102","6601c26ae4d1f54a569c6d53",paulatorres,"2024-03-25 18:49","2024-03-25 18:49",2024,3,25,18,49,1
"01/06/2023","30/06/2023","09017661000609",E300,BA,7126.4400000000005,"100102","6601c26ae4d1f54a569c6d53",paulatorres,"2024-03-25 18:49","2024-03-25 18:49",2024,3,25,18,49,1
"01/10/2023","31/10/2023","09017661000609",E300,MT,5583.329999999999,"100102","6601c26ae4d1f54a569c6d53",paulatorres,"2024-03-25 18:49","2024-03-25 18:49",2024,3,25,18,49,1
"01/07/2023","31/07/2023","09017661000609",E300,ES,5582.340000000002,"100102","6601c26ae4d1f54a569c6d53",paulatorres,"2024-03-25 18:49","2024-03-25 18:49",2024,3,25,18,49,1
"01/08/2023","31/08/2023","09017661000609",E300,AL,2111.6600000000003,"100102","6601c26ae4d1f54a569c6d53",paulatorres,"2024-03-25 18:49","2024-03-25 18:49",2024,3,25,18,49,1
"01/07/2023","31/07/2023","09017661000366",E300,PR,49.35,"100102","6601c26ae4d1f54a569c6d53",paulatorres,"2024-03-25 18:49","2024-03-25 18:49",2024,3,25,18,49,1
"01/06/2023","30/06/2023","09017661000609",E300,RO,1221.97,"100102","6601c26ae4d1f54a569c6d53",paulatorres,"2024-03-25 18:49","2024-03-25 18:49",2024,3,25,18,49,1
"01/03/2023","31/03/2023","09017661000285",E300,RJ,17.8,"100129","6601c26ae4d1f54a569c6d53",paulatorres,"2024-03-25 18:49","2024-03-25 18:49",2024,3,25,18,49,1
"01/09/2022","30/09/2022","09017661000609",E300,PI,969.19,"100102","6601c26ae4d1f54a569c6d53",paulatorres,"2024-03-25 18:49","2024-03-25 18:49",2024,3,25,18,49,1
"01/07/2023","31/07/2023","09017661000609",E300,RS,8524.770000000002,"100102","6601c26ae4d1f54a569c6d53",paulatorres,"2024-03-25 18:49","2024-03-25 18:49",2024,3,25,18,49,1
"01/09/2023","30/09/2023","09017661000528",E300,RS,74.98,"100102","6601c26ae4d1f54a569c6d53",paulatorres,"2024-03-25 18:49","2024-03-25 18:49",2024,3,25,18,49,1
"01/10/2023","31/10/2023","09017661001095",E300,AM,133.98,"100102","6601c26ae4d1f54a569c6d53",paulatorres,"2024-03-25 18:49","2024-03-25 18:49",2024,3,25,18,49,1
"01/09/2023","30/09/2023","09017661000609",E300,SE,2917.5299999999997,"100102","6601c26ae4d1f54a569c6d53",paulatorres,"2024-03-25 18:49","2024-03-25 18:49",2024,3,25,18,49,1
"01/05/2023","31/05/2023","09017661000528",E300,RJ,142.20999999999998,"100129","6601c26ae4d1f54a569c6d53",paulatorres,"2024-03-25 18:49","2024-03-25 18:49",2024,3,25,18,49,1
"01/09/2023","30/09/2023","09017661000790",E300,SC,107.76,"100102","6601c26ae4d1f54a569c6d53",paulatorres,"2024-03-25 18:49","2024-03-25 18:49",2024,3,25,18,49,1
"01/11/2022","30/11/2022","09017661000609",E300,GO,11837.78,"100102","6601c26ae4d1f54a569c6d53",paulatorres,"2024-03-25 18:49","2024-03-25 18:49",2024,3,25,18,49,1
"01/02/2023","28/02/2023","09017661000609",E300,AC,106.69,"100102","6601c26ae4d1f54a569c6d53",paulatorres,"2024-03-25 18:49","2024-03-25 18:49",2024,3,25,18,49,1
"01/06/2023","30/06/2023","09017661000609",E300,SC,4133.780000000001,"100102","6601c26ae4d1f54a569c6d53",paulatorres,"2024-03-25 18:49","2024-03-25 18:49",2024,3,25,18,49,1
"01/03/2023","31/03/2023","09017661000528",E300,AM,703.01,"100102","6601c26ae4d1f54a569c6d53",paulatorres,"2024-03-25 18:49","2024-03-25 18:49",2024,3,25,18,49,1
"01/11/2023","30/11/2023","09017661000366",E300,BA,63.04,"100102","6601c26ae4d1f54a569c6d53",paulatorres,"2024-03-25 18:49","2024-03-25 18:49",2024,3,25,18,49,1
"01/11/2022","30/11/2022","09017661000609",E300,RR,97.0,"100102","6601c26ae4d1f54a569c6d53",paulatorres,"2024-03-25 18:49","2024-03-25 18:49",2024,3,25,18,49,1
"01/08/2023","31/08/2023","09017661000609",E300,BA,9626.299999999997,"100102","6601c26ae4d1f54a569c6d53",paulatorres,"2024-03-25 18:49","2024-03-25 18:49",2024,3,25,18,49,1
"01/01/2023","31/01/2023","09017661000528",E300,BA,126.37,"100102","6601c26ae4d1f54a569c6d53",paulatorres,"2024-03-25 18:49","2024-03-25 18:49",2024,3,25,18,49,1
"01/03/2023","31/03/2023","09017661000609",E300,RJ,12091.550000000001,"100102","6601c26ae4d1f54a569c6d53",paulatorres,"2024-03-25 18:49","2024-03-25 18:49",2024,3,25,18,49,1
"01/08/2023","31/08/2023","09017661000609",E300,AL,175.98,"100129","6601c26ae4d1f54a569c6d53",paulatorres,"2024-03-25 18:49","2024-03-25 18:49",2024,3,25,18,49,1
"01/08/2023","31/08/2023","09017661000609",E300,CE,3057.4700000000003,"100102","6601c26ae4d1f54a569c6d53",paulatorres,"2024-03-25 18:49","2024-03-25 18:49",2024,3,25,18,49,1
"01/08/2023","31/08/2023","09017661000609",E300,MG,15.34,"100129","6601c26ae4d1f54a569c6d53",paulatorres,"2024-03-25 18:49","2024-03-25 18:49",2024,3,25,18,49,1
"01/12/2022","31/12/2022","09017661000609",E300,SE,830.08,"100102","6601c26ae4d1f54a569c6d53",paulatorres,"2024-03-25 18:49","2024-03-25 18:49",2024,3,25,18,49,1
"01/12/2022","31/12/2022","09017661000609",E300,TO,259.14,"100102","6601c26ae4d1f54a569c6d53",paulatorres,"2024-03-25 18:49","2024-03-25 18:49",2024,3,25,18,49,1
"01/01/2023","31/01/2023","09017661000609",E300,RN,1175.32,"100102","6601c26ae4d1f54a569c6d53",paulatorres,"2024-03-25 18:49","2024-03-25 18:49",2024,3,25,18,49,1
"01/09/2022","30/09/2022","09017661000609",E300,RO,535.9100000000001,"100102","6601c26ae4d1f54a569c6d53",paulatorres,"2024-03-25 18:49","2024-03-25 18:49",2024,3,25,18,49,1
"01/11/2023","30/11/2023","09017661000870",E300,SC,48.63,"100102","6601c26ae4d1f54a569c6d53",paulatorres,"2024-03-25 18:49","2024-03-25 18:49",2024,3,25,18,49,1
"01/01/2023","31/01/2023","09017661000609",E300,RJ,9399.640000000001,"100102","6601c26ae4d1f54a569c6d53",paulatorres,"2024-03-25 18:49","2024-03-25 18:49",2024,3,25,18,49,1
"01/07/2023","31/07/2023","09017661000366",E300,MG,295.2,"100102","6601c26ae4d1f54a569c6d53",paulatorres,"2024-03-25 18:49","2024-03-25 18:49",2024,3,25,18,49,1
"01/10/2023","31/10/2023","09017661000609",E300,RO,424.68,"100102","6601c26ae4d1f54a569c6d53",paulatorres,"2024-03-25 18:49","2024-03-25 18:49",2024,3,25,18,49,1
"01/11/2023","30/11/2023","09017661000366",E300,CE,152.16,"100102","6601c26ae4d1f54a569c6d53",paulatorres,"2024-03-25 18:49","2024-03-25 18:49",2024,3,25,18,49,1
"01/10/2023","31/10/2023","09017661000528",E300,GO,221.39999999999998,"100102","6601c26ae4d1f54a569c6d53",paulatorres,"2024-03-25 18:49","2024-03-25 18:49",2024,3,25,18,49,1
"01/08/2022","31/08/2022","09017661000609",E300,PI,1637.2400000000002,"100102","6601c26ae4d1f54a569c6d53",paulatorres,"2024-03-25 18:49","2024-03-25 18:49",2024,3,25,18,49,1
"01/03/2023","31/03/2023","09017661000609",E300,RN,510.19999999999993,"100102","6601c26ae4d1f54a569c6d53",paulatorres,"2024-03-25 18:49","2024-03-25 18:49",2024,3,25,18,49,1
"01/08/2022","31/08/2022","09017661000609",E300,MG,12909.639999999994,"100102","6601c26ae4d1f54a569c6d53",paulatorres,"2024-03-25 18:49","2024-03-25 18:49",2024,3,25,18,49,1
"01/02/2023","28/02/2023","09017661000609",E300,GO,6880.040000000001,"100102","6601c26ae4d1f54a569c6d53",paulatorres,"2024-03-25 18:49","2024-03-25 18:49",2024,3,25,18,49,1
"01/07/2022","31/07/2022","09017661000609",E300,GO,11169.359999999999,"100102","6601c26ae4d1f54a569c6d53",paulatorres,"2024-03-25 18:49","2024-03-25 18:49",2024,3,25,18,49,1
"01/09/2023","30/09/2023","09017661000102",E300,PE,194.99,"100110","6601c26ae4d1f54a569c6d53",paulatorres,"2024-03-25 18:49","2024-03-25 18:49",2024,3,25,18,49,1
"01/09/2022","30/09/2022","09017661000609",E300,MG,8556.17,"100102","6601c26ae4d1f54a569c6d53",paulatorres,"2024-03-25 18:49","2024-03-25 18:49",2024,3,25,18,49,1
"01/07/2023","31/07/2023","09017661000609",E300,SC,7552.389999999999,"100102","6601c26ae4d1f54a569c6d53",paulatorres,"2024-03-25 18:49","2024-03-25 18:49",2024,3,25,18,49,1
"01/07/2023","31/07/2023","09017661000366",E300,RJ,17.7,"100129","6601c26ae4d1f54a569c6d53",paulatorres,"2024-03-25 18:49","2024-03-25 18:49",2024,3,25,18,49,1
"01/12/2023","31/12/2023","09017661000790",E300,MG,33.42,"100102","6601c26ae4d1f54a569c6d53",paulatorres,"2024-03-25 18:49","2024-03-25 18:49",2024,3,25,18,49,1
"01/01/2023","31/01/2023","09017661000609",E300,BA,827.05,"100129","6601c26ae4d1f54a569c6d53",paulatorres,"2024-03-25 18:49","2024-03-25 18:49",2024,3,25,18,49,1
"01/07/2023","31/07/2023","09017661000790",E300,SE,306.0,"100102","6601c26ae4d1f54a569c6d53",paulatorres,"2024-03-25 18:49","2024-03-25 18:49",2024,3,25,18,49,1
"01/10/2023","31/10/2023","09017661000528",E300,PR,102.37,"100102","6601c26ae4d1f54a569c6d53",paulatorres,"2024-03-25 18:49","2024-03-25 18:49",2024,3,25,18,49,1
"01/08/2022","31/08/2022","09017661000609",E300,RJ,201.23999999999998,"100129","6601c26ae4d1f54a569c6d53",paulatorres,"2024-03-25 18:49","2024-03-25 18:49",2024,3,25,18,49,1
"01/12/2023","31/12/2023","09017661000609",E300,PB,1556.8599999999997,"100102","6601c26ae4d1f54a569c6d53",paulatorres,"2024-03-25 18:49","2024-03-25 18:49",2024,3,25,18,49,1
"01/07/2023","31/07/2023","09017661000609",E300,BA,9323.98,"100102","6601c26ae4d1f54a569c6d53",paulatorres,"2024-03-25 18:49","2024-03-25 18:49",2024,3,25,18,49,1
"01/06/2023","30/06/2023","09017661000609",E300,DF,9080.749999999998,"100102","6601c26ae4d1f54a569c6d53",paulatorres,"2024-03-25 18:49","2024-03-25 18:49",2024,3,25,18,49,1
"01/11/2022","30/11/2022","09017661000609",E300,AC,107.63,"100102","6601c26ae4d1f54a569c6d53",paulatorres,"2024-03-25 18:49","2024-03-25 18:49",2024,3,25,18,49,1
"01/03/2023","31/03/2023","09017661000528",E300,ES,172.83,"100102","6601c26ae4d1f54a569c6d53",paulatorres,"2024-03-25 18:49","2024-03-25 18:49",2024,3,25,18,49,1
"01/03/2023","31/03/2023","09017661000528",E300,SE,87.55,"100102","6601c26ae4d1f54a569c6d53",paulatorres,"2024-03-25 18:49","2024-03-25 18:49",2024,3,25,18,49,1
"01/10/2023","31/10/2023","09017661000609",E300,PI,1087.2399999999998,"100102","6601c26ae4d1f54a569c6d53",paulatorres,"2024-03-25 18:49","2024-03-25 18:49",2024,3,25,18,49,1
"01/08/2023","31/08/2023","09017661000609",E300,ES,2836.7999999999993,"100102","6601c26ae4d1f54a569c6d53",paulatorres,"2024-03-25 18:49","2024-03-25 18:49",2024,3,25,18,49,1
"01/07/2023","31/07/2023","09017661000609",E300,MS,6333.79,"100102","6601c26ae4d1f54a569c6d53",paulatorres,"2024-03-25 18:49","2024-03-25 18:49",2024,3,25,18,49,1
"01/11/2023","30/11/2023","09017661000366",E300,SC,30.17,"100102","6601c26ae4d1f54a569c6d53",paulatorres,"2024-03-25 18:49","2024-03-25 18:49",2024,3,25,18,49,1
"01/11/2022","30/11/2022","09017661000609",E300,RJ,16739.32000000001,"100102","6601c26ae4d1f54a569c6d53",paulatorres,"2024-03-25 18:49","2024-03-25 18:49",2024,3,25,18,49,1
"01/12/2023","31/12/2023","09017661001095",E300,SP,76.25,"100102","6601c26ae4d1f54a569c6d53",paulatorres,"2024-03-25 18:49","2024-03-25 18:49",2024,3,25,18,49,1
"01/11/2023","30/11/2023","09017661000528",E300,RJ,17.44,"100102","6601c26ae4d1f54a569c6d53",paulatorres,"2024-03-25 18:49","2024-03-25 18:49",2024,3,25,18,49,1
"01/11/2022","30/11/2022","09017661000609",E300,ES,2771.360000000001,"100102","6601c26ae4d1f54a569c6d53",paulatorres,"2024-03-25 18:49","2024-03-25 18:49",2024,3,25,18,49,1
"01/12/2023","31/12/2023","09017661000609",E300,BA,1286.97,"100129","6601c26ae4d1f54a569c6d53",paulatorres,"2024-03-25 18:49","2024-03-25 18:49",2024,3,25,18,49,1
"01/02/2023","28/02/2023","09017661000609",E300,SE,923.3199999999999,"100102","6601c26ae4d1f54a569c6d53",paulatorres,"2024-03-25 18:49","2024-03-25 18:49",2024,3,25,18,49,1
"01/10/2023","31/10/2023","09017661000609",E300,RS,4779.089999999999,"100102","6601c26ae4d1f54a569c6d53",paulatorres,"2024-03-25 18:49","2024-03-25 18:49",2024,3,25,18,49,1
"01/01/2023","31/01/2023","09017661000528",E300,SE,359.74999999999994,"100102","6601c26ae4d1f54a569c6d53",paulatorres,"2024-03-25 18:49","2024-03-25 18:49",2024,3,25,18,49,1
"01/06/2023","30/06/2023","09017661000609",E300,PE,5558.3,"100102","6601c26ae4d1f54a569c6d53",paulatorres,"2024-03-25 18:49","2024-03-25 18:49",2024,3,25,18,49,1
"01/07/2023","31/07/2023","09017661000609",E300,AL,891.24,"100102","6601c26ae4d1f54a569c6d53",paulatorres,"2024-03-25 18:49","2024-03-25 18:49",2024,3,25,18,49,1
"01/06/2023","30/06/2023","09017661000609",E300,MA,1064.66,"100110","6601c26ae4d1f54a569c6d53",paulatorres,"2024-03-25 18:49","2024-03-25 18:49",2024,3,25,18,49,1
"01/03/2023","31/03/2023","09017661000528",E300,RJ,695.33,"100102","6601c26ae4d1f54a569c6d53",paulatorres,"2024-03-25 18:49","2024-03-25 18:49",2024,3,25,18,49,1
"01/07/2023","31/07/2023","09017661000609",E300,GO,15147.189999999997,"100102","6601c26ae4d1f54a569c6d53",paulatorres,"2024-03-25 18:49","2024-03-25 18:49",2024,3,25,18,49,1
"01/12/2023","31/12/2023","09017661000790",E300,PE,93.85,"100102","6601c26ae4d1f54a569c6d53",paulatorres,"2024-03-25 18:49","2024-03-25 18:49",2024,3,25,18,49,1
"01/03/2023","31/03/2023","09017661000528",E300,PR,2438.28,"100102","6601c26ae4d1f54a569c6d53",paulatorres,"2024-03-25 18:49","2024-03-25 18:49",2024,3,25,18,49,1
"01/12/2023","31/12/2023","09017661000528",E300,RS,70.0,"100102","6601c26ae4d1f54a569c6d53",paulatorres,"2024-03-25 18:49","2024-03-25 18:49",2024,3,25,18,49,1
"01/01/2023","31/01/2023","09017661000609",E300,MS,4493.0,"100102","6601c26ae4d1f54a569c6d53",paulatorres,"2024-03-25 18:49","2024-03-25 18:49",2024,3,25,18,49,1
"01/07/2023","31/07/2023","09017661000102",E300,SC,15.25,"100110","6601c26ae4d1f54a569c6d53",paulatorres,"2024-03-25 18:49","2024-03-25 18:49",2024,3,25,18,49,1
"01/12/2023","31/12/2023","09017661000609",E300,DF,7423.999999999998,"100102","6601c26ae4d1f54a569c6d53",paulatorres,"2024-03-25 18:49","2024-03-25 18:49",2024,3,25,18,49,1
"01/08/2023","31/08/2023","09017661000609",E300,AC,286.94,"100102","6601c26ae4d1f54a569c6d53",paulatorres,"2024-03-25 18:49","2024-03-25 18:49",2024,3,25,18,49,1
"01/01/2023","31/01/2023","09017661000609",E300,TO,373.3,"100102","6601c26ae4d1f54a569c6d53",paulatorres,"2024-03-25 18:49","2024-03-25 18:49",2024,3,25,18,49,1
"01/11/2023","30/11/2023","09017661000609",E300,CE,5205.010000000001,"100102","6601c26ae4d1f54a569c6d53",paulatorres,"2024-03-25 18:49","2024-03-25 18:49",2024,3,25,18,49,1
"01/07/2022","31/07/2022","09017661000609",E300,ES,2604.27,"100102","6601c26ae4d1f54a569c6d53",paulatorres,"2024-03-25 18:49","2024-03-25 18:49",2024,3,25,18,49,1
"01/12/2023","31/12/2023","09017661000870",E300,RO,105.68,"100102","6601c26ae4d1f54a569c6d53",paulatorres,"2024-03-25 18:49","2024-03-25 18:49",2024,3,25,18,49,1
"01/10/2023","31/10/2023","09017661000366",E300,MG,48.39,"100102","6601c26ae4d1f54a569c6d53",paulatorres,"2024-03-25 18:49","2024-03-25 18:49",2024,3,25,18,49,1
"01/03/2023","31/03/2023","09017661000790",E300,MG,101.58,"100102","6601c26ae4d1f54a569c6d53",paulatorres,"2024-03-25 18:49","2024-03-25 18:49",2024,3,25,18,49,1
"01/09/2023","30/09/2023","09017661000285",E300,BA,25.2,"100102","6601c26ae4d1f54a569c6d53",paulatorres,"2024-03-25 18:49","2024-03-25 18:49",2024,3,25,18,49,1
"01/12/2023","31/12/2023","09017661000609",E300,SC,3676.0299999999997,"100102","6601c26ae4d1f54a569c6d53",paulatorres,"2024-03-25 18:49","2024-03-25 18:49",2024,3,25,18,49,1
"01/11/2022","30/11/2022","09017661000609",E300,PE,5959.450000000001,"100102","6601c26ae4d1f54a569c6d53",paulatorres,"2024-03-25 18:49","2024-03-25 18:49",2024,3,25,18,49,1
"01/07/2022","31/07/2022","09017661000609",E300,SE,2369.82,"100102","6601c26ae4d1f54a569c6d53",paulatorres,"2024-03-25 18:49","2024-03-25 18:49",2024,3,25,18,49,1
"01/06/2023","30/06/2023","09017661000609",E300,RN,471.32,"100102","6601c26ae4d1f54a569c6d53",paulatorres,"2024-03-25 18:49","2024-03-25 18:49",2024,3,25,18,49,1
"01/03/2023","31/03/2023","09017661000609",E300,AM,2884.59,"100102","6601c26ae4d1f54a569c6d53",paulatorres,"2024-03-25 18:49","2024-03-25 18:49",2024,3,25,18,49,1
"01/06/2023","30/06/2023","09017661000609",E300,PI,2279.65,"100102","6601c26ae4d1f54a569c6d53",paulatorres,"2024-03-25 18:49","2024-03-25 18:49",2024,3,25,18,49,1
"01/09/2022","30/09/2022","09017661000609",E300,MA,574.61,"100110","6601c26ae4d1f54a569c6d53",paulatorres,"2024-03-25 18:49","2024-03-25 18:49",2024,3,25,18,49,1
"01/08/2022","31/08/2022","09017661000609",E300,DF,7058.4400000000005,"100102","6601c26ae4d1f54a569c6d53",paulatorres,"2024-03-25 18:49","2024-03-25 18:49",2024,3,25,18,49,1
"01/08/2023","31/08/2023","09017661000609",E300,PI,2645.7000000000007,"100102","6601c26ae4d1f54a569c6d53",paulatorres,"2024-03-25 18:49","2024-03-25 18:49",2024,3,25,18,49,1
"01/06/2023","30/06/2023","09017661000609",E300,AP,82.33,"100102","6601c26ae4d1f54a569c6d53",paulatorres,"2024-03-25 18:49","2024-03-25 18:49",2024,3,25,18,49,1
"01/08/2023","31/08/2023","09017661000528",E300,AL,6.89,"100129","6601c26ae4d1f54a569c6d53",paulatorres,"2024-03-25 18:49","2024-03-25 18:49",2024,3,25,18,49,1
"01/01/2023","31/01/2023","09017661000609",E300,CE,2948.28,"100102","6601c26ae4d1f54a569c6d53",paulatorres,"2024-03-25 18:49","2024-03-25 18:49",2024,3,25,18,49,1
"01/11/2022","30/11/2022","09017661000609",E300,RS,9202.28,"100102","6601c26ae4d1f54a569c6d53",paulatorres,"2024-03-25 18:49","2024-03-25 18:49",2024,3,25,18,49,1
"01/01/2023","31/01/2023","09017661000528",E300,PR,815.7,"100102","6601c26ae4d1f54a569c6d53",paulatorres,"2024-03-25 18:49","2024-03-25 18:49",2024,3,25,18,49,1
"01/12/2023","31/12/2023","09017661000870",E300,RS,206.70999999999998,"100102","6601c26ae4d1f54a569c6d53",paulatorres,"2024-03-25 18:49","2024-03-25 18:49",2024,3,25,18,49,1
