"id","cfop","cfop_descr","cfop_descricao_movimento","cfop_ext","classificacao","descricao","grupo","operacao_saida_icms","origem_destino","sub_grupo","tipo","tipo_operacao","classificacao_adicional","modulo_de_compras","compras_transf","tipo_icms","custo"
"1409","1409","1409 | Transferência para comercialização em operação com mercadoria sujeita ao regime de substituição tributária           ","1409 | Transferência para comercialização em operação com mercadoria sujeita ao regime de substituição tributária | Dentro do estado           ","409",Transferência - revenda - com ST,Transferência para comercialização em operação com mercadoria sujeita ao regime de substituição tributária           ,Entradas Ou Aquisições De Serviços Do Estado,"",Dentro do estado,Entradas De Mercadorias Sujeitas Ao Regime De Substituição Tributária,Mercadoria,Entradas,Transferência produto acabado,Sim,Transferência,Crédito,Não
"2209","2209","2209 | Devolução de mercadoria adquirida ou recebida de terceiros, remetida em transferência                     ","2209 | Devolução de mercadoria adquirida ou recebida de terceiros, remetida em transferência | Interestadual                        ","209",Devolução,"Devolução de mercadoria adquirida ou recebida de terceiros, remetida em transferência                     ",Entradas Ou Aquisições De Serviços De Outros Estados,"",Interestadual,"Devoluções De Vendas De Produção Própria, De Terceiros Ou Anulações De Valores",Mercadoria,Entradas,"",Não,Não,Crédito,Não
"3129","3129","3129 | Compra para industrialização sob o Regime Aduaneiro Especial de Entreposto Industrial sob Controle Informatizado do Sistema Público de Escrituração Digital (Recof Sped).","3129 | Compra para industrialização sob o Regime Aduaneiro Especial de Entreposto Industrial sob Controle Informatizado do Sistema Público de Escrituração Digital (Recof Sped) | Importação","129",Insumo - recof,Compra para industrialização sob o Regime Aduaneiro Especial de Entreposto Industrial sob Controle Informatizado do Sistema Público de Escrituração Digital (Recof Sped).,Entradas Ou Aquisições De Serviços Do Exterior,"",Importação,"Compras Para Industrialização, produção rural, Comercialização Ou Prestação De Serviços",Mercadoria,Entradas,"",Sim,Compra,Crédito,Não
"5409","5409","5409 | Transferência de mercadoria adquirida ou recebida de terceiros em operação com mercadoria sujeita ao regime de substituição tributária      ","5409 |Transferência de mercadoria adquirida ou recebida de terceiros em operação com mercadoria sujeita ao regime de substituição tributária | Dentro do estado      ","409",Transferência - revenda - com ST,Transferência de mercadoria adquirida ou recebida de terceiros em operação com mercadoria sujeita ao regime de substituição tributária      ,Saídas Ou Prestações De Serviços Para O Estado,Transferência,Dentro do estado,Saídas De Mercadorias Sujeitas Ao Regime De Substituição Tributária,Mercadoria,Saídas,Transferência produto acabado,Não,Não,Débito,Não
"6120","6120","6120 | Venda de mercadoria adquirida ou recebida de terceiros entregue ao destinatário pelo vendedor remetente, em venda à ordem  ","6120 | Venda de mercadoria adquirida ou recebida de terceiros entregue ao destinatário pelo vendedor remetente, em venda à ordem | Interestadual     ","120",Revenda,"Venda de mercadoria adquirida ou recebida de terceiros entregue ao destinatário pelo vendedor remetente, em venda à ordem  ",Saídas Ou Prestações De Serviços Para Outros Estados,Receita,Interestadual,Vendas De Produção Própria Ou De Terceiros,Mercadoria,Saídas,Receita,Não,Não,Débito,Sim
"6902","6902","6902 | Retorno de mercadoria utilizada na industrialização por encomenda                                         ","6902 | Retorno de mercadoria utilizada na industrialização por encomenda | Interestadual                                            ","902",Retorno industrialização por encomenda,Retorno de mercadoria utilizada na industrialização por encomenda                                         ,Saídas Ou Prestações De Serviços Para Outros Estados,Outras,Interestadual,Outras Saídas De Mercadorias Ou Prestações De Serviços,Mercadoria,Saídas,"",Não,Não,Débito,Não
"1126","1126","1126 | compras para utilização na prestação de serviços sujeitas ao ICMS                                         ","1126 | compras para utilização na prestação de serviços sujeitas ao ICMS | Dentro do estado                                         ","126",Produto para utilização em serviço,compras para utilização na prestação de serviços sujeitas ao ICMS                                         ,Entradas Ou Aquisições De Serviços Do Estado,"",Dentro do estado,"Compras para Industrialização, produção rural, comercialização ou prestação de serviços",Mercadoria,Entradas,"",Sim,Compra,Crédito,Não
"1913","1913","1913 | Retorno de mercadoria ou bem remetido para demonstração, mostruário ou treinamento                                                   ","1913 | Retorno de mercadoria ou bem remetido para demonstração, mostruário ou treinamento | Dentro do estado                                                   ","913",Demonstração,"Retorno de mercadoria ou bem remetido para demonstração, mostruário ou treinamento                                                   ",Entradas Ou Aquisições De Serviços Do Estado,"",Dentro do estado,Outras Entradas De Mercadorias Ou Aquisições De Serviços,Mercadoria,Entradas,"",Não,Não,Crédito,Não
"2556","2556","2556 | Compra de material para uso ou consumo                                                                    ","2556 | Compra de material para uso ou consumo | Interestadual                                                                       ","556",Uso e consumo,Compra de material para uso ou consumo                                                                    ,Entradas Ou Aquisições De Serviços De Outros Estados,"",Interestadual,Operações Com Bens De Ativo Imobilizado E Materiais Para Uso Ou Consumo,Mercadoria,Entradas,Uso e consumo,Sim. Uso e consumo. ,Compra,Crédito,Não
"5132","5132","5132 | Fixação de preço de produção do estabelecimento, inclusive quando remetidas anteriormente com previsão de posterior ajuste ou fixação de preço, de ato cooperativo.","5132 | Fixação de preço de produção do estabelecimento, inclusive quando remetidas anteriormente com previsão de posterior ajuste ou fixação de preço, de ato cooperativo | Dentro do estado ","132",Outras saídas,"Fixação de preço de produção do estabelecimento, inclusive quando remetidas anteriormente com previsão de posterior ajuste ou fixação de preço, de ato cooperativo.",Saídas Ou Prestações De Serviços Para O Estado,Outras,Dentro do estado,Vendas De Produção Própria Ou De Terceiros,Mercadoria,Saídas,"",Não,Não,Débito,Não
"5905","5905","5905 | Remessa para depósito fechado ou armazém geral                                                            ","5905 | Remessa para depósito fechado ou armazém geral | Dentro do estado                                                            ","905",Armazenagem,Remessa para depósito fechado ou armazém geral                                                            ,Saídas Ou Prestações De Serviços Para O Estado,Outras,Dentro do estado,Outras Saídas De Mercadorias Ou Prestações De Serviços,Mercadoria,Saídas,"",Não,Não,Débito,Não
"6401","6401","6401 | Venda de produção do estabelecimento em operação com produto sujeito ao regime de substituição tributária, na condição de contribuinte substituto.            ","6401 | Venda de produção do estabelecimento em operação com produto sujeito ao regime de substituição tributária, na condição de contribuinte substituto. | Interestadual               ","401",Venda de produção - com ST,"Venda de produção do estabelecimento em operação com produto sujeito ao regime de substituição tributária, na condição de contribuinte substituto.            ",Saídas Ou Prestações De Serviços Para Outros Estados,Receita,Interestadual,Saídas De Mercadorias Sujeitas Ao Regime De Substituição Tributária,Mercadoria,Saídas,Receita,Não,Não,Débito,Não
"7553","7553","7553 | Devolução de compra de bem para o ativo imobilizado                                                       ","7553 | Devolução de compra de bem para o ativo imobilizado | Exportação                                                             ","553",Devolução,Devolução de compra de bem para o ativo imobilizado                                                       ,Saídas Ou Prestações De Serviços Para O Exterior,Outras,Exportação,Operações Com Bens De Ativo Imobilizado E Materiais Para Uso Ou Consumo,Mercadoria,Saídas,"",Não,Não,Débito,Não
"1411","1411","1411 | Devolução de venda de mercadoria adquirida ou recebida de terceiros em operação com mercadoria sujeita ao regime de substituição tributária    ","1411 | Devolução de venda de mercadoria adquirida ou recebida de terceiros em operação com mercadoria sujeita ao regime de substituição tributária | Dentro do estado    ","411",Devolução - com ST,Devolução de venda de mercadoria adquirida ou recebida de terceiros em operação com mercadoria sujeita ao regime de substituição tributária    ,Entradas Ou Aquisições De Serviços Do Estado,"",Dentro do estado,Entradas De Mercadorias Sujeitas Ao Regime De Substituição Tributária,Mercadoria,Entradas,"",Não,Não,Crédito,Não
"2213","2213","2213 | Devolução de remessa de produção do estabelecimento, com previsão de posterior ajuste ou fixação de preço, em ato cooperativo.","2213 | Devolução de remessa de produção do estabelecimento, com previsão de posterior ajuste ou fixação de preço, em ato cooperativo | Interestadual","213",Devolução,"Devolução de remessa de produção do estabelecimento, com previsão de posterior ajuste ou fixação de preço, em ato cooperativo.",Entradas Ou Aquisições De Serviços De Outros Estados,"",Interestadual,"Devoluções De Vendas De Produção Própria, De Terceiros Ou Anulações De Valores",Mercadoria,Entradas,"",Não,Não,Crédito,Não
"3202","3202","3202 | Devolução de venda de mercadoria adquirida ou recebida de terceiros                                       ","3202 | Devolução de venda de mercadoria adquirida ou recebida de terceiros | Importação                                             ","202",Devolução,Devolução de venda de mercadoria adquirida ou recebida de terceiros                                       ,Entradas Ou Aquisições De Serviços Do Exterior,"",Importação,"Devoluções De Vendas De Produção Própria, De Terceiros Ou Anulações De Valores",Mercadoria,Entradas,"",Não,Não,Crédito,Não
"5411","5411","5411 | Devolução de compra para comercialização em operação com mercadoria sujeita ao regime de substituição tributária     ","5411 | Devolução de compra para comercialização em operação com mercadoria sujeita ao regime de substituição tributária | Dentro do estado     ","411",Devolução - com ST,Devolução de compra para comercialização em operação com mercadoria sujeita ao regime de substituição tributária     ,Saídas Ou Prestações De Serviços Para O Estado,Outras,Dentro do estado,Saídas De Mercadorias Sujeitas Ao Regime De Substituição Tributária,Mercadoria,Saídas,"",Não,Não,Débito,Não
"6123","6123","6123 | Venda de mercadoria adquirida ou recebida de terceiros remetida para industrialização, por conta e ordem do adquirente, sem transitar pelo estabelecimento do adquirente  ","6123 | Venda de mercadoria adquirida ou recebida de terceiros remetida para industrialização, por conta e ordem do adquirente, sem transitar pelo estabelecimento do adquirente | Interestadual     ","123",Revenda,"Venda de mercadoria adquirida ou recebida de terceiros remetida para industrialização, por conta e ordem do adquirente, sem transitar pelo estabelecimento do adquirente  ",Saídas Ou Prestações De Serviços Para Outros Estados,Receita,Interestadual,Vendas De Produção Própria Ou De Terceiros,Mercadoria,Saídas,Receita,Não,Não,Débito,Sim
"6904","6904","6904 | Remessa para venda fora do estabelecimento, ou qualquer remessa efetuada pelo MEI com exceção das classificadas nos códigos 6.502 e 6.505                                                              ","6904 | Remessa para venda fora do estabelecimento, ou qualquer remessa efetuada pelo MEI com exceção das classificadas nos códigos 6.502 e 6.505 | Interestadual                                                                   ","904",Outras saídas,"Remessa para venda fora do estabelecimento, ou qualquer remessa efetuada pelo MEI com exceção das classificadas nos códigos 6.502 e 6.505                                                              ",Saídas Ou Prestações De Serviços Para Outros Estados,Outras,Interestadual,Outras Saídas De Mercadorias Ou Prestações De Serviços,Mercadoria,Saídas,"",Não,Não,Débito,Não
"1131","1131","1131 | Entrada de mercadoria, com previsão de posterior ajuste ou fixação de preço, decorrente de operação de ato cooperativo","1131 | Entrada de mercadoria, com previsão de posterior ajuste ou fixação de preço, decorrente de operação de ato cooperativo | Dentro do estado","131",Entradas com possibililidade de ajuste ou fixação de preço,"Entrada de mercadoria, com previsão de posterior ajuste ou fixação de preço, decorrente de operação de ato cooperativo",Entradas Ou Aquisições De Serviços Do Estado,"",Dentro do estado,"Compras para Industrialização, produção rural, comercialização ou prestação de serviços",Mercadoria,Entradas,"",Sim,Compra,Crédito,Não
"1915","1915","1915 | Entrada de mercadoria ou bem recebido para conserto ou reparo                                             ","1915 | Entrada de mercadoria ou bem recebido para conserto ou reparo | Dentro do estado                                             ","915",Conserto,Entrada de mercadoria ou bem recebido para conserto ou reparo                                             ,Entradas Ou Aquisições De Serviços Do Estado,"",Dentro do estado,Outras Entradas De Mercadorias Ou Aquisições De Serviços,Mercadoria,Entradas,"",Não,Não,Crédito,Não
"2603","2603","2603 | Ressarcimento de ICMS retido por substituição tributária                                                  ","2603 | Ressarcimento de ICMS retido por substituição tributária | Interestadual                                                     ","603",Crédito de ICMS,Ressarcimento de ICMS retido por substituição tributária                                                  ,Entradas Ou Aquisições De Serviços De Outros Estados,"",Interestadual,Créditos E Ressarcimentos De Icms,Mercadoria,Entradas,"",Não,Não,Crédito,Não
"5152","5152","5152 | Transferência de mercadoria adquirida ou recebida de terceiros                                            ","5152 | Transferência de mercadoria adquirida ou recebida de terceiros | Dentro do estado                                            ","152",Transferência - revenda,Transferência de mercadoria adquirida ou recebida de terceiros                                            ,Saídas Ou Prestações De Serviços Para O Estado,Transferência,Dentro do estado,Transferências De Produção Própria Ou De Terceiros,Mercadoria,Saídas,Transferência produto acabado,Não,Não,Débito,Não
"5907","5907","5907 | Retorno simbólico de mercadoria depositada em depósito fechado ou armazém geral                           ","5907 | Retorno simbólico de mercadoria depositada em depósito fechado ou armazém geral | Dentro do estado                           ","907",Armazenagem,Retorno simbólico de mercadoria depositada em depósito fechado ou armazém geral                           ,Saídas Ou Prestações De Serviços Para O Estado,Outras,Dentro do estado,Outras Saídas De Mercadorias Ou Prestações De Serviços,Mercadoria,Saídas,"",Não,Não,Débito,Não
"6403","6403","6403 | Venda de mercadoria adquirida ou recebida de terceiros em operação com mercadoria sujeita ao regime de substituição tributária, na condição de contribuinte substituto    ","6403 | Venda de mercadoria adquirida ou recebida de terceiros em operação com mercadoria sujeita ao regime de substituição tributária, na condição de contribuinte substituto| Interestadual       ","403",Revenda - com ST,"Venda de mercadoria adquirida ou recebida de terceiros em operação com mercadoria sujeita ao regime de substituição tributária, na condição de contribuinte substituto    ",Saídas Ou Prestações De Serviços Para Outros Estados,Receita,Interestadual,Saídas De Mercadorias Sujeitas Ao Regime De Substituição Tributária,Mercadoria,Saídas,Receita,Não,Não,Débito,Sim
"7651","7651","7651 | Venda de combustível ou lubrificante de produção do estabelecimento                                       ","7651 | Venda de combustível ou lubrificante de produção do estabelecimento | Exportação                                             ","651",Combustível,Venda de combustível ou lubrificante de produção do estabelecimento                                       ,Saídas Ou Prestações De Serviços Para O Exterior,Receita,Exportação,"Saídas de Combustíveis, derivados ou não de petróleo e lubrificantes",Mercadoria,Saídas,Receita,Não,Não,Débito,Não
"1415","1415","1415 | Retorno de mercadoria adquirida ou recebida de terceiros, remetida para venda fora do estabelecimento em operação com mercadoria sujeita ao regime de substituição tributária  ","1415 | Retorno de mercadoria adquirida ou recebida de terceiros, remetida para venda fora do estabelecimento em operação com mercadoria sujeita ao regime de substituição tributária | Dentro do estado  ","415",Outras entradas - com ST,"Retorno de mercadoria adquirida ou recebida de terceiros, remetida para venda fora do estabelecimento em operação com mercadoria sujeita ao regime de substituição tributária  ",Entradas Ou Aquisições De Serviços Do Estado,"",Dentro do estado,Entradas De Mercadorias Sujeitas Ao Regime De Substituição Tributária,Mercadoria,Entradas,"",Não,Não,Crédito,Não
"2215","2215","2215 | Devolução de fornecimento de produção do estabelecimento de ato cooperativo.","2215 | Devolução de fornecimento de produção do estabelecimento de ato cooperativo | Interestadual","215",Devolução,Devolução de fornecimento de produção do estabelecimento de ato cooperativo.,Entradas Ou Aquisições De Serviços De Outros Estados,"",Interestadual,"Devoluções De Vendas De Produção Própria, De Terceiros Ou Anulações De Valores",Mercadoria,Entradas,"",Não,Não,Crédito,Não
"3206","3206","3206 | Anulação de valor relativo à prestação de serviço de transporte                                           ","3206 | Anulação de valor relativo à prestação de serviço de transporte | Importação                                                 ","206",Devolução,Anulação de valor relativo à prestação de serviço de transporte                                           ,Entradas Ou Aquisições De Serviços Do Exterior,"",Importação,"Devoluções De Vendas De Produção Própria, De Terceiros Ou Anulações De Valores",Mercadoria,Entradas,"",Não,Não,Crédito,Não
"5413","5413","5413 | Devolução de mercadoria destinada ao uso ou consumo, em operação com mercadoria sujeita ao regime de substituição tributária         ","5413 | Devolução de mercadoria destinada ao uso ou consumo, em operação com mercadoria sujeita ao regime de substituição tributária | Dentro do estado         ","413",Devolução - com ST,"Devolução de mercadoria destinada ao uso ou consumo, em operação com mercadoria sujeita ao regime de substituição tributária         ",Saídas Ou Prestações De Serviços Para O Estado,Outras,Dentro do estado,Saídas De Mercadorias Sujeitas Ao Regime De Substituição Tributária,Mercadoria,Saídas,"",Não,Não,Débito,Não
"6125","6125","6125 | Industrialização efetuada para outra empresa quando a mercadoria recebida para utilização no processo de industrialização não transitar pelo estabelecimento adquirente da mercadoria ","6125 | Industrialização efetuada para outra empresa quando a mercadoria recebida para utilização no processo de industrialização não transitar pelo estabelecimento adquirente da mercadoria | Interestadual     ","125",Industrialização por encomenda,Industrialização efetuada para outra empresa quando a mercadoria recebida para utilização no processo de industrialização não transitar pelo estabelecimento adquirente da mercadoria ,Saídas Ou Prestações De Serviços Para Outros Estados,Receita,Interestadual,Vendas De Produção Própria Ou De Terceiros,Mercadoria,Saídas,Receita,Não,Não,Débito,Não
"6906","6906","6906 | Retorno de mercadoria depositada em depósito fechado ou armazém geral                                     ","6906 | Retorno de mercadoria depositada em depósito fechado ou armazém geral | Interestadual                                        ","906",Armazenagem,Retorno de mercadoria depositada em depósito fechado ou armazém geral                                     ,Saídas Ou Prestações De Serviços Para Outros Estados,Outras,Interestadual,Outras Saídas De Mercadorias Ou Prestações De Serviços,Mercadoria,Saídas,"",Não,Não,Débito,Não
"1135","1135","1135 | Fixação de preço de produção do estabelecimento produtor, inclusive quando remetidas anteriormente com previsão de posterior ajuste ou fixação de preço, em ato cooperativo, para industrialização","1135 | Fixação de preço de produção do estabelecimento produtor, inclusive quando remetidas anteriormente com previsão de posterior ajuste ou fixação de preço, em ato cooperativo, para industrialização | Dentro do estado","135",Entradas com possibililidade de ajuste ou fixação de preço,"Fixação de preço de produção do estabelecimento produtor, inclusive quando remetidas anteriormente com previsão de posterior ajuste ou fixação de preço, em ato cooperativo, para industrialização",Entradas Ou Aquisições De Serviços Do Estado,"",Dentro do estado,"Compras para Industrialização, produção rural, comercialização ou prestação de serviços",Mercadoria,Entradas,"",Sim,Compra,Crédito,Não
"1917","1917","1917 | Entrada de mercadoria recebida em consignação mercantil ou industrial                                     ","1917 | Entrada de mercadoria recebida em consignação mercantil ou industrial | Dentro do estado                                     ","917",Consignação,Entrada de mercadoria recebida em consignação mercantil ou industrial                                     ,Entradas Ou Aquisições De Serviços Do Estado,"",Dentro do estado,Outras Entradas De Mercadorias Ou Aquisições De Serviços,Mercadoria,Entradas,"",Não,Não,Crédito,Não
"2652","2652","2652 | Compra de combustível ou lubrificante para comercialização                                                ","2652 | Compra de combustível ou lubrificante para comercialização | Interestadual                                                   ","652",Combustível,Compra de combustível ou lubrificante para comercialização                                                ,Entradas Ou Aquisições De Serviços De Outros Estados,"",Interestadual,"Entradas de Combustíveis, derivados ou não de petróleo e lubrificantes",Mercadoria,Entradas,"",Sim,Compra,Crédito,Sim
"5155","5155","5155 | Transferência de produção do estabelecimento, que não deva por ele transitar                              ","5155 | Transferência de produção do estabelecimento, que não deva por ele transitar | Dentro do estado                              ","155",Transferência - produção,"Transferência de produção do estabelecimento, que não deva por ele transitar                              ",Saídas Ou Prestações De Serviços Para O Estado,Transferência,Dentro do estado,Transferências De Produção Própria Ou De Terceiros,Mercadoria,Saídas,Transferência produto acabado,Não,Não,Débito,Não
"5909","5909","5909 | Retorno de bem recebido por conta de contrato de comodato ou locação                                                 ","5909 | Retorno de bem recebido por conta de contrato de comodato ou locação | Dentro do estado                                                 ","909",Comodato,Retorno de bem recebido por conta de contrato de comodato ou locação                                                 ,Saídas Ou Prestações De Serviços Para O Estado,Outras,Dentro do estado,Outras Saídas De Mercadorias Ou Prestações De Serviços,Mercadoria,Saídas,"",Não,Não,Débito,Não
"6408","6408","6408 | Transferência de produção do estabelecimento em operação com produto sujeito ao regime de substituição tributária                 ","6408 |Transferência de produção do estabelecimento em operação com produto sujeito ao regime de substituição tributária | Interestadual                    ","408",Transferência - produção - com ST,Transferência de produção do estabelecimento em operação com produto sujeito ao regime de substituição tributária                 ,Saídas Ou Prestações De Serviços Para Outros Estados,Transferência,Interestadual,Saídas De Mercadorias Sujeitas Ao Regime De Substituição Tributária,Mercadoria,Saídas,Transferência produto acabado,Não,Não,Débito,Não
"7667","7667","7667 | Venda de combustíveis ou lubrificantes a consumidor ou usuário final.","7667 | Venda de combustíveis ou lubrificantes a consumidor ou usuário final | Exportação","667",Combustível,Venda de combustíveis ou lubrificantes a consumidor ou usuário final.,Saídas Ou Prestações De Serviços Para O Exterior,Receita,Exportação,"Saídas de Combustíveis, derivados ou não de petróleo e lubrificantes",Mercadoria,Saídas,Receita,Não,Não,Débito,Não
"1452","1452","1452 | Entrada de insumo - Sistema de Integração e Parceria Rural                                                              ","1452 | Entrada de insumo - Sistema de Integração e Parceria Rural | Dentro do estado                                                               ","452",Outras entradas,Entrada de insumo - Sistema de Integração e Parceria Rural                                                              ,Entradas Ou Aquisições De Serviços Do Estado,"",Dentro do estado,Sistemas de Integração e parceria rural,Mercadoria,Entradas,"",Não,Não,Crédito,Não
"2251","2251","2251 | Compra de energia elétrica para distribuição ou comercialização                                           ","2251 | Compra de energia elétrica para distribuição ou comercialização | Interestadual                                              ","251",Energia elétrica,Compra de energia elétrica para distribuição ou comercialização                                           ,Entradas Ou Aquisições De Serviços De Outros Estados,"",Interestadual,Compras De Energia Elétrica,Mercadoria,Entradas,"",Sim,Compra,Crédito,Sim
"3211","3211","3211 | Devolução de venda de produção do estabelecimento sob o regime de drawback                                ","3211 | Devolução de venda de produção do estabelecimento sob o regime de drawback | Importação                                      ","211",Devolução,Devolução de venda de produção do estabelecimento sob o regime de drawback                                ,Entradas Ou Aquisições De Serviços Do Exterior,"",Importação,"Devoluções De Vendas De Produção Própria, De Terceiros Ou Anulações De Valores",Mercadoria,Entradas,"",Não,Não,Crédito,Não
"5415","5415","5415 | Remessa de mercadoria adquirida ou recebida de terceiros para venda fora do estabelecimento, em operação com mercadoria sujeita ao regime de substituição tributária           ","5415 | Remessa de mercadoria adquirida ou recebida de terceiros para venda fora do estabelecimento, em operação com mercadoria sujeita ao regime de substituição tributária | Dentro do estado           ","415",Outras saídas - com ST,"Remessa de mercadoria adquirida ou recebida de terceiros para venda fora do estabelecimento, em operação com mercadoria sujeita ao regime de substituição tributária           ",Saídas Ou Prestações De Serviços Para O Estado,Outras,Dentro do estado,Saídas De Mercadorias Sujeitas Ao Regime De Substituição Tributária,Mercadoria,Saídas,"",Não,Não,Débito,Não
"6131","6131","6131 | Remessa de produção de estabelecimento, com previsão de posterior ajuste ou fixação de preço, de ato cooperativo.","6131 | Remessa de produção de estabelecimento, com previsão de posterior ajuste ou fixação de preço, de ato cooperativo | Interestadual","131",Outras saídas,"Remessa de produção de estabelecimento, com previsão de posterior ajuste ou fixação de preço, de ato cooperativo.",Saídas Ou Prestações De Serviços Para Outros Estados,Outras,Interestadual,Vendas De Produção Própria Ou De Terceiros,Mercadoria,Saídas,"",Não,Não,Débito,Não
"6908","6908","6908 | Remessa de bem por conta de contrato de comodato ou locação                                                          ","6908 | Remessa de bem por conta de contrato de comodato ou locação | Interestadual                                                             ","908",Comodato,Remessa de bem por conta de contrato de comodato ou locação                                                          ,Saídas Ou Prestações De Serviços Para Outros Estados,Outras,Interestadual,Outras Saídas De Mercadorias Ou Prestações De Serviços,Mercadoria,Saídas,"",Não,Não,Débito,Não
"1152","1152","1152 | Transferência para comercialização                                                                        ","1152 | Transferência para comercialização | Dentro do estado                                                                        ","152",Transferência - revenda,Transferência para comercialização                                                                        ,Entradas Ou Aquisições De Serviços Do Estado,"",Dentro do estado,"Transferências para Industrialização, produção rural, comercialização ou prestação de serviços",Mercadoria,Entradas,Transferência produto acabado,Sim,Transferência,Crédito,Não
"1919","1919","1919 | Devolução simbólica de mercadoria vendida ou utilizada em processo industrial, remetida anteriormente em consignação mercantil ou industrial    ","1919 | Devolução simbólica de mercadoria vendida ou utilizada em processo industrial, remetida anteriormente em consignação mercantil ou industrial | Dentro do estado     ","919",Devolução,"Devolução simbólica de mercadoria vendida ou utilizada em processo industrial, remetida anteriormente em consignação mercantil ou industrial    ",Entradas Ou Aquisições De Serviços Do Estado,"",Dentro do estado,Outras Entradas De Mercadorias Ou Aquisições De Serviços,Mercadoria,Entradas,"",Não,Não,Crédito,Não
"2657","2657","2657 | Retorno de remessa de combustíveis ou lubrificantes para venda fora do estabelecimento","2657 | Retorno de remessa de combustíveis ou lubrificantes para venda fora do estabelecimento | Interestadual","657",Combustível,Retorno de remessa de combustíveis ou lubrificantes para venda fora do estabelecimento,Entradas Ou Aquisições De Serviços De Outros Estados,"",Interestadual,"Entradas de Combustíveis, derivados ou não de petróleo e lubrificantes",Mercadoria,Entradas,"",Não,Não,Crédito,Não
"5159","5159","5159 | Fornecimento de produção do estabelecimento de ato cooperativo","5159 | Fornecimento de produção do estabelecimento de ato cooperativo | Dentro do estado","159",Outras saídas,Fornecimento de produção do estabelecimento de ato cooperativo,Saídas Ou Prestações De Serviços Para O Estado,"",Dentro do estado,Transferências De Produção Própria Ou De Terceiros,Mercadoria,Saídas,"",Não,Não,Débito,Não
"5911","5911","5911 | Remessa de amostra grátis                                                                                 ","5911 | Remessa de amostra grátis | Dentro do estado                                                                                 ","911",Amostra grátis,Remessa de amostra grátis                                                                                 ,Saídas Ou Prestações De Serviços Para O Estado,Outras,Dentro do estado,Outras Saídas De Mercadorias Ou Prestações De Serviços,Mercadoria,Saídas,"",Não,Não,Débito,Não
"6410","6410","6410 | Devolução de compra para industrialização ou produção rural em operação com mercadoria sujeita ao regime de substituição tributária.         ","6410 | Devolução de compra para industrialização ou produção rural em operação com mercadoria sujeita ao regime de substituição tributária. | Interestadual            ","410",Devolução - com ST,Devolução de compra para industrialização ou produção rural em operação com mercadoria sujeita ao regime de substituição tributária.         ,Saídas Ou Prestações De Serviços Para Outros Estados,Outras,Interestadual,Saídas De Mercadorias Sujeitas Ao Regime De Substituição Tributária,Mercadoria,Saídas,"",Não,Não,Débito,Não
"7949","7949","7949 | Outra saída de mercadoria ou prestação de serviço não especificado                                        ","7949 | Outra saída de mercadoria ou prestação de serviço não especificado | Exportação                                              ","949",Outras saídas,Outra saída de mercadoria ou prestação de serviço não especificado                                        ,Saídas Ou Prestações De Serviços Para O Exterior,Outras,Exportação,Outras Saídas De Mercadorias Ou Prestações De Serviços,Mercadoria,Saídas,"",Não,Não,Débito,Não
"1454","1454","1454 | Retorno simbólico do animal ou da produção - Sistema de Integração e Parceria Rural","1454 | Retorno simbólico do animal ou da produção - Sistema de Integração e Parceria Rural | Dentro do estado","454",Outras entradas,Retorno simbólico do animal ou da produção - Sistema de Integração e Parceria Rural,Entradas Ou Aquisições De Serviços Do Estado,"",Dentro do estado,Sistemas de Integração e parceria rural,Mercadoria,Entradas,"",Não,Não,Crédito,Não
"2253","2253","2253 | Compra de energia elétrica por estabelecimento comercial                                                  ","2253 | Compra de energia elétrica por estabelecimento comercial | Interestadual                                                     ","253",Energia elétrica,Compra de energia elétrica por estabelecimento comercial                                                  ,Entradas Ou Aquisições De Serviços De Outros Estados,"",Interestadual,Compras De Energia Elétrica,Mercadoria,Entradas,"",Sim,Compra,Crédito,Sim
"3251","3251","3251 | Compra de energia elétrica para distribuição ou comercialização                                           ","3251 | Compra de energia elétrica para distribuição ou comercialização | Importação                                                 ","251",Energia elétrica,Compra de energia elétrica para distribuição ou comercialização                                           ,Entradas Ou Aquisições De Serviços Do Exterior,"",Importação,Compras De Energia Elétrica,Mercadoria,Entradas,"",Sim,Compra,Crédito,Sim
"5452","5452","5452 | Remessa de insumo -  Sistema de Integração e Parceria Rural","5452 | Remessa de insumo -  Sistema de Integração e Parceria Rural | Dentro do estado","452",Outras saídas,Remessa de insumo -  Sistema de Integração e Parceria Rural,Saídas Ou Prestações De Serviços Para O Estado,Outras,Dentro do estado,Sistemas De Integração e Parceria rural,Mercadoria,Saídas,"",Não,Não,Débito,Não
"6151","6151","6151 | Transferência de produção do estabelecimento                                                              ","6151 | Transferência de produção do estabelecimento | Interestadual                                                                 ","151",Transferência - produção,Transferência de produção do estabelecimento                                                              ,Saídas Ou Prestações De Serviços Para Outros Estados,Transferência,Interestadual,Transferências De Produção Própria Ou De Terceiros,Mercadoria,Saídas,Transferência produto acabado,Não,Não,Débito,Não
"6910","6910","6910 | Remessa em bonificação, doação ou brinde                                                                  ","6910 | Remessa em bonificação, doação ou brinde | Interestadual                                                                     ","910","Bonificação, doação ou brinde","Remessa em bonificação, doação ou brinde                                                                  ",Saídas Ou Prestações De Serviços Para Outros Estados,Outras,Interestadual,Outras Saídas De Mercadorias Ou Prestações De Serviços,Mercadoria,Saídas,"",Não,Não,Débito,Não
"1154","1154","1154 | Transferência para utilização na prestação de serviço                                                     ","1154 | Transferência para utilização na prestação de serviço | Dentro do estado                                                     ","154",Transferência - utilização em serviço,Transferência para utilização na prestação de serviço                                                     ,Entradas Ou Aquisições De Serviços Do Estado,"",Dentro do estado,"Transferências para Industrialização, produção rural, comercialização ou prestação de serviços",Mercadoria,Entradas,"",Sim,Transferência,Crédito,Não
"1921","1921","1921 | Retorno de embalagens, bombonas, vasilhames, sacarias, pallets ou assemelhados                                                                           ","1921 | Retorno de embalagens, bombonas, vasilhames, sacarias, pallets ou assemelhados | Dentro do estado                                                                           ","921",Vasilhame e sacaria,"Retorno de embalagens, bombonas, vasilhames, sacarias, pallets ou assemelhados                                                                           ",Entradas Ou Aquisições De Serviços Do Estado,"",Dentro do estado,Outras Entradas De Mercadorias Ou Aquisições De Serviços,Mercadoria,Entradas,"",Não,Não,Crédito,Não
"2659","2659","2659 | Transferência de combustível e lubrificante para comercialização                                          ","2659 | Transferência de combustível e lubrificante para comercialização | Interestadual                                             ","659",Transferência - revenda,Transferência de combustível e lubrificante para comercialização                                          ,Entradas Ou Aquisições De Serviços De Outros Estados,"",Interestadual,"Entradas de Combustíveis, derivados ou não de petróleo e lubrificantes",Mercadoria,Entradas,Transferência produto acabado,Sim,Transferência,Crédito,Não
"5201","5201","5201 | Devolução de compra para industrialização ou produção rural                                               ","5201 | Devolução de compra para industrialização ou produção rural | Dentro do estado                                               ","201",Devolução,Devolução de compra para industrialização ou produção rural                                               ,Saídas Ou Prestações De Serviços Para O Estado,Outras,Dentro do estado,"Devoluções De Compras Para Industrialização, Comercialização Ou Anulações De Valores",Mercadoria,Saídas,"",Não,Não,Débito,Não
"5913","5913","5913 | Retorno de mercadoria ou bem recebido para demonstração ou mostruário                                                   ","5913 | Retorno de mercadoria ou bem recebido para demonstração ou mostruário | Dentro do estado                                                   ","913",Demonstração,Retorno de mercadoria ou bem recebido para demonstração ou mostruário                                                   ,Saídas Ou Prestações De Serviços Para O Estado,Outras,Dentro do estado,Outras Saídas De Mercadorias Ou Prestações De Serviços,Mercadoria,Saídas,"",Não,Não,Débito,Não
"6412","6412","6412 | Devolução de bem do ativo imobilizado, em operação com mercadoria sujeita ao regime de substituição tributária.","6412 | Devolução de bem do ativo imobilizado, em operação com mercadoria sujeita ao regime de substituição tributária. | Interestadual          ","412",Devolução - com ST,"Devolução de bem do ativo imobilizado, em operação com mercadoria sujeita ao regime de substituição tributária.",Saídas Ou Prestações De Serviços Para Outros Estados,Outras,Interestadual,Saídas De Mercadorias Sujeitas Ao Regime De Substituição Tributária,Mercadoria,Saídas,"",Não,Não,Débito,Não
"1159","1159","1159 | Entrada decorrente do fornecimento de produto ou mercadoria de ato cooperativo","1159 | Entrada decorrente do fornecimento de produto ou mercadoria de ato cooperativo | Dentro do estado","159",Outras entradas,Entrada decorrente do fornecimento de produto ou mercadoria de ato cooperativo,Entradas Ou Aquisições De Serviços Do Estado,"",Dentro do estado,"Transferências para Industrialização, produção rural, comercialização ou prestação de serviços",Mercadoria,Entradas,"",Não,Não,Crédito,Não
"1922","1922","1922 | Lançamento efetuado a título de simples faturamento decorrente de compra para recebimento futuro          ","1922 | Lançamento efetuado a título de simples faturamento decorrente de compra para recebimento futuro | Dentro do estado          ","922",Simples faturamento,Lançamento efetuado a título de simples faturamento decorrente de compra para recebimento futuro          ,Entradas Ou Aquisições De Serviços Do Estado,"",Dentro do estado,Outras Entradas De Mercadorias Ou Aquisições De Serviços,Mercadoria,Entradas,"",Não,Não,Crédito,Não
"2660","2660","2660 | Devolução de venda de combustível ou lubrificante destinado à industrialização subseqüente                ","2660 | Devolução de venda de combustível ou lubrificante destinado à industrialização subseqüente | Interestadual                   ","660",Devolução,Devolução de venda de combustível ou lubrificante destinado à industrialização subseqüente                ,Entradas Ou Aquisições De Serviços De Outros Estados,"",Interestadual,"Entradas de Combustíveis, derivados ou não de petróleo e lubrificantes",Mercadoria,Entradas,"",Não,Não,Crédito,Não
"5202","5202","5202 | Devolução de compra para comercialização, ou qualquer devolução de mercadorias efetuada pelo MEI com exceção das classificadas no código 5.503                                                                  ","5202 | Devolução de compra para comercialização, ou qualquer devolução de mercadorias efetuada pelo MEI com exceção das classificadas no código 5.503 | Dentro do estado                                                                  ","202",Devolução,"Devolução de compra para comercialização, ou qualquer devolução de mercadorias efetuada pelo MEI com exceção das classificadas no código 5.503                                                                  ",Saídas Ou Prestações De Serviços Para O Estado,Outras,Dentro do estado,"Devoluções De Compras Para Industrialização, Comercialização Ou Anulações De Valores",Mercadoria,Saídas,"",Não,Não,Débito,Não
"5914","5914","5914 | Remessa de mercadoria ou bem para exposição ou feira                                                      ","5914 | Remessa de mercadoria ou bem para exposição ou feira | Dentro do estado                                                      ","914",Exposição ou feira,Remessa de mercadoria ou bem para exposição ou feira                                                      ,Saídas Ou Prestações De Serviços Para O Estado,Outras,Dentro do estado,Outras Saídas De Mercadorias Ou Prestações De Serviços,Mercadoria,Saídas,"",Não,Não,Débito,Não
"6413","6413","6413 | Devolução de mercadoria destinada ao uso ou consumo, em operação com mercadoria sujeita ao regime de substituição tributária.       ","6413 | Devolução de mercadoria destinada ao uso ou consumo, em operação com mercadoria sujeita ao regime de substituição tributária. | Interestadual            ","413",Devolução - com ST,"Devolução de mercadoria destinada ao uso ou consumo, em operação com mercadoria sujeita ao regime de substituição tributária.       ",Saídas Ou Prestações De Serviços Para Outros Estados,Outras,Interestadual,Saídas De Mercadorias Sujeitas Ao Regime De Substituição Tributária,Mercadoria,Saídas,"",Não,Não,Débito,Não
"1201","1201","1201 | Devolução de venda de produção do estabelecimento                                                         ","1201 | Devolução de venda de produção do estabelecimento | Dentro do estado                                                         ","201",Devolução,Devolução de venda de produção do estabelecimento                                                         ,Entradas Ou Aquisições De Serviços Do Estado,"",Dentro do estado,"Devoluções De Vendas De Produção Própria, De Terceiros Ou Anulações De Valores",Mercadoria,Entradas,"",Não,Não,Crédito,Não
"1923","1923","1923 | Entrada de mercadoria recebida do vendedor remetente, em venda à ordem                                    ","1923 | Entrada de mercadoria recebida do vendedor remetente, em venda à ordem | Dentro do estado                                    ","923",Outras entradas,"Entrada de mercadoria recebida do vendedor remetente, em venda à ordem                                    ",Entradas Ou Aquisições De Serviços Do Estado,"",Dentro do estado,Outras Entradas De Mercadorias Ou Aquisições De Serviços,Mercadoria,Entradas,"",Não,Não,Crédito,Não
"2661","2661","2661 | Devolução de venda de combustível ou lubrificante destinado à comercialização                             ","2661 | Devolução de venda de combustível ou lubrificante destinado à comercialização | Interestadual                                ","661",Devolução,Devolução de venda de combustível ou lubrificante destinado à comercialização                             ,Entradas Ou Aquisições De Serviços De Outros Estados,"",Interestadual,"Entradas de Combustíveis, derivados ou não de petróleo e lubrificantes",Mercadoria,Entradas,"",Não,Não,Crédito,Não
"5205","5205","5205 | Anulação de valor relativo a aquisição de serviço de comunicação                                          ","5205 | Anulação de valor relativo a aquisição de serviço de comunicação | Dentro do estado                                          ","205",Devolução,Anulação de valor relativo a aquisição de serviço de comunicação                                          ,Saídas Ou Prestações De Serviços Para O Estado,Outras,Dentro do estado,"Devoluções De Compras Para Industrialização, Comercialização Ou Anulações De Valores",Mercadoria,Saídas,"",Não,Não,Débito,Não
"5915","5915","5915 | Remessa de mercadoria ou bem para conserto ou reparo                                                      ","5915 | Remessa de mercadoria ou bem para conserto ou reparo | Dentro do estado                                                      ","915",Conserto,Remessa de mercadoria ou bem para conserto ou reparo                                                      ,Saídas Ou Prestações De Serviços Para O Estado,Outras,Dentro do estado,Outras Saídas De Mercadorias Ou Prestações De Serviços,Mercadoria,Saídas,"",Não,Não,Débito,Não
"6414","6414","6414 | Remessa de produção do estabelecimento para venda fora do estabelecimento em operação com produto sujeito ao regime de substituição tributária.","6414 |Remessa de produção do estabelecimento para venda fora do estabelecimento em operação com produto sujeito ao regime de substituição tributária.| Interestadual            ","414",Outras saídas - com ST,Remessa de produção do estabelecimento para venda fora do estabelecimento em operação com produto sujeito ao regime de substituição tributária.,Saídas Ou Prestações De Serviços Para Outros Estados,Outras,Interestadual,Saídas De Mercadorias Sujeitas Ao Regime De Substituição Tributária,Mercadoria,Saídas,"",Não,Não,Débito,Não
"1202","1202","1202 | Devolução de venda de mercadoria adquirida ou recebida de terceiros, ou qualquer devolução de mercadoria efetuada pelo MEI com exceção das classificadas nos códigos 1.503, 1.504, 1.505 e 1.506.                   ","1202 | Devolução de venda de mercadoria adquirida ou recebida de terceiros, ou qualquer devolução de mercadoria efetuada pelo MEI com exceção das classificadas nos códigos 1.503, 1.504, 1.505 e 1.506 | Dentro do estado                                       ","202",Devolução,"Devolução de venda de mercadoria adquirida ou recebida de terceiros, ou qualquer devolução de mercadoria efetuada pelo MEI com exceção das classificadas nos códigos 1.503, 1.504, 1.505 e 1.506.                   ",Entradas Ou Aquisições De Serviços Do Estado,"",Dentro do estado,"Devoluções De Vendas De Produção Própria, De Terceiros Ou Anulações De Valores",Mercadoria,Entradas,"",Não,Não,Crédito,Não
"1924","1924","1924 | Entrada para industrialização por conta e ordem do adquirente da mercadoria, quando esta não transitar pelo estabelecimento do adquirente    ","1924 | Entrada para industrialização por conta e ordem do adquirente da mercadoria, quando esta não transitar pelo estabelecimento do adquirente | Dentro do estado    ","924",Outras entradas,"Entrada para industrialização por conta e ordem do adquirente da mercadoria, quando esta não transitar pelo estabelecimento do adquirente    ",Entradas Ou Aquisições De Serviços Do Estado,"",Dentro do estado,Outras Entradas De Mercadorias Ou Aquisições De Serviços,Mercadoria,Entradas,"",Não,Não,Crédito,Não
"2662","2662","2662 | Devolução de venda de combustível ou lubrificante destinado a consumidor ou usuário final                 ","2662 | Devolução de venda de combustível ou lubrificante destinado a consumidor ou usuário final | Interestadual                    ","662",Devolução,Devolução de venda de combustível ou lubrificante destinado a consumidor ou usuário final                 ,Entradas Ou Aquisições De Serviços De Outros Estados,"",Interestadual,"Entradas de Combustíveis, derivados ou não de petróleo e lubrificantes",Mercadoria,Entradas,"",Não,Não,Crédito,Não
"5206","5206","5206 | Anulação de valor relativo a aquisição de serviço de transporte                                           ","5206 | Anulação de valor relativo a aquisição de serviço de transporte | Dentro do estado                                           ","206",Devolução,Anulação de valor relativo a aquisição de serviço de transporte                                           ,Saídas Ou Prestações De Serviços Para O Estado,Outras,Dentro do estado,"Devoluções De Compras Para Industrialização, Comercialização Ou Anulações De Valores",Mercadoria,Saídas,"",Não,Não,Débito,Não
"5916","5916","5916 | Retorno de mercadoria ou bem recebido para conserto ou reparo                                             ","5916 | Retorno de mercadoria ou bem recebido para conserto ou reparo | Dentro do estado                                             ","916",Conserto,Retorno de mercadoria ou bem recebido para conserto ou reparo                                             ,Saídas Ou Prestações De Serviços Para O Estado,Outras,Dentro do estado,Outras Saídas De Mercadorias Ou Prestações De Serviços,Mercadoria,Saídas,"",Não,Não,Débito,Não
"6415","6415","6415 | Remessa de mercadoria adquirida ou recebida de terceiros para venda fora do estabelecimento, em operação com mercadoria sujeita ao regime de substituição tributária.        ","6415 | Remessa de mercadoria adquirida ou recebida de terceiros para venda fora do estabelecimento, em operação com mercadoria sujeita ao regime de substituição tributária.| Interestadual              ","415",Outras saídas - com ST,"Remessa de mercadoria adquirida ou recebida de terceiros para venda fora do estabelecimento, em operação com mercadoria sujeita ao regime de substituição tributária.        ",Saídas Ou Prestações De Serviços Para Outros Estados,Outras,Interestadual,Saídas De Mercadorias Sujeitas Ao Regime De Substituição Tributária,Mercadoria,Saídas,"",Não,Não,Débito,Não
"1203","1203","1203 | Devolução de venda de produção do estabelecimento, destinada à Zona Franca de Manaus ou Áreas de Livre Comércio          ","1203 | Devolução de venda de produção do estabelecimento, destinada à Zona Franca de Manaus ou Áreas de Livre Comércio  | Dentro do estado          ","203",Devolução,"Devolução de venda de produção do estabelecimento, destinada à Zona Franca de Manaus ou Áreas de Livre Comércio          ",Entradas Ou Aquisições De Serviços Do Estado,"",Dentro do estado,"Devoluções De Vendas De Produção Própria, De Terceiros Ou Anulações De Valores",Mercadoria,Entradas,"",Não,Não,Crédito,Não
"1925","1925","1925 | Retorno de mercadoria remetida para industrialização por conta e ordem do adquirente da mercadoria, quando esta não transitar pelo estabelecimento do adquirente       ","1925 | Retorno de mercadoria remetida para industrialização por conta e ordem do adquirente da mercadoria, quando esta não transitar pelo estabelecimento do adquirente | Dentro do estado       ","925",Outras entradas,"Retorno de mercadoria remetida para industrialização por conta e ordem do adquirente da mercadoria, quando esta não transitar pelo estabelecimento do adquirente       ",Entradas Ou Aquisições De Serviços Do Estado,"",Dentro do estado,Outras Entradas De Mercadorias Ou Aquisições De Serviços,Mercadoria,Entradas,"",Não,Não,Crédito,Não
"2663","2663","2663 | Entrada de combustível ou lubrificante para armazenagem                                                   ","2663 | Entrada de combustível ou lubrificante para armazenagem | Interestadual                                                      ","663",Armazenagem,Entrada de combustível ou lubrificante para armazenagem                                                   ,Entradas Ou Aquisições De Serviços De Outros Estados,"",Interestadual,"Entradas de Combustíveis, derivados ou não de petróleo e lubrificantes",Mercadoria,Entradas,"",Não,Não,Crédito,Não
"5207","5207","5207 | Anulação de valor relativo à compra de energia elétrica                                                   ","5207 | Anulação de valor relativo à compra de energia elétrica | Dentro do estado                                                   ","207",Devolução,Anulação de valor relativo à compra de energia elétrica                                                   ,Saídas Ou Prestações De Serviços Para O Estado,Outras,Dentro do estado,"Devoluções De Compras Para Industrialização, Comercialização Ou Anulações De Valores",Mercadoria,Saídas,"",Não,Não,Débito,Não
"5917","5917","5917 | Remessa de mercadoria em consignação mercantil ou industrial                                              ","5917 | Remessa de mercadoria em consignação mercantil ou industrial | Dentro do estado                                              ","917",Consignação,Remessa de mercadoria em consignação mercantil ou industrial                                              ,Saídas Ou Prestações De Serviços Para O Estado,Outras,Dentro do estado,Outras Saídas De Mercadorias Ou Prestações De Serviços,Mercadoria,Saídas,"",Não,Não,Débito,Não
"6451","6451","6451 | Remessa de animal * Sistema de Integração e Parceria Rural.","6451 | Remessa de animal * Sistema de Integração e Parceria Rural | Interestadual","451",Outras saídas,Remessa de animal * Sistema de Integração e Parceria Rural.,Saídas Ou Prestações De Serviços Para Outros Estados,Outras,Interestadual,Sistemas de Integração e parceria rural,Mercadoria,Saídas,"",Não,Não,Débito,Não
"1204","1204","1204 | Devolução de venda de mercadoria adquirida ou recebida de terceiros, destinada à Zona Franca de Manaus ou Áreas de Livre Comércio    ","1204 | Devolução de venda de mercadoria adquirida ou recebida de terceiros, destinada à Zona Franca de Manaus ou Áreas de Livre Comércio | Dentro do estado    ","204",Devolução,"Devolução de venda de mercadoria adquirida ou recebida de terceiros, destinada à Zona Franca de Manaus ou Áreas de Livre Comércio    ",Entradas Ou Aquisições De Serviços Do Estado,"",Dentro do estado,"Devoluções De Vendas De Produção Própria, De Terceiros Ou Anulações De Valores",Mercadoria,Entradas,"",Não,Não,Crédito,Não
"1926","1926","1926 | Lançamento efetuado a título de reclassificação de mercadoria decorrente de formação de kit ou de sua desagregação     ","1926 | Lançamento efetuado a título de reclassificação de mercadoria decorrente de formação de kit ou de sua desagregação | Dentro do estado     ","926",Formação de kit,Lançamento efetuado a título de reclassificação de mercadoria decorrente de formação de kit ou de sua desagregação     ,Entradas Ou Aquisições De Serviços Do Estado,"",Dentro do estado,Outras Entradas De Mercadorias Ou Aquisições De Serviços,Mercadoria,Entradas,"",Não,Não,Crédito,Não
"2664","2664","2664 | Retorno de combustível ou lubrificante remetido para armazenagem                                          ","2664 | Retorno de combustível ou lubrificante remetido para armazenagem | Interestadual                                             ","664",Armazenagem,Retorno de combustível ou lubrificante remetido para armazenagem                                          ,Entradas Ou Aquisições De Serviços De Outros Estados,"",Interestadual,"Entradas de Combustíveis, derivados ou não de petróleo e lubrificantes",Mercadoria,Entradas,"",Não,Não,Crédito,Não
"5208","5208","5208 | Devolução de mercadoria recebida em transferência para industrialização ou produção rural                 ","5208 | Devolução de mercadoria recebida em transferência para industrialização ou produção rural | Dentro do estado                 ","208",Devolução,Devolução de mercadoria recebida em transferência para industrialização ou produção rural                 ,Saídas Ou Prestações De Serviços Para O Estado,Outras,Dentro do estado,"Devoluções De Compras Para Industrialização, Comercialização Ou Anulações De Valores",Mercadoria,Saídas,"",Não,Não,Débito,Não
"5918","5918","5918 | Devolução de mercadoria recebida em consignação mercantil ou industrial                                   ","5918 | Devolução de mercadoria recebida em consignação mercantil ou industrial | Dentro do estado                                   ","918",Devolução,Devolução de mercadoria recebida em consignação mercantil ou industrial                                   ,Saídas Ou Prestações De Serviços Para O Estado,Outras,Dentro do estado,Outras Saídas De Mercadorias Ou Prestações De Serviços,Mercadoria,Saídas,"",Não,Não,Débito,Não
"6452","6452","6452 | Remessa de insumo * Sistema de Integração e Parceria Rural.","6452 | Remessa de insumo * Sistema de Integração e Parceria Rural | Interestadual","452",Outras saídas,Remessa de insumo * Sistema de Integração e Parceria Rural.,Saídas Ou Prestações De Serviços Para Outros Estados,Outras,Interestadual,Sistemas de Integração e parceria rural,Mercadoria,Saídas,"",Não,Não,Débito,Não
"1205","1205","1205 | Anulação de valor relativo à prestação de serviço de comunicação                                          ","1205 | Anulação de valor relativo à prestação de serviço de comunicação | Dentro do estado                                          ","205",Devolução,Anulação de valor relativo à prestação de serviço de comunicação                                          ,Entradas Ou Aquisições De Serviços Do Estado,"",Dentro do estado,"Devoluções De Vendas De Produção Própria, De Terceiros Ou Anulações De Valores",Mercadoria,Entradas,"",Não,Não,Crédito,Não
"1931","1931","1931 | Lançamento efetuado pelo tomador do serviço de transporte quando a responsabilidade de retenção do imposto for atribuída ao remetente ou alienante da mercadoria, pelo serviço de transporte realizado por transportador autônomo ou por transportador não inscrito na unidade da Federação onde iniciado o serviço.        ","1931 | Lançamento efetuado pelo tomador do serviço de transporte quando a responsabilidade de retenção do imposto for atribuída ao remetente ou alienante da mercadoria, pelo serviço de transporte realizado por transportador autônomo ou por transportador não inscrito na unidade da Federação onde iniciado o serviço. | Dentro do estado        ","931",Serviço de transporte - ST,"Lançamento efetuado pelo tomador do serviço de transporte quando a responsabilidade de retenção do imposto for atribuída ao remetente ou alienante da mercadoria, pelo serviço de transporte realizado por transportador autônomo ou por transportador não inscrito na unidade da Federação onde iniciado o serviço.        ",Entradas Ou Aquisições De Serviços Do Estado,"",Dentro do estado,Outras Entradas De Mercadorias Ou Aquisições De Serviços,Transporte,Entradas,"",Sim,Compra,Crédito,Sim
"2901","2901","2901 | Entrada para industrialização por encomenda                                                               ","2901 | Entrada para industrialização por encomenda | Interestadual                                                                  ","901",Entrada para industrialização por encomenda,Entrada para industrialização por encomenda                                                               ,Entradas Ou Aquisições De Serviços De Outros Estados,"",Interestadual,Outras Entradas De Mercadorias Ou Aquisições De Serviços,Mercadoria,Entradas,"",Não,Não,Crédito,Não
"5209","5209","5209 | Devolução de mercadoria recebida em transferência para comercialização                                    ","5209 | Devolução de mercadoria recebida em transferência para comercialização | Dentro do estado                                    ","209",Devolução,Devolução de mercadoria recebida em transferência para comercialização                                    ,Saídas Ou Prestações De Serviços Para O Estado,Outras,Dentro do estado,"Devoluções De Compras Para Industrialização, Comercialização Ou Anulações De Valores",Mercadoria,Saídas,"",Não,Não,Débito,Não
"5919","5919","5919 | Devolução simbólica de mercadoria vendida ou utilizada em processo industrial, recebida anteriormente em consignação mercantil ou industrial     ","5919 | Devolução simbólica de mercadoria vendida ou utilizada em processo industrial, recebida anteriormente em consignação mercantil ou industrial | Dentro do estado     ","919",Devolução,"Devolução simbólica de mercadoria vendida ou utilizada em processo industrial, recebida anteriormente em consignação mercantil ou industrial     ",Saídas Ou Prestações De Serviços Para O Estado,Outras,Dentro do estado,Outras Saídas De Mercadorias Ou Prestações De Serviços,Mercadoria,Saídas,"",Não,Não,Débito,Não
"6453","6453","6453 | Retorno de animal ou da produção * Sistema de Integração e Parceria Rural.","6453 | Retorno de animal ou da produção * Sistema de Integração e Parceria Rural  | Interestadual","453",Outras saídas,Retorno de animal ou da produção * Sistema de Integração e Parceria Rural.,Saídas Ou Prestações De Serviços Para Outros Estados,Outras,Interestadual,Sistemas de Integração e parceria rural,Mercadoria,Saídas,"",Não,Não,Débito,Não
"1206","1206","1206 | Anulação de valor relativo à prestação de serviço de transporte                                           ","1206 | Anulação de valor relativo à prestação de serviço de transporte | Dentro do estado                                           ","206",Devolução,Anulação de valor relativo à prestação de serviço de transporte                                           ,Entradas Ou Aquisições De Serviços Do Estado,"",Dentro do estado,"Devoluções De Vendas De Produção Própria, De Terceiros Ou Anulações De Valores",Mercadoria,Entradas,"",Não,Não,Crédito,Não
"1932","1932","1932 | Aquisição de serviço de transporte iniciado em unidade da Federação diversa daquela onde inscrito o prestador      ","1932 | Aquisição de serviço de transporte iniciado em unidade da Federação diversa daquela onde inscrito o prestador | Dentro do estado       ","932",Serviço de transporte - ST,Aquisição de serviço de transporte iniciado em unidade da Federação diversa daquela onde inscrito o prestador      ,Entradas Ou Aquisições De Serviços Do Estado,"",Dentro do estado,Outras Entradas De Mercadorias Ou Aquisições De Serviços,Transporte,Entradas,"",Sim,Compra,Crédito,Sim
"2902","2902","2902 | Retorno de mercadoria remetida para industrialização por encomenda                                        ","2902 | Retorno de mercadoria remetida para industrialização por encomenda | Interestadual                                           ","902",Retorno industrialização por encomenda,Retorno de mercadoria remetida para industrialização por encomenda                                        ,Entradas Ou Aquisições De Serviços De Outros Estados,"",Interestadual,Outras Entradas De Mercadorias Ou Aquisições De Serviços,Mercadoria,Entradas,"",Não,Não,Crédito,Não
"5210","5210","5210 | Devolução de compra para utilização na prestação de serviço                     ","5210 | Devolução de compra para utilização na prestação de serviço | Dentro do estado                     ","210",Devolução,Devolução de compra para utilização na prestação de serviço                     ,Saídas Ou Prestações De Serviços Para O Estado,Outras,Dentro do estado,"Devoluções De Compras Para Industrialização, Comercialização Ou Anulações De Valores",Mercadoria,Saídas,"",Não,Não,Débito,Não
"5920","5920","5920 | Remessa de embalagens, bombonas, vasilhames, sacarias, pallets, containers ou assemelhados                                                                           ","5920 | Remessa de embalagens, bombonas, vasilhames, sacarias, pallets, containers ou assemelhados | Dentro do estado                                                                           ","920",Vasilhame e sacaria,"Remessa de embalagens, bombonas, vasilhames, sacarias, pallets, containers ou assemelhados                                                                           ",Saídas Ou Prestações De Serviços Para O Estado,Outras,Dentro do estado,Outras Saídas De Mercadorias Ou Prestações De Serviços,Mercadoria,Saídas,"",Não,Não,Débito,Não
"6454","6454","6454 | Retorno simbólico de animal ou da produção * Sistema de Integração e Parceria Rural.","6454 | Retorno simbólico de animal ou da produção * Sistema de Integração e Parceria Rural  | Interestadual","454",Outras saídas,Retorno simbólico de animal ou da produção * Sistema de Integração e Parceria Rural.,Saídas Ou Prestações De Serviços Para Outros Estados,Outras,Interestadual,Sistemas de Integração e parceria rural,Mercadoria,Saídas,"",Não,Não,Débito,Não
"1207","1207","1207 | Anulação de valor relativo à venda de energia elétrica                                                    ","1207 | Anulação de valor relativo à venda de energia elétrica | Dentro do estado                                                    ","207",Devolução,Anulação de valor relativo à venda de energia elétrica                                                    ,Entradas Ou Aquisições De Serviços Do Estado,"",Dentro do estado,"Devoluções De Vendas De Produção Própria, De Terceiros Ou Anulações De Valores",Mercadoria,Entradas,"",Não,Não,Crédito,Não
"1933","1933","1933 | Aquisição de serviço tributado pelo ISSQN                                                                 ","1933 | Aquisição de serviço tributado pelo ISSQN | Dentro do estado                                                                 ","933",Serviços , Aquisição de serviço tributado pelo ISSQN                                                                 ,Entradas Ou Aquisições De Serviços Do Estado,"",Dentro do estado,Outras Entradas De Mercadorias Ou Aquisições De Serviços,Serviços,Entradas,"",Não,Não,Crédito,Não
"2903","2903","2903 | Entrada de mercadoria remetida para industrialização e não aplicada no referido processo                  ","2903 | Entrada de mercadoria remetida para industrialização e não aplicada no referido processo | Interestadual                     ","903",Outras entradas,Entrada de mercadoria remetida para industrialização e não aplicada no referido processo                  ,Entradas Ou Aquisições De Serviços De Outros Estados,"",Interestadual,Outras Entradas De Mercadorias Ou Aquisições De Serviços,Mercadoria,Entradas,"",Não,Não,Crédito,Não
"5213","5213","5213 | Devolução de entrada de mercadoria, com previsão de posterior ajuste ou fixação de preço, em ato cooperativo.","5213 | Devolução de entrada de mercadoria, com previsão de posterior ajuste ou fixação de preço, em ato cooperativo | Dentro do estado","213",Devolução,"Devolução de entrada de mercadoria, com previsão de posterior ajuste ou fixação de preço, em ato cooperativo.",Saídas Ou Prestações De Serviços Para O Estado,"",Dentro do estado,"Devoluções De Compras Para Industrialização, Comercialização Ou Anulações De Valores",Mercadoria,Saídas,"",Não,Não,Débito,Não
"5921","5921","5921 |  Devolução de embalagens, bombonas, vasilhames, sacarias, pallets, containers ou assemelhados                                                                         ","5921 |  Devolução de embalagens, bombonas, vasilhames, sacarias, pallets, containers ou assemelhados | Dentro do estado                                                                         ","921",Vasilhame e sacaria,"  Devolução de embalagens, bombonas, vasilhames, sacarias, pallets, containers ou assemelhados                                                                         ",Saídas Ou Prestações De Serviços Para O Estado,Outras,Dentro do estado,Outras Saídas De Mercadorias Ou Prestações De Serviços,Mercadoria,Saídas,"",Não,Não,Débito,Não
"6455","6455","6455 | Retorno de insumos não utilizados na produção * Sistema de Integração e Parceria Rural.","6455 | Retorno de insumos não utilizados na produção * Sistema de Integração e Parceria Rural  | Interestadual","455",Outras saídas,Retorno de insumos não utilizados na produção * Sistema de Integração e Parceria Rural.,Saídas Ou Prestações De Serviços Para Outros Estados,Outras,Interestadual,Sistemas de Integração e parceria rural,Mercadoria,Saídas,"",Não,Não,Débito,Não
"1212","1212","1212 | Devolução de venda no mercado interno de mercadoria industrializada e insumo importado sob o Regime Aduaneiro Especial de Entreposto Industrial sob Controle Informatizado do Sistema Público de Escrituração Digital (Recof-Sped) ","1212 | Devolução de venda no mercado interno de mercadoria industrializada e insumo importado sob o Regime Aduaneiro Especial de Entreposto Industrial sob Controle Informatizado do Sistema Público de Escrituração Digital (Recof - Sped) | Dentro do estado","212",Devolução,Devolução de venda no mercado interno de mercadoria industrializada e insumo importado sob o Regime Aduaneiro Especial de Entreposto Industrial sob Controle Informatizado do Sistema Público de Escrituração Digital (Recof-Sped) ,Entradas Ou Aquisições De Serviços Do Estado,"",Dentro do estado,"Devoluções De Vendas De Produção Própria, De Terceiros Ou Anulações De Valores",Mercadoria,Entradas,"",Não,Não,Crédito,Não
"2101","2101","2101 | Compra para industrialização ou produção rural                                                            ","2101 | Compra para industrialização ou produção rural | Interestadual                                                               ","101",Insumo,Compra para industrialização ou produção rural                                                            ,Entradas Ou Aquisições De Serviços De Outros Estados,"",Interestadual,"Compras para industrialização rural, comercialização ou prestação de serviços",Mercadoria,Entradas,"",Sim,Compra,Crédito,Sim
"2906","2906","2906 | Retorno de mercadoria remetida para depósito fechado ou armazém geral                                     ","2906 | Retorno de mercadoria remetida para depósito fechado ou armazém geral | Interestadual                                        ","906",Armazenagem,Retorno de mercadoria remetida para depósito fechado ou armazém geral                                     ,Entradas Ou Aquisições De Serviços De Outros Estados,"",Interestadual,Outras Entradas De Mercadorias Ou Aquisições De Serviços,Mercadoria,Entradas,"",Não,Não,Crédito,Não
"5216","5216","5216 | Devolução de entrada decorrente do fornecimento de produto ou mercadoria de ato cooperativo.","5216 | Devolução de entrada decorrente do fornecimento de produto ou mercadoria de ato cooperativo | Dentro do estado","216",Devolução,Devolução de entrada decorrente do fornecimento de produto ou mercadoria de ato cooperativo.,Saídas Ou Prestações De Serviços Para O Estado,"",Dentro do estado,"Devoluções De Compras Para Industrialização, Comercialização Ou Anulações De Valores",Mercadoria,Saídas,"",Não,Não,Débito,Não
"5924","5924","5924 | Remessa para industrialização por conta e ordem do adquirente da mercadoria, quando esta não transitar pelo estabelecimento do adquirente    ","5924 | Remessa para industrialização por conta e ordem do adquirente da mercadoria, quando esta não transitar pelo estabelecimento do adquirente | Dentro do estado    ","924",Remessa para industrialização por encomenda,"Remessa para industrialização por conta e ordem do adquirente da mercadoria, quando esta não transitar pelo estabelecimento do adquirente    ",Saídas Ou Prestações De Serviços Para O Estado,Outras,Dentro do estado,Outras Saídas De Mercadorias Ou Prestações De Serviços,Mercadoria,Saídas,"",Não,Não,Débito,Não
"6502","6502","6502 | Remessa de mercadoria adquirida ou recebida de terceiros, com fim específico de exportação                ","6502 | Remessa de mercadoria adquirida ou recebida de terceiros, com fim específico de exportação | Interestadual                   ","502",Revenda,"Remessa de mercadoria adquirida ou recebida de terceiros, com fim específico de exportação                ",Saídas Ou Prestações De Serviços Para Outros Estados,Outras,Interestadual,Remessas para formação de lote e com fim específico de exportação e eventuais devoluções,Mercadoria,Saídas,Receita,Não,Não,Débito,Não
"1214","1214","1214 | Devolução referente à fixação de preço de produção do estabelecimento produtor, de ato cooperativo","1214 | Devolução referente à fixação de preço de produção do estabelecimento produtor, de ato cooperativo | Dentro do estado","214",Devolução,"Devolução referente à fixação de preço de produção do estabelecimento produtor, de ato cooperativo",Entradas Ou Aquisições De Serviços Do Estado,"",Dentro do estado,"Devoluções De Vendas De Produção Própria, De Terceiros Ou Anulações De Valores",Mercadoria,Entradas,"",Não,Não,Crédito,Não
"2111","2111","2111 | Compra para industrialização de mercadoria recebida anteriormente em consignação industrial               ","2111 | Compra para industrialização de mercadoria recebida anteriormente em consignação industrial | Interestadual                  ","111",Insumo,Compra para industrialização de mercadoria recebida anteriormente em consignação industrial               ,Entradas Ou Aquisições De Serviços De Outros Estados,"",Interestadual,"Compras para industrialização rural, comercialização ou prestação de serviços",Mercadoria,Entradas,"",Sim,Compra,Crédito,Sim
"2908","2908","2908 | Entrada de bem por conta de contrato de comodato ou locação                                                          ","2908 | Entrada de bem por conta de contrato de comodato ou locação | Interestadual                                                             ","908",Comodato,Entrada de bem por conta de contrato de comodato ou locação                                                          ,Entradas Ou Aquisições De Serviços De Outros Estados,"",Interestadual,Outras Entradas De Mercadorias Ou Aquisições De Serviços,Mercadoria,Entradas,"",Não,Não,Crédito,Não
"5252","5252","5252 | Venda de energia elétrica para estabelecimento industrial                                                 ","5252 | Venda de energia elétrica para estabelecimento industrial | Dentro do estado                                                 ","252",Energia elétrica,Venda de energia elétrica para estabelecimento industrial                                                 ,Saídas Ou Prestações De Serviços Para O Estado,Receita,Dentro do estado,Vendas De Energia Elétrica,Mercadoria,Saídas,Receita,Não,Não,Débito,Não
"5926","5926","5926 | Lançamento efetuado a título de reclassificação de mercadoria decorrente de formação de kit ou de sua desagregação     ","5926 | Lançamento efetuado a título de reclassificação de mercadoria decorrente de formação de kit ou de sua desagregação | Dentro do estado     ","926",Formação de kit,Lançamento efetuado a título de reclassificação de mercadoria decorrente de formação de kit ou de sua desagregação     ,Saídas Ou Prestações De Serviços Para O Estado,Outras,Dentro do estado,Outras Saídas De Mercadorias Ou Prestações De Serviços,Mercadoria,Saídas,"",Não,Não,Débito,Não
"6504","6504","6504 |Remessa de mercadorias para formação de lote de exportação, de produtos industrializados ou produzidos pelo próprio estabelecimento   ","6504 | Remessa de mercadorias para formação de lote de exportação, de produtos industrializados ou produzidos pelo próprio estabelecimento | Interestadual       ","504",Outras saídas,"Remessa de mercadorias para formação de lote de exportação, de produtos industrializados ou produzidos pelo próprio estabelecimento   ",Saídas Ou Prestações De Serviços Para Outros Estados,Outras,Interestadual,Remessas para formação de lote e com fim específico de exportação e eventuais devoluções,Mercadoria,Saídas,"",Não,Não,Débito,Não
"1208","1208","1208 | Devolução de produção do estabelecimento, remetida em transferência                                       ","1208 | Devolução de produção do estabelecimento, remetida em transferência | Dentro do estado                                       ","208",Devolução,"Devolução de produção do estabelecimento, remetida em transferência                                       ",Entradas Ou Aquisições De Serviços Do Estado,"",Dentro do estado,"Devoluções De Vendas De Produção Própria, De Terceiros Ou Anulações De Valores",Mercadoria,Entradas,"",Não,Não,Crédito,Não
"1934","1934","1934 | Entrada simbólica de mercadoria recebida para depósito em depósito fechado ou armazém geral","1934 | Entrada simbólica de mercadoria recebida para depósito em depósito fechado ou armazém geral| Dentro do estado","934",Outras entradas,Entrada simbólica de mercadoria recebida para depósito em depósito fechado ou armazém geral,Entradas Ou Aquisições De Serviços Do Estado,"",Dentro do estado,Outras Entradas De Mercadorias Ou Aquisições De Serviços,Mercadoria,Entradas,"",Não,Não,Crédito,Não
"2904","2904","2904 | Retorno de remessa para venda fora do estabelecimento, ou qualquer entrada e retorno de remessa efetuada pelo MEI com exceção dos classificados nos códigos 2.202, 2.503, 2.504, 2.505 e 2.506                                                    ","2904 | Retorno de remessa para venda fora do estabelecimento, ou qualquer entrada e retorno de remessa efetuada pelo MEI com exceção dos classificados nos códigos 2.202, 2.503, 2.504, 2.505 e 2.506 | Interestadual                                                        ","904",Outras entradas,"Retorno de remessa para venda fora do estabelecimento, ou qualquer entrada e retorno de remessa efetuada pelo MEI com exceção dos classificados nos códigos 2.202, 2.503, 2.504, 2.505 e 2.506                                                    ",Entradas Ou Aquisições De Serviços De Outros Estados,"",Interestadual,Outras Entradas De Mercadorias Ou Aquisições De Serviços,Mercadoria,Entradas,"",Não,Não,Crédito,Não
"5214","5214","5214 | Devolução referente à fixação de preço de produção do estabelecimento produtor, inclusive quando remetidas anteriormente com previsão de posterior ajuste ou fixação de preço, de ato cooperativo, para comercialização.","5214 | Devolução referente à fixação de preço de produção do estabelecimento produtor, inclusive quando remetidas anteriormente com previsão de posterior ajuste ou fixação de preço, de ato cooperativo, para comercialização | Dentro do estado","214",Devolução,"Devolução referente à fixação de preço de produção do estabelecimento produtor, inclusive quando remetidas anteriormente com previsão de posterior ajuste ou fixação de preço, de ato cooperativo, para comercialização.",Saídas Ou Prestações De Serviços Para O Estado,"",Dentro do estado,"Devoluções De Compras Para Industrialização, Comercialização Ou Anulações De Valores",Mercadoria,Saídas,"",Não,Não,Débito,Não
"5922","5922","5922 | Lançamento efetuado a título de simples faturamento decorrente de venda para entrega futura               ","5922 | Lançamento efetuado a título de simples faturamento decorrente de venda para entrega futura | Dentro do estado               ","922",Simples faturamento,Lançamento efetuado a título de simples faturamento decorrente de venda para entrega futura               ,Saídas Ou Prestações De Serviços Para O Estado,Receita,Dentro do estado,Outras Saídas De Mercadorias Ou Prestações De Serviços,Mercadoria,Saídas,Receita,Não,Não,Débito,Não
"6456","6456","6456 | Saída referente a remuneração do produtor * Sistema de Integração e Parceria Rural.","6456 | Saída referente a remuneração do produtor * Sistema de Integração e Parceria Rural  | Interestadual","456",Outras saídas,Saída referente a remuneração do produtor * Sistema de Integração e Parceria Rural.,Saídas Ou Prestações De Serviços Para Outros Estados,Outras,Interestadual,Sistemas de Integração e parceria rural,Mercadoria,Saídas,"",Não,Não,Débito,Não
"1213","1213","1213 | Devolução de remessa de produção do estabelecimento, com previsão de posterior ajuste ou fixação de preço, em ato cooperativo","1213 | Devolução de remessa de produção do estabelecimento, com previsão de posterior ajuste ou fixação de preço, em ato cooperativo | Dentro do estado","213",Devolução,"Devolução de remessa de produção do estabelecimento, com previsão de posterior ajuste ou fixação de preço, em ato cooperativo",Entradas Ou Aquisições De Serviços Do Estado,"",Dentro do estado,"Devoluções De Vendas De Produção Própria, De Terceiros Ou Anulações De Valores",Mercadoria,Entradas,"",Não,Não,Crédito,Não
"2102","2102","2102 | Compra para comercialização                                                                               ","2102 | Compra para comercialização | Interestadual                                                                                  ","102",Revenda,Compra para comercialização                                                                               ,Entradas Ou Aquisições De Serviços De Outros Estados,"",Interestadual,"Compras para industrialização rural, comercialização ou prestação de serviços",Mercadoria,Entradas,"",Sim,Compra,Crédito,Sim
"2907","2907","2907 | Retorno simbólico de mercadoria remetida para depósito fechado ou armazém geral                           ","2907 | Retorno simbólico de mercadoria remetida para depósito fechado ou armazém geral | Interestadual                              ","907",Armazenagem,Retorno simbólico de mercadoria remetida para depósito fechado ou armazém geral                           ,Entradas Ou Aquisições De Serviços De Outros Estados,"",Interestadual,Outras Entradas De Mercadorias Ou Aquisições De Serviços,Mercadoria,Entradas,"",Não,Não,Crédito,Não
"5251","5251","5251 | Venda de energia elétrica para distribuição ou comercialização                                            ","5251 | Venda de energia elétrica para distribuição ou comercialização | Dentro do estado                                            ","251",Energia elétrica,Venda de energia elétrica para distribuição ou comercialização                                            ,Saídas Ou Prestações De Serviços Para O Estado,Receita,Dentro do estado,Vendas De Energia Elétrica,Mercadoria,Saídas,Receita,Não,Não,Débito,Não
"5925","5925","5925 | Retorno de mercadoria recebida para industrialização por conta e ordem do adquirente da mercadoria, quando aquela não transitar pelo estabelecimento do adquirente       ","5925 | Retorno de mercadoria recebida para industrialização por conta e ordem do adquirente da mercadoria, quando aquela não transitar pelo estabelecimento do adquirente | Dentro do estado       ","925",Retorno industrialização por encomenda,"Retorno de mercadoria recebida para industrialização por conta e ordem do adquirente da mercadoria, quando aquela não transitar pelo estabelecimento do adquirente       ",Saídas Ou Prestações De Serviços Para O Estado,Outras,Dentro do estado,Outras Saídas De Mercadorias Ou Prestações De Serviços,Mercadoria,Saídas,"",Não,Não,Débito,Não
"6503","6503","6503 | Devolução de mercadoria recebida com fim específico de exportação                                         ","6503 | Devolução de mercadoria recebida com fim específico de exportação | Interestadual                                            ","503",Devolução,Devolução de mercadoria recebida com fim específico de exportação                                         ,Saídas Ou Prestações De Serviços Para Outros Estados,Outras,Interestadual,Remessas para formação de lote e com fim específico de exportação e eventuais devoluções,Mercadoria,Saídas,"",Não,Não,Débito,Não
"1209","1209","1209 | Devolução de mercadoria adquirida ou recebida de terceiros, remetida em transferência                     ","1209 | Devolução de mercadoria adquirida ou recebida de terceiros, remetida em transferência | Dentro do estado                     ","209",Devolução,"Devolução de mercadoria adquirida ou recebida de terceiros, remetida em transferência                     ",Entradas Ou Aquisições De Serviços Do Estado,"",Dentro do estado,"Devoluções De Vendas De Produção Própria, De Terceiros Ou Anulações De Valores",Mercadoria,Entradas,"",Não,Não,Crédito,Não
"1949","1949","1949 | Outra entrada de mercadoria ou prestação de serviço não especificada                                      ","1949 | Outra entrada de mercadoria ou prestação de serviço não especificada | Dentro do estado                                      ","949",Outras entradas,Outra entrada de mercadoria ou prestação de serviço não especificada                                      ,Entradas Ou Aquisições De Serviços Do Estado,"",Dentro do estado,Outras Entradas De Mercadorias Ou Aquisições De Serviços,Mercadoria,Entradas,"",Não,Não,Crédito,Não
"2905","2905","2905 | Entrada de mercadoria recebida para depósito em depósito fechado ou armazém geral                         ","2905 | Entrada de mercadoria recebida para depósito em depósito fechado ou armazém geral | Interestadual                            ","905",Armazenagem,Entrada de mercadoria recebida para depósito em depósito fechado ou armazém geral                         ,Entradas Ou Aquisições De Serviços De Outros Estados,"",Interestadual,Outras Entradas De Mercadorias Ou Aquisições De Serviços,Mercadoria,Entradas,"",Não,Não,Crédito,Não
"5215","5215","5215 | Devolução referente à fixação de preço de produção do estabelecimento produtor, inclusive quando remetidas anteriormente com previsão de posterior ajuste ou fixação de preço, de ato cooperativo, para industrialização.","5215 | Devolução referente à fixação de preço de produção do estabelecimento produtor, inclusive quando remetidas anteriormente com previsão de posterior ajuste ou fixação de preço, de ato cooperativo, para industrialização | Dentro do estado","215",Devolução,"Devolução referente à fixação de preço de produção do estabelecimento produtor, inclusive quando remetidas anteriormente com previsão de posterior ajuste ou fixação de preço, de ato cooperativo, para industrialização.",Saídas Ou Prestações De Serviços Para O Estado,"",Dentro do estado,"Devoluções De Compras Para Industrialização, Comercialização Ou Anulações De Valores",Mercadoria,Saídas,"",Não,Não,Débito,Não
"5923","5923","5923 | Remessa de mercadoria por conta e ordem de terceiros, em venda à ordem ou em operações com armazém geral ou depósito fechado                                    ","5923 | Remessa de mercadoria por conta e ordem de terceiros, em venda à ordem ou em operações com armazém geral ou depósito fechado | Dentro do estado                                    ","923",Remessa - venda à ordem,"Remessa de mercadoria por conta e ordem de terceiros, em venda à ordem ou em operações com armazém geral ou depósito fechado                                    ",Saídas Ou Prestações De Serviços Para O Estado,Outras,Dentro do estado,Outras Saídas De Mercadorias Ou Prestações De Serviços,Mercadoria,Saídas,"",Não,Não,Débito,Não
"6501","6501","6501 | Remessa de produção do estabelecimento, com fim específico de exportação                                  ","6501 | Remessa de produção do estabelecimento, com fim específico de exportação | Interestadual                                     ","501",Venda,"Remessa de produção do estabelecimento, com fim específico de exportação                                  ",Saídas Ou Prestações De Serviços Para Outros Estados,Outras,Interestadual,Remessas para formação de lote e com fim específico de exportação e eventuais devoluções,Mercadoria,Saídas,Receita,Não,Não,Débito,Não
"1215","1215","1215 | Devolução de fornecimento de produção do estabelecimento de ato cooperativo ","1215 | Devolução de fornecimento de produção do estabelecimento de ato cooperativo | Dentro do estado","215",Devolução,Devolução de fornecimento de produção do estabelecimento de ato cooperativo ,Entradas Ou Aquisições De Serviços Do Estado,"",Dentro do estado,"Devoluções De Vendas De Produção Própria, De Terceiros Ou Anulações De Valores",Mercadoria,Entradas,"",Não,Não,Crédito,Não
"2113","2113","2113 | Compra para comercialização, de mercadoria recebida anteriormente em consignação mercantil                ","2113 | Compra para comercialização, de mercadoria recebida anteriormente em consignação mercantil | Interestadual                   ","113",Revenda,"Compra para comercialização, de mercadoria recebida anteriormente em consignação mercantil                ",Entradas Ou Aquisições De Serviços De Outros Estados,"",Interestadual,"Compras para industrialização rural, comercialização ou prestação de serviços",Mercadoria,Entradas,"",Sim,Compra,Crédito,Sim
"2909","2909","2909 | Retorno de bem remetido por conta de contrato de comodato ou locação                                                 ","2909 | Retorno de bem remetido por conta de contrato de comodato ou locação | Interestadual                                                    ","909",Comodato,Retorno de bem remetido por conta de contrato de comodato ou locação                                                 ,Entradas Ou Aquisições De Serviços De Outros Estados,"",Interestadual,Outras Entradas De Mercadorias Ou Aquisições De Serviços,Mercadoria,Entradas,"",Não,Não,Crédito,Não
"5253","5253","5253 | Venda de energia elétrica para estabelecimento comercial                                                  ","5253 | Venda de energia elétrica para estabelecimento comercial | Dentro do estado                                                  ","253",Energia elétrica,Venda de energia elétrica para estabelecimento comercial                                                  ,Saídas Ou Prestações De Serviços Para O Estado,Receita,Dentro do estado,Vendas De Energia Elétrica,Mercadoria,Saídas,Receita,Não,Não,Débito,Não
"5927","5927","5927 | Lançamento efetuado a título de baixa de estoque decorrente de perda, roubo ou deterioração               ","5927 | Lançamento efetuado a título de baixa de estoque decorrente de perda, roubo ou deterioração | Dentro do estado               ","927",Baixa de estoque,"Lançamento efetuado a título de baixa de estoque decorrente de perda, roubo ou deterioração               ",Saídas Ou Prestações De Serviços Para O Estado,Outras,Dentro do estado,Outras Saídas De Mercadorias Ou Prestações De Serviços,Mercadoria,Saídas,"",Não,Não,Débito,Não
"6505","6505","6505 | Remessa de mercadorias, adquiridas ou recebidas de terceiros, para formação de lote de exportação         ","6505 | Remessa de mercadorias, adquiridas ou recebidas de terceiros, para formação de lote de exportação | Interestadual            ","505",Outras saídas,"Remessa de mercadorias, adquiridas ou recebidas de terceiros, para formação de lote de exportação         ",Saídas Ou Prestações De Serviços Para Outros Estados,Outras,Interestadual,Remessas para formação de lote e com fim específico de exportação e eventuais devoluções,Mercadoria,Saídas,"",Não,Não,Débito,Não
"1662","1662","1662 | Devolução de venda de combustível ou lubrificante destinado a consumidor ou usuário final                 ","1662 | Devolução de venda de combustível ou lubrificante destinado a consumidor ou usuário final | Dentro do estado                 ","662",Devolução,Devolução de venda de combustível ou lubrificante destinado a consumidor ou usuário final                 ,Entradas Ou Aquisições De Serviços Do Estado,"",Dentro do estado,"Entradas de combustíveis, derivados ou não de petróleo e lubrificantes",Mercadoria,Entradas,"",Não,Não,Crédito,Não
"2452","2452","2452 | Entrada de insumo ","2452 | Entrada de insumo | Interestadual ","452",Outras entradas,Entrada de insumo ,Entradas Ou Aquisições De Serviços De Outros Estados,"",Interestadual,Sistemas de integração e parceria rural,Mercadoria,Entradas,"",Não,Não,Crédito,Não
"5112","5112","5112 | Venda de mercadoria adquirida ou recebida de terceiros remetida anteriormente em consignação industrial   ","5112 | Venda de mercadoria adquirida ou recebida de terceiros remetida anteriormente em consignação industrial | Dentro do estado   ","112",Revenda,Venda de mercadoria adquirida ou recebida de terceiros remetida anteriormente em consignação industrial   ,Saídas Ou Prestações De Serviços Para O Estado,Receita,Dentro do estado,Vendas De Produção Própria Ou De Terceiros,Mercadoria,Saídas,Receita,Não,Não,Débito,Sim
"5657","5657","5657 | Remessa de combustíveis ou lubrificantes adquiridos ou recebidos de terceiros para venda fora do estabelecimento              ","5657 | Remessa de combustíveis ou lubrificantes adquiridos ou recebidos de terceiros para venda fora do estabelecimento | Dentro do estado              ","657",Outras saídas,Remessa de combustíveis ou lubrificantes adquiridos ou recebidos de terceiros para venda fora do estabelecimento              ,Saídas Ou Prestações De Serviços Para O Estado,Outras,Dentro do estado,"Saídas de Combustíveis, derivados ou não de petróleo e lubrificantes",Mercadoria,Saídas,"",Não,Não,Débito,Não
"6302","6302","6302 | Prestação de serviço de comunicação a estabelecimento industrial                                          ","6302 | Prestação de serviço de comunicação a estabelecimento industrial | Interestadual                                             ","302",Serviço de comunicação,Prestação de serviço de comunicação a estabelecimento industrial                                          ,Saídas Ou Prestações De Serviços Para Outros Estados,Receita,Interestadual,Prestações De Serviços De Comunicação,Mercadoria,Saídas,Receita,Não,Não,Débito,Não
"7201","7201","7201 | Devolução de compra para industrialização ou produção rural                                               ","7201 | Devolução de compra para industrialização ou produção rural | Exportação                                                     ","201",Devolução,Devolução de compra para industrialização ou produção rural                                               ,Saídas Ou Prestações De Serviços Para O Exterior,Outras,Exportação,"Devoluções de Compras para Industrialização, produção rural, comercialização ou anulações de valores",Mercadoria,Saídas,"",Não,Não,Débito,Não
"1663","1663","1663 | Entrada de combustível ou lubrificante para armazenagem                                                   ","1663 | Entrada de combustível ou lubrificante para armazenagem | Dentro do estado                                                   ","663",Armazenagem,Entrada de combustível ou lubrificante para armazenagem                                                   ,Entradas Ou Aquisições De Serviços Do Estado,"",Dentro do estado,"Entradas de combustíveis, derivados ou não de petróleo e lubrificantes",Mercadoria,Entradas,"",Não,Não,Crédito,Não
"2453","2453","2453 | Retorno do animal ou da produção ","2453 | Retorno do animal ou da produção | Interestadual","453",Outras entradas,Retorno do animal ou da produção ,Entradas Ou Aquisições De Serviços De Outros Estados,"",Interestadual,Sistemas de integração e parceria rural,Mercadoria,Entradas,"",Não,Não,Crédito,Não
"5113","5113","5113 | Venda de produção do estabelecimento remetida anteriormente em consignação mercantil                      ","5113 | Venda de produção do estabelecimento remetida anteriormente em consignação mercantil | Dentro do estado                      ","113",Venda de produção,Venda de produção do estabelecimento remetida anteriormente em consignação mercantil                      ,Saídas Ou Prestações De Serviços Para O Estado,Receita,Dentro do estado,Vendas De Produção Própria Ou De Terceiros,Mercadoria,Saídas,Receita,Não,Não,Débito,Não
"5658","5658","5658 | Transferência de combustível ou lubrificante de produção do estabelecimento                               ","5658 | Transferência de combustível ou lubrificante de produção do estabelecimento | Dentro do estado                               ","658",Transferência - produção,Transferência de combustível ou lubrificante de produção do estabelecimento                               ,Saídas Ou Prestações De Serviços Para O Estado,Transferência,Dentro do estado,"Saídas de Combustíveis, derivados ou não de petróleo e lubrificantes",Mercadoria,Saídas,Transferência produto acabado,Não,Não,Débito,Não
"6303","6303","6303 | Prestação de serviço de comunicação a estabelecimento comercial                                           ","6303 | Prestação de serviço de comunicação a estabelecimento comercial | Interestadual                                              ","303",Serviço de comunicação,Prestação de serviço de comunicação a estabelecimento comercial                                           ,Saídas Ou Prestações De Serviços Para Outros Estados,Receita,Interestadual,Prestações De Serviços De Comunicação,Mercadoria,Saídas,Receita,Não,Não,Débito,Não
"7202","7202","7202 | Devolução de compra para comercialização                                                                  ","7202 | Devolução de compra para comercialização | Exportação                                                                        ","202",Devolução,Devolução de compra para comercialização                                                                  ,Saídas Ou Prestações De Serviços Para O Exterior,Outras,Exportação,"Devoluções de Compras para Industrialização, produção rural, comercialização ou anulações de valores",Mercadoria,Saídas,"",Não,Não,Débito,Não
"1125","1125","1125 | Industrialização efetuada por outra empresa quando a mercadoria remetida para utilização no processo de industrialização não transitou pelo estabelecimento adquirente da mercadoria","1125 | Industrialização efetuada por outra empresa quando a mercadoria remetida para utilização no processo de industrialização não transitou pelo estabelecimento adquirente da mercadoria | Dentro do estado   ","125",Industrialização por encomenda,Industrialização efetuada por outra empresa quando a mercadoria remetida para utilização no processo de industrialização não transitou pelo estabelecimento adquirente da mercadoria,Entradas Ou Aquisições De Serviços Do Estado,"",Dentro do estado,"Compras para Industrialização, produção rural, comercialização ou prestação de serviços",Mercadoria,Entradas,"",Sim,Compra,Crédito,Sim
"1912","1912","1912 | Entrada de mercadoria ou bem recebido para demonstração ou mostruário                                                   ","1912 | Entrada de mercadoria ou bem recebido para demonstração ou mostruário | Dentro do estado                                                   ","912",Demonstração,Entrada de mercadoria ou bem recebido para demonstração ou mostruário                                                   ,Entradas Ou Aquisições De Serviços Do Estado,"",Dentro do estado,Outras Entradas De Mercadorias Ou Aquisições De Serviços,Mercadoria,Entradas,"",Não,Não,Crédito,Não
"2555","2555","2555 | Entrada de bem do ativo imobilizado de terceiro, remetido para uso no estabelecimento                     ","2555 | Entrada de bem do ativo imobilizado de terceiro, remetido para uso no estabelecimento | Interestadual                        ","555",Outras entradas,"Entrada de bem do ativo imobilizado de terceiro, remetido para uso no estabelecimento                     ",Entradas Ou Aquisições De Serviços De Outros Estados,"",Interestadual,Operações Com Bens De Ativo Imobilizado E Materiais Para Uso Ou Consumo,Mercadoria,Entradas,"",Não,Não,Crédito,Não
"5131","5131","5131 | Remessa de produção do estabelecimento, com previsão de posterior ajuste ou fixação de preço, de ato cooperativo.","5131 | Remessa de produção do estabelecimento, com previsão de posterior ajuste ou fixação de preço, de ato cooperativo | Dentro do estado","131",Outras saídas,"Remessa de produção do estabelecimento, com previsão de posterior ajuste ou fixação de preço, de ato cooperativo.",Saídas Ou Prestações De Serviços Para O Estado,Outras,Dentro do estado,Vendas De Produção Própria Ou De Terceiros,Mercadoria,Saídas,"",Não,Não,Débito,Não
"5904","5904","5904 | Remessa para venda fora do estabelecimento, ou qualquer remessa efetuada pelo MEI com exceção das classificadas nos códigos 5.502 e 5.505                                                                ","5904 | Remessa para venda fora do estabelecimento, ou qualquer remessa efetuada pelo MEI com exceção das classificadas nos códigos 5.502 e 5.505 | Dentro do estado                                                                ","904",Outras saídas,"Remessa para venda fora do estabelecimento, ou qualquer remessa efetuada pelo MEI com exceção das classificadas nos códigos 5.502 e 5.505                                                                ",Saídas Ou Prestações De Serviços Para O Estado,Outras,Dentro do estado,Outras Saídas De Mercadorias Ou Prestações De Serviços,Mercadoria,Saídas,"",Não,Não,Débito,Não
"6360","6360","6360 | Prestação de serviço de transporte a contribuinte substituto em relação ao serviço de transporte.","6360 | Prestação de serviço de transporte a contribuinte substituto em relação ao serviço de transporte | Interestadual","360",Serviço de transporte - ST,Prestação de serviço de transporte a contribuinte substituto em relação ao serviço de transporte.,Saídas Ou Prestações De Serviços Para Outros Estados,Receita,Interestadual,Prestações De Serviços De Transporte,Serviços,Saídas,Receita,Não,Não,Débito,Não
"7552","7552","7552 | Saída de produtos destinados ao uso ou consumo de bordo, em embarcações ou aeronaves exclusivamente em tráfego internacional com destino ao exterior.","7552 | Saída de produtos destinados ao uso ou consumo de bordo, em embarcações ou aeronaves exclusivamente em tráfego internacional com destino ao exterior | Exportação","552",Uso e consumo,"Saída de produtos destinados ao uso ou consumo de bordo, em embarcações ou aeronaves exclusivamente em tráfego internacional com destino ao exterior.",Saídas Ou Prestações De Serviços Para O Exterior,Outras,Exportação,Operações Com Bens De Ativo Imobilizado E Materiais Para Uso Ou Consumo,Mercadoria,Saídas,Uso e consumo,Não,Não,Débito,Não
"1410","1410","1410 | Devolução de venda de produção do estabelecimento em operação com produto sujeito ao regime de substituição tributária            ","1410 | Devolução de venda de produção do estabelecimento em operação com produto sujeito ao regime de substituição tributária| Dentro do estado            ","410",Devolução - com ST,Devolução de venda de produção do estabelecimento em operação com produto sujeito ao regime de substituição tributária            ,Entradas Ou Aquisições De Serviços Do Estado,"",Dentro do estado,Entradas De Mercadorias Sujeitas Ao Regime De Substituição Tributária,Mercadoria,Entradas,"",Não,Não,Crédito,Não
"2212","2212","2212 | Devolução de venda no mercado interno de mercadoria industrializada e insumo importado sob o Regime Aduaneiro Especial de Entreposto Industrial sob Controle Informatizado do Sistema Público de Escrituração Digital (Recof)","2212 | Devolução de venda no mercado interno de mercadoria industrializada e insumo importado sob o Regime Aduaneiro Especial de Entreposto Industrial sob Controle Informatizado do Sistema Público de Escrituração Digital (Recof) | Interestadual","212",Devolução,Devolução de venda no mercado interno de mercadoria industrializada e insumo importado sob o Regime Aduaneiro Especial de Entreposto Industrial sob Controle Informatizado do Sistema Público de Escrituração Digital (Recof),Entradas Ou Aquisições De Serviços De Outros Estados,"",Interestadual,"Devoluções De Vendas De Produção Própria, De Terceiros Ou Anulações De Valores",Mercadoria,Entradas,"",Não,Não,Crédito,Não
"3201","3201","3201 | Devolução de venda de produção do estabelecimento                                                         ","3201 | Devolução de venda de produção do estabelecimento | Importação                                                               ","201",Devolução,Devolução de venda de produção do estabelecimento                                                         ,Entradas Ou Aquisições De Serviços Do Exterior,"",Importação,"Devoluções De Vendas De Produção Própria, De Terceiros Ou Anulações De Valores",Mercadoria,Entradas,"",Não,Não,Crédito,Não
"5410","5410","5410 | Devolução de compra para industrialização ou produção rural em operação com mercadoria sujeita ao regime de substituição tributária        ","5410 | Devolução de compra para industrialização ou produção rural em operação com mercadoria sujeita ao regime de substituição tributária | Dentro do estado         ","410",Devolução - com ST,Devolução de compra para industrialização ou produção rural em operação com mercadoria sujeita ao regime de substituição tributária        ,Saídas Ou Prestações De Serviços Para O Estado,Outras,Dentro do estado,Saídas De Mercadorias Sujeitas Ao Regime De Substituição Tributária,Mercadoria,Saídas,"",Não,Não,Débito,Não
"6122","6122","6122 | Venda de produção do estabelecimento remetida para industrialização, por conta e ordem do adquirente, sem transitar pelo estabelecimento do adquirente     ","6122 | Venda de produção do estabelecimento remetida para industrialização, por conta e ordem do adquirente, sem transitar pelo estabelecimento do adquirente| Interestadual        ","122",Venda de produção,"Venda de produção do estabelecimento remetida para industrialização, por conta e ordem do adquirente, sem transitar pelo estabelecimento do adquirente     ",Saídas Ou Prestações De Serviços Para Outros Estados,Receita,Interestadual,Vendas De Produção Própria Ou De Terceiros,Mercadoria,Saídas,Receita,Não,Não,Débito,Não
"6903","6903","6903 | Retorno de mercadoria recebida para industrialização e não aplicada no referido processo                  ","6903 | Retorno de mercadoria recebida para industrialização e não aplicada no referido processo | Interestadual                     ","903",Outras saídas,Retorno de mercadoria recebida para industrialização e não aplicada no referido processo                  ,Saídas Ou Prestações De Serviços Para Outros Estados,Outras,Interestadual,Outras Saídas De Mercadorias Ou Prestações De Serviços,Mercadoria,Saídas,"",Não,Não,Débito,Não
"1128","1128","1128 | compras para utilização na prestação de serviços sujeitas ao ISSQN                                        ","1128 | compras para utilização na prestação de serviços sujeitas ao ISSQN | Dentro do estado                                        ","128",Produto para utilização em serviço,compras para utilização na prestação de serviços sujeitas ao ISSQN                                        ,Entradas Ou Aquisições De Serviços Do Estado,"",Dentro do estado,"Compras para Industrialização, produção rural, comercialização ou prestação de serviços",Mercadoria,Entradas,"",Não,Não,Crédito,Não
"1914","1914","1914 | Retorno de mercadoria ou bem remetido para exposição ou feira                                             ","1914 | Retorno de mercadoria ou bem remetido para exposição ou feira | Dentro do estado                                             ","914",Exposição ou feira,Retorno de mercadoria ou bem remetido para exposição ou feira                                             ,Entradas Ou Aquisições De Serviços Do Estado,"",Dentro do estado,Outras Entradas De Mercadorias Ou Aquisições De Serviços,Mercadoria,Entradas,"",Não,Não,Crédito,Não
"2557","2557","2557 | Transferência de material para uso ou consumo                                                             ","2557 | Transferência de material para uso ou consumo | Interestadual                                                                ","557",Transferência - uso e consumo,Transferência de material para uso ou consumo                                                             ,Entradas Ou Aquisições De Serviços De Outros Estados,"",Interestadual,Operações Com Bens De Ativo Imobilizado E Materiais Para Uso Ou Consumo,Mercadoria,Entradas,Uso e consumo,Sim. Uso e consumo. ,Transferência,Crédito,Não
"5151","5151","5151 | Transferência de produção do estabelecimento                                                              ","5151 | Transferência de produção do estabelecimento | Dentro do estado                                                              ","151",Transferência - produção,Transferência de produção do estabelecimento                                                              ,Saídas Ou Prestações De Serviços Para O Estado,Transferência,Dentro do estado,Transferências De Produção Própria Ou De Terceiros,Mercadoria,Saídas,Transferência produto acabado,Não,Não,Débito,Não
"5906","5906","5906 | Retorno de mercadoria depositada em depósito fechado ou armazém geral                                     ","5906 | Retorno de mercadoria depositada em depósito fechado ou armazém geral | Dentro do estado                                     ","906",Armazenagem,Retorno de mercadoria depositada em depósito fechado ou armazém geral                                     ,Saídas Ou Prestações De Serviços Para O Estado,Outras,Dentro do estado,Outras Saídas De Mercadorias Ou Prestações De Serviços,Mercadoria,Saídas,"",Não,Não,Débito,Não
"6402","6402","6402 | Venda de produção do estabelecimento de produto sujeito ao regime de substituição tributária, em operação entre contribuintes substitutos do mesmo produto          ","6402 | Venda de produção do estabelecimento de produto sujeito ao regime de substituição tributária, em operação entre contribuintes substitutos do mesmo produto | Interestadual             ","402",Venda de produção - com ST,"Venda de produção do estabelecimento de produto sujeito ao regime de substituição tributária, em operação entre contribuintes substitutos do mesmo produto          ",Saídas Ou Prestações De Serviços Para Outros Estados,Receita,Interestadual,Saídas De Mercadorias Sujeitas Ao Regime De Substituição Tributária,Mercadoria,Saídas,Receita,Não,Não,Débito,Não
"7556","7556","7556 | Devolução de compra de material de uso ou consumo                                                         ","7556 | Devolução de compra de material de uso ou consumo | Exportação                                                               ","556",Uso e consumo,Devolução de compra de material de uso ou consumo                                                         ,Saídas Ou Prestações De Serviços Para O Exterior,Outras,Exportação,Operações Com Bens De Ativo Imobilizado E Materiais Para Uso Ou Consumo,Mercadoria,Saídas,Uso e consumo,Não,Não,Débito,Não
"1414","1414","1414 | Retorno de produção do estabelecimento, remetida para venda fora do estabelecimento em operação com produto sujeito ao regime de substituição tributária       ","1414 | Retorno de produção do estabelecimento, remetida para venda fora do estabelecimento em operação com produto sujeito ao regime de substituição tributária | Dentro do estado       ","414",Outras entradas - com ST,"Retorno de produção do estabelecimento, remetida para venda fora do estabelecimento em operação com produto sujeito ao regime de substituição tributária       ",Entradas Ou Aquisições De Serviços Do Estado,"",Dentro do estado,Entradas De Mercadorias Sujeitas Ao Regime De Substituição Tributária,Mercadoria,Entradas,"",Não,Não,Crédito,Não
"2214","2214","2214 | Devolução referente à fixação de preço de produção do estabelecimento produtor, de ato cooperativo.","2214 | Devolução referente à fixação de preço de produção do estabelecimento produtor, de ato cooperativo | Interestadual","214",Devolução,"Devolução referente à fixação de preço de produção do estabelecimento produtor, de ato cooperativo.",Entradas Ou Aquisições De Serviços De Outros Estados,"",Interestadual,"Devoluções De Vendas De Produção Própria, De Terceiros Ou Anulações De Valores",Mercadoria,Entradas,"",Não,Não,Crédito,Não
"3205","3205","3205 | Anulação de valor relativo à prestação de serviço de comunicação                                          ","3205 | Anulação de valor relativo à prestação de serviço de comunicação | Importação                                                ","205",Devolução,Anulação de valor relativo à prestação de serviço de comunicação                                          ,Entradas Ou Aquisições De Serviços Do Exterior,"",Importação,"Devoluções De Vendas De Produção Própria, De Terceiros Ou Anulações De Valores",Mercadoria,Entradas,"",Não,Não,Crédito,Não
"5412","5412","5412 | Devolução de bem do ativo imobilizado, em operação com mercadoria sujeita ao regime de substituição tributária       ","5412 | Devolução de bem do ativo imobilizado, em operação com mercadoria sujeita ao regime de substituição tributária | Dentro do estado       ","412",Devolução - com ST,"Devolução de bem do ativo imobilizado, em operação com mercadoria sujeita ao regime de substituição tributária       ",Saídas Ou Prestações De Serviços Para O Estado,Outras,Dentro do estado,Saídas De Mercadorias Sujeitas Ao Regime De Substituição Tributária,Mercadoria,Saídas,"",Não,Não,Débito,Não
"6124","6124","6124 | Industrialização efetuada para outra empresa                                                              ","6124 | Industrialização efetuada para outra empresa | Interestadual                                                                 ","124",Industrialização por encomenda,Industrialização efetuada para outra empresa                                                              ,Saídas Ou Prestações De Serviços Para Outros Estados,Receita,Interestadual,Vendas De Produção Própria Ou De Terceiros,Mercadoria,Saídas,Receita,Não,Não,Débito,Não
"6905","6905","6905 | Remessa para depósito fechado ou armazém geral                                                            ","6905 | Remessa para depósito fechado ou armazém geral | Interestadual                                                               ","905",Armazenagem,Remessa para depósito fechado ou armazém geral                                                            ,Saídas Ou Prestações De Serviços Para Outros Estados,Outras,Interestadual,Outras Saídas De Mercadorias Ou Prestações De Serviços,Mercadoria,Saídas,"",Não,Não,Débito,Não
"1132","1132","1132 | Fixação de preço de produção do estabelecimento produtor, inclusive quando remetidas anteriormente com previsão de posterior ajuste ou fixação de preço, em ato cooperativo, para comercialização","1132 | Fixação de preço de produção do estabelecimento produtor, inclusive quando remetidas anteriormente com previsão de posterior ajuste ou fixação de preço, em ato cooperativo, para comercialização | Dentro do estado","132",Entradas com possibililidade de ajuste ou fixação de preço,"Fixação de preço de produção do estabelecimento produtor, inclusive quando remetidas anteriormente com previsão de posterior ajuste ou fixação de preço, em ato cooperativo, para comercialização",Entradas Ou Aquisições De Serviços Do Estado,"",Dentro do estado,"Compras para Industrialização, produção rural, comercialização ou prestação de serviços",Mercadoria,Entradas,"",Sim,Compra,Crédito,Não
"1916","1916","1916 | Retorno de mercadoria ou bem remetido para conserto ou reparo                                             ","1916 | Retorno de mercadoria ou bem remetido para conserto ou reparo | Dentro do estado                                             ","916",Conserto,Retorno de mercadoria ou bem remetido para conserto ou reparo                                             ,Entradas Ou Aquisições De Serviços Do Estado,"",Dentro do estado,Outras Entradas De Mercadorias Ou Aquisições De Serviços,Mercadoria,Entradas,"",Não,Não,Crédito,Não
"2651","2651","2651 | Compra de combustível ou lubrificante para industrialização subseqüente                                   ","2651 | Compra de combustível ou lubrificante para industrialização subseqüente | Interestadual                                      ","651",Combustível,Compra de combustível ou lubrificante para industrialização subseqüente                                   ,Entradas Ou Aquisições De Serviços De Outros Estados,"",Interestadual,"Entradas de Combustíveis, derivados ou não de petróleo e lubrificantes",Mercadoria,Entradas,"",Sim,Compra,Crédito,Sim
"5153","5153","5153 | Transferência de energia elétrica                                                                         ","5153 | Transferência de energia elétrica | Dentro do estado                                                                         ","153",Transferência - energia elétrica,Transferência de energia elétrica                                                                         ,Saídas Ou Prestações De Serviços Para O Estado,Transferência,Dentro do estado,Transferências De Produção Própria Ou De Terceiros,Mercadoria,Saídas,"",Não,Não,Débito,Não
"5908","5908","5908 | Remessa de bem por conta de contrato de comodato ou locação                                                          ","5908 | Remessa de bem por conta de contrato de comodato ou locação | Dentro do estado                                                          ","908",Comodato,Remessa de bem por conta de contrato de comodato ou locação                                                          ,Saídas Ou Prestações De Serviços Para O Estado,Outras,Dentro do estado,Outras Saídas De Mercadorias Ou Prestações De Serviços,Mercadoria,Saídas,"",Não,Não,Débito,Não
"6404","6404","6404 | Venda de mercadoria sujeita ao regime de substituição tributária, cujo imposto já tenha sido retido anteriormente.      ","6404 | Venda de mercadoria sujeita ao regime de substituição tributária, cujo imposto já tenha sido retido anteriormente.  | Interestadual          ","404",Revenda - com ST,"Venda de mercadoria sujeita ao regime de substituição tributária, cujo imposto já tenha sido retido anteriormente.      ",Saídas Ou Prestações De Serviços Para Outros Estados,Receita,Interestadual,Saídas De Mercadorias Sujeitas Ao Regime De Substituição Tributária,Mercadoria,Saídas,Receita,Não,Não,Débito,Sim
"7654","7654","7654 | Venda de combustível ou lubrificante adquirido ou recebido de terceiros                                   ","7654 | Venda de combustível ou lubrificante adquirido ou recebido de terceiros | Exportação                                         ","654",Combustível,Venda de combustível ou lubrificante adquirido ou recebido de terceiros                                   ,Saídas Ou Prestações De Serviços Para O Exterior,Receita,Exportação,"Saídas de Combustíveis, derivados ou não de petróleo e lubrificantes",Mercadoria,Saídas,Receita,Não,Não,Débito,Não
"1451","1451","1451 | Entrada de animal - Sistema de Integração e Parceria Rural                                                             ","1451 | Entrada de animal - Sistema de Integração e Parceria Rural | Dentro do estado                                                             ","451",Outras entradas,Entrada de animal - Sistema de Integração e Parceria Rural                                                             ,Entradas Ou Aquisições De Serviços Do Estado,"",Dentro do estado,Sistemas de Integração e parceria rural,Mercadoria,Entradas,"",Não,Não,Crédito,Não
"2216","2216","2216 | Devolução de fornecimento de mercadoria adquirida ou recebida de terceiros de ato cooperativo.","2216 | Devolução de fornecimento de mercadoria adquirida ou recebida de terceiros de ato cooperativo | Interestadual","216",Devolução,Devolução de fornecimento de mercadoria adquirida ou recebida de terceiros de ato cooperativo.,Entradas Ou Aquisições De Serviços De Outros Estados,"",Interestadual,"Devoluções De Vendas De Produção Própria, De Terceiros Ou Anulações De Valores",Mercadoria,Entradas,"",Não,Não,Crédito,Não
"3207","3207","3207 | Anulação de valor relativo à venda de energia elétrica                                                    ","3207 | Anulação de valor relativo à venda de energia elétrica | Importação                                                          ","207",Devolução,Anulação de valor relativo à venda de energia elétrica                                                    ,Entradas Ou Aquisições De Serviços Do Exterior,"",Importação,"Devoluções De Vendas De Produção Própria, De Terceiros Ou Anulações De Valores",Mercadoria,Entradas,"",Não,Não,Crédito,Não
"5414","5414","5414 | Remessa de produção do estabelecimento para venda fora do estabelecimento em operação com produto sujeito ao regime de substituição tributária         ","5414 | Remessa de produção do estabelecimento para venda fora do estabelecimento em operação com produto sujeito ao regime de substituição tributária | Dentro do estado         ","414",Outras saídas - com ST,Remessa de produção do estabelecimento para venda fora do estabelecimento em operação com produto sujeito ao regime de substituição tributária         ,Saídas Ou Prestações De Serviços Para O Estado,Outras,Dentro do estado,Saídas De Mercadorias Sujeitas Ao Regime De Substituição Tributária,Mercadoria,Saídas,"",Não,Não,Débito,Não
"6129","6129","6129 | Venda de insumo importado e de mercadoria industrializada sob o amparo do Regime Aduaneiro Especial de Entreposto Industrial sob Controle Informatizado do Sistema Público de Escrituração Digital (Recof*Sped).","6129 | Venda de insumo importado e de mercadoria industrializada sob o amparo do Regime Aduaneiro Especial de Entreposto Industrial sob Controle Informatizado do Sistema Público de Escrituração Digital (Recof*Sped) | Interestadual","129",Venda de insumo - recof,Venda de insumo importado e de mercadoria industrializada sob o amparo do Regime Aduaneiro Especial de Entreposto Industrial sob Controle Informatizado do Sistema Público de Escrituração Digital (Recof*Sped).,Saídas Ou Prestações De Serviços Para Outros Estados,Receita,Interestadual,Vendas De Produção Própria Ou De Terceiros,Mercadoria,Saídas,Receita,Não,Não,Débito,Não
"6907","6907","6907 | Retorno simbólico de mercadoria depositada em depósito fechado ou armazém geral                           ","6907 | Retorno simbólico de mercadoria depositada em depósito fechado ou armazém geral | Interestadual                              ","907",Armazenagem,Retorno simbólico de mercadoria depositada em depósito fechado ou armazém geral                           ,Saídas Ou Prestações De Serviços Para Outros Estados,Outras,Interestadual,Outras Saídas De Mercadorias Ou Prestações De Serviços,Mercadoria,Saídas,"",Não,Não,Débito,Não
"1151","1151","1151 | Transferência para industrialização ou produção rural                                                     ","1151 | Transferência para industrialização ou produção rural | Dentro do estado                                                     ","151",Transferência - insumo,Transferência para industrialização ou produção rural                                                     ,Entradas Ou Aquisições De Serviços Do Estado,"",Dentro do estado,"Transferências para Industrialização, produção rural, comercialização ou prestação de serviços",Mercadoria,Entradas,Transferência insumo,Sim,Transferência,Crédito,Não
"1918","1918","1918 | Devolução de mercadoria remetida em consignação mercantil ou industrial                                   ","1918 | Devolução de mercadoria remetida em consignação mercantil ou industrial | Dentro do estado                                   ","918",Devolução,Devolução de mercadoria remetida em consignação mercantil ou industrial                                   ,Entradas Ou Aquisições De Serviços Do Estado,"",Dentro do estado,Outras Entradas De Mercadorias Ou Aquisições De Serviços,Mercadoria,Entradas,"",Não,Não,Crédito,Não
"2653","2653","2653 | Compra de combustível ou lubrificante por consumidor ou usuário final                                     ","2653 | Compra de combustível ou lubrificante por consumidor ou usuário final | Interestadual                                        ","653",Combustível,Compra de combustível ou lubrificante por consumidor ou usuário final                                     ,Entradas Ou Aquisições De Serviços De Outros Estados,"",Interestadual,"Entradas de Combustíveis, derivados ou não de petróleo e lubrificantes",Mercadoria,Entradas,"",Sim,Compra,Crédito,Não
"5156","5156","5156 | Transferência de mercadoria adquirida ou recebida de terceiros, que não deva por ele transitar            ","5156 | Transferência de mercadoria adquirida ou recebida de terceiros, que não deva por ele transitar | Dentro do estado            ","156",Transferência - revenda,"Transferência de mercadoria adquirida ou recebida de terceiros, que não deva por ele transitar            ",Saídas Ou Prestações De Serviços Para O Estado,Transferência,Dentro do estado,Transferências De Produção Própria Ou De Terceiros,Mercadoria,Saídas,Transferência produto acabado,Não,Não,Débito,Não
"5910","5910","5910 | Remessa em bonificação, doação ou brinde                                                                  ","5910 | Remessa em bonificação, doação ou brinde | Dentro do estado                                                                  ","910","Bonificação, doação ou brinde","Remessa em bonificação, doação ou brinde                                                                  ",Saídas Ou Prestações De Serviços Para O Estado,Outras,Dentro do estado,Outras Saídas De Mercadorias Ou Prestações De Serviços,Mercadoria,Saídas,"",Não,Não,Débito,Não
"6409","6409","6409 | Transferência de mercadoria adquirida ou recebida de terceiros em operação com mercadoria sujeita ao regime de substituição tributária.      ","6409 | Transferência de mercadoria adquirida ou recebida de terceiros em operação com mercadoria sujeita ao regime de substituição tributária.| Interestadual         ","409",Transferência - revenda - com ST,Transferência de mercadoria adquirida ou recebida de terceiros em operação com mercadoria sujeita ao regime de substituição tributária.      ,Saídas Ou Prestações De Serviços Para Outros Estados,Transferência,Interestadual,Saídas De Mercadorias Sujeitas Ao Regime De Substituição Tributária,Mercadoria,Saídas,Transferência produto acabado,Não,Não,Débito,Não
"7930","7930","7930 | Lançamento efetuado a título de devolução de bem cuja entrada tenha ocorrido sob amparo de regime especial aduaneiro de admissão temporária          ","7930 | Lançamento efetuado a título de devolução de bem cuja entrada tenha ocorrido sob amparo de regime especial aduaneiro de admissão temporária| Exportação                ","930",Devolução - drawback,Lançamento efetuado a título de devolução de bem cuja entrada tenha ocorrido sob amparo de regime especial aduaneiro de admissão temporária          ,Saídas Ou Prestações De Serviços Para O Exterior,Outras,Exportação,Outras Saídas De Mercadorias Ou Prestações De Serviços,Mercadoria,Saídas,"",Não,Não,Débito,Não
"1453","1453","1453 | Retorno do animal ou da produção - Sistema de Integração e Parceria Rural","1453 | Retorno do animal ou da produção - Sistema de Integração e Parceria Rural | Dentro do estado","453",Outras entradas,Retorno do animal ou da produção - Sistema de Integração e Parceria Rural,Entradas Ou Aquisições De Serviços Do Estado,"",Dentro do estado,Sistemas de Integração e parceria rural,Mercadoria,Entradas,"",Não,Não,Crédito,Não
"2252","2252","2252 | Compra de energia elétrica por estabelecimento industrial                                                 ","2252 | Compra de energia elétrica por estabelecimento industrial | Interestadual                                                    ","252",Energia elétrica,Compra de energia elétrica por estabelecimento industrial                                                 ,Entradas Ou Aquisições De Serviços De Outros Estados,"",Interestadual,Compras De Energia Elétrica,Mercadoria,Entradas,"",Sim,Compra,Crédito,Sim
"3212","3212","3212 | Devolução de venda no mercado externo de mercadoria industrializada sob o Regime Aduaneiro Especial de Entreposto Industrial sob Controle Informatizado do Sistema Público de Escrituração Digital (Recof Sped)","3212 | Devolução de venda no mercado externo de mercadoria industrializada sob o Regime Aduaneiro Especial de Entreposto Industrial sob Controle Informatizado do Sistema Público de Escrituração Digital (Recof Sped) | Importação","212",Devolução,Devolução de venda no mercado externo de mercadoria industrializada sob o Regime Aduaneiro Especial de Entreposto Industrial sob Controle Informatizado do Sistema Público de Escrituração Digital (Recof Sped),Entradas Ou Aquisições De Serviços Do Exterior,"",Importação,"Devoluções De Vendas De Produção Própria, De Terceiros Ou Anulações De Valores",Mercadoria,Entradas,"",Não,Não,Crédito,Não
"5451","5451","5451 | Remessa de animal -  Sistema de Integração e Parceria Rural                                               ","5451 | Remessa de animal -  Sistema de Integração e Parceria Rural | Dentro do estado                                               ","451",Outras saídas,Remessa de animal -  Sistema de Integração e Parceria Rural                                               ,Saídas Ou Prestações De Serviços Para O Estado,Outras,Dentro do estado,Sistemas De Integração e Parceria rural,Mercadoria,Saídas,"",Não,Não,Débito,Não
"6132","6132","6132 | Fixação de preço de produção do estabelecimento, inclusive quando remetidas anteriormente com previsão de posterior ajuste ou fixação de preço ou fixação de preço, de ato cooperativo.","6132 | Fixação de preço de produção do estabelecimento, inclusive quando remetidas anteriormente com previsão de posterior ajuste ou fixação de preço ou fixação de preço, de ato cooperativo | Interestadual","132",Outras saídas,"Fixação de preço de produção do estabelecimento, inclusive quando remetidas anteriormente com previsão de posterior ajuste ou fixação de preço ou fixação de preço, de ato cooperativo.",Saídas Ou Prestações De Serviços Para Outros Estados,Outras,Interestadual,Vendas De Produção Própria Ou De Terceiros,Mercadoria,Saídas,"",Não,Não,Débito,Não
"6909","6909","6909 | Retorno de bem recebido por conta de contrato de comodato ou locação                                                 ","6909 | Retorno de bem recebido por conta de contrato de comodato ou locação | Interestadual                                                    ","909",Comodato,Retorno de bem recebido por conta de contrato de comodato ou locação                                                 ,Saídas Ou Prestações De Serviços Para Outros Estados,Outras,Interestadual,Outras Saídas De Mercadorias Ou Prestações De Serviços,Mercadoria,Saídas,"",Não,Não,Débito,Não
"1153","1153","1153 | Transferência de energia elétrica para distribuição                                                       ","1153 | Transferência de energia elétrica para distribuição | Dentro do estado                                                       ","153",Transferência - energia elétrica,Transferência de energia elétrica para distribuição                                                       ,Entradas Ou Aquisições De Serviços Do Estado,"",Dentro do estado,"Transferências para Industrialização, produção rural, comercialização ou prestação de serviços",Mercadoria,Entradas,"",Sim,Transferência,Crédito,Não
"1920","1920","1920 | Entrada de embalagens, bombonas, vasilhames, sacarias, pallets ou assemelhados                                                                           ","1920 | Entrada de embalagens, bombonas, vasilhames, sacarias, pallets ou assemelhados | Dentro do estado                                                                           ","920",Vasilhame e sacaria,"Entrada de embalagens, bombonas, vasilhames, sacarias, pallets ou assemelhados                                                                           ",Entradas Ou Aquisições De Serviços Do Estado,"",Dentro do estado,Outras Entradas De Mercadorias Ou Aquisições De Serviços,Mercadoria,Entradas,"",Não,Não,Crédito,Não
"2658","2658","2658 | Transferência de combustível e lubrificante para industrialização                                         ","2658 | Transferência de combustível e lubrificante para industrialização | Interestadual                                            ","658",Transferência - insumo,Transferência de combustível e lubrificante para industrialização                                         ,Entradas Ou Aquisições De Serviços De Outros Estados,"",Interestadual,"Entradas de Combustíveis, derivados ou não de petróleo e lubrificantes",Mercadoria,Entradas,Transferência insumo,Sim,Transferência,Crédito,Não
"5160","5160","5160 | Fornecimento de mercadoria adquirida ou recebida de terceiros de ato cooperativo","5160 | Fornecimento de mercadoria adquirida ou recebida de terceiros de ato cooperativo | Dentro do estado","160",Outras saídas,Fornecimento de mercadoria adquirida ou recebida de terceiros de ato cooperativo,Saídas Ou Prestações De Serviços Para O Estado,"",Dentro do estado,Transferências De Produção Própria Ou De Terceiros,Mercadoria,Saídas,"",Não,Não,Débito,Não
"5912","5912","5912 | Remessa de mercadoria ou bem para demonstração, mostruário ou treinamento                                                            ","5912 | Remessa de mercadoria ou bem para demonstração, mostruário ou treinamento | Dentro do estado                                                            ","912",Demonstração,"Remessa de mercadoria ou bem para demonstração, mostruário ou treinamento                                                            ",Saídas Ou Prestações De Serviços Para O Estado,Outras,Dentro do estado,Outras Saídas De Mercadorias Ou Prestações De Serviços,Mercadoria,Saídas,"",Não,Não,Débito,Não
"6411","6411","6411 | Devolução de compra para comercialização em operação com mercadoria sujeita ao regime de substituição tributária.    ","6411 | Devolução de compra para comercialização em operação com mercadoria sujeita ao regime de substituição | Interestadual        ","411",Devolução - com ST,Devolução de compra para comercialização em operação com mercadoria sujeita ao regime de substituição tributária.    ,Saídas Ou Prestações De Serviços Para Outros Estados,Outras,Interestadual,Saídas De Mercadorias Sujeitas Ao Regime De Substituição Tributária,Mercadoria,Saídas,"",Não,Não,Débito,Não
Operação sem CFOP,Operação sem CFOP,Operação sem CFOP,Operação sem CFOP,Operação sem CFOP,Operação sem CFOP,Operação sem CFOP,Operação sem CFOP,Operação sem CFOP,Operação sem CFOP,Operação sem CFOP,Operação sem CFOP,Operação sem CFOP,Operação sem CFOP,Operação sem CFOP,Operação sem CFOP,Operação sem CFOP,Operação sem CFOP
"1455","1455","1455 | Retorno de insumo não utilizado na produção - Sistema de Integração e Parceria Rural","1455 | Retorno de insumo não utilizado na produção - Sistema de Integração e Parceria Rural | Dentro do estado","455",Outras entradas,Retorno de insumo não utilizado na produção - Sistema de Integração e Parceria Rural,Entradas Ou Aquisições De Serviços Do Estado,"",Dentro do estado,Sistemas de Integração e parceria rural,Mercadoria,Entradas,"",Não,Não,Crédito,Não
"2254","2254","2254 | Compra de energia elétrica por estabelecimento prestador de serviço de transporte                         ","2254 | Compra de energia elétrica por estabelecimento prestador de serviço de transporte | Interestadual                            ","254",Energia elétrica,Compra de energia elétrica por estabelecimento prestador de serviço de transporte                         ,Entradas Ou Aquisições De Serviços De Outros Estados,"",Interestadual,Compras De Energia Elétrica,Mercadoria,Entradas,"",Sim,Compra,Crédito,Não
"3301","3301","3301 | Aquisição de serviço de comunicação para execução de serviço da mesma natureza                            ","3301 | Aquisição de serviço de comunicação para execução de serviço da mesma natureza | Importação                                  ","301",Serviço de comunicação,Aquisição de serviço de comunicação para execução de serviço da mesma natureza                            ,Entradas Ou Aquisições De Serviços Do Exterior,"",Importação,Aquisições De Serviços De Comunicação,Mercadoria,Entradas,"",Sim,Compra,Crédito,Não
"5453","5453","5453 | Retorno de animal ou da produção -  Sistema de Integração e Parceria Rural","5453 | Retorno de animal ou da produção -  Sistema de Integração e Parceria Rural | Dentro do estado","453",Outras saídas,Retorno de animal ou da produção -  Sistema de Integração e Parceria Rural,Saídas Ou Prestações De Serviços Para O Estado,Outras,Dentro do estado,Sistemas De Integração e Parceria rural,Mercadoria,Saídas,"",Não,Não,Débito,Não
"6152","6152","6152 | Transferência de mercadoria adquirida ou recebida de terceiros                                            ","6152 | Transferência de mercadoria adquirida ou recebida de terceiros | Interestadual                                               ","152",Transferência - revenda,Transferência de mercadoria adquirida ou recebida de terceiros                                            ,Saídas Ou Prestações De Serviços Para Outros Estados,Transferência,Interestadual,Transferências De Produção Própria Ou De Terceiros,Mercadoria,Saídas,Transferência produto acabado,Não,Não,Débito,Não
"6911","6911","6911 | Remessa de amostra grátis                                                                                 ","6911 | Remessa de amostra grátis | Interestadual                                                                                    ","911",Amostra grátis,Remessa de amostra grátis                                                                                 ,Saídas Ou Prestações De Serviços Para Outros Estados,Outras,Interestadual,Outras Saídas De Mercadorias Ou Prestações De Serviços,Mercadoria,Saídas,"",Não,Não,Débito,Não
"1456","1456","1456 | Entrada referente a remuneração do produtor no Sistema de Integração e Parceria Rural","1456 | Entrada referente a remuneração do produtor no Sistema de Integração e Parceria Rural | Dentro do estado","456",Outras entradas,Entrada referente a remuneração do produtor no Sistema de Integração e Parceria Rural,Entradas Ou Aquisições De Serviços Do Estado,"",Dentro do estado,Sistemas de Integração e parceria rural,Mercadoria,Entradas,"",Não,Não,Crédito,Não
"2255","2255","2255 | Compra de energia elétrica por estabelecimento prestador de serviço de comunicação                        ","2255 | Compra de energia elétrica por estabelecimento prestador de serviço de comunicação | Interestadual                           ","255",Energia elétrica,Compra de energia elétrica por estabelecimento prestador de serviço de comunicação                        ,Entradas Ou Aquisições De Serviços De Outros Estados,"",Interestadual,Compras De Energia Elétrica,Mercadoria,Entradas,"",Sim,Compra,Crédito,Não
"3351","3351","3351 | Aquisição de serviço de transporte para execução de serviço da mesma natureza                             ","3351 | Aquisição de serviço de transporte para execução de serviço da mesma natureza | Importação                                   ","351",Serviço de transporte,Aquisição de serviço de transporte para execução de serviço da mesma natureza                             ,Entradas Ou Aquisições De Serviços Do Exterior,"",Importação,Aquisições De Serviços De Transporte,Transporte,Entradas,"",Sim,Compra,Crédito,Sim
"5454","5454","5454 | Retorno simbólico de animal ou da produção -  Sistema de Integração e Parceria Rural","5454 | Retorno simbólico de animal ou da produção -  Sistema de Integração e Parceria Rural | Dentro do estado","454",Outras saídas,Retorno simbólico de animal ou da produção -  Sistema de Integração e Parceria Rural,Saídas Ou Prestações De Serviços Para O Estado,Outras,Dentro do estado,Sistemas De Integração e Parceria rural,Mercadoria,Saídas,"",Não,Não,Débito,Não
"6153","6153","6153 | Transferência de energia elétrica                                                                         ","6153 | Transferência de energia elétrica | Interestadual                                                                            ","153",Transferência - energia elétrica,Transferência de energia elétrica                                                                         ,Saídas Ou Prestações De Serviços Para Outros Estados,Transferência,Interestadual,Transferências De Produção Própria Ou De Terceiros,Mercadoria,Saídas,"",Não,Não,Débito,Não
"6912","6912","6912 | Remessa de mercadoria ou bem para demonstração, mostruário ou treinamento                                                            ","6912 | Remessa de mercadoria ou bem para demonstração, mostruário ou treinamento | Interestadual                                                               ","912",Demonstração,"Remessa de mercadoria ou bem para demonstração, mostruário ou treinamento                                                            ",Saídas Ou Prestações De Serviços Para Outros Estados,Outras,Interestadual,Outras Saídas De Mercadorias Ou Prestações De Serviços,Mercadoria,Saídas,"",Não,Não,Débito,Não
"1501","1501","1501 | Entrada de mercadoria recebida com fim específico de exportação                                           ","1501 | Entrada de mercadoria recebida com fim específico de exportação | Dentro do estado                                           ","501",Outras entradas,Entrada de mercadoria recebida com fim específico de exportação                                           ,Entradas Ou Aquisições De Serviços Do Estado,"",Dentro do estado,Entradas de mercadorias remetidas para  formação de lote ou com fim específico de exportação e  eventuais devoluções,Mercadoria,Entradas,"",Não,Não,Crédito,Não
"2256","2256","2256 | Compra de energia elétrica por estabelecimento de produtor rural                                          ","2256 | Compra de energia elétrica por estabelecimento de produtor rural | Interestadual                                             ","256",Energia elétrica,Compra de energia elétrica por estabelecimento de produtor rural                                          ,Entradas Ou Aquisições De Serviços De Outros Estados,"",Interestadual,Compras De Energia Elétrica,Mercadoria,Entradas,"",Sim,Compra,Crédito,Sim
"3352","3352","3352 | Aquisição de serviço de transporte por estabelecimento industrial                                         ","3352 | Aquisição de serviço de transporte por estabelecimento industrial | Importação                                               ","352",Serviço de transporte,Aquisição de serviço de transporte por estabelecimento industrial                                         ,Entradas Ou Aquisições De Serviços Do Exterior,"",Importação,Aquisições De Serviços De Transporte,Transporte,Entradas,"",Sim,Compra,Crédito,Sim
"5455","5455","5455 | Retorno de insumos não utilizados na produção -  Sistema de Integração e Parceria Rural","5455 | Retorno de insumos não utilizados na produção -  Sistema de Integração e Parceria Rural | Dentro do estado","455",Outras saídas,Retorno de insumos não utilizados na produção -  Sistema de Integração e Parceria Rural,Saídas Ou Prestações De Serviços Para O Estado,Outras,Dentro do estado,Sistemas De Integração e Parceria rural,Mercadoria,Saídas,"",Não,Não,Débito,Não
"6155","6155","6155 | Transferência de produção do estabelecimento, que não deva por ele transitar                              ","6155 | Transferência de produção do estabelecimento, que não deva por ele transitar | Interestadual                                 ","155",Transferência - produção,"Transferência de produção do estabelecimento, que não deva por ele transitar                              ",Saídas Ou Prestações De Serviços Para Outros Estados,Transferência,Interestadual,Transferências De Produção Própria Ou De Terceiros,Mercadoria,Saídas,Transferência produto acabado,Não,Não,Débito,Não
"6913","6913","6913 | Retorno de mercadoria ou bem recebido para demonstração ou mostruário                                                   ","6913 | Retorno de mercadoria ou bem recebido para demonstração ou mostruário | Interestadual                                                      ","913",Demonstração,Retorno de mercadoria ou bem recebido para demonstração ou mostruário                                                   ,Saídas Ou Prestações De Serviços Para Outros Estados,Outras,Interestadual,Outras Saídas De Mercadorias Ou Prestações De Serviços,Mercadoria,Saídas,"",Não,Não,Débito,Não
"1216","1216","1216 | Devolução de fornecimento de mercadoria adquirida ou recebida de terceiros de ato cooperativo","1216 | Devolução de fornecimento de mercadoria adquirida ou recebida de terceiros de ato cooperativo | Dentro do estado","216",Devolução,Devolução de fornecimento de mercadoria adquirida ou recebida de terceiros de ato cooperativo,Entradas Ou Aquisições De Serviços Do Estado,"",Dentro do estado,"Devoluções De Vendas De Produção Própria, De Terceiros Ou Anulações De Valores",Mercadoria,Entradas,"",Não,Não,Crédito,Não
"2116","2116","2116 | Compra para industrialização ou produção rural originada de encomenda para recebimento futuro             ","2116 | Compra para industrialização ou produção rural originada de encomenda para recebimento futuro | Interestadual                ","116",Insumo,Compra para industrialização ou produção rural originada de encomenda para recebimento futuro             ,Entradas Ou Aquisições De Serviços De Outros Estados,"",Interestadual,"Compras para industrialização rural, comercialização ou prestação de serviços",Mercadoria,Entradas,"",Sim,Compra,Crédito,Sim
"2910","2910","2910 | Entrada de bonificação, doação ou brinde                                                                  ","2910 | Entrada de bonificação, doação ou brinde | Interestadual                                                                     ","910","Bonificação, doação ou brinde","Entrada de bonificação, doação ou brinde                                                                  ",Entradas Ou Aquisições De Serviços De Outros Estados,"",Interestadual,Outras Entradas De Mercadorias Ou Aquisições De Serviços,Mercadoria,Entradas,"",Não,Não,Crédito,Não
"5254","5254","5254 | Venda de energia elétrica para estabelecimento prestador de serviço de transporte                         ","5254 | Venda de energia elétrica para estabelecimento prestador de serviço de transporte | Dentro do estado                         ","254",Energia elétrica,Venda de energia elétrica para estabelecimento prestador de serviço de transporte                         ,Saídas Ou Prestações De Serviços Para O Estado,Receita,Dentro do estado,Vendas De Energia Elétrica,Mercadoria,Saídas,Receita,Não,Não,Débito,Não
"5928","5928","5928 | Lançamento efetuado a título de baixa de estoque decorrente do encerramento da atividade da empresa       ","5928 | Lançamento efetuado a título de baixa de estoque decorrente do encerramento da atividade da empresa | Dentro do estado       ","928",Encerramento de atividade,Lançamento efetuado a título de baixa de estoque decorrente do encerramento da atividade da empresa       ,Saídas Ou Prestações De Serviços Para O Estado,Outras,Dentro do estado,Outras Saídas De Mercadorias Ou Prestações De Serviços,Mercadoria,Saídas,"",Não,Não,Débito,Não
"6551","6551","6551 | Venda de bem do ativo imobilizado                                                                         ","6551 | Venda de bem do ativo imobilizado | Interestadual                                                                            ","551",Ativo Imobilizado,Venda de bem do ativo imobilizado                                                                         ,Saídas Ou Prestações De Serviços Para Outros Estados,Receita,Interestadual,Operações Com Bens De Ativo Imobilizado E Materiais Para Uso Ou Consumo,Mercadoria,Saídas,Receita,Não,Não,Débito,Não
"1251","1251","1251 | Compra de energia elétrica para distribuição ou comercialização                                           ","1251 | Compra de energia elétrica para distribuição ou comercialização | Dentro do estado                                           ","251",Energia elétrica,Compra de energia elétrica para distribuição ou comercialização                                           ,Entradas Ou Aquisições De Serviços Do Estado,"",Dentro do estado,Compras De Energia Elétrica,Mercadoria,Entradas,"",Sim,Compra,Crédito,Sim
"2117","2117","2117 | Compra para comercialização originada de encomenda para recebimento futuro                                ","2117 | Compra para comercialização originada de encomenda para recebimento futuro | Interestadual                                   ","117",Revenda,Compra para comercialização originada de encomenda para recebimento futuro                                ,Entradas Ou Aquisições De Serviços De Outros Estados,"",Interestadual,"Compras para industrialização rural, comercialização ou prestação de serviços",Mercadoria,Entradas,"",Sim,Compra,Crédito,Sim
"2911","2911","2911 | Entrada de amostra grátis                                                                                 ","2911 | Entrada de amostra grátis | Interestadual                                                                                    ","911",Amostra grátis,Entrada de amostra grátis                                                                                 ,Entradas Ou Aquisições De Serviços De Outros Estados,"",Interestadual,Outras Entradas De Mercadorias Ou Aquisições De Serviços,Mercadoria,Entradas,"",Não,Não,Crédito,Não
"5255","5255","5255 | Venda de energia elétrica para estabelecimento prestador de serviço de comunicação                        ","5255 | Venda de energia elétrica para estabelecimento prestador de serviço de comunicação | Dentro do estado                        ","255",Energia elétrica,Venda de energia elétrica para estabelecimento prestador de serviço de comunicação                        ,Saídas Ou Prestações De Serviços Para O Estado,Receita,Dentro do estado,Vendas De Energia Elétrica,Mercadoria,Saídas,Receita,Não,Não,Débito,Não
"5929","5929","5929 | Lançamento efetuado em decorrência de emissão de documento fiscal relativo a operação ou prestação também registrada em equipamento Emissor de Cupom Fiscal - ECF        ","5929 | Lançamento efetuado em decorrência de emissão de documento fiscal relativo a operação ou prestação também registrada em equipamento Emissor de Cupom Fiscal - ECF | Dentro do estado        ","929",Cupom fiscal,Lançamento efetuado em decorrência de emissão de documento fiscal relativo a operação ou prestação também registrada em equipamento Emissor de Cupom Fiscal - ECF        ,Saídas Ou Prestações De Serviços Para O Estado,Receita,Dentro do estado,Outras Saídas De Mercadorias Ou Prestações De Serviços,Mercadoria,Saídas,Receita,Não,Não,Débito,Não
"6552","6552","6552 | Transferência de bem do ativo imobilizado                                                                 ","6552 | Transferência de bem do ativo imobilizado | Interestadual                                                                    ","552",Transferência - ativo imobilizado,Transferência de bem do ativo imobilizado                                                                 ,Saídas Ou Prestações De Serviços Para Outros Estados,Transferência,Interestadual,Operações Com Bens De Ativo Imobilizado E Materiais Para Uso Ou Consumo,Mercadoria,Saídas,"",Não,Não,Débito,Não
"1252","1252","1252 | Compra de energia elétrica por estabelecimento industrial                                                 ","1252 | Compra de energia elétrica por estabelecimento industrial | Dentro do estado                                                 ","252",Energia elétrica,Compra de energia elétrica por estabelecimento industrial                                                 ,Entradas Ou Aquisições De Serviços Do Estado,"",Dentro do estado,Compras De Energia Elétrica,Mercadoria,Entradas,"",Sim,Compra,Crédito,Sim
"2118","2118","2118 | Compra de mercadoria para comercialização pelo adquirente originário, entregue pelo vendedor remetente ao destinatário, em venda à ordem   ","2118 | Compra de mercadoria para comercialização pelo adquirente originário, entregue pelo vendedor remetente ao destinatário, em venda à ordem | Interestadual       ","118",Revenda,"Compra de mercadoria para comercialização pelo adquirente originário, entregue pelo vendedor remetente ao destinatário, em venda à ordem   ",Entradas Ou Aquisições De Serviços De Outros Estados,"",Interestadual,"Compras para industrialização rural, comercialização ou prestação de serviços",Mercadoria,Entradas,"",Sim,Compra,Crédito,Sim
"2912","2912","2912 | Entrada de mercadoria ou bem recebido para demonstração ou mostruário                                                   ","2912 | Entrada de mercadoria ou bem recebido para demonstração ou mostruário | Interestadual                                                      ","912",Demonstração,Entrada de mercadoria ou bem recebido para demonstração ou mostruário                                                   ,Entradas Ou Aquisições De Serviços De Outros Estados,"",Interestadual,Outras Entradas De Mercadorias Ou Aquisições De Serviços,Mercadoria,Entradas,"",Não,Não,Crédito,Não
"5256","5256","5256 | Venda de energia elétrica para estabelecimento de produtor rural                                          ","5256 | Venda de energia elétrica para estabelecimento de produtor rural | Dentro do estado                                          ","256",Energia elétrica,Venda de energia elétrica para estabelecimento de produtor rural                                          ,Saídas Ou Prestações De Serviços Para O Estado,Receita,Dentro do estado,Vendas De Energia Elétrica,Mercadoria,Saídas,Receita,Não,Não,Débito,Não
"5931","5931","5931 | Lançamento efetuado em decorrência da responsabilidade de retenção do imposto por substituição tributária, atribuída ao remetente ou alienante da mercadoria, pelo serviço de transporte realizado por transportador autônomo ou por transportador não inscrito na unidade da Federação onde iniciado o serviço.            ","5931 | Lançamento efetuado em decorrência da responsabilidade de retenção do imposto por substituição tributária, atribuída ao remetente ou alienante da mercadoria, pelo serviço de transporte realizado por transportador autônomo ou por transportador não inscrito na unidade da Federação onde iniciado o serviço | Dentro do estado            ","931",Serviço de transporte - ST,"Lançamento efetuado em decorrência da responsabilidade de retenção do imposto por substituição tributária, atribuída ao remetente ou alienante da mercadoria, pelo serviço de transporte realizado por transportador autônomo ou por transportador não inscrito na unidade da Federação onde iniciado o serviço.            ",Saídas Ou Prestações De Serviços Para O Estado,Receita,Dentro do estado,Outras Saídas De Mercadorias Ou Prestações De Serviços,Transporte,Saídas,Receita,Não,Não,Débito,Não
"6553","6553","6553 | Devolução de compra de bem para o ativo imobilizado                                                       ","6553 | Devolução de compra de bem para o ativo imobilizado | Interestadual                                                          ","553",Devolução,Devolução de compra de bem para o ativo imobilizado                                                       ,Saídas Ou Prestações De Serviços Para Outros Estados,Outras,Interestadual,Operações Com Bens De Ativo Imobilizado E Materiais Para Uso Ou Consumo,Mercadoria,Saídas,"",Não,Não,Débito,Não
"1253","1253","1253 | Compra de energia elétrica por estabelecimento comercial                                                  ","1253 | Compra de energia elétrica por estabelecimento comercial | Dentro do estado                                                  ","253",Energia elétrica,Compra de energia elétrica por estabelecimento comercial                                                  ,Entradas Ou Aquisições De Serviços Do Estado,"",Dentro do estado,Compras De Energia Elétrica,Mercadoria,Entradas,"",Sim,Compra,Crédito,Sim
"2120","2120","2120 | Compra para industrialização, em venda à ordem, já recebida do vendedor remetente                         ","2120 | Compra para industrialização, em venda à ordem, já recebida do vendedor remetente | Interestadual                            ","120",Insumo,"Compra para industrialização, em venda à ordem, já recebida do vendedor remetente                         ",Entradas Ou Aquisições De Serviços De Outros Estados,"",Interestadual,"Compras para industrialização rural, comercialização ou prestação de serviços",Mercadoria,Entradas,"",Sim,Compra,Crédito,Sim
"2913","2913","2913 | Retorno de mercadoria ou bem remetido para demonstração, mostruário ou treinamento                                                   ","2913 | Retorno de mercadoria ou bem remetido para demonstração, mostruário ou treinamento | Interestadual                                                      ","913",Demonstração,"Retorno de mercadoria ou bem remetido para demonstração, mostruário ou treinamento                                                   ",Entradas Ou Aquisições De Serviços De Outros Estados,"",Interestadual,Outras Entradas De Mercadorias Ou Aquisições De Serviços,Mercadoria,Entradas,"",Não,Não,Crédito,Não
"5257","5257","5257 | Venda de energia elétrica para consumo por demanda contratada                                             ","5257 | Venda de energia elétrica para consumo por demanda contratada | Dentro do estado                                             ","257",Energia elétrica,Venda de energia elétrica para consumo por demanda contratada                                             ,Saídas Ou Prestações De Serviços Para O Estado,Receita,Dentro do estado,Vendas De Energia Elétrica,Mercadoria,Saídas,Receita,Não,Não,Débito,Não
"5932","5932","5932 | Prestação de serviço de transporte iniciada em unidade da Federação diversa daquela onde inscrito o prestador       ","5932 | Prestação de serviço de transporte iniciada em unidade da Federação diversa daquela onde inscrito o prestador | Dentro do estado       ","932",Serviço de transporte - ST,Prestação de serviço de transporte iniciada em unidade da Federação diversa daquela onde inscrito o prestador       ,Saídas Ou Prestações De Serviços Para O Estado,Receita,Dentro do estado,Outras Saídas De Mercadorias Ou Prestações De Serviços,Transporte,Saídas,Receita,Não,Não,Débito,Não
"6554","6554","6554 | Remessa de bem do ativo imobilizado para uso fora do estabelecimento                                      ","6554 | Remessa de bem do ativo imobilizado para uso fora do estabelecimento | Interestadual                                         ","554",Outras saídas,Remessa de bem do ativo imobilizado para uso fora do estabelecimento                                      ,Saídas Ou Prestações De Serviços Para Outros Estados,Outras,Interestadual,Operações Com Bens De Ativo Imobilizado E Materiais Para Uso Ou Consumo,Mercadoria,Saídas,"",Não,Não,Débito,Não
"1254","1254","1254 | Compra de energia elétrica por estabelecimento prestador de serviço de transporte                         ","1254 | Compra de energia elétrica por estabelecimento prestador de serviço de transporte | Dentro do estado                         ","254",Energia elétrica,Compra de energia elétrica por estabelecimento prestador de serviço de transporte                         ,Entradas Ou Aquisições De Serviços Do Estado,"",Dentro do estado,Compras De Energia Elétrica,Mercadoria,Entradas,"",Sim,Compra,Crédito,Não
"2121","2121","2121 | Compra para comercialização, em venda à ordem, já recebida do vendedor remetente                          ","2121 | Compra para comercialização, em venda à ordem, já recebida do vendedor remetente | Interestadual                             ","121",Revenda,"Compra para comercialização, em venda à ordem, já recebida do vendedor remetente                          ",Entradas Ou Aquisições De Serviços De Outros Estados,"",Interestadual,"Compras para industrialização rural, comercialização ou prestação de serviços",Mercadoria,Entradas,"",Sim,Compra,Crédito,Sim
"2914","2914","2914 | Retorno de mercadoria ou bem remetido para exposição ou feira                                             ","2914 | Retorno de mercadoria ou bem remetido para exposição ou feira | Interestadual                                                ","914",Exposição ou feira,Retorno de mercadoria ou bem remetido para exposição ou feira                                             ,Entradas Ou Aquisições De Serviços De Outros Estados,"",Interestadual,Outras Entradas De Mercadorias Ou Aquisições De Serviços,Mercadoria,Entradas,"",Não,Não,Crédito,Não
"5258","5258","5258 | Venda de energia elétrica a não contribuinte                                                              ","5258 | Venda de energia elétrica a não contribuinte | Dentro do estado                                                              ","258",Energia elétrica,Venda de energia elétrica a não contribuinte                                                              ,Saídas Ou Prestações De Serviços Para O Estado,Receita,Dentro do estado,Vendas De Energia Elétrica,Mercadoria,Saídas,Receita,Não,Não,Débito,Não
"5933","5933","5933 | Prestação de serviço tributado pelo ISSQN                                                                 ","5933 | Prestação de serviço tributado pelo ISSQN | Dentro do estado                                                                 ","933",Serviços , Prestação de serviço tributado pelo ISSQN                                                                 ,Saídas Ou Prestações De Serviços Para O Estado,Receita,Dentro do estado,Outras Saídas De Mercadorias Ou Prestações De Serviços,Serviços,Saídas,Receita,Não,Não,Débito,Não
"6555","6555","6555 | Devolução de bem do ativo imobilizado de terceiro, recebido para uso no estabelecimento                   ","6555 | Devolução de bem do ativo imobilizado de terceiro, recebido para uso no estabelecimento | Interestadual                      ","555",Outras saídas,"Devolução de bem do ativo imobilizado de terceiro, recebido para uso no estabelecimento                   ",Saídas Ou Prestações De Serviços Para Outros Estados,Outras,Interestadual,Operações Com Bens De Ativo Imobilizado E Materiais Para Uso Ou Consumo,Mercadoria,Saídas,"",Não,Não,Débito,Não
"1255","1255","1255 | Compra de energia elétrica por estabelecimento prestador de serviço de comunicação                        ","1255 | Compra de energia elétrica por estabelecimento prestador de serviço de comunicação | Dentro do estado                        ","255",Energia elétrica,Compra de energia elétrica por estabelecimento prestador de serviço de comunicação                        ,Entradas Ou Aquisições De Serviços Do Estado,"",Dentro do estado,Compras De Energia Elétrica,Mercadoria,Entradas,"",Sim,Compra,Crédito,Não
"2122","2122","2122 | Compra para industrialização em que a mercadoria foi remetida pelo fornecedor ao industrializador sem transitar pelo estabelecimento adquirente    ","2122 | Compra para industrialização em que a mercadoria foi remetida pelo fornecedor ao industrializador sem transitar pelo estabelecimento adquirente | Interestadual        ","122",Insumo,Compra para industrialização em que a mercadoria foi remetida pelo fornecedor ao industrializador sem transitar pelo estabelecimento adquirente    ,Entradas Ou Aquisições De Serviços De Outros Estados,"",Interestadual,"Compras para industrialização rural, comercialização ou prestação de serviços",Mercadoria,Entradas,"",Sim,Compra,Crédito,Sim
"2915","2915","2915 | Entrada de mercadoria ou bem recebido para conserto ou reparo                                             ","2915 | Entrada de mercadoria ou bem recebido para conserto ou reparo | Interestadual                                                ","915",Conserto,Entrada de mercadoria ou bem recebido para conserto ou reparo                                             ,Entradas Ou Aquisições De Serviços De Outros Estados,"",Interestadual,Outras Entradas De Mercadorias Ou Aquisições De Serviços,Mercadoria,Entradas,"",Não,Não,Crédito,Não
"5301","5301","5301 | Prestação de serviço de comunicação para execução de serviço da mesma natureza                            ","5301 | Prestação de serviço de comunicação para execução de serviço da mesma natureza | Dentro do estado                            ","301",Serviço de comunicação,Prestação de serviço de comunicação para execução de serviço da mesma natureza                            ,Saídas Ou Prestações De Serviços Para O Estado,Receita,Dentro do estado,Prestações De Serviços De Comunicação,Mercadoria,Saídas,Receita,Não,Não,Débito,Não
"5934","5934","5934 | Remessa simbólica de mercadoria depositada em armazém geral ou depósito fechado.","5934 | Remessa simbólica de mercadoria depositada em armazém geral ou depósito fechado | Dentro do estado","934",Outras saídas,Remessa simbólica de mercadoria depositada em armazém geral ou depósito fechado.,Saídas Ou Prestações De Serviços Para O Estado,Outras,Dentro do estado,Outras Saídas De Mercadorias Ou Prestações De Serviços,Mercadoria,Saídas,"",Não,Não,Débito,Não
"6556","6556","6556 | Devolução de compra de material de uso ou consumo                                                         ","6556 | Devolução de compra de material de uso ou consumo | Interestadual                                                            ","556",Uso e consumo,Devolução de compra de material de uso ou consumo                                                         ,Saídas Ou Prestações De Serviços Para Outros Estados,Outras,Interestadual,Operações Com Bens De Ativo Imobilizado E Materiais Para Uso Ou Consumo,Mercadoria,Saídas,Uso e consumo,Não,Não,Débito,Não
"1256","1256","1256 | Compra de energia elétrica por estabelecimento de produtor rural                                          ","1256 | Compra de energia elétrica por estabelecimento de produtor rural | Dentro do estado                                          ","256",Energia elétrica,Compra de energia elétrica por estabelecimento de produtor rural                                          ,Entradas Ou Aquisições De Serviços Do Estado,"",Dentro do estado,Compras De Energia Elétrica,Mercadoria,Entradas,"",Sim,Compra,Crédito,Sim
"2124","2124","2124 | Industrialização efetuada por outra empresa                                                               ","2124 | Industrialização efetuada por outra empresa | Interestadual                                                                  ","124",Industrialização por encomenda,Industrialização efetuada por outra empresa                                                               ,Entradas Ou Aquisições De Serviços De Outros Estados,"",Interestadual,"Compras para industrialização rural, comercialização ou prestação de serviços",Mercadoria,Entradas,"",Sim,Compra,Crédito,Sim
"2916","2916","2916 | Retorno de mercadoria ou bem remetido para conserto ou reparo                                             ","2916 | Retorno de mercadoria ou bem remetido para conserto ou reparo | Interestadual                                                ","916",Conserto,Retorno de mercadoria ou bem remetido para conserto ou reparo                                             ,Entradas Ou Aquisições De Serviços De Outros Estados,"",Interestadual,Outras Entradas De Mercadorias Ou Aquisições De Serviços,Mercadoria,Entradas,"",Não,Não,Crédito,Não
"5302","5302","5302 | Prestação de serviço de comunicação a estabelecimento industrial                                          ","5302 | Prestação de serviço de comunicação a estabelecimento industrial | Dentro do estado                                          ","302",Serviço de comunicação,Prestação de serviço de comunicação a estabelecimento industrial                                          ,Saídas Ou Prestações De Serviços Para O Estado,Receita,Dentro do estado,Prestações De Serviços De Comunicação,Mercadoria,Saídas,Receita,Não,Não,Débito,Não
"5949","5949","5949 | Outra saída de mercadoria ou prestação de serviço não especificado                                        ","5949 | Outra saída de mercadoria ou prestação de serviço não especificado | Dentro do estado                                        ","949",Outras saídas,Outra saída de mercadoria ou prestação de serviço não especificado                                        ,Saídas Ou Prestações De Serviços Para O Estado,Outras,Dentro do estado,Outras Saídas De Mercadorias Ou Prestações De Serviços,Mercadoria,Saídas,"",Não,Não,Débito,Não
"6557","6557","6557 | Transferência de material de uso ou consumo                                                               ","6557 | Transferência de material de uso ou consumo | Interestadual                                                                  ","557",Transferência - uso e consumo,Transferência de material de uso ou consumo                                                               ,Saídas Ou Prestações De Serviços Para Outros Estados,Transferência,Interestadual,Operações Com Bens De Ativo Imobilizado E Materiais Para Uso Ou Consumo,Mercadoria,Saídas,Uso e consumo,Não,Não,Débito,Não
"1257","1257","1257 | Compra de energia elétrica para consumo por demanda contratada                                            ","1257 | Compra de energia elétrica para consumo por demanda contratada | Dentro do estado                                            ","257",Energia elétrica,Compra de energia elétrica para consumo por demanda contratada                                            ,Entradas Ou Aquisições De Serviços Do Estado,"",Dentro do estado,Compras De Energia Elétrica,Mercadoria,Entradas,"",Sim,Compra,Crédito,Não
"2125","2125","2125 | Industrialização efetuada por outra empresa quando a mercadoria remetida para utilização no processo de industrialização não transitou pelo estabelecimento adquirente da mercadoria  ","2125 | Industrialização efetuada por outra empresa quando a mercadoria remetida para utilização no processo de industrialização não transitou pelo estabelecimento adquirente da mercadoria | Interestadual      ","125",Industrialização por encomenda,Industrialização efetuada por outra empresa quando a mercadoria remetida para utilização no processo de industrialização não transitou pelo estabelecimento adquirente da mercadoria  ,Entradas Ou Aquisições De Serviços De Outros Estados,"",Interestadual,"Compras para industrialização rural, comercialização ou prestação de serviços",Mercadoria,Entradas,"",Sim,Compra,Crédito,Sim
"2917","2917","2917 | Entrada de mercadoria recebida em consignação mercantil ou industrial                                     ","2917 | Entrada de mercadoria recebida em consignação mercantil ou industrial | Interestadual                                        ","917",Consignação,Entrada de mercadoria recebida em consignação mercantil ou industrial                                     ,Entradas Ou Aquisições De Serviços De Outros Estados,"",Interestadual,Outras Entradas De Mercadorias Ou Aquisições De Serviços,Mercadoria,Entradas,"",Não,Não,Crédito,Não
"5303","5303","5303 | Prestação de serviço de comunicação a estabelecimento comercial                                           ","5303 | Prestação de serviço de comunicação a estabelecimento comercial | Dentro do estado                                           ","303",Serviço de comunicação,Prestação de serviço de comunicação a estabelecimento comercial                                           ,Saídas Ou Prestações De Serviços Para O Estado,Receita,Dentro do estado,Prestações De Serviços De Comunicação,Mercadoria,Saídas,Receita,Não,Não,Débito,Não
"6101","6101","6101 | Venda de produção do estabelecimento                                                                      ","6101 | Venda de produção do estabelecimento | Interestadual                                                                         ","101",Venda de produção,Venda de produção do estabelecimento                                                                      ,Saídas Ou Prestações De Serviços Para Outros Estados,Receita,Interestadual,Vendas De Produção Própria Ou De Terceiros,Mercadoria,Saídas,Receita,Não,Não,Débito,Não
"6603","6603","6603 | Ressarcimento de ICMS retido por substituição tributária                                                  ","6603 | Ressarcimento de ICMS retido por substituição tributária | Interestadual                                                     ","603",Crédito de ICMS,Ressarcimento de ICMS retido por substituição tributária                                                  ,Saídas Ou Prestações De Serviços Para Outros Estados,Outras,Interestadual,Créditos E Ressarcimentos De Icms,Mercadoria,Saídas,"",Não,Não,Débito,Não
"1303","1303","1303 | Aquisição de serviço de comunicação por estabelecimento comercial                                         ","1303 | Aquisição de serviço de comunicação por estabelecimento comercial | Dentro do estado                                         ","303",Serviço de comunicação,Aquisição de serviço de comunicação por estabelecimento comercial                                         ,Entradas Ou Aquisições De Serviços Do Estado,"",Dentro do estado,Aquisições De Serviços De Comunicação,Mercadoria,Entradas,"",Sim,Compra,Crédito,Não
"2131","2131","2131 | Entrada de mercadoria, com previsão de posterior ajuste ou fixação de preço, decorrente de operação de ato cooperativo.","2131 | Entrada de mercadoria, com previsão de posterior ajuste ou fixação de preço, decorrente de operação de ato cooperativo | Interestadual","131",Entradas com possibililidade de ajuste ou fixação de preço,"Entrada de mercadoria, com previsão de posterior ajuste ou fixação de preço, decorrente de operação de ato cooperativo.",Entradas Ou Aquisições De Serviços De Outros Estados,"",Interestadual,"Compras para industrialização rural, comercialização ou prestação de serviços",Mercadoria,Entradas,"",Sim,Compra,Crédito,Não
"2920","2920","2920 | Entrada de embalagens, bombonas, vasilhames, sacarias, pallets ou assemelhados                                                                           ","2920 | Entrada de embalagens, bombonas, vasilhames, sacarias, pallets ou assemelhados | Interestadual                                                                              ","920",Vasilhame e sacaria,"Entrada de embalagens, bombonas, vasilhames, sacarias, pallets ou assemelhados                                                                           ",Entradas Ou Aquisições De Serviços De Outros Estados,"",Interestadual,Outras Entradas De Mercadorias Ou Aquisições De Serviços,Mercadoria,Entradas,"",Não,Não,Crédito,Não
"5306","5306","5306 | Prestação de serviço de comunicação a estabelecimento de produtor rural                                   ","5306 | Prestação de serviço de comunicação a estabelecimento de produtor rural | Dentro do estado                                   ","306",Serviço de comunicação,Prestação de serviço de comunicação a estabelecimento de produtor rural                                   ,Saídas Ou Prestações De Serviços Para O Estado,Receita,Dentro do estado,Prestações De Serviços De Comunicação,Mercadoria,Saídas,Receita,Não,Não,Débito,Não
"6104","6104","6104 | Venda de mercadoria adquirida ou recebida de terceiros, efetuada fora do estabelecimento                  ","6104 | Venda de mercadoria adquirida ou recebida de terceiros, efetuada fora do estabelecimento | Interestadual                     ","104",Revenda fora do estabelecimento,"Venda de mercadoria adquirida ou recebida de terceiros, efetuada fora do estabelecimento                  ",Saídas Ou Prestações De Serviços Para Outros Estados,Receita,Interestadual,Vendas De Produção Própria Ou De Terceiros,Mercadoria,Saídas,Receita,Não,Não,Débito,Sim
"6653","6653","6653 | Venda de combustíveis ou lubrificantes de produção do estabelecimento destinado a consumidor ou usuário final     ","6653 | Venda de combustíveis ou lubrificantes de produção do estabelecimento destinado a consumidor ou usuário final | Interestadual        ","653",Combustível,Venda de combustíveis ou lubrificantes de produção do estabelecimento destinado a consumidor ou usuário final     ,Saídas Ou Prestações De Serviços Para Outros Estados,Receita,Interestadual,"Saídas de Combustíveis, derivados ou não de petróleo e lubrificantes",Mercadoria,Saídas,Receita,Não,Não,Débito,Não
"1301","1301","1301 | Aquisição de serviço de comunicação para execução de serviço da mesma natureza                            ","1301 | Aquisição de serviço de comunicação para execução de serviço da mesma natureza | Dentro do estado                            ","301",Serviço de comunicação,Aquisição de serviço de comunicação para execução de serviço da mesma natureza                            ,Entradas Ou Aquisições De Serviços Do Estado,"",Dentro do estado,Aquisições De Serviços De Comunicação,Mercadoria,Entradas,"",Sim,Compra,Crédito,Não
"2126","2126","2126 | Compra para utilização na prestação de serviço sujeita ao ICMS                                                            ","2126 | Compra para utilização na prestação de serviço sujeita ao ICMS | Interestadual                                                               ","126",Produto para utilização em serviço,Compra para utilização na prestação de serviço sujeita ao ICMS                                                            ,Entradas Ou Aquisições De Serviços De Outros Estados,"",Interestadual,"Compras para industrialização rural, comercialização ou prestação de serviços",Mercadoria,Entradas,"",Não,Não,Crédito,Não
"2918","2918","2918 | Devolução de mercadoria remetida em consignação mercantil ou industrial                                   ","2918 | Devolução de mercadoria remetida em consignação mercantil ou industrial | Interestadual                                      ","918",Devolução,Devolução de mercadoria remetida em consignação mercantil ou industrial                                   ,Entradas Ou Aquisições De Serviços De Outros Estados,"",Interestadual,Outras Entradas De Mercadorias Ou Aquisições De Serviços,Mercadoria,Entradas,"",Não,Não,Crédito,Não
"5304","5304","5304 | Prestação de serviço de comunicação a estabelecimento de prestador de serviço de transporte               ","5304 | Prestação de serviço de comunicação a estabelecimento de prestador de serviço de transporte | Dentro do estado               ","304",Serviço de comunicação,Prestação de serviço de comunicação a estabelecimento de prestador de serviço de transporte               ,Saídas Ou Prestações De Serviços Para O Estado,Receita,Dentro do estado,Prestações De Serviços De Comunicação,Mercadoria,Saídas,Receita,Não,Não,Débito,Não
"6102","6102","6102 | Venda de mercadoria adquirida ou recebida de terceiros, ou qualquer venda de mercadoria efetuada pelo MEI com exceção das saídas classificadas nos códigos 6.501, 6.502, 6.504 e 6.505                                                   ","6102 | Venda de mercadoria adquirida ou recebida de terceiros, ou qualquer venda de mercadoria efetuada pelo MEI com exceção das saídas classificadas nos códigos 6.501, 6.502, 6.504 e 6.505 | Interestadual                                                       ","102",Revenda,"Venda de mercadoria adquirida ou recebida de terceiros, ou qualquer venda de mercadoria efetuada pelo MEI com exceção das saídas classificadas nos códigos 6.501, 6.502, 6.504 e 6.505                                                   ",Saídas Ou Prestações De Serviços Para Outros Estados,Receita,Interestadual,Vendas De Produção Própria Ou De Terceiros,Mercadoria,Saídas,Receita,Não,Não,Débito,Sim
"6651","6651","6651 | Venda de combustíveis ou lubrificantes de produção do estabelecimento destinado à industrialização subsequente          ","6651 | Venda de combustível ou lubrificante de produção do estabelecimento destinado à industrialização | Interestadual             ","651",Combustível,Venda de combustíveis ou lubrificantes de produção do estabelecimento destinado à industrialização subsequente          ,Saídas Ou Prestações De Serviços Para Outros Estados,Receita,Interestadual,"Saídas de Combustíveis, derivados ou não de petróleo e lubrificantes",Mercadoria,Saídas,Receita,Não,Não,Débito,Não
"1302","1302","1302 | Aquisição de serviço de comunicação por estabelecimento industrial                                        ","1302 | Aquisição de serviço de comunicação por estabelecimento industrial | Dentro do estado                                        ","302",Serviço de comunicação,Aquisição de serviço de comunicação por estabelecimento industrial                                        ,Entradas Ou Aquisições De Serviços Do Estado,"",Dentro do estado,Aquisições De Serviços De Comunicação,Mercadoria,Entradas,"",Sim,Compra,Crédito,Não
"2128","2128","2128 | Compra para utilização na prestação de serviço sujeita ao ISSQN","2128 | Compra para utilização na prestação de serviço sujeita ao ISSQN | Interestadual","128",Produto para utilização em serviço,Compra para utilização na prestação de serviço sujeita ao ISSQN,Entradas Ou Aquisições De Serviços De Outros Estados,"",Interestadual,"Compras para industrialização rural, comercialização ou prestação de serviços",Mercadoria,Entradas,"",Não,Não,Crédito,Não
"2919","2919","2919 | Devolução simbólica de mercadoria vendida ou utilizada em processo industrial, remetida anteriormente em consignação mercantil ou industrial     ","2919 | Devolução simbólica de mercadoria vendida ou utilizada em processo industrial, remetida anteriormente em consignação mercantil ou industrial | Interestadual        ","919",Devolução,"Devolução simbólica de mercadoria vendida ou utilizada em processo industrial, remetida anteriormente em consignação mercantil ou industrial     ",Entradas Ou Aquisições De Serviços De Outros Estados,"",Interestadual,Outras Entradas De Mercadorias Ou Aquisições De Serviços,Mercadoria,Entradas,"",Não,Não,Crédito,Não
"5305","5305","5305 | Prestação de serviço de comunicação a estabelecimento de geradora ou de distribuidora de energia elétrica          ","5305 | Prestação de serviço de comunicação a estabelecimento de geradora ou de distribuidora de energia elétrica | Dentro do estado          ","305",Serviço de comunicação,Prestação de serviço de comunicação a estabelecimento de geradora ou de distribuidora de energia elétrica          ,Saídas Ou Prestações De Serviços Para O Estado,Receita,Dentro do estado,Prestações De Serviços De Comunicação,Mercadoria,Saídas,Receita,Não,Não,Débito,Não
"6103","6103","6103 | Venda de produção do estabelecimento, efetuada fora do estabelecimento                                    ","6103 | Venda de produção do estabelecimento, efetuada fora do estabelecimento | Interestadual                                       ","103",Venda de produção fora do estabelecimento,"Venda de produção do estabelecimento, efetuada fora do estabelecimento                                    ",Saídas Ou Prestações De Serviços Para Outros Estados,Receita,Interestadual,Vendas De Produção Própria Ou De Terceiros,Mercadoria,Saídas,Receita,Não,Não,Débito,Não
"6652","6652","6652 | Venda de combustíveis ou lubrificantes de produção do estabelecimento destinado à comercialização.","6652 | Venda de combustível ou lubrificante de produção do estabelecimento destinado à comercialização | Interestadual              ","652",Combustível,Venda de combustíveis ou lubrificantes de produção do estabelecimento destinado à comercialização.,Saídas Ou Prestações De Serviços Para Outros Estados,Receita,Interestadual,"Saídas de Combustíveis, derivados ou não de petróleo e lubrificantes",Mercadoria,Saídas,Receita,Não,Não,Débito,Não
"1304","1304","1304 | Aquisição de serviço de comunicação por estabelecimento de prestador de serviço de transporte             ","1304 | Aquisição de serviço de comunicação por estabelecimento de prestador de serviço de transporte | Dentro do estado             ","304",Serviço de comunicação,Aquisição de serviço de comunicação por estabelecimento de prestador de serviço de transporte             ,Entradas Ou Aquisições De Serviços Do Estado,"",Dentro do estado,Aquisições De Serviços De Comunicação,Mercadoria,Entradas,"",Sim,Compra,Crédito,Não
"2132","2132","2132 | Fixação de preço de produção do estabelecimento produtor, inclusive quando remetidas anteriormente com previsão de posterior ajuste ou fixação de preço, em ato cooperativo, para comercialização.","2132 | Fixação de preço de produção do estabelecimento produtor, inclusive quando remetidas anteriormente com previsão de posterior ajuste ou fixação de preço, em ato cooperativo, para comercialização | Interestadual","132",Entradas com possibililidade de ajuste ou fixação de preço,"Fixação de preço de produção do estabelecimento produtor, inclusive quando remetidas anteriormente com previsão de posterior ajuste ou fixação de preço, em ato cooperativo, para comercialização.",Entradas Ou Aquisições De Serviços De Outros Estados,"",Interestadual,"Compras para industrialização rural, comercialização ou prestação de serviços",Mercadoria,Entradas,"",Sim,Compra,Crédito,Não
"2921","2921","2921 | Retorno de embalagens, bombonas, vasilhames, sacarias, pallets ou assemelhados                                                                           ","2921 | Retorno de embalagens, bombonas, vasilhames, sacarias, pallets ou assemelhados | Interestadual                                                                              ","921",Vasilhame e sacaria,"Retorno de embalagens, bombonas, vasilhames, sacarias, pallets ou assemelhados                                                                           ",Entradas Ou Aquisições De Serviços De Outros Estados,"",Interestadual,Outras Entradas De Mercadorias Ou Aquisições De Serviços,Mercadoria,Entradas,"",Não,Não,Crédito,Não
"5307","5307","5307 | Prestação de serviço de comunicação a não contribuinte                                                    ","5307 | Prestação de serviço de comunicação a não contribuinte | Dentro do estado                                                    ","307",Serviço de comunicação,Prestação de serviço de comunicação a não contribuinte                                                    ,Saídas Ou Prestações De Serviços Para O Estado,Receita,Dentro do estado,Prestações De Serviços De Comunicação,Mercadoria,Saídas,Receita,Não,Não,Débito,Não
"6105","6105","6105 | Venda de produção do estabelecimento que não deva por ele transitar                                       ","6105 | Venda de produção do estabelecimento que não deva por ele transitar | Interestadual                                          ","105",Venda de produção,Venda de produção do estabelecimento que não deva por ele transitar                                       ,Saídas Ou Prestações De Serviços Para Outros Estados,Receita,Interestadual,Vendas De Produção Própria Ou De Terceiros,Mercadoria,Saídas,Receita,Não,Não,Débito,Não
"6654","6654","6654 | Venda de combustíveis ou lubrificantes adquiridos ou recebidos de terceiros destinado à industrialização subsequente      ","6654 | Venda de combustíveis ou lubrificantes adquiridos ou recebidos de terceiros destinado à industrialização subsequente | Interestadual         ","654",Combustível,Venda de combustíveis ou lubrificantes adquiridos ou recebidos de terceiros destinado à industrialização subsequente      ,Saídas Ou Prestações De Serviços Para Outros Estados,Receita,Interestadual,"Saídas de Combustíveis, derivados ou não de petróleo e lubrificantes",Mercadoria,Saídas,Receita,Não,Não,Débito,Não
"1602","1602","1602 | Recebimento, por transferência, de saldo credor de ICMS de outro estabelecimento da mesma empresa, para compensação de saldo devedor de ICMS        ","1602 | Recebimento, por transferência, de saldo credor de ICMS de outro estabelecimento da mesma empresa, para compensação de saldo devedor de ICMS | Dentro do estado        ","602",Crédito de ICMS,"Recebimento, por transferência, de saldo credor de ICMS de outro estabelecimento da mesma empresa, para compensação de saldo devedor de ICMS        ",Entradas Ou Aquisições De Serviços Do Estado,"",Dentro do estado,Créditos E Ressarcimentos De Icms,Mercadoria,Entradas,"",Não,Não,Crédito,Não
"2356","2356","2356 | Aquisição de serviço de transporte por estabelecimento de produtor rural                                  ","2356 | Aquisição de serviço de transporte por estabelecimento de produtor rural | Interestadual                                     ","356",Serviço de transporte,Aquisição de serviço de transporte por estabelecimento de produtor rural                                  ,Entradas Ou Aquisições De Serviços De Outros Estados,"",Interestadual,Aquisições De Serviços De Transporte,Transporte,Entradas,"",Sim,Compra,Crédito,Sim
"3667","3667","3667 | Entrada de combustíveis ou lubrificantes para consumo final, em embarcações ou aeronaves exclusivamente em tráfego internacional com destino ao exterior.","3667 | Entrada de combustíveis ou lubrificantes para consumo final, em embarcações ou aeronaves exclusivamente em tráfego internacional com destino ao exterior | Importação","667",Combustível,"Entrada de combustíveis ou lubrificantes para consumo final, em embarcações ou aeronaves exclusivamente em tráfego internacional com destino ao exterior.",Entradas Ou Aquisições De Serviços Do Exterior,"",Importação,"Entradas de Combustíveis, derivados ou não de petróleo e lubrificantes",Mercadoria,Entradas,"",Não,Não,Crédito,Não
"5557","5557","5557 | Transferência de material de uso ou consumo                                                               ","5557 | Transferência de material de uso ou consumo | Dentro do estado                                                               ","557",Transferência - uso e consumo,Transferência de material de uso ou consumo                                                               ,Saídas Ou Prestações De Serviços Para O Estado,Transferência,Dentro do estado,Operações Com Bens De Ativo Imobilizado E Materiais Para Uso Ou Consumo,Mercadoria,Saídas,Uso e consumo,Não,Não,Débito,Não
"6214","6214","6214  | Devolução referente à fixação de preço de produção do estabelecimento produtor, inclusive quando remetidas anteriormente com previsão de posterior ajuste ou fixação de preço, de ato cooperativo, para comercialização.","6214  | Devolução referente à fixação de preço de produção do estabelecimento produtor, inclusive quando remetidas anteriormente com previsão de posterior ajuste ou fixação de preço, de ato cooperativo, para comercialização | Interestadual","214",Devolução,"Devolução referente à fixação de preço de produção do estabelecimento produtor, inclusive quando remetidas anteriormente com previsão de posterior ajuste ou fixação de preço, de ato cooperativo, para comercialização.",Saídas Ou Prestações De Serviços Para Outros Estados,"",Interestadual,"Devoluções De Compras Para Industrialização, Produção rural, Comercialização Ou Anulações De valores",Mercadoria,Saídas,"",Não,Não,Débito,Não
"6929","6929","6929 | Lançamento efetuado em decorrência de emissão de documento fiscal relativo a operação ou prestação também registrada em equipamento Emissor de Cupom Fiscal * ECF        ","6929 | Lançamento efetuado em decorrência de emissão de documento fiscal relativo a operação ou prestação também registrada em equipamento Emissor de Cupom Fiscal * ECF | Interestadual           ","929",Cupom fiscal,Lançamento efetuado em decorrência de emissão de documento fiscal relativo a operação ou prestação também registrada em equipamento Emissor de Cupom Fiscal * ECF        ,Saídas Ou Prestações De Serviços Para Outros Estados,Receita,Interestadual,Outras Saídas De Mercadorias Ou Prestações De Serviços,Mercadoria,Saídas,Receita,Não,Não,Débito,Não
"1603","1603","1603 | Ressarcimento de ICMS retido por substituição tributária                                                  ","1603 | Ressarcimento de ICMS retido por substituição tributária | Dentro do estado                                                  ","603",Crédito de ICMS,Ressarcimento de ICMS retido por substituição tributária                                                  ,Entradas Ou Aquisições De Serviços Do Estado,"",Dentro do estado,Créditos E Ressarcimentos De Icms,Mercadoria,Entradas,"",Não,Não,Crédito,Não
"2401","2401","2401 | Compra para industrialização ou produção rural em operação com mercadoria sujeita ao regime de substituição            ","2401 | Compra para industrialização ou produção rural em operação com mercadoria sujeita ao regime de substituição | Interestadual               ","401",Insumo - com ST,Compra para industrialização ou produção rural em operação com mercadoria sujeita ao regime de substituição            ,Entradas Ou Aquisições De Serviços De Outros Estados,"",Interestadual,Entradas De Mercadorias Sujeitas Ao Regime De Substituição Tributária,Mercadoria,Entradas,"",Sim,Compra,Crédito,Sim
"3930","3930","3930 | Lançamento efetuado a título de entrada de bem sob amparo de regime especial aduaneiro de admissão temporária.    ","3930 | Lançamento efetuado a título de entrada de bem sob amparo de regime especial aduaneiro de admissão temporária.  | Importação              ","930",Entrada - drawback,Lançamento efetuado a título de entrada de bem sob amparo de regime especial aduaneiro de admissão temporária.    ,Entradas Ou Aquisições De Serviços Do Exterior,"",Importação,Outras Entradas De Mercadorias Ou Aquisições De Serviços,Mercadoria,Entradas,"",Sim,Compra,Crédito,Não
"5601","5601","5601 | Transferência de crédito de ICMS acumulado                                                                ","5601 | Transferência de crédito de ICMS acumulado | Dentro do estado                                                                ","601",Crédito de ICMS,Transferência de crédito de ICMS acumulado                                                                ,Saídas Ou Prestações De Serviços Para O Estado,Outras,Dentro do estado,Créditos E Ressarcimentos De Icms,Mercadoria,Saídas,"",Não,Não,Débito,Não
"6215","6215","6215 | Devolução referente à fixação de preço de produção do estabelecimento produtor, inclusive quando remetidas anteriormente com previsão de posterior ajuste ou fixação de preço, de ato cooperativo, para industrialização","6215 | Devolução referente à fixação de preço de produção do estabelecimento produtor, inclusive quando remetidas anteriormente com previsão de posterior ajuste ou fixação de preço, de ato cooperativo, para industrialização | Interestadual","215",Devolução,"Devolução referente à fixação de preço de produção do estabelecimento produtor, inclusive quando remetidas anteriormente com previsão de posterior ajuste ou fixação de preço, de ato cooperativo, para industrialização",Saídas Ou Prestações De Serviços Para Outros Estados,"",Interestadual,"Devoluções De Compras Para Industrialização, Produção rural, Comercialização Ou Anulações De valores",Mercadoria,Saídas,"",Não,Não,Débito,Não
"6931","6931","6931 | Lançamento efetuado em decorrência da responsabilidade de retenção do imposto por substituição tributária, atribuída ao remetente ou alienante da mercadoria, pelo serviço de transporte realizado por transportador autônomo ou por transportador não inscrito na unidade da Federação onde iniciado o serviço.            ","6931 | Lançamento efetuado em decorrência da responsabilidade de retenção do imposto por substituição tributária, atribuída ao remetente ou alienante da mercadoria, pelo serviço de transporte realizado por transportador autônomo ou por transportador não inscrito na unidade da Federação onde iniciado o serviço. | Interestadual               ","931",Serviço de transporte - ST,"Lançamento efetuado em decorrência da responsabilidade de retenção do imposto por substituição tributária, atribuída ao remetente ou alienante da mercadoria, pelo serviço de transporte realizado por transportador autônomo ou por transportador não inscrito na unidade da Federação onde iniciado o serviço.            ",Saídas Ou Prestações De Serviços Para Outros Estados,Receita,Interestadual,Outras Saídas De Mercadorias Ou Prestações De Serviços,Transporte,Saídas,Receita,Não,Não,Débito,Não
"1604","1604","1604 | Lançamento do crédito relativo à compra de bem para o ativo imobilizado                                   ","1604 | Lançamento do crédito relativo à compra de bem para o ativo imobilizado | Dentro do estado                                   ","604",Crédito de ICMS,Lançamento do crédito relativo à compra de bem para o ativo imobilizado                                   ,Entradas Ou Aquisições De Serviços Do Estado,"",Dentro do estado,Créditos E Ressarcimentos De Icms,Mercadoria,Entradas,"",Não,Não,Crédito,Não
"2403","2403","2403 | Compra para comercialização em operação com mercadoria sujeita ao regime de substituição tributária       ","2403 | Compra para comercialização em operação com mercadoria sujeita ao regime de substituição tributária | Interestadual          ","403",Revenda - com ST,Compra para comercialização em operação com mercadoria sujeita ao regime de substituição tributária       ,Entradas Ou Aquisições De Serviços De Outros Estados,"",Interestadual,Entradas De Mercadorias Sujeitas Ao Regime De Substituição Tributária,Mercadoria,Entradas,"",Sim,Compra,Crédito,Sim
"3949","3949","3949 | Outra entrada de mercadoria ou prestação de serviço não especificado                                      ","3949 | Outra entrada de mercadoria ou prestação de serviço não especificado | Importação                                            ","949",Outras entradas,Outra entrada de mercadoria ou prestação de serviço não especificado                                      ,Entradas Ou Aquisições De Serviços Do Exterior,"",Importação,Outras Entradas De Mercadorias Ou Aquisições De Serviços,Mercadoria,Entradas,"",Não,Não,Crédito,Não
"5602","5602","5602 | Transferência de saldo credor de ICMS para outro estabelecimento da mesma empresa, destinado à compensação de saldo devedor de ICMS            ","5602 | Transferência de saldo credor de ICMS para outro estabelecimento da mesma empresa, destinado à compensação de saldo devedor de ICMS | Dentro do estado            ","602",Crédito de ICMS,"Transferência de saldo credor de ICMS para outro estabelecimento da mesma empresa, destinado à compensação de saldo devedor de ICMS            ",Saídas Ou Prestações De Serviços Para O Estado,Outras,Dentro do estado,Créditos E Ressarcimentos De Icms,Mercadoria,Saídas,"",Não,Não,Débito,Não
"6216","6216","6216 | Devolução de entrada decorrente do fornecimento de produto ou mercadoria de ato cooperativo.","6216 | Devolução de entrada decorrente do fornecimento de produto ou mercadoria de ato cooperativo |Interestadual","216",Devolução,Devolução de entrada decorrente do fornecimento de produto ou mercadoria de ato cooperativo.,Saídas Ou Prestações De Serviços Para Outros Estados,"",Interestadual,"Devoluções De Compras Para Industrialização, Produção rural, Comercialização Ou Anulações De valores",Mercadoria,Saídas,"",Não,Não,Débito,Não
"6932","6932","6932 | Prestação de serviço de transporte iniciada em unidade da Federação diversa daquela onde inscrito o prestador       ","6932 | Prestação de serviço de transporte iniciada em unidade da Federação diversa daquela onde inscrito o prestador | Interestadual          ","932",Serviço de transporte - ST,Prestação de serviço de transporte iniciada em unidade da Federação diversa daquela onde inscrito o prestador       ,Saídas Ou Prestações De Serviços Para Outros Estados,Receita,Interestadual,Outras Saídas De Mercadorias Ou Prestações De Serviços,Transporte,Saídas,Receita,Não,Não,Débito,Não
"1605","1605","1605 | Recebimento, por transferência, de saldo devedor de ICMS de outro estabelecimento da mesma empresa        ","1605 | Recebimento, por transferência, de saldo devedor de ICMS de outro estabelecimento da mesma empresa | Dentro do estado        ","605",Crédito de ICMS,"Recebimento, por transferência, de saldo devedor de ICMS de outro estabelecimento da mesma empresa        ",Entradas Ou Aquisições De Serviços Do Estado,"",Dentro do estado,Créditos E Ressarcimentos De Icms,Mercadoria,Entradas,"",Não,Não,Crédito,Não
"2406","2406","2406 | Compra de bem para o ativo imobilizado cuja mercadoria está sujeita ao regime de substituição tributária  ","2406 | Compra de bem para o ativo imobilizado cuja mercadoria está sujeita ao regime de substituição tributária | Interestadual     ","406",Ativo Imobilizado - com ST,Compra de bem para o ativo imobilizado cuja mercadoria está sujeita ao regime de substituição tributária  ,Entradas Ou Aquisições De Serviços De Outros Estados,"",Interestadual,Entradas De Mercadorias Sujeitas Ao Regime De Substituição Tributária,Mercadoria,Entradas,"",Sim. Ativo imobilizado. ,Compra,Crédito,Não
"5101","5101","5101 | Venda de produção do estabelecimento                                                                      ","5101 | Venda de produção do estabelecimento | Dentro do estado                                                                      ","101",Venda de produção,Venda de produção do estabelecimento                                                                      ,Saídas Ou Prestações De Serviços Para O Estado,Receita,Dentro do estado,Vendas De Produção Própria Ou De Terceiros,Mercadoria,Saídas,Receita,Não,Não,Débito,Não
"5603","5603","5603 | Ressarcimento de ICMS retido por substituição tributária                                                  ","5603 | Ressarcimento de ICMS retido por substituição tributária | Dentro do estado                                                  ","603",Crédito de ICMS,Ressarcimento de ICMS retido por substituição tributária                                                  ,Saídas Ou Prestações De Serviços Para O Estado,Outras,Dentro do estado,Créditos E Ressarcimentos De Icms,Mercadoria,Saídas,"",Não,Não,Débito,Não
"6251","6251","6251 | Venda de energia elétrica para distribuição ou comercialização                                            ","6251 | Venda de energia elétrica para distribuição ou comercialização | Interestadual                                               ","251",Energia elétrica,Venda de energia elétrica para distribuição ou comercialização                                            ,Saídas Ou Prestações De Serviços Para Outros Estados,Receita,Interestadual,Vendas De Energia Elétrica,Mercadoria,Saídas,Receita,Não,Não,Débito,Não
"6933","6933","6933 | Prestação de serviço tributado pelo ISSQN                                                                 ","6933 | Prestação de serviço tributado pelo ISSQN | Interestadual                                                                    ","933",Serviços , Prestação de serviço tributado pelo ISSQN                                                                 ,Saídas Ou Prestações De Serviços Para Outros Estados,Receita,Interestadual,Outras Saídas De Mercadorias Ou Prestações De Serviços,Serviços,Saídas,Receita,Não,Não,Débito,Não
"1651","1651","1651 | Compra de combustíveis ou lubrificantes para industrialização subsequente","1651 | Compra de combustíveis ou lubrificantes para industrialização subsequente | Dentro do estado","651",Combustível,Compra de combustíveis ou lubrificantes para industrialização subsequente,Entradas Ou Aquisições De Serviços Do Estado,"",Dentro do estado,"Entradas de combustíveis, derivados ou não de petróleo e lubrificantes",Mercadoria,Entradas,"",Sim,Compra,Crédito,Sim
"2407","2407","2407 | Compra de mercadoria para uso ou consumo cuja mercadoria está sujeita ao regime de substituição tributária           ","2407 | Compra de mercadoria para uso ou consumo cuja mercadoria está sujeita ao regime de substituição tributária | Interestadual              ","407",Uso e consumo - com ST,Compra de mercadoria para uso ou consumo cuja mercadoria está sujeita ao regime de substituição tributária           ,Entradas Ou Aquisições De Serviços De Outros Estados,"",Interestadual,Entradas De Mercadorias Sujeitas Ao Regime De Substituição Tributária,Mercadoria,Entradas,Uso e consumo,Sim. Uso e consumo. ,Compra,Crédito,Não
"5102","5102","5102 | Venda de mercadoria adquirida ou recebida de terceiros, ou qualquer venda de mercadoria efetuada pelo MEI com exceção das saídas classificadas nos códigos 5.501, 5.502, 5.504 e 5.505.                                                    ","5102 | Venda de mercadoria adquirida ou recebida de terceiros, ou qualquer venda de mercadoria efetuada pelo MEI com exceção das saídas classificadas nos códigos 5.501, 5.502, 5.504 e 5.505. | Dentro do estado                                                    ","102",Revenda,"Venda de mercadoria adquirida ou recebida de terceiros, ou qualquer venda de mercadoria efetuada pelo MEI com exceção das saídas classificadas nos códigos 5.501, 5.502, 5.504 e 5.505.                                                    ",Saídas Ou Prestações De Serviços Para O Estado,Receita,Dentro do estado,Vendas De Produção Própria Ou De Terceiros,Mercadoria,Saídas,Receita,Não,Não,Débito,Sim
"5605","5605","5605 | Transferência de saldo devedor de ICMS de outro estabelecimento da mesma empresa                          ","5605 | Transferência de saldo devedor de ICMS de outro estabelecimento da mesma empresa | Dentro do estado                          ","605",Crédito de ICMS,Transferência de saldo devedor de ICMS de outro estabelecimento da mesma empresa                          ,Saídas Ou Prestações De Serviços Para O Estado,Outras,Dentro do estado,Créditos E Ressarcimentos De Icms,Mercadoria,Saídas,"",Não,Não,Débito,Não
"6252","6252","6252 | Venda de energia elétrica para estabelecimento industrial                                                 ","6252 | Venda de energia elétrica para estabelecimento industrial | Interestadual                                                    ","252",Energia elétrica,Venda de energia elétrica para estabelecimento industrial                                                 ,Saídas Ou Prestações De Serviços Para Outros Estados,Receita,Interestadual,Vendas De Energia Elétrica,Mercadoria,Saídas,Receita,Não,Não,Débito,Não
"6934","6934","6934 | Remessa simbólica de mercadoria depositada em armazém geral ou depósito fechado.","6934 | Remessa simbólica de mercadoria depositada em armazém geral ou depósito fechado | Interestadual","934",Outras saídas,Remessa simbólica de mercadoria depositada em armazém geral ou depósito fechado.,Saídas Ou Prestações De Serviços Para Outros Estados,"",Interestadual,Outras Saídas De Mercadorias Ou Prestações De Serviços,Mercadoria,Saídas,"",Não,Não,Débito,Não
"1652","1652","1652 | Compra de combustível ou lubrificante para comercialização                                                ","1652 | Compra de combustível ou lubrificante para comercialização | Dentro do estado                                                ","652",Combustível,Compra de combustível ou lubrificante para comercialização                                                ,Entradas Ou Aquisições De Serviços Do Estado,"",Dentro do estado,"Entradas de combustíveis, derivados ou não de petróleo e lubrificantes",Mercadoria,Entradas,"",Sim,Compra,Crédito,Sim
"2408","2408","2408 | Transferência para industrialização ou produção rural em operação com mercadoria sujeita ao regime de substituição tributária     ","2408 | Transferência para industrialização ou produção rural em operação com mercadoria sujeita ao regime de substituição tributária | Interestadual        ","408",Transferência - insumo - com ST,Transferência para industrialização ou produção rural em operação com mercadoria sujeita ao regime de substituição tributária     ,Entradas Ou Aquisições De Serviços De Outros Estados,"",Interestadual,Entradas De Mercadorias Sujeitas Ao Regime De Substituição Tributária,Mercadoria,Entradas,Transferência insumo,Sim,Transferência,Crédito,Não
"5103","5103","5103 | Venda de produção do estabelecimento, efetuada fora do estabelecimento                                    ","5103 | Venda de produção do estabelecimento, efetuada fora do estabelecimento | Dentro do estado                                    ","103",Venda de produção fora do estabelecimento,"Venda de produção do estabelecimento, efetuada fora do estabelecimento                                    ",Saídas Ou Prestações De Serviços Para O Estado,Receita,Dentro do estado,Vendas De Produção Própria Ou De Terceiros,Mercadoria,Saídas,Receita,Não,Não,Débito,Não
"5606","5606","5606 | Utilização de saldo credor de ICMS para extinção por compensação de débitos fiscais                       ","5606 | Utilização de saldo credor de ICMS para extinção por compensação de débitos fiscais | Dentro do estado                       ","606",Crédito de ICMS,Utilização de saldo credor de ICMS para extinção por compensação de débitos fiscais                       ,Saídas Ou Prestações De Serviços Para O Estado,Outras,Dentro do estado,Créditos E Ressarcimentos De Icms,Mercadoria,Saídas,"",Não,Não,Débito,Não
"6253","6253","6253 | Venda de energia elétrica para estabelecimento comercial                                                  ","6253 | Venda de energia elétrica para estabelecimento comercial | Interestadual                                                     ","253",Energia elétrica,Venda de energia elétrica para estabelecimento comercial                                                  ,Saídas Ou Prestações De Serviços Para Outros Estados,Receita,Interestadual,Vendas De Energia Elétrica,Mercadoria,Saídas,Receita,Não,Não,Débito,Não
"6949","6949","6949 | Outra saída de mercadoria ou prestação de serviço não especificado                                        ","6949 | Outra saída de mercadoria ou prestação de serviço não especificado | Interestadual                                           ","949",Outras saídas,Outra saída de mercadoria ou prestação de serviço não especificado                                        ,Saídas Ou Prestações De Serviços Para Outros Estados,Outras,Interestadual,Outras Saídas De Mercadorias Ou Prestações De Serviços,Mercadoria,Saídas,"",Não,Não,Débito,Não
"1653","1653","1653 | Compra de combustível ou lubrificante por consumidor ou usuário final                                     ","1653 | Compra de combustível ou lubrificante por consumidor ou usuário final | Dentro do estado                                     ","653",Combustível,Compra de combustível ou lubrificante por consumidor ou usuário final                                     ,Entradas Ou Aquisições De Serviços Do Estado,"",Dentro do estado,"Entradas de combustíveis, derivados ou não de petróleo e lubrificantes",Mercadoria,Entradas,"",Sim,Compra,Crédito,Não
"2409","2409","2409 | Transferência para comercialização em operação com mercadoria sujeita ao regime de substituição tributária           ","2409 | Transferência para comercialização em operação com mercadoria sujeita ao regime de substituição tributária | Interestadual              ","409",Transferência - revenda - com ST,Transferência para comercialização em operação com mercadoria sujeita ao regime de substituição tributária           ,Entradas Ou Aquisições De Serviços De Outros Estados,"",Interestadual,Entradas De Mercadorias Sujeitas Ao Regime De Substituição Tributária,Mercadoria,Entradas,Transferência produto acabado,Sim,Transferência,Crédito,Não
"5104","5104","5104 | Venda de mercadoria adquirida ou recebida de terceiros, efetuada fora do estabelecimento                  ","5104 | Venda de mercadoria adquirida ou recebida de terceiros, efetuada fora do estabelecimento | Dentro do estado                  ","104",Revenda fora do estabelecimento,"Venda de mercadoria adquirida ou recebida de terceiros, efetuada fora do estabelecimento                  ",Saídas Ou Prestações De Serviços Para O Estado,Receita,Dentro do estado,Vendas De Produção Própria Ou De Terceiros,Mercadoria,Saídas,Receita,Não,Não,Débito,Sim
"5651","5651","5651 | Venda de combustíveis ou lubrificantes de produção do estabelecimento destinado à industrialização subsequente         ","5651 | Venda de combustíveis ou lubrificantes de produção do estabelecimento destinado à industrialização subsequente | Dentro do estado          ","651",Combustível,Venda de combustíveis ou lubrificantes de produção do estabelecimento destinado à industrialização subsequente         ,Saídas Ou Prestações De Serviços Para O Estado,Receita,Dentro do estado,"Saídas de Combustíveis, derivados ou não de petróleo e lubrificantes",Mercadoria,Saídas,Receita,Não,Não,Débito,Não
"6254","6254","6254 | Venda de energia elétrica para estabelecimento prestador de serviço de transporte                         ","6254 | Venda de energia elétrica para estabelecimento prestador de serviço de transporte | Interestadual                            ","254",Energia elétrica,Venda de energia elétrica para estabelecimento prestador de serviço de transporte                         ,Saídas Ou Prestações De Serviços Para Outros Estados,Receita,Interestadual,Vendas De Energia Elétrica,Mercadoria,Saídas,Receita,Não,Não,Débito,Não
"7101","7101","7101 | Venda de produção do estabelecimento                                                                      ","7101 | Venda de produção do estabelecimento | Exportação                                                                            ","101",Venda de produção,Venda de produção do estabelecimento                                                                      ,Saídas Ou Prestações De Serviços Para O Exterior,Receita,Exportação,Vendas De Produção Própria Ou De Terceiros,Mercadoria,Saídas,Receita,Não,Não,Débito,Não
"1657","1657","1657 | Retorno de remessa de combustíveis ou lubrificantes para venda fora do estabelecimento","1657 | Retorno de remessa de combustíveis ou lubrificantes para venda fora do estabelecimento | Dentro do estado","657",Outras entradas,Retorno de remessa de combustíveis ou lubrificantes para venda fora do estabelecimento,Entradas Ou Aquisições De Serviços Do Estado,"",Dentro do estado,"Entradas de combustíveis, derivados ou não de petróleo e lubrificantes",Mercadoria,Entradas,"",Não,Não,Crédito,Não
"2410","2410","2410 | Devolução de venda de produção do estabelecimento em operação com produto sujeito ao regime de substituição tributária            ","2410 | Devolução de venda de produção do estabelecimento em operação com produto sujeito ao regime de substituição tributária | Interestadual               ","410",Devolução - com ST,Devolução de venda de produção do estabelecimento em operação com produto sujeito ao regime de substituição tributária            ,Entradas Ou Aquisições De Serviços De Outros Estados,"",Interestadual,Entradas De Mercadorias Sujeitas Ao Regime De Substituição Tributária,Mercadoria,Entradas,"",Não,Não,Crédito,Não
"5105","5105","5105 | Venda de produção do estabelecimento que não deva por ele transitar                                       ","5105 | Venda de produção do estabelecimento que não deva por ele transitar | Dentro do estado                                       ","105",Venda de produção,Venda de produção do estabelecimento que não deva por ele transitar                                       ,Saídas Ou Prestações De Serviços Para O Estado,Receita,Dentro do estado,Vendas De Produção Própria Ou De Terceiros,Mercadoria,Saídas,Receita,Não,Não,Débito,Não
"5652","5652","5652 | Venda de combustível ou lubrificante de produção do estabelecimento destinado à comercialização           ","5652 | Venda de combustível ou lubrificante de produção do estabelecimento destinado à comercialização | Dentro do estado           ","652",Combustível,Venda de combustível ou lubrificante de produção do estabelecimento destinado à comercialização           ,Saídas Ou Prestações De Serviços Para O Estado,Receita,Dentro do estado,"Saídas de Combustíveis, derivados ou não de petróleo e lubrificantes",Mercadoria,Saídas,Receita,Não,Não,Débito,Não
"6255","6255","6255 | Venda de energia elétrica para estabelecimento prestador de serviço de comunicação                        ","6255 | Venda de energia elétrica para estabelecimento prestador de serviço de comunicação | Interestadual                           ","255",Energia elétrica,Venda de energia elétrica para estabelecimento prestador de serviço de comunicação                        ,Saídas Ou Prestações De Serviços Para Outros Estados,Receita,Interestadual,Vendas De Energia Elétrica,Mercadoria,Saídas,Receita,Não,Não,Débito,Não
"7102","7102","7102 | Venda de mercadoria adquirida ou recebida de terceiros                                                    ","7102 | Venda de mercadoria adquirida ou recebida de terceiros | Exportação                                                          ","102",Revenda,Venda de mercadoria adquirida ou recebida de terceiros                                                    ,Saídas Ou Prestações De Serviços Para O Exterior,Receita,Exportação,Vendas De Produção Própria Ou De Terceiros,Mercadoria,Saídas,Receita,Não,Não,Débito,Sim
"1660","1660","1660 | Devolução de venda de combustível ou lubrificante destinado à industrialização subseqüente                ","1660 | Devolução de venda de combustível ou lubrificante destinado à industrialização subseqüente | Dentro do estado                ","660",Devolução,Devolução de venda de combustível ou lubrificante destinado à industrialização subseqüente                ,Entradas Ou Aquisições De Serviços Do Estado,"",Dentro do estado,"Entradas de combustíveis, derivados ou não de petróleo e lubrificantes",Mercadoria,Entradas,"",Não,Não,Crédito,Não
"2415","2415","2415 | Retorno de mercadoria adquirida ou recebida de terceiros, remetida para venda fora do estabelecimento em operação com mercadoria sujeita ao regime de substituição tributária  ","2415 | Retorno de mercadoria adquirida ou recebida de terceiros, remetida para venda fora do estabelecimento em operação com mercadoria sujeita ao regime de substituição tributária | Interestadual     ","415",Outras entradas - com ST,"Retorno de mercadoria adquirida ou recebida de terceiros, remetida para venda fora do estabelecimento em operação com mercadoria sujeita ao regime de substituição tributária  ",Entradas Ou Aquisições De Serviços De Outros Estados,"",Interestadual,Entradas De Mercadorias Sujeitas Ao Regime De Substituição Tributária,Mercadoria,Entradas,"",Não,Não,Crédito,Não
"5110","5110","5110 | Venda de mercadoria adquirida ou recebida de terceiros, destinada à Zona Franca de Manaus ou Áreas de Livre Comércio     ","5110 | Venda de mercadoria adquirida ou recebida de terceiros, destinada à Zona Franca de Manaus ou Áreas de Livre Comércio | Dentro do estado     ","110",Revenda - ZFM,"Venda de mercadoria adquirida ou recebida de terceiros, destinada à Zona Franca de Manaus ou Áreas de Livre Comércio     ",Saídas Ou Prestações De Serviços Para O Estado,Receita,Dentro do estado,Vendas De Produção Própria Ou De Terceiros,Mercadoria,Saídas,Receita,Não,Não,Débito,Sim
"5655","5655","5655 | Venda de combustível ou lubrificante adquirido ou recebido de terceiros destinado à comercialização       ","5655 | Venda de combustível ou lubrificante adquirido ou recebido de terceiros destinado à comercialização | Dentro do estado       ","655",Combustível,Venda de combustível ou lubrificante adquirido ou recebido de terceiros destinado à comercialização       ,Saídas Ou Prestações De Serviços Para O Estado,Receita,Dentro do estado,"Saídas de Combustíveis, derivados ou não de petróleo e lubrificantes",Mercadoria,Saídas,Receita,Não,Não,Débito,Não
"6258","6258","6258 | Venda de energia elétrica a não contribuinte                                                              ","6258 | Venda de energia elétrica a não contribuinte | Interestadual                                                                 ","258",Energia elétrica,Venda de energia elétrica a não contribuinte                                                              ,Saídas Ou Prestações De Serviços Para Outros Estados,Receita,Interestadual,Vendas De Energia Elétrica,Mercadoria,Saídas,Receita,Não,Não,Débito,Não
"7127","7127","7127 | Venda de produção do estabelecimento sob o regime de drawback                                             ","7127 | Venda de produção do estabelecimento sob o regime de drawback | Exportação                                                   ","127",Venda de produção - drawback,Venda de produção do estabelecimento sob o regime de drawback                                             ,Saídas Ou Prestações De Serviços Para O Exterior,Receita,Exportação,Vendas De Produção Própria Ou De Terceiros,Mercadoria,Saídas,Receita,Não,Não,Débito,Não
"1658","1658","1658 | Transferência de combustível e lubrificante para industrialização                                         ","1658 | Transferência de combustível e lubrificante para industrialização | Dentro do estado                                         ","658",Transferência - insumo,Transferência de combustível e lubrificante para industrialização                                         ,Entradas Ou Aquisições De Serviços Do Estado,"",Dentro do estado,"Entradas de combustíveis, derivados ou não de petróleo e lubrificantes",Mercadoria,Entradas,Transferência insumo,Sim,Transferência,Crédito,Não
"2411","2411","2411 | Devolução de venda de mercadoria adquirida ou recebida de terceiros em operação com mercadoria sujeita ao regime de substituição tributária    ","2411 | Devolução de venda de mercadoria adquirida ou recebida de terceiros em operação com mercadoria sujeita ao regime de substituição tributária | Interestadual       ","411",Devolução - com ST,Devolução de venda de mercadoria adquirida ou recebida de terceiros em operação com mercadoria sujeita ao regime de substituição tributária    ,Entradas Ou Aquisições De Serviços De Outros Estados,"",Interestadual,Entradas De Mercadorias Sujeitas Ao Regime De Substituição Tributária,Mercadoria,Entradas,"",Não,Não,Crédito,Não
"5106","5106","5106 | Venda de mercadoria adquirida ou recebida de terceiros, que não deva por ele transitar                    ","5106 | Venda de mercadoria adquirida ou recebida de terceiros, que não deva por ele transitar | Dentro do estado                    ","106",Revenda,"Venda de mercadoria adquirida ou recebida de terceiros, que não deva por ele transitar                    ",Saídas Ou Prestações De Serviços Para O Estado,Receita,Dentro do estado,Vendas De Produção Própria Ou De Terceiros,Mercadoria,Saídas,Receita,Não,Não,Débito,Sim
"5653","5653","5653 | Venda de combustíveis ou lubrificantes de produção do estabelecimento destinado a consumidor ou usuário final     ","5653 | Venda de combustíveis ou lubrificantes de produção do estabelecimento destinado a consumidor ou usuário final | Dentro do estado     ","653",Combustível,Venda de combustíveis ou lubrificantes de produção do estabelecimento destinado a consumidor ou usuário final     ,Saídas Ou Prestações De Serviços Para O Estado,Receita,Dentro do estado,"Saídas de Combustíveis, derivados ou não de petróleo e lubrificantes",Mercadoria,Saídas,Receita,Não,Não,Débito,Não
"6256","6256","6256 | Venda de energia elétrica para estabelecimento de produtor rural                                          ","6256 | Venda de energia elétrica para estabelecimento de produtor rural | Interestadual                                             ","256",Energia elétrica,Venda de energia elétrica para estabelecimento de produtor rural                                          ,Saídas Ou Prestações De Serviços Para Outros Estados,Receita,Interestadual,Vendas De Energia Elétrica,Mercadoria,Saídas,Receita,Não,Não,Débito,Não
"7105","7105","7105 | Venda de produção do estabelecimento, que não deva por ele transitar                                      ","7105 | Venda de produção do estabelecimento, que não deva por ele transitar | Exportação                                            ","105",Venda de produção,"Venda de produção do estabelecimento, que não deva por ele transitar                                      ",Saídas Ou Prestações De Serviços Para O Exterior,Receita,Exportação,Vendas De Produção Própria Ou De Terceiros,Mercadoria,Saídas,Receita,Não,Não,Débito,Não
"1659","1659","1659 | Transferência de combustível e lubrificante para comercialização                                          ","1659 | Transferência de combustível e lubrificante para comercialização | Dentro do estado                                          ","659",Transferência - revenda,Transferência de combustível e lubrificante para comercialização                                          ,Entradas Ou Aquisições De Serviços Do Estado,"",Dentro do estado,"Entradas de combustíveis, derivados ou não de petróleo e lubrificantes",Mercadoria,Entradas,Transferência produto acabado,Sim,Transferência,Crédito,Não
"2414","2414","2414 | Retorno de produção do estabelecimento, remetida para venda fora do estabelecimento em operação com produto sujeito ao regime de substituição tributária       ","2414 | Retorno de produção do estabelecimento, remetida para venda fora do estabelecimento em operação com produto sujeito ao regime de substituição tributária | Interestadual          ","414",Outras entradas - com ST,"Retorno de produção do estabelecimento, remetida para venda fora do estabelecimento em operação com produto sujeito ao regime de substituição tributária       ",Entradas Ou Aquisições De Serviços De Outros Estados,"",Interestadual,Entradas De Mercadorias Sujeitas Ao Regime De Substituição Tributária,Mercadoria,Entradas,"",Não,Não,Crédito,Não
"5109","5109","5109 | Venda de produção do estabelecimento, destinada à Zona Franca de Manaus ou Áreas de Livre Comércio        ","5109 | Venda de produção do estabelecimento, destinada à Zona Franca de Manaus ou Áreas de Livre Comércio | Dentro do estado        ","109",Venda de produção - ZFM,"Venda de produção do estabelecimento, destinada à Zona Franca de Manaus ou Áreas de Livre Comércio        ",Saídas Ou Prestações De Serviços Para O Estado,Receita,Dentro do estado,Vendas De Produção Própria Ou De Terceiros,Mercadoria,Saídas,Receita,Não,Não,Débito,Não
"5654","5654","5654 | Venda de combustíveis ou lubrificantes adquiridos ou recebidos de terceiros destinado à industrialização subsequente      ","5654 | Venda de combustíveis ou lubrificantes adquiridos ou recebidos de terceiros destinado à industrialização subsequente | Dentro do estado      ","654",Combustível,Venda de combustíveis ou lubrificantes adquiridos ou recebidos de terceiros destinado à industrialização subsequente      ,Saídas Ou Prestações De Serviços Para O Estado,Receita,Dentro do estado,"Saídas de Combustíveis, derivados ou não de petróleo e lubrificantes",Mercadoria,Saídas,Receita,Não,Não,Débito,Não
"6257","6257","6257 | Venda de energia elétrica para consumo por demanda contratada                                             ","6257 | Venda de energia elétrica para consumo por demanda contratada | Interestadual                                                ","257",Energia elétrica,Venda de energia elétrica para consumo por demanda contratada                                             ,Saídas Ou Prestações De Serviços Para Outros Estados,Receita,Interestadual,Vendas De Energia Elétrica,Mercadoria,Saídas,Receita,Não,Não,Débito,Não
"7106","7106","7106 | Venda de mercadoria adquirida ou recebida de terceiros, que não deva por ele transitar                    ","7106 | Venda de mercadoria adquirida ou recebida de terceiros, que não deva por ele transitar | Exportação                          ","106",Revenda,"Venda de mercadoria adquirida ou recebida de terceiros, que não deva por ele transitar                    ",Saídas Ou Prestações De Serviços Para O Exterior,Receita,Exportação,Vendas De Produção Própria Ou De Terceiros,Mercadoria,Saídas,Receita,Não,Não,Débito,Sim
"1661","1661","1661 | Devolução de venda de combustível ou lubrificante destinado à comercialização                             ","1661 | Devolução de venda de combustível ou lubrificante destinado à comercialização | Dentro do estado                             ","661",Devolução,Devolução de venda de combustível ou lubrificante destinado à comercialização                             ,Entradas Ou Aquisições De Serviços Do Estado,"",Dentro do estado,"Entradas de combustíveis, derivados ou não de petróleo e lubrificantes",Mercadoria,Entradas,"",Não,Não,Crédito,Não
"2451","2451","2451 | Entrada de animal ","2451 | Entrada de animal | Interestadual ","451",Outras entradas,Entrada de animal ,Entradas Ou Aquisições De Serviços De Outros Estados,"",Interestadual,Sistemas de integração e parceria rural,Mercadoria,Entradas,"",Não,Não,Crédito,Não
"5111","5111","5111 | Venda de produção do estabelecimento remetida anteriormente em consignação industrial                     ","5111 | Venda de produção do estabelecimento remetida anteriormente em consignação industrial | Dentro do estado                     ","111",Venda de produção,Venda de produção do estabelecimento remetida anteriormente em consignação industrial                     ,Saídas Ou Prestações De Serviços Para O Estado,Receita,Dentro do estado,Vendas De Produção Própria Ou De Terceiros,Mercadoria,Saídas,Receita,Não,Não,Débito,Não
"5656","5656","5656 | Venda de combustíveis ou lubrificantes adquiridos ou recebidos de terceiros destinado a consumidor ou usuário final         ","5656 | Venda de combustíveis ou lubrificantes adquiridos ou recebidos de terceiros destinado a consumidor ou usuário final | Dentro do estado         ","656",Combustível,Venda de combustíveis ou lubrificantes adquiridos ou recebidos de terceiros destinado a consumidor ou usuário final         ,Saídas Ou Prestações De Serviços Para O Estado,Receita,Dentro do estado,"Saídas de Combustíveis, derivados ou não de petróleo e lubrificantes",Mercadoria,Saídas,Receita,Não,Não,Débito,Não
"6301","6301","6301 | Prestação de serviço de comunicação para execução de serviço da mesma natureza                            ","6301 | Prestação de serviço de comunicação para execução de serviço da mesma natureza | Interestadual                               ","301",Serviço de comunicação,Prestação de serviço de comunicação para execução de serviço da mesma natureza                            ,Saídas Ou Prestações De Serviços Para Outros Estados,Receita,Interestadual,Prestações De Serviços De Comunicação,Mercadoria,Saídas,Receita,Não,Não,Débito,Não
"7129","7129","7129 | Venda de produção do estabelecimento ao mercado externo de mercadoria industrializada sob o amparo do Regime Aduaneiro Especial de Entreposto Industrial sob Controle Informatizado do Sistema Público de Escrituração Digital (Recof*Sped).","7129 | Venda de produção do estabelecimento ao mercado externo de mercadoria industrializada sob o amparo do Regime Aduaneiro Especial de Entreposto Industrial sob Controle Informatizado do Sistema Público de Escrituração Digital (Recof*Sped) | Exportação","129",Venda de produção - recof,Venda de produção do estabelecimento ao mercado externo de mercadoria industrializada sob o amparo do Regime Aduaneiro Especial de Entreposto Industrial sob Controle Informatizado do Sistema Público de Escrituração Digital (Recof*Sped).,Saídas Ou Prestações De Serviços Para O Exterior,Receita,Exportação,Vendas De Produção Própria Ou De Terceiros,Mercadoria,Saídas,Receita,Não,Não,Débito,Não
"1408","1408","1408 | Transferência para industrialização ou produção rural em operação com mercadoria sujeita ao regime de substituição tributária.     ","1408 | Transferência para industrialização ou produção rural em operação com mercadoria sujeita ao regime de substituição tributária | Dentro do estado     ","408",Transferência - insumo - com ST,Transferência para industrialização ou produção rural em operação com mercadoria sujeita ao regime de substituição tributária.     ,Entradas Ou Aquisições De Serviços Do Estado,"",Dentro do estado,Entradas De Mercadorias Sujeitas Ao Regime De Substituição Tributária,Mercadoria,Entradas,Transferência insumo,Sim,Transferência,Crédito,Não
"2208","2208","2208 | Devolução de produção do estabelecimento, remetida em transferência                                       ","2208 | Devolução de produção do estabelecimento, remetida em transferência | Interestadual                                          ","208",Devolução,"Devolução de produção do estabelecimento, remetida em transferência                                       ",Entradas Ou Aquisições De Serviços De Outros Estados,"",Interestadual,"Devoluções De Vendas De Produção Própria, De Terceiros Ou Anulações De Valores",Mercadoria,Entradas,"",Não,Não,Crédito,Não
"3128","3128","3128 | Compra para utilização na prestação de serviço sujeita ao ISSQN.","3128 | Compra para utilização na prestação de serviço sujeita ao ISSQN | Importação","128",Produto para utilização em serviço,Compra para utilização na prestação de serviço sujeita ao ISSQN.,Entradas Ou Aquisições De Serviços Do Exterior,"",Importação,"Compras Para Industrialização, produção rural, Comercialização Ou Prestação De Serviços",Mercadoria,Entradas,"",Não,Não,Crédito,Não
"5408","5408","5408 | Transferência de produção do estabelecimento em operação com produto sujeito ao regime de substituição tributária                 ","5408 | Transferência de produção do estabelecimento em operação com produto sujeito ao regime de substituição tributária | Dentro do estado                 ","408",Transferência - produção - com ST,Transferência de produção do estabelecimento em operação com produto sujeito ao regime de substituição tributária                 ,Saídas Ou Prestações De Serviços Para O Estado,Transferência,Dentro do estado,Saídas De Mercadorias Sujeitas Ao Regime De Substituição Tributária,Mercadoria,Saídas,Transferência produto acabado,Não,Não,Débito,Não
"6119","6119","6119 |Venda de mercadoria adquirida ou recebida de terceiros entregue ao destinatário por conta e ordem do adquirente originário, em venda à ordem      ","6119 | Venda de mercadoria adquirida ou recebida de terceiros entregue ao destinatário por conta e ordem do adquirente originário, em venda à ordem | Interestadual         ","119",Revenda,"Venda de mercadoria adquirida ou recebida de terceiros entregue ao destinatário por conta e ordem do adquirente originário, em venda à ordem      ",Saídas Ou Prestações De Serviços Para Outros Estados,Receita,Interestadual,Vendas De Produção Própria Ou De Terceiros,Mercadoria,Saídas,Receita,Não,Não,Débito,Sim
"6901","6901","6901 | Remessa para industrialização por encomenda                                                               ","6901 | Remessa para industrialização por encomenda | Interestadual                                                                  ","901",Remessa para industrialização por encomenda,Remessa para industrialização por encomenda                                                               ,Saídas Ou Prestações De Serviços Para Outros Estados,Outras,Interestadual,Outras Saídas De Mercadorias Ou Prestações De Serviços,Mercadoria,Saídas,"",Não,Não,Débito,Não
"1101","1101","1101 | Compra para industrialização ou produção rural                                                            ","1101 | Compra para industrialização ou produção rural | Dentro do estado                                                            ","101",Insumo,Compra para industrialização ou produção rural                                                            ,Entradas Ou Aquisições De Serviços Do Estado,"",Dentro do estado,"Compras para Industrialização, produção rural, comercialização ou prestação de serviços",Mercadoria,Entradas,"",Sim,Compra,Crédito,Sim
"1901","1901","1901 | Entrada para industrialização por encomenda                                                               ","1901 | Entrada para industrialização por encomenda | Dentro do estado                                                               ","901",Entrada para industrialização por encomenda,Entrada para industrialização por encomenda                                                               ,Entradas Ou Aquisições De Serviços Do Estado,"",Dentro do estado,Outras Entradas De Mercadorias Ou Aquisições De Serviços,Mercadoria,Entradas,"",Não,Não,Crédito,Não
"2455","2455","2455 | Retorno de insumo não utilizado na produção ","2455 | Retorno de insumo não utilizado na produção | Interestadual","455",Outras entradas,Retorno de insumo não utilizado na produção ,Entradas Ou Aquisições De Serviços De Outros Estados,"",Interestadual,Sistemas de integração e parceria rural,Mercadoria,Entradas,"",Não,Não,Crédito,Não
"5115","5115","5115 | Venda de mercadoria adquirida ou recebida de terceiros, recebida anteriormente em consignação mercantil   ","5115 | Venda de mercadoria adquirida ou recebida de terceiros, recebida anteriormente em consignação mercantil | Dentro do estado   ","115",Revenda,"Venda de mercadoria adquirida ou recebida de terceiros, recebida anteriormente em consignação mercantil   ",Saídas Ou Prestações De Serviços Para O Estado,Receita,Dentro do estado,Vendas De Produção Própria Ou De Terceiros,Mercadoria,Saídas,Receita,Não,Não,Débito,Sim
"5660","5660","5660 | Devolução de compra de combustível ou lubrificante adquirido para industrialização subseqüente            ","5660 | Devolução de compra de combustível ou lubrificante adquirido para industrialização subseqüente | Dentro do estado            ","660",Devolução,Devolução de compra de combustível ou lubrificante adquirido para industrialização subseqüente            ,Saídas Ou Prestações De Serviços Para O Estado,Outras,Dentro do estado,"Saídas de Combustíveis, derivados ou não de petróleo e lubrificantes",Mercadoria,Saídas,"",Não,Não,Débito,Não
"6305","6305","6305 | Prestação de serviço de comunicação a estabelecimento de geradora ou de distribuidora de energia elétrica          ","6305 | Prestação de serviço de comunicação a estabelecimento de geradora ou de distribuidora de energia elétrica | Interestadual             ","305",Serviço de comunicação,Prestação de serviço de comunicação a estabelecimento de geradora ou de distribuidora de energia elétrica          ,Saídas Ou Prestações De Serviços Para Outros Estados,Receita,Interestadual,Prestações De Serviços De Comunicação,Mercadoria,Saídas,Receita,Não,Não,Débito,Não
"7206","7206","7206 | Anulação de valor relativo a aquisição de serviço de transporte                                           ","7206 | Anulação de valor relativo a aquisição de serviço de transporte | Exportação                                                 ","206",Devolução,Anulação de valor relativo a aquisição de serviço de transporte                                           ,Saídas Ou Prestações De Serviços Para O Exterior,Outras,Exportação,"Devoluções de Compras para Industrialização, produção rural, comercialização ou anulações de valores",Mercadoria,Saídas,"",Não,Não,Débito,Não
"1351","1351","1351 | Aquisição de serviço de transporte para execução de serviço da mesma natureza                             ","1351 | Aquisição de serviço de transporte para execução de serviço da mesma natureza | Dentro do estado                             ","351",Serviço de transporte,Aquisição de serviço de transporte para execução de serviço da mesma natureza                             ,Entradas Ou Aquisições De Serviços Do Estado,"",Dentro do estado,Aquisições De Serviços De Transporte,Transporte,Entradas,"",Sim,Compra,Crédito,Sim
"2152","2152","2152 | Transferência para comercialização                                                                        ","2152 | Transferência para comercialização | Interestadual                                                                           ","152",Transferência - revenda,Transferência para comercialização                                                                        ,Entradas Ou Aquisições De Serviços De Outros Estados,"",Interestadual,"Transferências Para Industrialização, Produção rural, Comercialização Ou Prestação De Serviços",Mercadoria,Entradas,Transferência produto acabado,Sim,Transferência,Crédito,Não
"2924","2924","2924 | Entrada para industrialização por conta e ordem do adquirente da mercadoria, quando esta não transitar pelo estabelecimento do adquirente    ","2924 | Entrada para industrialização por conta e ordem do adquirente da mercadoria, quando esta não transitar pelo estabelecimento do adquirente | Interestadual       ","924",Outras entradas,"Entrada para industrialização por conta e ordem do adquirente da mercadoria, quando esta não transitar pelo estabelecimento do adquirente    ",Entradas Ou Aquisições De Serviços De Outros Estados,"",Interestadual,Outras Entradas De Mercadorias Ou Aquisições De Serviços,Mercadoria,Entradas,"",Não,Não,Crédito,Não
"5353","5353","5353 | Prestação de serviço de transporte a estabelecimento comercial                                            ","5353 | Prestação de serviço de transporte a estabelecimento comercial | Dentro do estado                                            ","353",Serviço de transporte,Prestação de serviço de transporte a estabelecimento comercial                                            ,Saídas Ou Prestações De Serviços Para O Estado,Receita,Dentro do estado,Prestações De Serviços De Transporte,Transporte,Saídas,Receita,Não,Não,Débito,Não
"6108","6108","6108 | Venda de mercadoria adquirida ou recebida de terceiros, destinada a não contribuinte                      ","6108 | Venda de mercadoria adquirida ou recebida de terceiros, destinada a não contribuinte | Interestadual                         ","108",Revenda,"Venda de mercadoria adquirida ou recebida de terceiros, destinada a não contribuinte                      ",Saídas Ou Prestações De Serviços Para Outros Estados,Receita,Interestadual,Vendas De Produção Própria Ou De Terceiros,Mercadoria,Saídas,Receita,Não,Não,Débito,Sim
"6657","6657","6657 |Remessa de combustíveis ou lubrificantes adquiridos ou recebidos de terceiros para venda fora do estabelecimento              ","6657 | Remessa de combustíveis ou lubrificantes adquiridos ou recebidos de terceiros para venda fora do estabelecimento | Interestadual                 ","657",Outras saídas,Remessa de combustíveis ou lubrificantes adquiridos ou recebidos de terceiros para venda fora do estabelecimento              ,Saídas Ou Prestações De Serviços Para Outros Estados,Outras,Interestadual,"Saídas de Combustíveis, derivados ou não de petróleo e lubrificantes",Mercadoria,Saídas,"",Não,Não,Débito,Não
"1353","1353","1353 | Aquisição de serviço de transporte por estabelecimento comercial                                          ","1353 | Aquisição de serviço de transporte por estabelecimento comercial | Dentro do estado                                          ","353",Serviço de transporte,Aquisição de serviço de transporte por estabelecimento comercial                                          ,Entradas Ou Aquisições De Serviços Do Estado,"",Dentro do estado,Aquisições De Serviços De Transporte,Transporte,Entradas,"",Sim,Compra,Crédito,Sim
"2154","2154","2154 | Transferência para utilização na prestação de serviço                                                     ","2154 | Transferência para utilização na prestação de serviço | Interestadual                                                        ","154",Transferência - utilização em serviço,Transferência para utilização na prestação de serviço                                                     ,Entradas Ou Aquisições De Serviços De Outros Estados,"",Interestadual,"Transferências Para Industrialização, Produção rural, Comercialização Ou Prestação De Serviços",Mercadoria,Entradas,"",Sim,Transferência,Crédito,Não
"2931","2931","2931 | Lançamento efetuado pelo tomador do serviço de transporte quando a responsabilidade de retenção do imposto for atribuída ao remetente ou alienante da mercadoria, pelo serviço de transporte realizado por transportador autônomo ou por transportador não inscrito na unidade da Federação onde iniciado o serviço        ","2931 | Lançamento efetuado pelo tomador do serviço de transporte quando a responsabilidade de retenção do imposto for atribuída ao remetente ou alienante da mercadoria, pelo serviço de transporte realizado por transportador autônomo ou por transportador não inscrito na unidade da Federação onde iniciado o serviço | Interestadual           ","931",Serviço de transporte - ST,"Lançamento efetuado pelo tomador do serviço de transporte quando a responsabilidade de retenção do imposto for atribuída ao remetente ou alienante da mercadoria, pelo serviço de transporte realizado por transportador autônomo ou por transportador não inscrito na unidade da Federação onde iniciado o serviço        ",Entradas Ou Aquisições De Serviços De Outros Estados,"",Interestadual,Outras Entradas De Mercadorias Ou Aquisições De Serviços,Transporte,Entradas,"",Sim,Compra,Crédito,Sim
"5355","5355","5355 | Prestação de serviço de transporte a estabelecimento de geradora ou de distribuidora de energia elétrica  ","5355 | Prestação de serviço de transporte a estabelecimento de geradora ou de distribuidora de energia elétrica | Dentro do estado  ","355",Serviço de transporte,Prestação de serviço de transporte a estabelecimento de geradora ou de distribuidora de energia elétrica  ,Saídas Ou Prestações De Serviços Para O Estado,Receita,Dentro do estado,Prestações De Serviços De Transporte,Transporte,Saídas,Receita,Não,Não,Débito,Não
"6110","6110","6110 | Venda de mercadoria adquirida ou recebida de terceiros, destinada à Zona Franca de Manaus ou Áreas de Livre Comércio     ","6110 | Venda de mercadoria adquirida ou recebida de terceiros, destinada à Zona Franca de Manaus ou Áreas de Livre Comércio | Interestadual        ","110",Revenda - ZFM,"Venda de mercadoria adquirida ou recebida de terceiros, destinada à Zona Franca de Manaus ou Áreas de Livre Comércio     ",Saídas Ou Prestações De Serviços Para Outros Estados,Receita,Interestadual,Vendas De Produção Própria Ou De Terceiros,Mercadoria,Saídas,Receita,Não,Não,Débito,Sim
"6659","6659","6659 | Transferência de combustível ou lubrificante adquirido ou recebido de terceiro                            ","6659 | Transferência de combustível ou lubrificante adquirido ou recebido de terceiro | Interestadual                               ","659",Transferência - revenda,Transferência de combustível ou lubrificante adquirido ou recebido de terceiro                            ,Saídas Ou Prestações De Serviços Para Outros Estados,Transferência,Interestadual,"Saídas de Combustíveis, derivados ou não de petróleo e lubrificantes",Mercadoria,Saídas,Transferência produto acabado,Não,Não,Débito,Não
"1111","1111","1111 | Compra para industrialização de mercadoria recebida anteriormente em consignação industrial               ","1111 | Compra para industrialização de mercadoria recebida anteriormente em consignação industrial | Dentro do estado               ","111",Insumo,Compra para industrialização de mercadoria recebida anteriormente em consignação industrial               ,Entradas Ou Aquisições De Serviços Do Estado,"",Dentro do estado,"Compras para Industrialização, produção rural, comercialização ou prestação de serviços",Mercadoria,Entradas,"",Sim,Compra,Crédito,Sim
"1903","1903","1903 | Entrada de mercadoria remetida para industrialização e não aplicada no referido processo                  ","1903 | Entrada de mercadoria remetida para industrialização e não aplicada no referido processo | Dentro do estado                  ","903",Outras entradas,Entrada de mercadoria remetida para industrialização e não aplicada no referido processo                  ,Entradas Ou Aquisições De Serviços Do Estado,"",Dentro do estado,Outras Entradas De Mercadorias Ou Aquisições De Serviços,Mercadoria,Entradas,"",Não,Não,Crédito,Não
"2501","2501","2501 | Entrada de mercadoria recebida com fim específico de exportação                                           ","2501 | Entrada de mercadoria recebida com fim específico de exportação | Interestadual                                              ","501",Outras entradas,Entrada de mercadoria recebida com fim específico de exportação                                           ,Entradas Ou Aquisições De Serviços De Outros Estados,"",Interestadual,Entradas de mercadorias remetidas para formação de lote ou com fim específico de exportação e eventuais devoluções,Mercadoria,Entradas,"",Não,Não,Crédito,Não
"5117","5117","5117 | Venda de mercadoria adquirida ou recebida de terceiros, originada de encomenda para entrega futura        ","5117 | Venda de mercadoria adquirida ou recebida de terceiros, originada de encomenda para entrega futura | Dentro do estado        ","117",Revenda,"Venda de mercadoria adquirida ou recebida de terceiros, originada de encomenda para entrega futura        ",Saídas Ou Prestações De Serviços Para O Estado,Receita,Dentro do estado,Vendas De Produção Própria Ou De Terceiros,Mercadoria,Saídas,Receita,Não,Não,Débito,Sim
"5662","5662","5662 | Devolução de compra de combustível ou lubrificante adquirido por consumidor ou usuário final              ","5662 | Devolução de compra de combustível ou lubrificante adquirido por consumidor ou usuário final | Dentro do estado              ","662",Devolução,Devolução de compra de combustível ou lubrificante adquirido por consumidor ou usuário final              ,Saídas Ou Prestações De Serviços Para O Estado,Outras,Dentro do estado,"Saídas de Combustíveis, derivados ou não de petróleo e lubrificantes",Mercadoria,Saídas,"",Não,Não,Débito,Não
"6307","6307","6307 | Prestação de serviço de comunicação a não contribuinte                                                    ","6307 | Prestação de serviço de comunicação a não contribuinte | Interestadual                                                       ","307",Serviço de comunicação,Prestação de serviço de comunicação a não contribuinte                                                    ,Saídas Ou Prestações De Serviços Para Outros Estados,Receita,Interestadual,Prestações De Serviços De Comunicação,Mercadoria,Saídas,Receita,Não,Não,Débito,Não
"7210","7210","7210 | Devolução de compra para utilização na prestação de serviço                                               ","7210 | Devolução de compra para utilização na prestação de serviço | Exportação                                                     ","210",Devolução,Devolução de compra para utilização na prestação de serviço                                               ,Saídas Ou Prestações De Serviços Para O Exterior,Outras,Exportação,"Devoluções de Compras para Industrialização, produção rural, comercialização ou anulações de valores",Mercadoria,Saídas,"",Não,Não,Débito,Não
"1113","1113","1113 | Compra para comercialização, de mercadoria recebida anteriormente em consignação mercantil                ","1113 | Compra para comercialização, de mercadoria recebida anteriormente em consignação mercantil | Dentro do estado                ","113",Revenda,"Compra para comercialização, de mercadoria recebida anteriormente em consignação mercantil                ",Entradas Ou Aquisições De Serviços Do Estado,"",Dentro do estado,"Compras para Industrialização, produção rural, comercialização ou prestação de serviços",Mercadoria,Entradas,"",Sim,Compra,Crédito,Sim
"1904","1904","1904 | Retorno de remessa para venda fora do estabelecimento, ou qualquer entrada e retorno de remessa efetuada pelo MEI com exceção dos classificados nos códigos 1.202, 1.503, 1.504, 1.505 e 1.506.                                                     ","1904 | Retorno de remessa para venda fora do estabelecimento, ou qualquer entrada e retorno de remessa efetuada pelo MEI com exceção dos classificados nos códigos 1.202, 1.503, 1.504, 1.505 e 1.506. | Dentro do estado                                                     ","904",Outras entradas,"Retorno de remessa para venda fora do estabelecimento, ou qualquer entrada e retorno de remessa efetuada pelo MEI com exceção dos classificados nos códigos 1.202, 1.503, 1.504, 1.505 e 1.506.                                                     ",Entradas Ou Aquisições De Serviços Do Estado,"",Dentro do estado,Outras Entradas De Mercadorias Ou Aquisições De Serviços,Mercadoria,Entradas,"",Não,Não,Crédito,Não
"2503","2503","2503 | Entrada decorrente de devolução de produto remetido com fim específico de exportação, de produção do estabelecimento     ","2503 | Entrada decorrente de devolução de produto remetido com fim específico de exportação, de produção do estabelecimento | Interestadual         ","503",Devolução,"Entrada decorrente de devolução de produto remetido com fim específico de exportação, de produção do estabelecimento     ",Entradas Ou Aquisições De Serviços De Outros Estados,"",Interestadual,Entradas de mercadorias remetidas para formação de lote ou com fim específico de exportação e eventuais devoluções,Mercadoria,Entradas,"",Não,Não,Crédito,Não
"5118","5118","5118 | Venda de produção do estabelecimento entregue ao destinatário por conta e ordem do adquirente originário, em venda à ordem             ","5118 | Venda de produção do estabelecimento entregue ao destinatário por conta e ordem do adquirente originário, em venda à ordem | Dentro do estado             ","118",Venda de produção,"Venda de produção do estabelecimento entregue ao destinatário por conta e ordem do adquirente originário, em venda à ordem             ",Saídas Ou Prestações De Serviços Para O Estado,Receita,Dentro do estado,Vendas De Produção Própria Ou De Terceiros,Mercadoria,Saídas,Receita,Não,Não,Débito,Não
"5663","5663","5663 | Remessa para armazenagem de combustível ou lubrificante                                                   ","5663 | Remessa para armazenagem de combustível ou lubrificante | Dentro do estado                                                   ","663",Armazenagem,Remessa para armazenagem de combustível ou lubrificante                                                   ,Saídas Ou Prestações De Serviços Para O Estado,Outras,Dentro do estado,"Saídas de Combustíveis, derivados ou não de petróleo e lubrificantes",Mercadoria,Saídas,"",Não,Não,Débito,Não
"6351","6351","6351 | Prestação de serviço de transporte para execução de serviço da mesma natureza                             ","6351 | Prestação de serviço de transporte para execução de serviço da mesma natureza | Interestadual                                ","351",Serviço de transporte,Prestação de serviço de transporte para execução de serviço da mesma natureza                             ,Saídas Ou Prestações De Serviços Para Outros Estados,Receita,Interestadual,Prestações De Serviços De Transporte,Transporte,Saídas,Receita,Não,Não,Débito,Não
"7211","7211","7211 | Devolução de compras para industrialização sob o regime de drawback                                       ","7211 | Devolução de compras para industrialização sob o regime de drawback | Exportação                                             ","211",Devolução,Devolução de compras para industrialização sob o regime de drawback                                       ,Saídas Ou Prestações De Serviços Para O Exterior,Outras,Exportação,"Devoluções de Compras para Industrialização, produção rural, comercialização ou anulações de valores",Mercadoria,Saídas,"",Não,Não,Débito,Não
"1356","1356","1356 | Aquisição de serviço de transporte por estabelecimento de produtor rural                                  ","1356 | Aquisição de serviço de transporte por estabelecimento de produtor rural | Dentro do estado                                  ","356",Serviço de transporte,Aquisição de serviço de transporte por estabelecimento de produtor rural                                  ,Entradas Ou Aquisições De Serviços Do Estado,"",Dentro do estado,Aquisições De Serviços De Transporte,Transporte,Entradas,"",Sim,Compra,Crédito,Sim
"2202","2202","2202 | Devolução de venda de mercadoria adquirida ou recebida de terceiros, ou qualquer devolução de mercadoria efetuada pelo MEI com exceção das classificadas nos códigos 2.503, 2.504, 2.505 e 2.506                                       ","2202 | Devolução de venda de mercadoria adquirida ou recebida de terceiros, ou qualquer devolução de mercadoria efetuada pelo MEI com exceção das classificadas nos códigos 2.503, 2.504, 2.505 e 2.506 | Interestadual                                          ","202",Devolução,"Devolução de venda de mercadoria adquirida ou recebida de terceiros, ou qualquer devolução de mercadoria efetuada pelo MEI com exceção das classificadas nos códigos 2.503, 2.504, 2.505 e 2.506                                       ",Entradas Ou Aquisições De Serviços De Outros Estados,"",Interestadual,"Devoluções De Vendas De Produção Própria, De Terceiros Ou Anulações De Valores",Mercadoria,Entradas,"",Não,Não,Crédito,Não
"2934","2934","2934 | Entrada simbólica de mercadoria recebida para para depósito em depósito fechado ou armazém geral.","2934 | Entrada simbólica de mercadoria recebida para para depósito em depósito fechado ou armazém geral | Interestadual","934",Outras entradas,Entrada simbólica de mercadoria recebida para para depósito em depósito fechado ou armazém geral.,Entradas Ou Aquisições De Serviços De Outros Estados,"",Interestadual,Outras Entradas De Mercadorias Ou Aquisições De Serviços,Mercadoria,Entradas,"",Não,Não,Crédito,Não
"5359","5359","5359 | Prestação de serviço de transporte a contribuinte ou a não contribuinte quando a mercadoria transportada está dispensada de emissão de nota fiscal  ","5359 | Prestação de serviço de transporte a contribuinte ou a não contribuinte quando a mercadoria transportada está dispensada de emissão de nota fiscal | Dentro do estado  ","359",Serviço de transporte,Prestação de serviço de transporte a contribuinte ou a não contribuinte quando a mercadoria transportada está dispensada de emissão de nota fiscal  ,Saídas Ou Prestações De Serviços Para O Estado,Receita,Dentro do estado,Prestações De Serviços De Transporte,Transporte,Saídas,Receita,Não,Não,Débito,Não
"6113","6113","6113 | Venda de produção do estabelecimento remetida anteriormente em consignação mercantil                      ","6113 | Venda de produção do estabelecimento remetida anteriormente em consignação mercantil | Interestadual                         ","113",Venda de produção,Venda de produção do estabelecimento remetida anteriormente em consignação mercantil                      ,Saídas Ou Prestações De Serviços Para Outros Estados,Receita,Interestadual,Vendas De Produção Própria Ou De Terceiros,Mercadoria,Saídas,Receita,Não,Não,Débito,Não
"6662","6662","6662 | Devolução de compra de combustível ou lubrificante adquirido por consumidor ou usuário final              ","6662 | Devolução de compra de combustível ou lubrificante adquirido por consumidor ou usuário final | Interestadual                 ","662",Devolução,Devolução de compra de combustível ou lubrificante adquirido por consumidor ou usuário final              ,Saídas Ou Prestações De Serviços Para Outros Estados,Outras,Interestadual,"Saídas de Combustíveis, derivados ou não de petróleo e lubrificantes",Mercadoria,Saídas,"",Não,Não,Débito,Não
"1360","1360","1360 | Aquisição de serviço de transporte por contribuinte substituto em relação ao serviço de transporte        ","1360 | Aquisição de serviço de transporte por contribuinte substituto em relação ao serviço de transporte | Dentro do estado        ","360",Serviço de transporte - ST,Aquisição de serviço de transporte por contribuinte substituto em relação ao serviço de transporte        ,Entradas Ou Aquisições De Serviços Do Estado,"",Dentro do estado,Aquisições De Serviços De Transporte,Serviços,Entradas,"",Sim,Compra,Crédito,Sim
"2203","2203","2203 | Devolução de venda de produção do estabelecimento, destinada à Zona Franca de Manaus ou Áreas de Livre Comércio          ","2203 | Devolução de venda de produção do estabelecimento, destinada à Zona Franca de Manaus ou Áreas de Livre Comércio | Interestadual             ","203",Devolução,"Devolução de venda de produção do estabelecimento, destinada à Zona Franca de Manaus ou Áreas de Livre Comércio          ",Entradas Ou Aquisições De Serviços De Outros Estados,"",Interestadual,"Devoluções De Vendas De Produção Própria, De Terceiros Ou Anulações De Valores",Mercadoria,Entradas,"",Não,Não,Crédito,Não
"2949","2949","2949 | Outra entrada de mercadoria ou prestação de serviço não especificado                                      ","2949 | Outra entrada de mercadoria ou prestação de serviço não especificado | Interestadual                                         ","949",Outras entradas,Outra entrada de mercadoria ou prestação de serviço não especificado                                      ,Entradas Ou Aquisições De Serviços De Outros Estados,"",Interestadual,Outras Entradas De Mercadorias Ou Aquisições De Serviços,Mercadoria,Entradas,"",Não,Não,Crédito,Não
"5360","5360","5360 | Prestação de serviço de transporte a contribuinte substituto em relação ao serviço de transporte          ","5360 | Prestação de serviço de transporte a contribuinte substituto em relação ao serviço de transporte | Dentro do estado          ","360",Serviço de transporte - ST,Prestação de serviço de transporte a contribuinte substituto em relação ao serviço de transporte          ,Saídas Ou Prestações De Serviços Para O Estado,Receita,Dentro do estado,Prestações De Serviços De Transporte,Serviços,Saídas,Receita,Não,Não,Débito,Não
"6114","6114","6114 | Venda de mercadoria adquirida ou recebida de terceiros remetida anteriormente em consignação mercantil    ","6114 | Venda de mercadoria adquirida ou recebida de terceiros remetida anteriormente em consignação mercantil | Interestadual       ","114",Revenda,Venda de mercadoria adquirida ou recebida de terceiros remetida anteriormente em consignação mercantil    ,Saídas Ou Prestações De Serviços Para Outros Estados,Receita,Interestadual,Vendas De Produção Própria Ou De Terceiros,Mercadoria,Saídas,Receita,Não,Não,Débito,Sim
"6663","6663","6663 | Remessa para armazenagem de combustível ou lubrificante                                                   ","6663 | Remessa para armazenagem de combustível ou lubrificante | Interestadual                                                      ","663",Armazenagem,Remessa para armazenagem de combustível ou lubrificante                                                   ,Saídas Ou Prestações De Serviços Para Outros Estados,Outras,Interestadual,"Saídas de Combustíveis, derivados ou não de petróleo e lubrificantes",Mercadoria,Saídas,"",Não,Não,Débito,Não
"1118","1118","1118 | Compra de mercadoria para comercialização pelo adquirente originário, entregue pelo vendedor remetente ao destinatário, em venda à ordem","1118 | Compra de mercadoria para comercialização pelo adquirente originário, entregue pelo vendedor remetente ao destinatário, em venda à ordem | Dentro do estado    ","118",Revenda,"Compra de mercadoria para comercialização pelo adquirente originário, entregue pelo vendedor remetente ao destinatário, em venda à ordem",Entradas Ou Aquisições De Serviços Do Estado,"",Dentro do estado,"Compras para Industrialização, produção rural, comercialização ou prestação de serviços",Mercadoria,Entradas,"",Sim,Compra,Crédito,Sim
"1907","1907","1907 | Retorno simbólico de mercadoria remetida para depósito fechado ou armazém geral                           ","1907 | Retorno simbólico de mercadoria remetida para depósito fechado ou armazém geral | Dentro do estado                           ","907",Armazenagem,Retorno simbólico de mercadoria remetida para depósito fechado ou armazém geral                           ,Entradas Ou Aquisições De Serviços Do Estado,"",Dentro do estado,Outras Entradas De Mercadorias Ou Aquisições De Serviços,Mercadoria,Entradas,"",Não,Não,Crédito,Não
"2506","2506","2506 | Entrada decorrente de devolução de mercadorias, adquiridas ou recebidas de terceiros, remetidas para formação de lote de exportação           ","2506 | Entrada decorrente de devolução de mercadorias, adquiridas ou recebidas de terceiros, remetidas para formação de lote de exportação | Interestadual              ","506",Devolução,"Entrada decorrente de devolução de mercadorias, adquiridas ou recebidas de terceiros, remetidas para formação de lote de exportação           ",Entradas Ou Aquisições De Serviços De Outros Estados,"",Interestadual,Entradas de mercadorias remetidas para formação de lote ou com fim específico de exportação e eventuais devoluções,Mercadoria,Entradas,"",Não,Não,Crédito,Não
"5122","5122","5122 | Venda de produção do estabelecimento remetida para industrialização, por conta e ordem do adquirente, sem transitar pelo estabelecimento do adquirente.     ","5122 | Venda de produção do estabelecimento remetida para industrialização, por conta e ordem do adquirente, sem transitar pelo estabelecimento do adquirente. | Dentro do estado     ","122",Venda de produção,"Venda de produção do estabelecimento remetida para industrialização, por conta e ordem do adquirente, sem transitar pelo estabelecimento do adquirente.     ",Saídas Ou Prestações De Serviços Para O Estado,Receita,Dentro do estado,Vendas De Produção Própria Ou De Terceiros,Mercadoria,Saídas,Receita,Não,Não,Débito,Não
"5666","5666","5666 | Remessa por conta e ordem de terceiros de combustível ou lubrificante recebido para armazenagem           ","5666 | Remessa por conta e ordem de terceiros de combustível ou lubrificante recebido para armazenagem | Dentro do estado           ","666",Armazenagem,Remessa por conta e ordem de terceiros de combustível ou lubrificante recebido para armazenagem           ,Saídas Ou Prestações De Serviços Para O Estado,Outras,Dentro do estado,"Saídas de Combustíveis, derivados ou não de petróleo e lubrificantes",Mercadoria,Saídas,"",Não,Não,Débito,Não
"6354","6354","6354 | Prestação de serviço de transporte a estabelecimento de prestador de serviço de comunicação               ","6354 | Prestação de serviço de transporte a estabelecimento de prestador de serviço de comunicação | Interestadual                  ","354",Serviço de transporte,Prestação de serviço de transporte a estabelecimento de prestador de serviço de comunicação               ,Saídas Ou Prestações De Serviços Para Outros Estados,Receita,Interestadual,Prestações De Serviços De Transporte,Transporte,Saídas,Receita,Não,Não,Débito,Não
"7301","7301","7301 | Prestação de serviço de comunicação para execução de serviço da mesma natureza                            ","7301 | Prestação de serviço de comunicação para execução de serviço da mesma natureza | Exportação                                  ","301",Serviço de comunicação,Prestação de serviço de comunicação para execução de serviço da mesma natureza                            ,Saídas Ou Prestações De Serviços Para O Exterior,Receita,Exportação,Prestações De Serviços De Comunicação,Mercadoria,Saídas,Receita,Não,Não,Débito,Não
"1120","1120","1120 | Compra para industrialização, em venda à ordem, já recebida do vendedor remetente                         ","1120 | Compra para industrialização, em venda à ordem, já recebida do vendedor remetente | Dentro do estado                         ","120",Insumo,"Compra para industrialização, em venda à ordem, já recebida do vendedor remetente                         ",Entradas Ou Aquisições De Serviços Do Estado,"",Dentro do estado,"Compras para Industrialização, produção rural, comercialização ou prestação de serviços",Mercadoria,Entradas,"",Sim,Compra,Crédito,Sim
"1908","1908","1908 | Entrada de bem por conta de contrato de comodato ou locação                                                          ","1908 | Entrada de bem por conta de contrato de comodato | Dentro do estado                                                          ","908",Comodato,Entrada de bem por conta de contrato de comodato ou locação                                                          ,Entradas Ou Aquisições De Serviços Do Estado,"",Dentro do estado,Outras Entradas De Mercadorias Ou Aquisições De Serviços,Mercadoria,Entradas,"",Não,Não,Crédito,Não
"2551","2551","2551 | Compra de bem para o ativo imobilizado                                                                    ","2551 | Compra de bem para o ativo imobilizado | Interestadual                                                                       ","551",Ativo Imobilizado,Compra de bem para o ativo imobilizado                                                                    ,Entradas Ou Aquisições De Serviços De Outros Estados,"",Interestadual,Operações Com Bens De Ativo Imobilizado E Materiais Para Uso Ou Consumo,Mercadoria,Entradas,"",Sim. Ativo imobilizado. ,Compra,Crédito,Não
"5123","5123","5123 | Venda de mercadoria adquirida ou recebida de terceiros remetida para industrialização, por conta e ordem do adquirente, sem transitar pelo estabelecimento do adquirente.  ","5123 | Venda de mercadoria adquirida ou recebida de terceiros remetida para industrialização, por conta e ordem do adquirente, sem transitar pelo estabelecimento do adquirente. | Dentro do estado  ","123",Revenda,"Venda de mercadoria adquirida ou recebida de terceiros remetida para industrialização, por conta e ordem do adquirente, sem transitar pelo estabelecimento do adquirente.  ",Saídas Ou Prestações De Serviços Para O Estado,Receita,Dentro do estado,Vendas De Produção Própria Ou De Terceiros,Mercadoria,Saídas,Receita,Não,Não,Débito,Sim
"5667","5667","5667 | Venda de combustíveis ou lubrificantes a consumidor ou usuário final estabelecido em outra unidade da Federação.","5667 | Venda de combustíveis ou lubrificantes a consumidor ou usuário final estabelecido em outra unidade da Federação | Dentro do estado","667",Combustível,Venda de combustíveis ou lubrificantes a consumidor ou usuário final estabelecido em outra unidade da Federação.,Saídas Ou Prestações De Serviços Para O Estado,Receita,Dentro do estado,"Saídas de Combustíveis, derivados ou não de petróleo e lubrificantes",Mercadoria,Saídas,Receita,Não,Não,Débito,Não
"6355","6355","6355 | Prestação de serviço de transporte a estabelecimento de geradora ou de distribuidora de energia elétrica  ","6355 | Prestação de serviço de transporte a estabelecimento de geradora ou de distribuidora de energia elétrica | Interestadual     ","355",Serviço de transporte,Prestação de serviço de transporte a estabelecimento de geradora ou de distribuidora de energia elétrica  ,Saídas Ou Prestações De Serviços Para Outros Estados,Receita,Interestadual,Prestações De Serviços De Transporte,Transporte,Saídas,Receita,Não,Não,Débito,Não
"7358","7358","7358 | Prestação de serviço de transporte                                                                        ","7358 | Prestação de serviço de transporte | Exportação                                                                              ","358",Serviço de transporte,Prestação de serviço de transporte                                                                        ,Saídas Ou Prestações De Serviços Para O Exterior,Receita,Exportação,Prestações De Serviço De Transporte,Transporte,Saídas,Receita,Não,Não,Débito,Não
"1406","1406","1406 | Compra de bem para o ativo imobilizado cuja mercadoria está sujeita ao regime de substituição tributária  ","1406 | Compra de bem para o ativo imobilizado cuja mercadoria está sujeita ao regime de substituição tributária | Dentro do estado  ","406",Ativo Imobilizado - com ST,Compra de bem para o ativo imobilizado cuja mercadoria está sujeita ao regime de substituição tributária  ,Entradas Ou Aquisições De Serviços Do Estado,"",Dentro do estado,Entradas De Mercadorias Sujeitas Ao Regime De Substituição Tributária,Mercadoria,Entradas,"",Sim. Ativo imobilizado. ,Compra,Crédito,Não
"2206","2206","2206 | Anulação de valor relativo à prestação de serviço de transporte                                           ","2206 | Anulação de valor relativo à prestação de serviço de transporte | Interestadual                                              ","206",Devolução,Anulação de valor relativo à prestação de serviço de transporte                                           ,Entradas Ou Aquisições De Serviços De Outros Estados,"",Interestadual,"Devoluções De Vendas De Produção Própria, De Terceiros Ou Anulações De Valores",Mercadoria,Entradas,"",Não,Não,Crédito,Não
"3126","3126","3126 | Compra para utilização na prestação de serviço sujeita ao ICMS                                                            ","3126 | Compra para utilização na prestação de serviço sujeita ao ICMS | Importação                                                                  ","126",Produto para utilização em serviço,Compra para utilização na prestação de serviço sujeita ao ICMS                                                            ,Entradas Ou Aquisições De Serviços Do Exterior,"",Importação,"Compras Para Industrialização, produção rural, Comercialização Ou Prestação De Serviços",Mercadoria,Entradas,"",Sim,Compra,Crédito,Não
"5403","5403","5403 | Venda de mercadoria adquirida ou recebida de terceiros em operação com mercadoria sujeita ao regime de substituição tributária, na condição de contribuinte substituto   ","5403 | Venda de mercadoria adquirida ou recebida de terceiros em operação com mercadoria sujeita ao regime de substituição tributária, na condição de contribuinte substituto | Dentro do estado    ","403",Revenda - com ST,"Venda de mercadoria adquirida ou recebida de terceiros em operação com mercadoria sujeita ao regime de substituição tributária, na condição de contribuinte substituto   ",Saídas Ou Prestações De Serviços Para O Estado,Receita,Dentro do estado,Saídas De Mercadorias Sujeitas Ao Regime De Substituição Tributária,Mercadoria,Saídas,Receita,Não,Não,Débito,Sim
"6117","6117","6117 | Venda de mercadoria adquirida ou recebida de terceiros, originada de encomenda para entrega futura        ","6117 | Venda de mercadoria adquirida ou recebida de terceiros, originada de encomenda para entrega futura | Interestadual           ","117",Revenda,"Venda de mercadoria adquirida ou recebida de terceiros, originada de encomenda para entrega futura        ",Saídas Ou Prestações De Serviços Para Outros Estados,Receita,Interestadual,Vendas De Produção Própria Ou De Terceiros,Mercadoria,Saídas,Receita,Não,Não,Débito,Sim
"6666","6666","6666 | Remessa por conta e ordem de terceiros de combustível ou lubrificante recebido para armazenagem           ","6666 | Remessa por conta e ordem de terceiros de combustível ou lubrificante recebido para armazenagem | Interestadual              ","666",Armazenagem,Remessa por conta e ordem de terceiros de combustível ou lubrificante recebido para armazenagem           ,Saídas Ou Prestações De Serviços Para Outros Estados,Outras,Interestadual,"Saídas de Combustíveis, derivados ou não de petróleo e lubrificantes",Mercadoria,Saídas,"",Não,Não,Débito,Não
"1407","1407","1407 | Compra de mercadoria para uso ou consumo cuja mercadoria está sujeita ao regime de substituição           ","1407 | Compra de mercadoria para uso ou consumo cuja mercadoria está sujeita ao regime de substituição | Dentro do estado           ","407",Uso e consumo - com ST,Compra de mercadoria para uso ou consumo cuja mercadoria está sujeita ao regime de substituição           ,Entradas Ou Aquisições De Serviços Do Estado,"",Dentro do estado,Entradas De Mercadorias Sujeitas Ao Regime De Substituição Tributária,Mercadoria,Entradas,Uso e consumo,Sim. Uso e consumo. ,Compra,Crédito,Não
"2207","2207","2207 | Anulação de valor relativo à venda de energia elétrica                                                    ","2207 | Anulação de valor relativo à venda de energia elétrica | Interestadual                                                       ","207",Devolução,Anulação de valor relativo à venda de energia elétrica                                                    ,Entradas Ou Aquisições De Serviços De Outros Estados,"",Interestadual,"Devoluções De Vendas De Produção Própria, De Terceiros Ou Anulações De Valores",Mercadoria,Entradas,"",Não,Não,Crédito,Não
"3127","3127","3127 | Compra para industrialização sob o regime de drawback                                                     ","3127 | Compra para industrialização sob o regime de drawback | Importação                                                           ","127",Insumo - drawback,Compra para industrialização sob o regime de drawback                                                     ,Entradas Ou Aquisições De Serviços Do Exterior,"",Importação,"Compras Para Industrialização, produção rural, Comercialização Ou Prestação De Serviços",Mercadoria,Entradas,"",Sim,Compra,Crédito,Sim
"5405","5405","5405 | Venda de mercadoria adquirida ou recebida de terceiros em operação com mercadoria sujeita ao regime de substituição tributária, na condição de contribuinte substituído    ","5405 | Venda de mercadoria adquirida ou recebida de terceiros em operação com mercadoria sujeita ao regime de substituição tributária, na condição de contribuinte substituído | Dentro do estado    ","405",Revenda - com ST,"Venda de mercadoria adquirida ou recebida de terceiros em operação com mercadoria sujeita ao regime de substituição tributária, na condição de contribuinte substituído    ",Saídas Ou Prestações De Serviços Para O Estado,Receita,Dentro do estado,Saídas De Mercadorias Sujeitas Ao Regime De Substituição Tributária,Mercadoria,Saídas,Receita,Não,Não,Débito,Sim
"6118","6118","6118 | Venda de produção do estabelecimento entregue ao destinatário por conta e ordem do adquirente originário, em venda à ordem            ","6118 | Venda de produção do estabelecimento entregue ao destinatário por conta e ordem do adquirente originário, em venda à ordem| Interestadual                ","118",Venda de produção,"Venda de produção do estabelecimento entregue ao destinatário por conta e ordem do adquirente originário, em venda à ordem            ",Saídas Ou Prestações De Serviços Para Outros Estados,Receita,Interestadual,Vendas De Produção Própria Ou De Terceiros,Mercadoria,Saídas,Receita,Não,Não,Débito,Não
"6667","6667","6667 | Venda de combustíveis ou lubrificantes a consumidor ou usuário final estabelecido em outra unidade da Federação diferente da que ocorrer o consumo.","6667 | Venda de combustíveis ou lubrificantes a consumidor ou usuário final estabelecido em outra unidade da Federação diferente da que ocorrer o consumo | Interestadual","667",Combustível,Venda de combustíveis ou lubrificantes a consumidor ou usuário final estabelecido em outra unidade da Federação diferente da que ocorrer o consumo.,Saídas Ou Prestações De Serviços Para Outros Estados,Receita,Interestadual,"Saídas de Combustíveis, derivados ou não de petróleo e lubrificantes",Mercadoria,Saídas,Receita,Não,Não,Débito,Não
"1124","1124","1124 | Industrialização efetuada por outra empresa                                                               ","1124 | Industrialização efetuada por outra empresa | Dentro do estado                                                               ","124",Industrialização por encomenda,Industrialização efetuada por outra empresa                                                               ,Entradas Ou Aquisições De Serviços Do Estado,"",Dentro do estado,"Compras para Industrialização, produção rural, comercialização ou prestação de serviços",Mercadoria,Entradas,"",Sim,Compra,Crédito,Sim
"1911","1911","1911 | Entrada de amostra grátis                                                                                 ","1911 | Entrada de amostra grátis | Dentro do estado                                                                                 ","911",Amostra grátis,Entrada de amostra grátis                                                                                 ,Entradas Ou Aquisições De Serviços Do Estado,"",Dentro do estado,Outras Entradas De Mercadorias Ou Aquisições De Serviços,Mercadoria,Entradas,"",Não,Não,Crédito,Não
"2554","2554","2554 | Retorno de bem do ativo imobilizado remetido para uso fora do estabelecimento                             ","2554 | Retorno de bem do ativo imobilizado remetido para uso fora do estabelecimento | Interestadual                                ","554",Outras entradas,Retorno de bem do ativo imobilizado remetido para uso fora do estabelecimento                             ,Entradas Ou Aquisições De Serviços De Outros Estados,"",Interestadual,Operações Com Bens De Ativo Imobilizado E Materiais Para Uso Ou Consumo,Mercadoria,Entradas,"",Não,Não,Crédito,Não
"5129","5129","5129 | Venda de insumo importado e de mercadoria industrializada sob o amparo do Regime Aduaneiro Especial de Entreposto Industrial sob Controle Informatizado do Sistema Público de Escrituração Digital (Recof Sped)","5129 | Venda de insumo importado e de mercadoria industrializada sob o amparo do Regime Aduaneiro Especial de Entreposto Industrial sob Controle Informatizado do Sistema Público de Escrituração Digital (Recof Sped) | Dentro do estado","129",Venda de insumo - recof,Venda de insumo importado e de mercadoria industrializada sob o amparo do Regime Aduaneiro Especial de Entreposto Industrial sob Controle Informatizado do Sistema Público de Escrituração Digital (Recof Sped),Saídas Ou Prestações De Serviços Para O Estado,Receita,Dentro do estado,Vendas De Produção Própria Ou De Terceiros,Mercadoria,Saídas,Receita,Não,Não,Débito,Não
"5903","5903","5903 | Retorno de mercadoria recebida para industrialização e não aplicada no referido processo                  ","5903 | Retorno de mercadoria recebida para industrialização e não aplicada no referido processo | Dentro do estado                  ","903",Outras saídas,Retorno de mercadoria recebida para industrialização e não aplicada no referido processo                  ,Saídas Ou Prestações De Serviços Para O Estado,Outras,Dentro do estado,Outras Saídas De Mercadorias Ou Prestações De Serviços,Mercadoria,Saídas,"",Não,Não,Débito,Não
"6359","6359","6359 | Prestação de serviço de transporte a contribuinte ou a não contribuinte quando a mercadoria transportada está dispensada de emissão de nota fiscal ","6359 | Prestação de serviço de transporte a contribuinte ou a não contribuinte quando a mercadoria transportada está dispensada de emissão de nota fiscal | Interestadual     ","359",Serviço de transporte,Prestação de serviço de transporte a contribuinte ou a não contribuinte quando a mercadoria transportada está dispensada de emissão de nota fiscal ,Saídas Ou Prestações De Serviços Para Outros Estados,Receita,Interestadual,Prestações De Serviços De Transporte,Transporte,Saídas,Receita,Não,Não,Débito,Não
"7551","7551","7551 | Venda de bem do ativo imobilizado                                                                         ","7551 | Venda de bem do ativo imobilizado | Exportação                                                                               ","551",Ativo Imobilizado,Venda de bem do ativo imobilizado                                                                         ,Saídas Ou Prestações De Serviços Para O Exterior,Receita,Exportação,Operações Com Bens De Ativo Imobilizado E Materiais Para Uso Ou Consumo,Mercadoria,Saídas,Receita,Não,Não,Débito,Não
"1352","1352","1352 | Aquisição de serviço de transporte por estabelecimento industrial                                         ","1352 | Aquisição de serviço de transporte por estabelecimento industrial | Dentro do estado                                         ","352",Serviço de transporte,Aquisição de serviço de transporte por estabelecimento industrial                                         ,Entradas Ou Aquisições De Serviços Do Estado,"",Dentro do estado,Aquisições De Serviços De Transporte,Transporte,Entradas,"",Sim,Compra,Crédito,Sim
"2153","2153","2153 | Transferência de energia elétrica para distribuição                                                       ","2153 | Transferência de energia elétrica para distribuição | Interestadual                                                          ","153",Transferência - energia elétrica,Transferência de energia elétrica para distribuição                                                       ,Entradas Ou Aquisições De Serviços De Outros Estados,"",Interestadual,"Transferências Para Industrialização, Produção rural, Comercialização Ou Prestação De Serviços",Mercadoria,Entradas,"",Sim,Transferência,Crédito,Não
"2925","2925","2925 | Retorno de mercadoria remetida para industrialização por conta e ordem do adquirente da mercadoria, quando esta não transitar pelo estabelecimento do adquirente       ","2925 | Retorno de mercadoria remetida para industrialização por conta e ordem do adquirente da mercadoria, quando esta não transitar pelo estabelecimento do adquirente | Interestadual          ","925",Outras entradas,"Retorno de mercadoria remetida para industrialização por conta e ordem do adquirente da mercadoria, quando esta não transitar pelo estabelecimento do adquirente       ",Entradas Ou Aquisições De Serviços De Outros Estados,"",Interestadual,Outras Entradas De Mercadorias Ou Aquisições De Serviços,Mercadoria,Entradas,"",Não,Não,Crédito,Não
"5354","5354","5354 | Prestação de serviço de transporte a estabelecimento de prestador de serviço de comunicação               ","5354 | Prestação de serviço de transporte a estabelecimento de prestador de serviço de comunicação | Dentro do estado               ","354",Serviço de transporte,Prestação de serviço de transporte a estabelecimento de prestador de serviço de comunicação               ,Saídas Ou Prestações De Serviços Para O Estado,Receita,Dentro do estado,Prestações De Serviços De Transporte,Transporte,Saídas,Receita,Não,Não,Débito,Não
"6109","6109","6109 | Venda de produção do estabelecimento, destinada à Zona Franca de Manaus ou Áreas de Livre Comércio        ","6109 | Venda de produção do estabelecimento, destinada à Zona Franca de Manaus ou Áreas de Livre Comércio | Interestadual           ","109",Venda de produção - ZFM,"Venda de produção do estabelecimento, destinada à Zona Franca de Manaus ou Áreas de Livre Comércio        ",Saídas Ou Prestações De Serviços Para Outros Estados,Receita,Interestadual,Vendas De Produção Própria Ou De Terceiros,Mercadoria,Saídas,Receita,Não,Não,Débito,Não
"6658","6658","6658 | Transferência de combustível ou lubrificante de produção do estabelecimento                               ","6658 | Transferência de combustível ou lubrificante de produção do estabelecimento | Interestadual                                  ","658",Transferência - produção,Transferência de combustível ou lubrificante de produção do estabelecimento                               ,Saídas Ou Prestações De Serviços Para Outros Estados,Transferência,Interestadual,"Saídas de Combustíveis, derivados ou não de petróleo e lubrificantes",Mercadoria,Saídas,Transferência produto acabado,Não,Não,Débito,Não
CFOP,CFOP,CFOP_DESCRICAO,CFOP_DESCRICAO_MOVIMENTO,CFOP_EXTENSAO,CLASSIFICACAO,DESCRICAO,GRUPO,OPERACAO_SAIDA_ICMS,ORIGEM_DESTINO,SUB_GRUPO,TIPO,TIPO_OPERACAO,Classificação adicional,Modulo de compras,Compras_transf,Tipo_icms,Custo
"1664","1664","1664 | Retorno de combustível ou lubrificante remetido para armazenagem                                          ","1664 | Retorno de combustível ou lubrificante remetido para armazenagem | Dentro do estado                                          ","664",Armazenagem,Retorno de combustível ou lubrificante remetido para armazenagem                                          ,Entradas Ou Aquisições De Serviços Do Estado,"",Dentro do estado,"Entradas de combustíveis, derivados ou não de petróleo e lubrificantes",Mercadoria,Entradas,"",Não,Não,Crédito,Não
"2454","2454","2454 | Retorno simbólico do animal ou da produção ","2454 | Retorno simbólico do animal ou da produção | Interestadual","454",Outras entradas,Retorno simbólico do animal ou da produção ,Entradas Ou Aquisições De Serviços De Outros Estados,"",Interestadual,Sistemas de integração e parceria rural,Mercadoria,Entradas,"",Não,Não,Crédito,Não
"5114","5114","5114 | Venda de mercadoria adquirida ou recebida de terceiros remetida anteriormente em consignação mercantil    ","5114 | Venda de mercadoria adquirida ou recebida de terceiros remetida anteriormente em consignação mercantil | Dentro do estado    ","114",Revenda,Venda de mercadoria adquirida ou recebida de terceiros remetida anteriormente em consignação mercantil    ,Saídas Ou Prestações De Serviços Para O Estado,Receita,Dentro do estado,Vendas De Produção Própria Ou De Terceiros,Mercadoria,Saídas,Receita,Não,Não,Débito,Sim
"5659","5659","5659 | Transferência de combustível ou lubrificante adquirido ou recebido de terceiro                            ","5659 | Transferência de combustível ou lubrificante adquirido ou recebido de terceiro | Dentro do estado                            ","659",Transferência - revenda,Transferência de combustível ou lubrificante adquirido ou recebido de terceiro                            ,Saídas Ou Prestações De Serviços Para O Estado,Transferência,Dentro do estado,"Saídas de Combustíveis, derivados ou não de petróleo e lubrificantes",Mercadoria,Saídas,Transferência produto acabado,Não,Não,Débito,Não
"6304","6304","6304 | Prestação de serviço de comunicação a estabelecimento de prestador de serviço de transporte               ","6304 | Prestação de serviço de comunicação a estabelecimento de prestador de serviço de transporte | Interestadual                  ","304",Serviço de comunicação,Prestação de serviço de comunicação a estabelecimento de prestador de serviço de transporte               ,Saídas Ou Prestações De Serviços Para Outros Estados,Receita,Interestadual,Prestações De Serviços De Comunicação,Mercadoria,Saídas,Receita,Não,Não,Débito,Não
"7205","7205","7205 | Anulação de valor relativo à aquisição de serviço de comunicação                                          ","7205 | Anulação de valor relativo à aquisição de serviço de comunicação | Exportação                                                ","205",Devolução,Anulação de valor relativo à aquisição de serviço de comunicação                                          ,Saídas Ou Prestações De Serviços Para O Exterior,Outras,Exportação,"Devoluções de Compras para Industrialização, produção rural, comercialização ou anulações de valores",Mercadoria,Saídas,"",Não,Não,Débito,Não
"1102","1102","1102 | Compra para comercialização                                                                               ","1102 | Compra para comercialização | Dentro do estado                                                                               ","102",Revenda,Compra para comercialização                                                                               ,Entradas Ou Aquisições De Serviços Do Estado,"",Dentro do estado,"Compras para Industrialização, produção rural, comercialização ou prestação de serviços",Mercadoria,Entradas,"",Sim,Compra,Crédito,Sim
"1902","1902","1902 | Retorno de mercadoria remetida para industrialização por encomenda                                        ","1902 | Retorno de mercadoria remetida para industrialização por encomenda | Dentro do estado                                        ","902",Retorno industrialização por encomenda,Retorno de mercadoria remetida para industrialização por encomenda                                        ,Entradas Ou Aquisições De Serviços Do Estado,"",Dentro do estado,Outras Entradas De Mercadorias Ou Aquisições De Serviços,Mercadoria,Entradas,"",Não,Não,Crédito,Não
"2456","2456","2456 | Entrada referente a remuneração do produtor no Sistema de Integração e Parceria Rural.","2456 | Entrada referente a remuneração do produtor no Sistema de Integração e Parceria Rural | Interestadual","456",Outras entradas,Entrada referente a remuneração do produtor no Sistema de Integração e Parceria Rural.,Entradas Ou Aquisições De Serviços De Outros Estados,"",Interestadual,Sistemas de integração e parceria rural,Mercadoria,Entradas,"",Não,Não,Crédito,Não
"5116","5116","5116 | Venda de produção do estabelecimento originada de encomenda para entrega futura                           ","5116 | Venda de produção do estabelecimento originada de encomenda para entrega futura | Dentro do estado                           ","116",Venda de produção,Venda de produção do estabelecimento originada de encomenda para entrega futura                           ,Saídas Ou Prestações De Serviços Para O Estado,Receita,Dentro do estado,Vendas De Produção Própria Ou De Terceiros,Mercadoria,Saídas,Receita,Não,Não,Débito,Não
"5661","5661","5661 | Devolução de compra de combustível ou lubrificante adquirido para comercialização                         ","5661 | Devolução de compra de combustível ou lubrificante adquirido para comercialização | Dentro do estado                         ","661",Devolução,Devolução de compra de combustível ou lubrificante adquirido para comercialização                         ,Saídas Ou Prestações De Serviços Para O Estado,Outras,Dentro do estado,"Saídas de Combustíveis, derivados ou não de petróleo e lubrificantes",Mercadoria,Saídas,"",Não,Não,Débito,Não
"6306","6306","6306 | Prestação de serviço de comunicação a estabelecimento de produtor rural                                   ","6306 | Prestação de serviço de comunicação a estabelecimento de produtor rural | Interestadual                                      ","306",Serviço de comunicação,Prestação de serviço de comunicação a estabelecimento de produtor rural                                   ,Saídas Ou Prestações De Serviços Para Outros Estados,Receita,Interestadual,Prestações De Serviços De Comunicação,Mercadoria,Saídas,Receita,Não,Não,Débito,Não
"7207","7207","7207 | Anulação de valor relativo à compra de energia elétrica                                                   ","7207 | Anulação de valor relativo à compra de energia elétrica | Exportação                                                         ","207",Devolução,Anulação de valor relativo à compra de energia elétrica                                                   ,Saídas Ou Prestações De Serviços Para O Exterior,Outras,Exportação,"Devoluções de Compras para Industrialização, produção rural, comercialização ou anulações de valores",Mercadoria,Saídas,"",Não,Não,Débito,Não
"1354","1354","1354 | Aquisição de serviço de transporte por estabelecimento de prestador de serviço de comunicação             ","1354 | Aquisição de serviço de transporte por estabelecimento de prestador de serviço de comunicação | Dentro do estado             ","354",Serviço de transporte,Aquisição de serviço de transporte por estabelecimento de prestador de serviço de comunicação             ,Entradas Ou Aquisições De Serviços Do Estado,"",Dentro do estado,Aquisições De Serviços De Transporte,Transporte,Entradas,"",Sim,Compra,Crédito,Não
"2159","2159","2159 | Entrada decorrente do fornecimento de produto ou mercadoria de ato cooperativo","2159 | Entrada decorrente do fornecimento de produto ou mercadoria de ato cooperativo | Interestadual","159",Outras entradas,Entrada decorrente do fornecimento de produto ou mercadoria de ato cooperativo,Entradas Ou Aquisições De Serviços De Outros Estados,"",Interestadual,"Transferências Para Industrialização, Produção rural, Comercialização Ou Prestação De Serviços",Mercadoria,Entradas,"",Não,Não,Crédito,Não
"2932","2932","2932 | Aquisição de serviço de transporte iniciado em unidade da Federação diversa daquela onde inscrito o prestador       ","2932 | Aquisição de serviço de transporte iniciado em unidade da Federação diversa daquela onde inscrito o prestador | Interestadual          ","932",Serviço de transporte - ST,Aquisição de serviço de transporte iniciado em unidade da Federação diversa daquela onde inscrito o prestador       ,Entradas Ou Aquisições De Serviços De Outros Estados,"",Interestadual,Outras Entradas De Mercadorias Ou Aquisições De Serviços,Transporte,Entradas,"",Sim,Compra,Crédito,Sim
"5356","5356","5356 | Prestação de serviço de transporte a estabelecimento de produtor rural                                    ","5356 | Prestação de serviço de transporte a estabelecimento de produtor rural | Dentro do estado                                    ","356",Serviço de transporte,Prestação de serviço de transporte a estabelecimento de produtor rural                                    ,Saídas Ou Prestações De Serviços Para O Estado,Receita,Dentro do estado,Prestações De Serviços De Transporte,Transporte,Saídas,Receita,Não,Não,Débito,Não
"6111","6111","6111 | Venda de produção do estabelecimento remetida anteriormente em consignação industrial                     ","6111 | Venda de produção do estabelecimento remetida anteriormente em consignação industrial | Interestadual                        ","111",Venda de produção,Venda de produção do estabelecimento remetida anteriormente em consignação industrial                     ,Saídas Ou Prestações De Serviços Para Outros Estados,Receita,Interestadual,Vendas De Produção Própria Ou De Terceiros,Mercadoria,Saídas,Receita,Não,Não,Débito,Não
"6660","6660","6660 | Devolução de compra de combustível ou lubrificante adquirido para industrialização subseqüente            ","6660 | Devolução de compra de combustível ou lubrificante adquirido para industrialização subseqüente | Interestadual               ","660",Devolução,Devolução de compra de combustível ou lubrificante adquirido para industrialização subseqüente            ,Saídas Ou Prestações De Serviços Para Outros Estados,Outras,Interestadual,"Saídas de Combustíveis, derivados ou não de petróleo e lubrificantes",Mercadoria,Saídas,"",Não,Não,Débito,Não
"1355","1355","1355 | Aquisição de serviço de transporte por estabelecimento de geradora ou de distribuidora de energia elétrica","1355 | Aquisição de serviço de transporte por estabelecimento de geradora ou de distribuidora de energia elétrica | Dentro do estado","355",Serviço de transporte,Aquisição de serviço de transporte por estabelecimento de geradora ou de distribuidora de energia elétrica,Entradas Ou Aquisições De Serviços Do Estado,"",Dentro do estado,Aquisições De Serviços De Transporte,Transporte,Entradas,"",Sim,Compra,Crédito,Não
"2201","2201","2201 | Devolução de venda de produção do estabelecimento                                                         ","2201 | Devolução de venda de produção do estabelecimento | Interestadual                                                            ","201",Devolução,Devolução de venda de produção do estabelecimento                                                         ,Entradas Ou Aquisições De Serviços De Outros Estados,"",Interestadual,"Devoluções De Vendas De Produção Própria, De Terceiros Ou Anulações De Valores",Mercadoria,Entradas,"",Não,Não,Crédito,Não
"2933","2933","2933 | Aquisição de serviço tributado pelo ISSQN                                                                 ","2933 | Aquisição de serviço tributado pelo ISSQN | Interestadual                                                                    ","933",Serviços , Aquisição de serviço tributado pelo ISSQN                                                                 ,Entradas Ou Aquisições De Serviços De Outros Estados,"",Interestadual,Outras Entradas De Mercadorias Ou Aquisições De Serviços,Serviços,Entradas,"",Não,Não,Crédito,Não
"5357","5357","5357 | Prestação de serviço de transporte a não contribuinte                                                     ","5357 | Prestação de serviço de transporte a não contribuinte | Dentro do estado                                                     ","357",Serviço de transporte,Prestação de serviço de transporte a não contribuinte                                                     ,Saídas Ou Prestações De Serviços Para O Estado,Receita,Dentro do estado,Prestações De Serviços De Transporte,Transporte,Saídas,Receita,Não,Não,Débito,Não
"6112","6112","6112 | Venda de mercadoria adquirida ou recebida de terceiros remetida anteriormente em consignação industrial   ","6112 | Venda de mercadoria adquirida ou recebida de terceiros remetida anteriormente em consignação industrial | Interestadual      ","112",Revenda,Venda de mercadoria adquirida ou recebida de terceiros remetida anteriormente em consignação industrial   ,Saídas Ou Prestações De Serviços Para Outros Estados,Receita,Interestadual,Vendas De Produção Própria Ou De Terceiros,Mercadoria,Saídas,Receita,Não,Não,Débito,Sim
"6661","6661","6661 | Devolução de compra de combustível ou lubrificante adquirido para comercialização                         ","6661 | Devolução de compra de combustível ou lubrificante adquirido para comercialização | Interestadual                            ","661",Devolução,Devolução de compra de combustível ou lubrificante adquirido para comercialização                         ,Saídas Ou Prestações De Serviços Para Outros Estados,Outras,Interestadual,"Saídas de Combustíveis, derivados ou não de petróleo e lubrificantes",Mercadoria,Saídas,"",Não,Não,Débito,Não
"1116","1116","1116 | Compra para industrialização ou produção rural originada de encomenda para recebimento futuro             ","1116 | Compra para industrialização ou produção rural originada de encomenda para recebimento futuro | Dentro do estado             ","116",Insumo,Compra para industrialização ou produção rural originada de encomenda para recebimento futuro             ,Entradas Ou Aquisições De Serviços Do Estado,"",Dentro do estado,"Compras para Industrialização, produção rural, comercialização ou prestação de serviços",Mercadoria,Entradas,"",Sim,Compra,Crédito,Sim
"1905","1905","1905 | Entrada de mercadoria recebida para depósito em depósito fechado ou armazém geral                         ","1905 | Entrada de mercadoria recebida para depósito em depósito fechado ou armazém geral | Dentro do estado                         ","905",Armazenagem,Entrada de mercadoria recebida para depósito em depósito fechado ou armazém geral                         ,Entradas Ou Aquisições De Serviços Do Estado,"",Dentro do estado,Outras Entradas De Mercadorias Ou Aquisições De Serviços,Mercadoria,Entradas,"",Não,Não,Crédito,Não
"2504","2504","2504 | Entrada decorrente de devolução de mercadoria remetida com fim específico de exportação, adquirida ou recebida de terceiros     ","2504 | Entrada decorrente de devolução de mercadoria remetida com fim específico de exportação, adquirida ou recebida de terceiros | Interestadual        ","504",Devolução,"Entrada decorrente de devolução de mercadoria remetida com fim específico de exportação, adquirida ou recebida de terceiros     ",Entradas Ou Aquisições De Serviços De Outros Estados,"",Interestadual,Entradas de mercadorias remetidas para formação de lote ou com fim específico de exportação e eventuais devoluções,Mercadoria,Entradas,"",Não,Não,Crédito,Não
"5119","5119","5119 | Venda de mercadoria adquirida ou recebida de terceiros entregue ao destinatário por conta e ordem do adquirente originário, em venda à ordem      ","5119 | Venda de mercadoria adquirida ou recebida de terceiros entregue ao destinatário por conta e ordem do adquirente originário, em venda à ordem | Dentro do estado      ","119",Revenda,"Venda de mercadoria adquirida ou recebida de terceiros entregue ao destinatário por conta e ordem do adquirente originário, em venda à ordem      ",Saídas Ou Prestações De Serviços Para O Estado,Receita,Dentro do estado,Vendas De Produção Própria Ou De Terceiros,Mercadoria,Saídas,Receita,Não,Não,Débito,Sim
"5664","5664","5664 | Retorno de combustível ou lubrificante recebido para armazenagem                                          ","5664 | Retorno de combustível ou lubrificante recebido para armazenagem | Dentro do estado                                          ","664",Armazenagem,Retorno de combustível ou lubrificante recebido para armazenagem                                          ,Saídas Ou Prestações De Serviços Para O Estado,Outras,Dentro do estado,"Saídas de Combustíveis, derivados ou não de petróleo e lubrificantes",Mercadoria,Saídas,"",Não,Não,Débito,Não
"6352","6352","6352 | Prestação de serviço de transporte a estabelecimento industrial                                           ","6352 | Prestação de serviço de transporte a estabelecimento industrial | Interestadual                                              ","352",Serviço de transporte,Prestação de serviço de transporte a estabelecimento industrial                                           ,Saídas Ou Prestações De Serviços Para Outros Estados,Receita,Interestadual,Prestações De Serviços De Transporte,Transporte,Saídas,Receita,Não,Não,Débito,Não
"7212","7212","7212 | Devolução de compras para industrialização sob o regime de Regime Aduaneiro Especial de Entreposto Industrial sob Controle Informatizado do Sistema Público de Escrituração Digital (Recof*Sped).","7212 | Devolução de compras para industrialização sob o regime de Regime Aduaneiro Especial de Entreposto Industrial sob Controle Informatizado do Sistema Público de Escrituração Digital (Recof*Sped) | Exportação","212",Devolução,Devolução de compras para industrialização sob o regime de Regime Aduaneiro Especial de Entreposto Industrial sob Controle Informatizado do Sistema Público de Escrituração Digital (Recof*Sped).,Saídas Ou Prestações De Serviços Para O Exterior,Outras,Exportação,"Devoluções de Compras para Industrialização, produção rural, comercialização ou anulações de valores",Mercadoria,Saídas,"",Não,Não,Débito,Não
"1117","1117","1117 | Compra para comercialização originada de encomenda para recebimento futuro                                ","1117 | Compra para comercialização originada de encomenda para recebimento futuro | Dentro do estado                                ","117",Revenda,Compra para comercialização originada de encomenda para recebimento futuro                                ,Entradas Ou Aquisições De Serviços Do Estado,"",Dentro do estado,"Compras para Industrialização, produção rural, comercialização ou prestação de serviços",Mercadoria,Entradas,"",Sim,Compra,Crédito,Sim
"1906","1906","1906 | Retorno de mercadoria remetida para depósito fechado ou armazém geral                                     ","1906 | Retorno de mercadoria remetida para depósito fechado ou armazém geral | Dentro do estado                                     ","906",Armazenagem,Retorno de mercadoria remetida para depósito fechado ou armazém geral                                     ,Entradas Ou Aquisições De Serviços Do Estado,"",Dentro do estado,Outras Entradas De Mercadorias Ou Aquisições De Serviços,Mercadoria,Entradas,"",Não,Não,Crédito,Não
"2505","2505","2505 | Entrada decorrente de devolução de mercadorias remetidas para formação de lote de exportação, de produtos industrializados ou produzidos pelo próprio estabelecimento               ","2505 | Entrada decorrente de devolução de mercadorias remetidas para formação de lote de exportação, de produtos industrializados ou produzidos pelo próprio estabelecimento | Interestadual                  ","505",Devolução,"Entrada decorrente de devolução de mercadorias remetidas para formação de lote de exportação, de produtos industrializados ou produzidos pelo próprio estabelecimento               ",Entradas Ou Aquisições De Serviços De Outros Estados,"",Interestadual,Entradas de mercadorias remetidas para formação de lote ou com fim específico de exportação e eventuais devoluções,Mercadoria,Entradas,"",Não,Não,Crédito,Não
"5120","5120","5120 | Venda de mercadoria adquirida ou recebida de terceiros entregue ao destinatário pelo vendedor remetente, em venda à ordem ","5120 | Venda de mercadoria adquirida ou recebida de terceiros entregue ao destinatário pelo vendedor remetente, em venda à ordem | Dentro do estado  ","120",Revenda,"Venda de mercadoria adquirida ou recebida de terceiros entregue ao destinatário pelo vendedor remetente, em venda à ordem ",Saídas Ou Prestações De Serviços Para O Estado,Receita,Dentro do estado,Vendas De Produção Própria Ou De Terceiros,Mercadoria,Saídas,Receita,Não,Não,Débito,Sim
"5665","5665","5665 | Retorno simbólico de combustível ou lubrificante recebido para armazenagem                                ","5665 | Retorno simbólico de combustível ou lubrificante recebido para armazenagem | Dentro do estado                                ","665",Armazenagem,Retorno simbólico de combustível ou lubrificante recebido para armazenagem                                ,Saídas Ou Prestações De Serviços Para O Estado,Outras,Dentro do estado,"Saídas de Combustíveis, derivados ou não de petróleo e lubrificantes",Mercadoria,Saídas,"",Não,Não,Débito,Não
"6353","6353","6353 | Prestação de serviço de transporte a estabelecimento comercial                                            ","6353 | Prestação de serviço de transporte a estabelecimento comercial | Interestadual                                               ","353",Serviço de transporte,Prestação de serviço de transporte a estabelecimento comercial                                            ,Saídas Ou Prestações De Serviços Para Outros Estados,Receita,Interestadual,Prestações De Serviços De Transporte,Transporte,Saídas,Receita,Não,Não,Débito,Não
"7251","7251","7251 | Venda de energia elétrica para o exterior                                                                 ","7251 | Venda de energia elétrica para o exterior | Exportação                                                                       ","251",Energia elétrica,Venda de energia elétrica para o exterior                                                                 ,Saídas Ou Prestações De Serviços Para O Exterior,Receita,Exportação,Vendas De Energia Elétrica,Mercadoria,Saídas,Receita,Não,Não,Débito,Não
"1401","1401","1401 | Compra para industrialização ou produção rural em operação com mercadoria sujeita ao regime de substituição tributária            ","1401 | Compra para industrialização ou produção rural em operação com mercadoria sujeita ao regime de substituição tributária | Dentro do estado            ","401",Insumo - com ST,Compra para industrialização ou produção rural em operação com mercadoria sujeita ao regime de substituição tributária            ,Entradas Ou Aquisições De Serviços Do Estado,"",Dentro do estado,Entradas De Mercadorias Sujeitas Ao Regime De Substituição Tributária,Mercadoria,Entradas,"",Sim,Compra,Crédito,Sim
"2204","2204","2204 | Devolução de venda de mercadoria adquirida ou recebida de terceiros, destinada à Zona Franca de Manaus ou Áreas de Livre Comércio.    ","2204 | Devolução de venda de mercadoria adquirida ou recebida de terceiros, destinada à Zona Franca de Manaus ou Áreas de Livre Comércio. | Interestadual       ","204",Devolução,"Devolução de venda de mercadoria adquirida ou recebida de terceiros, destinada à Zona Franca de Manaus ou Áreas de Livre Comércio.    ",Entradas Ou Aquisições De Serviços De Outros Estados,"",Interestadual,"Devoluções De Vendas De Produção Própria, De Terceiros Ou Anulações De Valores",Mercadoria,Entradas,"",Não,Não,Crédito,Não
"3101","3101","3101 | Compra para industrialização ou produção rural                                                            ","3101 | Compra para industrialização ou produção rural | Importação                                                                  ","101",Insumo,Compra para industrialização ou produção rural                                                            ,Entradas Ou Aquisições De Serviços Do Exterior,"",Importação,"Compras Para Industrialização, produção rural, Comercialização Ou Prestação De Serviços",Mercadoria,Entradas,"",Sim,Compra,Crédito,Sim
"5401","5401","5401 | Venda de produção do estabelecimento em operação com produto sujeito ao regime de substituição tributária, na condição de contribuinte substituto           ","5401 | Venda de produção do estabelecimento em operação com produto sujeito ao regime de substituição tributária, na condição de contribuinte substituto | Dentro do estado            ","401",Venda de produção - com ST,"Venda de produção do estabelecimento em operação com produto sujeito ao regime de substituição tributária, na condição de contribuinte substituto           ",Saídas Ou Prestações De Serviços Para O Estado,Receita,Dentro do estado,Saídas De Mercadorias Sujeitas Ao Regime De Substituição Tributária,Mercadoria,Saídas,Receita,Não,Não,Débito,Não
"6115","6115","6115 | Venda de mercadoria adquirida ou recebida de terceiros, recebida anteriormente em consignação mercantil   ","6115 | Venda de mercadoria adquirida ou recebida de terceiros, recebida anteriormente em consignação mercantil | Interestadual      ","115",Revenda,"Venda de mercadoria adquirida ou recebida de terceiros, recebida anteriormente em consignação mercantil   ",Saídas Ou Prestações De Serviços Para Outros Estados,Receita,Interestadual,Vendas De Produção Própria Ou De Terceiros,Mercadoria,Saídas,Receita,Não,Não,Débito,Sim
"6664","6664","6664 | Retorno de combustível ou lubrificante recebido para armazenagem                                          ","6664 | Retorno de combustível ou lubrificante recebido para armazenagem | Interestadual                                             ","664",Armazenagem,Retorno de combustível ou lubrificante recebido para armazenagem                                          ,Saídas Ou Prestações De Serviços Para Outros Estados,Outras,Interestadual,"Saídas de Combustíveis, derivados ou não de petróleo e lubrificantes",Mercadoria,Saídas,"",Não,Não,Débito,Não
"1403","1403","1403 | Compra para comercialização em operação com mercadoria sujeita ao regime de substituição tributária       ","1403 | Compra para comercialização em operação com mercadoria sujeita ao regime de substituição tributária | Dentro do estado       ","403",Revenda - com ST,Compra para comercialização em operação com mercadoria sujeita ao regime de substituição tributária       ,Entradas Ou Aquisições De Serviços Do Estado,"",Dentro do estado,Entradas De Mercadorias Sujeitas Ao Regime De Substituição Tributária,Mercadoria,Entradas,"",Sim,Compra,Crédito,Sim
"2205","2205","2205 | Anulação de valor relativo à prestação de serviço de comunicação                                          ","2205 | Anulação de valor relativo à prestação de serviço de comunicação | Interestadual                                             ","205",Devolução,Anulação de valor relativo à prestação de serviço de comunicação                                          ,Entradas Ou Aquisições De Serviços De Outros Estados,"",Interestadual,"Devoluções De Vendas De Produção Própria, De Terceiros Ou Anulações De Valores",Mercadoria,Entradas,"",Não,Não,Crédito,Não
"3102","3102","3102 | Compra para comercialização                                                                               ","3102 | Compra para comercialização | Importação                                                                                     ","102",Revenda,Compra para comercialização                                                                               ,Entradas Ou Aquisições De Serviços Do Exterior,"",Importação,"Compras Para Industrialização, produção rural, Comercialização Ou Prestação De Serviços",Mercadoria,Entradas,"",Sim,Compra,Crédito,Sim
"5402","5402","5402 | Venda de produção do estabelecimento de produto sujeito ao regime de substituição tributária, em operação entre contribuintes substitutos do mesmo produto          ","5402 | Venda de produção do estabelecimento de produto sujeito ao regime de substituição tributária, em operação entre contribuintes substitutos do mesmo produto | Dentro do estado          ","402",Venda de produção - com ST,"Venda de produção do estabelecimento de produto sujeito ao regime de substituição tributária, em operação entre contribuintes substitutos do mesmo produto          ",Saídas Ou Prestações De Serviços Para O Estado,Receita,Dentro do estado,Saídas De Mercadorias Sujeitas Ao Regime De Substituição Tributária,Mercadoria,Saídas,Receita,Não,Não,Débito,Não
"6116","6116","6116 | Venda de produção do estabelecimento originada de encomenda para entrega futura                           ","6116 | Venda de produção do estabelecimento originada de encomenda para entrega futura | Interestadual                              ","116",Venda de produção,Venda de produção do estabelecimento originada de encomenda para entrega futura                           ,Saídas Ou Prestações De Serviços Para Outros Estados,Receita,Interestadual,Vendas De Produção Própria Ou De Terceiros,Mercadoria,Saídas,Receita,Não,Não,Débito,Não
"6665","6665","6665 | Retorno simbólico de combustível ou lubrificante recebido para armazenagem                                ","6665 | Retorno simbólico de combustível ou lubrificante recebido para armazenagem | Interestadual                                   ","665",Armazenagem,Retorno simbólico de combustível ou lubrificante recebido para armazenagem                                ,Saídas Ou Prestações De Serviços Para Outros Estados,Outras,Interestadual,"Saídas de Combustíveis, derivados ou não de petróleo e lubrificantes",Mercadoria,Saídas,"",Não,Não,Débito,Não
"1121","1121","1121 | Compra para comercialização, em venda à ordem, já recebida do vendedor remetente                          ","1121 | Compra para comercialização, em venda à ordem, já recebida do vendedor remetente | Dentro do estado                          ","121",Revenda,"Compra para comercialização, em venda à ordem, já recebida do vendedor remetente                          ",Entradas Ou Aquisições De Serviços Do Estado,"",Dentro do estado,"Compras para Industrialização, produção rural, comercialização ou prestação de serviços",Mercadoria,Entradas,"",Sim,Compra,Crédito,Sim
"1909","1909","1909 | Retorno de bem remetido por conta de contrato de comodato ou locação                                                 ","1909 | Retorno de bem remetido por conta de contrato de comodato | Dentro do estado                                                 ","909",Comodato,Retorno de bem remetido por conta de contrato de comodato ou locação                                                 ,Entradas Ou Aquisições De Serviços Do Estado,"",Dentro do estado,Outras Entradas De Mercadorias Ou Aquisições De Serviços,Mercadoria,Entradas,"",Não,Não,Crédito,Não
"2552","2552","2552 | Transferência de bem do ativo imobilizado                                                                 ","2552 | Transferência de bem do ativo imobilizado | Interestadual                                                                    ","552",Transferência - ativo imobilizado,Transferência de bem do ativo imobilizado                                                                 ,Entradas Ou Aquisições De Serviços De Outros Estados,"",Interestadual,Operações Com Bens De Ativo Imobilizado E Materiais Para Uso Ou Consumo,Mercadoria,Entradas,"",Sim,Transferência,Crédito,Não
"5124","5124","5124 | Industrialização efetuada para outra empresa                                                              ","5124 | Industrialização efetuada para outra empresa | Dentro do estado                                                              ","124",Industrialização por encomenda,Industrialização efetuada para outra empresa                                                              ,Saídas Ou Prestações De Serviços Para O Estado,Receita,Dentro do estado,Vendas De Produção Própria Ou De Terceiros,Mercadoria,Saídas,Receita,Não,Não,Débito,Não
"5901","5901","5901 | Remessa para industrialização por encomenda                                                               ","5901 | Remessa para industrialização por encomenda | Dentro do estado                                                               ","901",Remessa para industrialização por encomenda,Remessa para industrialização por encomenda                                                               ,Saídas Ou Prestações De Serviços Para O Estado,Outras,Dentro do estado,Outras Saídas De Mercadorias Ou Prestações De Serviços,Mercadoria,Saídas,"",Não,Não,Débito,Não
"6356","6356","6356 | Prestação de serviço de transporte a estabelecimento de produtor rural                                    ","6356 | Prestação de serviço de transporte a estabelecimento de produtor rural | Interestadual                                       ","356",Serviço de transporte,Prestação de serviço de transporte a estabelecimento de produtor rural                                    ,Saídas Ou Prestações De Serviços Para Outros Estados,Receita,Interestadual,Prestações De Serviços De Transporte,Transporte,Saídas,Receita,Não,Não,Débito,Não
"7501","7501","7501 | Exportação de mercadorias recebidas com fim específico de exportação                                      ","7501 | Exportação de mercadorias recebidas com fim específico de exportação | Exportação                                            ","501",Revenda,Exportação de mercadorias recebidas com fim específico de exportação                                      ,Saídas Ou Prestações De Serviços Para O Exterior,Receita,Exportação,Exportação de Mercadorias recebidas com fim específico de ex-exportação,Mercadoria,Saídas,Receita,Não,Não,Débito,Sim
"1122","1122","1122 | Compra para industrialização em que a mercadoria foi remetida pelo fornecedor ao industrializador sem transitar pelo estabelecimento adquirente","1122 | Compra para industrialização em que a mercadoria foi remetida pelo fornecedor ao industrializador sem transitar pelo estabelecimento adquirente | Dentro do estado     ","122",Insumo,Compra para industrialização em que a mercadoria foi remetida pelo fornecedor ao industrializador sem transitar pelo estabelecimento adquirente,Entradas Ou Aquisições De Serviços Do Estado,"",Dentro do estado,"Compras para Industrialização, produção rural, comercialização ou prestação de serviços",Mercadoria,Entradas,"",Sim,Compra,Crédito,Sim
"1910","1910","1910 | Entrada de bonificação, doação ou brinde                                                                  ","1910 | Entrada de bonificação, doação ou brinde | Dentro do estado                                                                  ","910","Bonificação, doação ou brinde","Entrada de bonificação, doação ou brinde                                                                  ",Entradas Ou Aquisições De Serviços Do Estado,"",Dentro do estado,Outras Entradas De Mercadorias Ou Aquisições De Serviços,Mercadoria,Entradas,"",Não,Não,Crédito,Não
"2553","2553","2553 | Devolução de venda de bem do ativo imobilizado                                                            ","2553 | Devolução de venda de bem do ativo imobilizado | Interestadual                                                               ","553",Devolução,Devolução de venda de bem do ativo imobilizado                                                            ,Entradas Ou Aquisições De Serviços De Outros Estados,"",Interestadual,Operações Com Bens De Ativo Imobilizado E Materiais Para Uso Ou Consumo,Mercadoria,Entradas,"",Não,Não,Crédito,Não
"5125","5125","5125 | Industrialização efetuada para outra empresa quando a mercadoria recebida para utilização no processo de industrialização não transitar pelo estabelecimento adquirente da mercadoria  ","5125 | Industrialização efetuada para outra empresa quando a mercadoria recebida para utilização no processo de industrialização não transitar pelo estabelecimento adquirente da mercadoria | Dentro do estado  ","125",Industrialização por encomenda,Industrialização efetuada para outra empresa quando a mercadoria recebida para utilização no processo de industrialização não transitar pelo estabelecimento adquirente da mercadoria  ,Saídas Ou Prestações De Serviços Para O Estado,Receita,Dentro do estado,Vendas De Produção Própria Ou De Terceiros,Mercadoria,Saídas,Receita,Não,Não,Débito,Não
"5902","5902","5902 | Retorno de mercadoria utilizada na industrialização por encomenda                                         ","5902 | Retorno de mercadoria utilizada na industrialização por encomenda | Dentro do estado                                         ","902",Retorno industrialização por encomenda,Retorno de mercadoria utilizada na industrialização por encomenda                                         ,Saídas Ou Prestações De Serviços Para O Estado,Outras,Dentro do estado,Outras Saídas De Mercadorias Ou Prestações De Serviços,Mercadoria,Saídas,"",Não,Não,Débito,Não
"6357","6357","6357 | Prestação de serviço de transporte a não contribuinte                                                     ","6357 | Prestação de serviço de transporte a não contribuinte | Interestadual                                                        ","357",Serviço de transporte,Prestação de serviço de transporte a não contribuinte                                                     ,Saídas Ou Prestações De Serviços Para Outros Estados,Receita,Interestadual,Prestações De Serviços De Transporte,Transporte,Saídas,Receita,Não,Não,Débito,Não
"7504","7504","7504 | Exportação de mercadoria que foi objeto de formação de lote de exportação.","7504 | Exportação de mercadoria que foi objeto de formação de lote de exportação | Exportação","504",Outras saídas,Exportação de mercadoria que foi objeto de formação de lote de exportação.,Saídas Ou Prestações De Serviços Para O Exterior,Outras,Exportação,Exportação de Mercadorias recebidas com fim específico de ex-exportação,Mercadoria,Saídas,"",Não,Não,Débito,Não
"1305","1305","1305 | Aquisição de serviço de comunicação por estabelecimento de geradora ou de distribuidora de energia elétrica        ","1305 | Aquisição de serviço de comunicação por estabelecimento de geradora ou de distribuidora de energia elétrica | Dentro do estado        ","305",Serviço de comunicação,Aquisição de serviço de comunicação por estabelecimento de geradora ou de distribuidora de energia elétrica        ,Entradas Ou Aquisições De Serviços Do Estado,"",Dentro do estado,Aquisições De Serviços De Comunicação,Mercadoria,Entradas,"",Sim,Compra,Crédito,Não
"2135","2135","2135 | Fixação de preço de produção do estabelecimento produtor, inclusive quando remetidas anteriormente com previsão de posterior ajuste ou fixação de preço, em ato cooperativo, para industrialização.","2135 | Fixação de preço de produção do estabelecimento produtor, inclusive quando remetidas anteriormente com previsão de posterior ajuste ou fixação de preço, em ato cooperativo, para industrialização | Interestadual","135",Entradas com possibililidade de ajuste ou fixação de preço,"Fixação de preço de produção do estabelecimento produtor, inclusive quando remetidas anteriormente com previsão de posterior ajuste ou fixação de preço, em ato cooperativo, para industrialização.",Entradas Ou Aquisições De Serviços De Outros Estados,"",Interestadual,"Compras para industrialização rural, comercialização ou prestação de serviços",Mercadoria,Entradas,"",Sim,Compra,Crédito,Não
"2922","2922","2922 | Lançamento efetuado a título de simples faturamento decorrente de compra para recebimento futuro          ","2922 | Lançamento efetuado a título de simples faturamento decorrente de compra para recebimento futuro | Interestadual             ","922",Simples faturamento,Lançamento efetuado a título de simples faturamento decorrente de compra para recebimento futuro          ,Entradas Ou Aquisições De Serviços De Outros Estados,"",Interestadual,Outras Entradas De Mercadorias Ou Aquisições De Serviços,Mercadoria,Entradas,"",Não,Não,Crédito,Não
"5351","5351","5351 | Prestação de serviço de transporte para execução de serviço da mesma natureza                             ","5351 | Prestação de serviço de transporte para execução de serviço da mesma natureza | Dentro do estado                             ","351",Serviço de transporte,Prestação de serviço de transporte para execução de serviço da mesma natureza                             ,Saídas Ou Prestações De Serviços Para O Estado,Receita,Dentro do estado,Prestações De Serviços De Transporte,Transporte,Saídas,Receita,Não,Não,Débito,Não
"6106","6106","6106 | Venda de mercadoria adquirida ou recebida de terceiros, que não deva por ele transitar                    ","6106 | Venda de mercadoria adquirida ou recebida de terceiros, que não deva por ele transitar | Interestadual                       ","106",Revenda,"Venda de mercadoria adquirida ou recebida de terceiros, que não deva por ele transitar                    ",Saídas Ou Prestações De Serviços Para Outros Estados,Receita,Interestadual,Vendas De Produção Própria Ou De Terceiros,Mercadoria,Saídas,Receita,Não,Não,Débito,Sim
"6655","6655","6655 | Venda de combustível ou lubrificante adquirido ou recebido de terceiros destinado à comercialização       ","6655 | Venda de combustível ou lubrificante adquirido ou recebido de terceiros destinado à comercialização | Interestadual          ","655",Combustível,Venda de combustível ou lubrificante adquirido ou recebido de terceiros destinado à comercialização       ,Saídas Ou Prestações De Serviços Para Outros Estados,Receita,Interestadual,"Saídas de Combustíveis, derivados ou não de petróleo e lubrificantes",Mercadoria,Saídas,Receita,Não,Não,Débito,Não
"1306","1306","1306 | Aquisição de serviço de comunicação por estabelecimento de produtor rural                                 ","1306 | Aquisição de serviço de comunicação por estabelecimento de produtor rural | Dentro do estado                                 ","306",Serviço de comunicação,Aquisição de serviço de comunicação por estabelecimento de produtor rural                                 ,Entradas Ou Aquisições De Serviços Do Estado,"",Dentro do estado,Aquisições De Serviços De Comunicação,Mercadoria,Entradas,"",Sim,Compra,Crédito,Não
"2151","2151","2151 | Transferência para industrialização ou produção rural                                                     ","2151 | Transferência para industrialização ou produção rural | Interestadual                                                        ","151",Transferência - insumo,Transferência para industrialização ou produção rural                                                     ,Entradas Ou Aquisições De Serviços De Outros Estados,"",Interestadual,"Transferências Para Industrialização, Produção rural, Comercialização Ou Prestação De Serviços",Mercadoria,Entradas,Transferência insumo,Sim,Transferência,Crédito,Não
"2923","2923","2923 | Entrada de mercadoria recebida do vendedor remetente, em venda à ordem                                    ","2923 | Entrada de mercadoria recebida do vendedor remetente, em venda à ordem | Interestadual                                       ","923",Outras entradas,"Entrada de mercadoria recebida do vendedor remetente, em venda à ordem                                    ",Entradas Ou Aquisições De Serviços De Outros Estados,"",Interestadual,Outras Entradas De Mercadorias Ou Aquisições De Serviços,Mercadoria,Entradas,"",Não,Não,Crédito,Não
"5352","5352","5352 | Prestação de serviço de transporte a estabelecimento industrial                                           ","5352 | Prestação de serviço de transporte a estabelecimento industrial | Dentro do estado                                           ","352",Serviço de transporte,Prestação de serviço de transporte a estabelecimento industrial                                           ,Saídas Ou Prestações De Serviços Para O Estado,Receita,Dentro do estado,Prestações De Serviços De Transporte,Transporte,Saídas,Receita,Não,Não,Débito,Não
"6107","6107","6107 | Venda de produção do estabelecimento, destinada a não contribuinte                                        ","6107 | Venda de produção do estabelecimento, destinada a não contribuinte | Interestadual                                           ","107",Venda de produção,"Venda de produção do estabelecimento, destinada a não contribuinte                                        ",Saídas Ou Prestações De Serviços Para Outros Estados,Receita,Interestadual,Vendas De Produção Própria Ou De Terceiros,Mercadoria,Saídas,Receita,Não,Não,Débito,Não
"6656","6656","6656 | Venda de combustíveis ou lubrificantes adquiridos ou recebidos de terceiros destinado a consumidor ou usuário final        ","6656 | Venda de combustíveis ou lubrificantes adquiridos ou recebidos de terceiros destinado a consumidor ou usuário final | Interestadual            ","656",Combustível,Venda de combustíveis ou lubrificantes adquiridos ou recebidos de terceiros destinado a consumidor ou usuário final        ,Saídas Ou Prestações De Serviços Para Outros Estados,Receita,Interestadual,"Saídas de Combustíveis, derivados ou não de petróleo e lubrificantes",Mercadoria,Saídas,Receita,Não,Não,Débito,Não
"1503","1503","1503 | Entrada decorrente de devolução de produto remetido com fim específico de exportação, de produção do estabelecimento.      ","1503 | Entrada decorrente de devolução de produto remetido com fim específico de exportação, de produção do estabelecimento. | Dentro do estado      ","503",Devolução,"Entrada decorrente de devolução de produto remetido com fim específico de exportação, de produção do estabelecimento.      ",Entradas Ou Aquisições De Serviços Do Estado,"",Dentro do estado,Entradas de mercadorias remetidas para  formação de lote ou com fim específico de exportação e  eventuais devoluções,Mercadoria,Entradas,"",Não,Não,Crédito,Não
"2257","2257","2257 | Compra de energia elétrica para consumo por demanda contratada                                            ","2257 | Compra de energia elétrica para consumo por demanda contratada | Interestadual                                               ","257",Energia elétrica,Compra de energia elétrica para consumo por demanda contratada                                            ,Entradas Ou Aquisições De Serviços De Outros Estados,"",Interestadual,Compras De Energia Elétrica,Mercadoria,Entradas,"",Sim,Compra,Crédito,Não
"3353","3353","3353 | Aquisição de serviço de transporte por estabelecimento comercial                                          ","3353 | Aquisição de serviço de transporte por estabelecimento comercial | Importação                                                ","353",Serviço de transporte,Aquisição de serviço de transporte por estabelecimento comercial                                          ,Entradas Ou Aquisições De Serviços Do Exterior,"",Importação,Aquisições De Serviços De Transporte,Transporte,Entradas,"",Sim,Compra,Crédito,Sim
"5456","5456","5456 | Saída referente a remuneração do produtor -  Sistema de Integração e Parceria Rural","5456 | Saída referente a remuneração do produtor -  Sistema de Integração e Parceria Rural | Dentro do estado","456",Outras saídas,Saída referente a remuneração do produtor -  Sistema de Integração e Parceria Rural,Saídas Ou Prestações De Serviços Para O Estado,Outras,Dentro do estado,Sistemas De Integração e Parceria rural,Mercadoria,Saídas,"",Não,Não,Débito,Não
"6156","6156","6156 | Transferência de mercadoria adquirida ou recebida de terceiros, que não deva por ele transitar            ","6156 | Transferência de mercadoria adquirida ou recebida de terceiros, que não deva por ele transitar | Interestadual               ","156",Transferência - revenda,"Transferência de mercadoria adquirida ou recebida de terceiros, que não deva por ele transitar            ",Saídas Ou Prestações De Serviços Para Outros Estados,Transferência,Interestadual,Transferências De Produção Própria Ou De Terceiros,Mercadoria,Saídas,Transferência produto acabado,Não,Não,Débito,Não
"6914","6914","6914 | Remessa de mercadoria ou bem para exposição ou feira                                                      ","6914 | Remessa de mercadoria ou bem para exposição ou feira | Interestadual                                                         ","914",Exposição ou feira,Remessa de mercadoria ou bem para exposição ou feira                                                      ,Saídas Ou Prestações De Serviços Para Outros Estados,Outras,Interestadual,Outras Saídas De Mercadorias Ou Prestações De Serviços,Mercadoria,Saídas,"",Não,Não,Débito,Não
"1504","1504","1504 | Entrada decorrente de devolução de mercadoria remetida com fim específico de exportação, adquirida ou recebida de terceiros    ","1504 | Entrada decorrente de devolução de mercadoria remetida com fim específico de exportação, adquirida ou recebida de terceiros | Dentro do estado     ","504",Devolução,"Entrada decorrente de devolução de mercadoria remetida com fim específico de exportação, adquirida ou recebida de terceiros    ",Entradas Ou Aquisições De Serviços Do Estado,"",Dentro do estado,Entradas de mercadorias remetidas para  formação de lote ou com fim específico de exportação e  eventuais devoluções,Mercadoria,Entradas,"",Não,Não,Crédito,Não
"2301","2301","2301 | Aquisição de serviço de comunicação para execução de serviço da mesma natureza                            ","2301 | Aquisição de serviço de comunicação para execução de serviço da mesma natureza | Interestadual                               ","301",Serviço de comunicação,Aquisição de serviço de comunicação para execução de serviço da mesma natureza                            ,Entradas Ou Aquisições De Serviços De Outros Estados,"",Interestadual,Aquisições De Serviços De Comunicação,Mercadoria,Entradas,"",Sim,Compra,Crédito,Não
"3354","3354","3354 | Aquisição de serviço de transporte por estabelecimento de prestador de serviço de comunicação             ","3354 | Aquisição de serviço de transporte por estabelecimento de prestador de serviço de comunicação | Importação                   ","354",Serviço de transporte,Aquisição de serviço de transporte por estabelecimento de prestador de serviço de comunicação             ,Entradas Ou Aquisições De Serviços Do Exterior,"",Importação,Aquisições De Serviços De Transporte,Transporte,Entradas,"",Sim,Compra,Crédito,Não
"5501","5501","5501 | Remessa de produção do estabelecimento, com fim específico de exportação                                  ","5501 | Remessa de produção do estabelecimento, com fim específico de exportação | Dentro do estado                                  ","501",Venda,"Remessa de produção do estabelecimento, com fim específico de exportação                                  ",Saídas Ou Prestações De Serviços Para O Estado,Outras,Dentro do estado,Remessas para formação de lote e com fim específico de exportação e eventuais devoluções,Mercadoria,Saídas,Receita,Não,Não,Débito,Não
"6159","6159","6159 | Fornecimento de produção do estabelecimento de ato cooperativo.","6159 | Fornecimento de produção do estabelecimento de ato cooperativo | Interestadual","159",Outras saídas,Fornecimento de produção do estabelecimento de ato cooperativo.,Saídas Ou Prestações De Serviços Para Outros Estados,"",Interestadual,Transferências De Produção Própria Ou De Terceiros,Mercadoria,Saídas,"",Não,Não,Débito,Não
"6915","6915","6915 | Remessa de mercadoria ou bem para conserto ou reparo                                                      ","6915 | Remessa de mercadoria ou bem para conserto ou reparo | Interestadual                                                         ","915",Conserto,Remessa de mercadoria ou bem para conserto ou reparo                                                      ,Saídas Ou Prestações De Serviços Para Outros Estados,Outras,Interestadual,Outras Saídas De Mercadorias Ou Prestações De Serviços,Mercadoria,Saídas,"",Não,Não,Débito,Não
"1505","1505","1505 | Entrada decorrente de devolução de mercadorias remetidas para formação de lote de exportação, de produtos industrializados ou produzidos pelo próprio estabelecimento               ","1505 | Entrada decorrente de devolução de mercadorias remetidas para formação de lote de exportação, de produtos industrializados ou produzidos pelo próprio estabelecimento | Dentro do estado               ","505",Devolução,"Entrada decorrente de devolução de mercadorias remetidas para formação de lote de exportação, de produtos industrializados ou produzidos pelo próprio estabelecimento               ",Entradas Ou Aquisições De Serviços Do Estado,"",Dentro do estado,Entradas de mercadorias remetidas para  formação de lote ou com fim específico de exportação e  eventuais devoluções,Mercadoria,Entradas,"",Não,Não,Crédito,Não
"2302","2302","2302 | Aquisição de serviço de comunicação por estabelecimento industrial                                        ","2302 | Aquisição de serviço de comunicação por estabelecimento industrial | Interestadual                                           ","302",Serviço de comunicação,Aquisição de serviço de comunicação por estabelecimento industrial                                        ,Entradas Ou Aquisições De Serviços De Outros Estados,"",Interestadual,Aquisições De Serviços De Comunicação,Mercadoria,Entradas,"",Sim,Compra,Crédito,Não
"3355","3355","3355 | Aquisição de serviço de transporte por estabelecimento de geradora ou de distribuidora de energia elétrica","3355 | Aquisição de serviço de transporte por estabelecimento de geradora ou de distribuidora de energia elétrica | Importação      ","355",Serviço de transporte,Aquisição de serviço de transporte por estabelecimento de geradora ou de distribuidora de energia elétrica,Entradas Ou Aquisições De Serviços Do Exterior,"",Importação,Aquisições De Serviços De Transporte,Transporte,Entradas,"",Sim,Compra,Crédito,Não
"5502","5502","5502 | Remessa de mercadoria adquirida ou recebida de terceiros, com fim específico de exportação                ","5502 | Remessa de mercadoria adquirida ou recebida de terceiros, com fim específico de exportação | Dentro do estado                ","502",Revenda,"Remessa de mercadoria adquirida ou recebida de terceiros, com fim específico de exportação                ",Saídas Ou Prestações De Serviços Para O Estado,Outras,Dentro do estado,Remessas para formação de lote e com fim específico de exportação e eventuais devoluções,Mercadoria,Saídas,Receita,Não,Não,Débito,Não
"6160","6160","6160 | Fornecimento de mercadoria adquirida ou recebida de terceiros de ato cooperativo.","6160 | Fornecimento de mercadoria adquirida ou recebida de terceiros de ato cooperativo | Interestadual","160",Outras saídas,Fornecimento de mercadoria adquirida ou recebida de terceiros de ato cooperativo.,Saídas Ou Prestações De Serviços Para Outros Estados,"",Interestadual,Transferências De Produção Própria Ou De Terceiros,Mercadoria,Saídas,"",Não,Não,Débito,Não
"6916","6916","6916 | Retorno de mercadoria ou bem recebido para conserto ou reparo                                             ","6916 | Retorno de mercadoria ou bem recebido para conserto ou reparo | Interestadual                                                ","916",Conserto,Retorno de mercadoria ou bem recebido para conserto ou reparo                                             ,Saídas Ou Prestações De Serviços Para Outros Estados,Outras,Interestadual,Outras Saídas De Mercadorias Ou Prestações De Serviços,Mercadoria,Saídas,"",Não,Não,Débito,Não
"1506","1506","1506 | Entrada decorrente de devolução de mercadorias, adquiridas ou recebidas de terceiros, remetidas para formação de lote de exportação           ","1506 | Entrada decorrente de devolução de mercadorias, adquiridas ou recebidas de terceiros, remetidas para formação de lote de exportação | Dentro do estado           ","506",Devolução,"Entrada decorrente de devolução de mercadorias, adquiridas ou recebidas de terceiros, remetidas para formação de lote de exportação           ",Entradas Ou Aquisições De Serviços Do Estado,"",Dentro do estado,Entradas de mercadorias remetidas para  formação de lote ou com fim específico de exportação e  eventuais devoluções,Mercadoria,Entradas,"",Não,Não,Crédito,Não
"2303","2303","2303 | Aquisição de serviço de comunicação por estabelecimento comercial                                         ","2303 | Aquisição de serviço de comunicação por estabelecimento comercial | Interestadual                                            ","303",Serviço de comunicação,Aquisição de serviço de comunicação por estabelecimento comercial                                         ,Entradas Ou Aquisições De Serviços De Outros Estados,"",Interestadual,Aquisições De Serviços De Comunicação,Mercadoria,Entradas,"",Sim,Compra,Crédito,Não
"3356","3356","3356 | Aquisição de serviço de transporte por estabelecimento de produtor rural                                  ","3356 | Aquisição de serviço de transporte por estabelecimento de produtor rural | Importação                                        ","356",Serviço de transporte,Aquisição de serviço de transporte por estabelecimento de produtor rural                                  ,Entradas Ou Aquisições De Serviços Do Exterior,"",Importação,Aquisições De Serviços De Transporte,Transporte,Entradas,"",Sim,Compra,Crédito,Sim
"5503","5503","5503 | Devolução de mercadoria recebida com fim específico de exportação                                         ","5503 | Devolução de mercadoria recebida com fim específico de exportação | Dentro do estado                                         ","503",Devolução,Devolução de mercadoria recebida com fim específico de exportação                                         ,Saídas Ou Prestações De Serviços Para O Estado,Outras,Dentro do estado,Remessas para formação de lote e com fim específico de exportação e eventuais devoluções,Mercadoria,Saídas,"",Não,Não,Débito,Não
"6201","6201","6201 | Devolução de compra para industrialização ou produção rural                                               ","6201 | Devolução de compra para industrialização ou produção rural | Interestadual                                                  ","201",Devolução,Devolução de compra para industrialização ou produção rural                                               ,Saídas Ou Prestações De Serviços Para Outros Estados,Outras,Interestadual,"Devoluções De Compras Para Industrialização, Produção rural, Comercialização Ou Anulações De valores",Mercadoria,Saídas,"",Não,Não,Débito,Não
"6917","6917","6917 | Remessa de mercadoria em consignação mercantil ou industrial                                              ","6917 | Remessa de mercadoria em consignação mercantil ou industrial | Interestadual                                                 ","917",Consignação,Remessa de mercadoria em consignação mercantil ou industrial                                              ,Saídas Ou Prestações De Serviços Para Outros Estados,Outras,Interestadual,Outras Saídas De Mercadorias Ou Prestações De Serviços,Mercadoria,Saídas,"",Não,Não,Débito,Não
"1551","1551","1551 | Compra de bem para o ativo imobilizado                                                                    ","1551 | Compra de bem para o ativo imobilizado | Dentro do estado                                                                    ","551",Ativo Imobilizado,Compra de bem para o ativo imobilizado                                                                    ,Entradas Ou Aquisições De Serviços Do Estado,"",Dentro do estado,Operações Com Bens De Ativo Imobilizado E Materiais Para Uso Ou Consumo,Mercadoria,Entradas,"",Sim. Ativo imobilizado. ,Compra,Crédito,Não
"2304","2304","2304 | Aquisição de serviço de comunicação por estabelecimento de prestador de serviço de transporte             ","2304 | Aquisição de serviço de comunicação por estabelecimento de prestador de serviço de transporte | Interestadual                ","304",Serviço de comunicação,Aquisição de serviço de comunicação por estabelecimento de prestador de serviço de transporte             ,Entradas Ou Aquisições De Serviços De Outros Estados,"",Interestadual,Aquisições De Serviços De Comunicação,Mercadoria,Entradas,"",Sim,Compra,Crédito,Não
"3503","3503","3503 | Devolução de mercadoria exportada que tenha sido recebida com fim específico de exportação                ","3503 | Devolução de mercadoria exportada que tenha sido recebida com fim específico de exportação | Importação                      ","503",Devolução,Devolução de mercadoria exportada que tenha sido recebida com fim específico de exportação                ,Entradas Ou Aquisições De Serviços Do Exterior,"",Importação,Entradas De Mercadorias Remetidas Com Fim Específico De Exportação E Eventuais Devoluções,Mercadoria,Entradas,"",Não,Não,Crédito,Não
"5504","5504","5504 | Remessa de mercadorias para formação de lote de exportação, de produtos industrializados ou produzidos pelo próprio estabelecimento    ","5504 | Remessa de mercadorias para formação de lote de exportação, de produtos industrializados ou produzidos pelo próprio estabelecimento | Dentro do estado    ","504",Outras saídas,"Remessa de mercadorias para formação de lote de exportação, de produtos industrializados ou produzidos pelo próprio estabelecimento    ",Saídas Ou Prestações De Serviços Para O Estado,Outras,Dentro do estado,Remessas para formação de lote e com fim específico de exportação e eventuais devoluções,Mercadoria,Saídas,"",Não,Não,Débito,Não
"6202","6202","6202 | Devolução de compra para comercialização, ou qualquer devolução de mercadoria efetuada pelo MEI com exceção das classificadas no código 6.503                                                                  ","6202 | Devolução de compra para comercialização, ou qualquer devolução de mercadoria efetuada pelo MEI com exceção das classificadas no código 6.503 | Interestadual                                                                     ","202",Devolução,"Devolução de compra para comercialização, ou qualquer devolução de mercadoria efetuada pelo MEI com exceção das classificadas no código 6.503                                                                  ",Saídas Ou Prestações De Serviços Para Outros Estados,Outras,Interestadual,"Devoluções De Compras Para Industrialização, Produção rural, Comercialização Ou Anulações De valores",Mercadoria,Saídas,"",Não,Não,Débito,Não
"6918","6918","6918 | Devolução de mercadoria recebida em consignação mercantil ou industrial                                   ","6918 | Devolução de mercadoria recebida em consignação mercantil ou industrial | Interestadual                                      ","918",Devolução,Devolução de mercadoria recebida em consignação mercantil ou industrial                                   ,Saídas Ou Prestações De Serviços Para Outros Estados,Outras,Interestadual,Outras Saídas De Mercadorias Ou Prestações De Serviços,Mercadoria,Saídas,"",Não,Não,Débito,Não
"1552","1552","1552 | Transferência de bem do ativo imobilizado                                                                 ","1552 | Transferência de bem do ativo imobilizado | Dentro do estado                                                                 ","552",Transferência - ativo imobilizado,Transferência de bem do ativo imobilizado                                                                 ,Entradas Ou Aquisições De Serviços Do Estado,"",Dentro do estado,Operações Com Bens De Ativo Imobilizado E Materiais Para Uso Ou Consumo,Mercadoria,Entradas,"",Sim,Transferência,Crédito,Não
"2305","2305","2305 | Aquisição de serviço de comunicação por estabelecimento de geradora ou de distribuidora de energia elétrica        ","2305 | Aquisição de serviço de comunicação por estabelecimento de geradora ou de distribuidora de energia | Interestadual           ","305",Serviço de comunicação,Aquisição de serviço de comunicação por estabelecimento de geradora ou de distribuidora de energia elétrica        ,Entradas Ou Aquisições De Serviços De Outros Estados,"",Interestadual,Aquisições De Serviços De Comunicação,Mercadoria,Entradas,"",Sim,Compra,Crédito,Não
"3551","3551","3551 | Compra de bem para o ativo imobilizado                                                                    ","3551 | Compra de bem para o ativo imobilizado | Importação                                                                          ","551",Ativo Imobilizado,Compra de bem para o ativo imobilizado                                                                    ,Entradas Ou Aquisições De Serviços Do Exterior,"",Importação,Operações Com Bens De Ativo Imobilizado E Materiais Para Uso Ou Consumo,Mercadoria,Entradas,"",Sim. Ativo imobilizado. ,Compra,Crédito,Não
"5505","5505","5505 | Remessa de mercadorias, adquiridas ou recebidas de terceiros, para formação de lote de exportação         ","5505 | Remessa de mercadorias, adquiridas ou recebidas de terceiros, para formação de lote de exportação | Dentro do estado         ","505",Outras saídas,"Remessa de mercadorias, adquiridas ou recebidas de terceiros, para formação de lote de exportação         ",Saídas Ou Prestações De Serviços Para O Estado,Outras,Dentro do estado,Remessas para formação de lote e com fim específico de exportação e eventuais devoluções,Mercadoria,Saídas,"",Não,Não,Débito,Não
"6205","6205","6205 | Anulação de valor relativo a aquisição de serviço de comunicação                                          ","6205 | Anulação de valor relativo a aquisição de serviço de comunicação | Interestadual                                             ","205",Devolução,Anulação de valor relativo a aquisição de serviço de comunicação                                          ,Saídas Ou Prestações De Serviços Para Outros Estados,Outras,Interestadual,"Devoluções De Compras Para Industrialização, Produção rural, Comercialização Ou Anulações De valores",Mercadoria,Saídas,"",Não,Não,Débito,Não
"6919","6919","6919 | Devolução simbólica de mercadoria vendida ou utilizada em processo industrial, recebida anteriormente em consignação mercantil ou industrial     ","6919 | Devolução simbólica de mercadoria vendida ou utilizada em processo industrial, recebida anteriormente em consignação mercantil ou industrial | Interestadual        ","919",Devolução,"Devolução simbólica de mercadoria vendida ou utilizada em processo industrial, recebida anteriormente em consignação mercantil ou industrial     ",Saídas Ou Prestações De Serviços Para Outros Estados,Outras,Interestadual,Outras Saídas De Mercadorias Ou Prestações De Serviços,Mercadoria,Saídas,"",Não,Não,Débito,Não
"1555","1555","1555 | Entrada de bem do ativo imobilizado de terceiro, remetido para uso no estabelecimento                     ","1555 | Entrada de bem do ativo imobilizado de terceiro, remetido para uso no estabelecimento | Dentro do estado                     ","555",Outras entradas,"Entrada de bem do ativo imobilizado de terceiro, remetido para uso no estabelecimento                     ",Entradas Ou Aquisições De Serviços Do Estado,"",Dentro do estado,Operações Com Bens De Ativo Imobilizado E Materiais Para Uso Ou Consumo,Mercadoria,Entradas,"",Não,Não,Crédito,Não
"2352","2352","2352 | Aquisição de serviço de transporte por estabelecimento industrial                                         ","2352 | Aquisição de serviço de transporte por estabelecimento industrial | Interestadual                                            ","352",Serviço de transporte,Aquisição de serviço de transporte por estabelecimento industrial                                         ,Entradas Ou Aquisições De Serviços De Outros Estados,"",Interestadual,Aquisições De Serviços De Transporte,Transporte,Entradas,"",Sim,Compra,Crédito,Sim
"3556","3556","3556 | Compra de material para uso ou consumo                                                                    ","3556 | Compra de material para uso ou consumo | Importação                                                                          ","556",Uso e consumo,Compra de material para uso ou consumo                                                                    ,Entradas Ou Aquisições De Serviços Do Exterior,"",Importação,Operações Com Bens De Ativo Imobilizado E Materiais Para Uso Ou Consumo,Mercadoria,Entradas,Uso e consumo,Sim. Uso e consumo. ,Compra,Crédito,Não
"5553","5553","5553 | Devolução de compra de bem para o ativo imobilizado                                                       ","5553 | Devolução de compra de bem para o ativo imobilizado | Dentro do estado                                                       ","553",Devolução,Devolução de compra de bem para o ativo imobilizado                                                       ,Saídas Ou Prestações De Serviços Para O Estado,Outras,Dentro do estado,Operações Com Bens De Ativo Imobilizado E Materiais Para Uso Ou Consumo,Mercadoria,Saídas,"",Não,Não,Débito,Não
"6208","6208","6208 | Devolução de mercadoria recebida em transferência para industrialização ou produção rural                 ","6208 | Devolução de mercadoria recebida em transferência para industrialização ou produção rural | Interestadual                    ","208",Devolução,Devolução de mercadoria recebida em transferência para industrialização ou produção rural                 ,Saídas Ou Prestações De Serviços Para Outros Estados,Outras,Interestadual,"Devoluções De Compras Para Industrialização, Produção rural, Comercialização Ou Anulações De valores",Mercadoria,Saídas,"",Não,Não,Débito,Não
"6922","6922","6922 | Lançamento efetuado a título de simples faturamento decorrente de venda para entrega futura               ","6922 | Lançamento efetuado a título de simples faturamento decorrente de venda para entrega futura | Interestadual                  ","922",Simples faturamento,Lançamento efetuado a título de simples faturamento decorrente de venda para entrega futura               ,Saídas Ou Prestações De Serviços Para Outros Estados,Receita,Interestadual,Outras Saídas De Mercadorias Ou Prestações De Serviços,Mercadoria,Saídas,Receita,Não,Não,Débito,Não
"1557","1557","1557 | Transferência de material para uso ou consumo                                                             ","1557 | Transferência de material para uso ou consumo | Dentro do estado                                                             ","557",Transferência - uso e consumo,Transferência de material para uso ou consumo                                                             ,Entradas Ou Aquisições De Serviços Do Estado,"",Dentro do estado,Operações Com Bens De Ativo Imobilizado E Materiais Para Uso Ou Consumo,Mercadoria,Entradas,Uso e consumo,Sim. Uso e consumo. ,Transferência,Crédito,Não
"2354","2354","2354 | Aquisição de serviço de transporte por estabelecimento de prestador de serviço de comunicação             ","2354 | Aquisição de serviço de transporte por estabelecimento de prestador de serviço de comunicação | Interestadual                ","354",Serviço de transporte,Aquisição de serviço de transporte por estabelecimento de prestador de serviço de comunicação             ,Entradas Ou Aquisições De Serviços De Outros Estados,"",Interestadual,Aquisições De Serviços De Transporte,Transporte,Entradas,"",Sim,Compra,Crédito,Não
"3652","3652","3652 | Compra de combustível ou lubrificante para comercialização                                                ","3652 | Compra de combustível ou lubrificante para comercialização | Importação                                                      ","652",Combustível,Compra de combustível ou lubrificante para comercialização                                                ,Entradas Ou Aquisições De Serviços Do Exterior,"",Importação,"Entradas de Combustíveis, derivados ou não de petróleo e lubrificantes",Mercadoria,Entradas,"",Sim,Compra,Crédito,Sim
"5555","5555","5555 | Devolução de bem do ativo imobilizado de terceiro, recebido para uso no estabelecimento                   ","5555 | Devolução de bem do ativo imobilizado de terceiro, recebido para uso no estabelecimento | Dentro do estado                   ","555",Outras saídas,"Devolução de bem do ativo imobilizado de terceiro, recebido para uso no estabelecimento                   ",Saídas Ou Prestações De Serviços Para O Estado,Outras,Dentro do estado,Operações Com Bens De Ativo Imobilizado E Materiais Para Uso Ou Consumo,Mercadoria,Saídas,"",Não,Não,Débito,Não
"6210","6210","6210 | Devolução de compra para utilização na prestação de serviço                                               ","6210 | Devolução de compra para utilização na prestação de serviço | Interestadual                                                  ","210",Devolução,Devolução de compra para utilização na prestação de serviço                                               ,Saídas Ou Prestações De Serviços Para Outros Estados,Outras,Interestadual,"Devoluções De Compras Para Industrialização, Produção rural, Comercialização Ou Anulações De valores",Mercadoria,Saídas,"",Não,Não,Débito,Não
"6924","6924","6924 | Remessa para industrialização por conta e ordem do adquirente da mercadoria, quando esta não transitar pelo estabelecimento do adquirente   ","6924 | Remessa para industrialização por conta e ordem do adquirente da mercadoria, quando esta não transitar pelo estabelecimento do adquirente | Interestadual       ","924",Remessa para industrialização por encomenda,"Remessa para industrialização por conta e ordem do adquirente da mercadoria, quando esta não transitar pelo estabelecimento do adquirente   ",Saídas Ou Prestações De Serviços Para Outros Estados,Outras,Interestadual,Outras Saídas De Mercadorias Ou Prestações De Serviços,Mercadoria,Saídas,"",Não,Não,Débito,Não
"1553","1553","1553 | Devolução de venda de bem do ativo imobilizado                                                            ","1553 | Devolução de venda de bem do ativo imobilizado | Dentro do estado                                                            ","553",Devolução,Devolução de venda de bem do ativo imobilizado                                                            ,Entradas Ou Aquisições De Serviços Do Estado,"",Dentro do estado,Operações Com Bens De Ativo Imobilizado E Materiais Para Uso Ou Consumo,Mercadoria,Entradas,"",Não,Não,Crédito,Não
"2306","2306","2306 | Aquisição de serviço de comunicação por estabelecimento de produtor rural                                 ","2306 | Aquisição de serviço de comunicação por estabelecimento de produtor rural | Interestadual                                    ","306",Serviço de comunicação,Aquisição de serviço de comunicação por estabelecimento de produtor rural                                 ,Entradas Ou Aquisições De Serviços De Outros Estados,"",Interestadual,Aquisições De Serviços De Comunicação,Mercadoria,Entradas,"",Sim,Compra,Crédito,Não
"3552","3552","3552 | Entrada de produtos destinados ao uso ou consumo de bordo, em embarcações ou aeronaves exclusivamente em tráfego internacional com destino ao exterior.","3552 | Entrada de produtos destinados ao uso ou consumo de bordo, em embarcações ou aeronaves exclusivamente em tráfego internacional com destino ao exterior | Importação","552",Uso e consumo,"Entrada de produtos destinados ao uso ou consumo de bordo, em embarcações ou aeronaves exclusivamente em tráfego internacional com destino ao exterior.",Entradas Ou Aquisições De Serviços Do Exterior,"",Importação,Operações Com Bens De Ativo Imobilizado E Materiais Para Uso Ou Consumo,Mercadoria,Entradas,"",Sim,Compra,Crédito,Não
"5551","5551","5551 | Venda de bem do ativo imobilizado                                                                         ","5551 | Venda de bem do ativo imobilizado | Dentro do estado                                                                         ","551",Ativo Imobilizado,Venda de bem do ativo imobilizado                                                                         ,Saídas Ou Prestações De Serviços Para O Estado,Outras,Dentro do estado,Operações Com Bens De Ativo Imobilizado E Materiais Para Uso Ou Consumo,Mercadoria,Saídas,"",Não,Não,Débito,Não
"6206","6206","6206 | Anulação de valor relativo a aquisição de serviço de transporte                                           ","6206 | Anulação de valor relativo a aquisição de serviço de transporte | Interestadual                                              ","206",Devolução,Anulação de valor relativo a aquisição de serviço de transporte                                           ,Saídas Ou Prestações De Serviços Para Outros Estados,Outras,Interestadual,"Devoluções De Compras Para Industrialização, Produção rural, Comercialização Ou Anulações De valores",Mercadoria,Saídas,"",Não,Não,Débito,Não
"6920","6920","6920 | Remessa de embalagens, bombonas, vasilhames, sacarias, pallets, containers ou assemelhado                                                                          ","6920 | Remessa de embalagens, bombonas, vasilhames, sacarias, pallets, containers ou assemelhado | Interestadual                                                                              ","920",Vasilhame e sacaria,"Remessa de embalagens, bombonas, vasilhames, sacarias, pallets, containers ou assemelhado                                                                          ",Saídas Ou Prestações De Serviços Para Outros Estados,Outras,Interestadual,Outras Saídas De Mercadorias Ou Prestações De Serviços,Mercadoria,Saídas,"",Não,Não,Débito,Não
"1556","1556","1556 | Compra de material para uso ou consumo                                                                    ","1556 | Compra de material para uso ou consumo | Dentro do estado                                                                    ","556",Uso e consumo,Compra de material para uso ou consumo                                                                    ,Entradas Ou Aquisições De Serviços Do Estado,"",Dentro do estado,Operações Com Bens De Ativo Imobilizado E Materiais Para Uso Ou Consumo,Mercadoria,Entradas,Uso e consumo,Sim. Uso e consumo. ,Compra,Crédito,Não
"2353","2353","2353 | Aquisição de serviço de transporte por estabelecimento comercial                                          ","2353 | Aquisição de serviço de transporte por estabelecimento comercial | Interestadual                                             ","353",Serviço de transporte,Aquisição de serviço de transporte por estabelecimento comercial                                          ,Entradas Ou Aquisições De Serviços De Outros Estados,"",Interestadual,Aquisições De Serviços De Transporte,Transporte,Entradas,"",Sim,Compra,Crédito,Sim
"3651","3651","3651 | Compra de combustível ou lubrificante para industrialização subseqüente                                   ","3651 | Compra de combustível ou lubrificante para industrialização subseqüente | Importação                                         ","651",Combustível,Compra de combustível ou lubrificante para industrialização subseqüente                                   ,Entradas Ou Aquisições De Serviços Do Exterior,"",Importação,"Entradas de Combustíveis, derivados ou não de petróleo e lubrificantes",Mercadoria,Entradas,"",Sim,Compra,Crédito,Sim
"5554","5554","5554 | Remessa de bem do ativo imobilizado para uso fora do estabelecimento                                      ","5554 | Remessa de bem do ativo imobilizado para uso fora do estabelecimento | Dentro do estado                                      ","554",Outras saídas,Remessa de bem do ativo imobilizado para uso fora do estabelecimento                                      ,Saídas Ou Prestações De Serviços Para O Estado,Outras,Dentro do estado,Operações Com Bens De Ativo Imobilizado E Materiais Para Uso Ou Consumo,Mercadoria,Saídas,"",Não,Não,Débito,Não
"6209","6209","6209 | Devolução de mercadoria recebida em transferência para comercialização                                    ","6209 | Devolução de mercadoria recebida em transferência para comercialização | Interestadual                                       ","209",Devolução,Devolução de mercadoria recebida em transferência para comercialização                                    ,Saídas Ou Prestações De Serviços Para Outros Estados,Outras,Interestadual,"Devoluções De Compras Para Industrialização, Produção rural, Comercialização Ou Anulações De valores",Mercadoria,Saídas,"",Não,Não,Débito,Não
"6923","6923","6923 | Remessa de mercadoria por conta e ordem de terceiros, em venda à ordem ou em operações com armazém geral ou depósito fechado                                    ","6923 | Remessa de mercadoria por conta e ordem de terceiros, em venda à ordem ou em operações com armazém geral ou depósito fechado | Interestadual                                       ","923",Remessa - venda à ordem,"Remessa de mercadoria por conta e ordem de terceiros, em venda à ordem ou em operações com armazém geral ou depósito fechado                                    ",Saídas Ou Prestações De Serviços Para Outros Estados,Outras,Interestadual,Outras Saídas De Mercadorias Ou Prestações De Serviços,Mercadoria,Saídas,"",Não,Não,Débito,Não
"1554","1554","1554 | Retorno de bem do ativo imobilizado remetido para uso fora do estabelecimento                             ","1554 | Retorno de bem do ativo imobilizado remetido para uso fora do estabelecimento | Dentro do estado                             ","554",Outras entradas,Retorno de bem do ativo imobilizado remetido para uso fora do estabelecimento                             ,Entradas Ou Aquisições De Serviços Do Estado,"",Dentro do estado,Operações Com Bens De Ativo Imobilizado E Materiais Para Uso Ou Consumo,Mercadoria,Entradas,"",Não,Não,Crédito,Não
"2351","2351","2351 | Aquisição de serviço de transporte para execução de serviço da mesma natureza                             ","2351 | Aquisição de serviço de transporte para execução de serviço da mesma natureza | Interestadual                                ","351",Serviço de transporte,Aquisição de serviço de transporte para execução de serviço da mesma natureza                             ,Entradas Ou Aquisições De Serviços De Outros Estados,"",Interestadual,Aquisições De Serviços De Transporte,Transporte,Entradas,"",Sim,Compra,Crédito,Sim
"3553","3553","3553 | Devolução de venda de bem do ativo imobilizado                                                            ","3553 | Devolução de venda de bem do ativo imobilizado | Importação                                                                  ","553",Devolução,Devolução de venda de bem do ativo imobilizado                                                            ,Entradas Ou Aquisições De Serviços Do Exterior,"",Importação,Operações Com Bens De Ativo Imobilizado E Materiais Para Uso Ou Consumo,Mercadoria,Entradas,"",Não,Não,Crédito,Não
"5552","5552","5552 | Transferência de bem do ativo imobilizado                                                                 ","5552 | Transferência de bem do ativo imobilizado | Dentro do estado                                                                 ","552",Transferência - ativo imobilizado,Transferência de bem do ativo imobilizado                                                                 ,Saídas Ou Prestações De Serviços Para O Estado,Transferência,Dentro do estado,Operações Com Bens De Ativo Imobilizado E Materiais Para Uso Ou Consumo,Mercadoria,Saídas,"",Não,Não,Débito,Não
"6207","6207","6207 | Anulação de valor relativo à compra de energia elétrica                                                   ","6207 | Anulação de valor relativo à compra de energia elétrica | Interestadual                                                      ","207",Devolução,Anulação de valor relativo à compra de energia elétrica                                                   ,Saídas Ou Prestações De Serviços Para Outros Estados,Outras,Interestadual,"Devoluções De Compras Para Industrialização, Produção rural, Comercialização Ou Anulações De valores",Mercadoria,Saídas,"",Não,Não,Débito,Não
"6921","6921","6921 | Devolução de embalagens, bombonas, vasilhames, sacarias, pallets, containers ou assemelhados                                                                         ","6921 | Devolução de embalagens, bombonas, vasilhames, sacarias, pallets, containers ou assemelhados | Interestadual                                                                            ","921",Vasilhame e sacaria,"Devolução de embalagens, bombonas, vasilhames, sacarias, pallets, containers ou assemelhados                                                                         ",Saídas Ou Prestações De Serviços Para Outros Estados,Outras,Interestadual,Outras Saídas De Mercadorias Ou Prestações De Serviços,Mercadoria,Saídas,"",Não,Não,Débito,Não
"1601","1601","1601 | Recebimento, por transferência, de crédito de ICMS                                                        ","1601 | Recebimento, por transferência, de crédito de ICMS | Dentro do estado                                                        ","601",Crédito de ICMS,"Recebimento, por transferência, de crédito de ICMS                                                        ",Entradas Ou Aquisições De Serviços Do Estado,"",Dentro do estado,Créditos E Ressarcimentos De Icms,Mercadoria,Entradas,"",Não,Não,Crédito,Não
"2355","2355","2355 | Aquisição de serviço de transporte por estabelecimento de geradora ou de distribuidora de energia elétrica","2355 | Aquisição de serviço de transporte por estabelecimento de geradora ou de distribuidora de energia elétrica | Interestadual   ","355",Serviço de transporte,Aquisição de serviço de transporte por estabelecimento de geradora ou de distribuidora de energia elétrica,Entradas Ou Aquisições De Serviços De Outros Estados,"",Interestadual,Aquisições De Serviços De Transporte,Transporte,Entradas,"",Sim,Compra,Crédito,Não
"3653","3653","3653 | Compra de combustível ou lubrificante por consumidor ou usuário final                                     ","3653 | Compra de combustível ou lubrificante por consumidor ou usuário final | Importação                                           ","653",Combustível,Compra de combustível ou lubrificante por consumidor ou usuário final                                     ,Entradas Ou Aquisições De Serviços Do Exterior,"",Importação,"Entradas de Combustíveis, derivados ou não de petróleo e lubrificantes",Mercadoria,Entradas,"",Sim,Compra,Crédito,Não
"5556","5556","5556 | Devolução de compra de material de uso ou consumo                                                         ","5556 | Devolução de compra de material de uso ou consumo | Dentro do estado                                                         ","556",Uso e consumo,Devolução de compra de material de uso ou consumo                                                         ,Saídas Ou Prestações De Serviços Para O Estado,Outras,Dentro do estado,Operações Com Bens De Ativo Imobilizado E Materiais Para Uso Ou Consumo,Mercadoria,Saídas,Uso e consumo,Não,Não,Débito,Não
"6213","6213","6213 | Devolução de entrada de mercadoria, com previsão de posterior ajuste ou fixação de preço, em ato cooperativo.","6213 | Devolução de entrada de mercadoria, com previsão de posterior ajuste ou fixação de preço, em ato cooperativo | Interestadual","213",Devolução,"Devolução de entrada de mercadoria, com previsão de posterior ajuste ou fixação de preço, em ato cooperativo.",Saídas Ou Prestações De Serviços Para Outros Estados,"",Interestadual,"Devoluções De Compras Para Industrialização, Produção rural, Comercialização Ou Anulações De valores",Mercadoria,Saídas,"",Não,Não,Débito,Não
"6925","6925","6925 | Retorno de mercadoria recebida para industrialização por conta e ordem do adquirente da mercadoria, quando aquela não transitar pelo estabelecimento do adquirente       ","6925 | Retorno de mercadoria recebida para industrialização por conta e ordem do adquirente da mercadoria, quando aquela não transitar pelo estabelecimento do adquirente | Interestadual          ","925",Retorno industrialização por encomenda,"Retorno de mercadoria recebida para industrialização por conta e ordem do adquirente da mercadoria, quando aquela não transitar pelo estabelecimento do adquirente       ",Saídas Ou Prestações De Serviços Para Outros Estados,Outras,Interestadual,Outras Saídas De Mercadorias Ou Prestações De Serviços,Mercadoria,Saídas,"",Não,Não,Débito,Não
