"ncm","class","sub"
"8455",Laminadores De Metais,Laminadores de metais e seus cilindros.
"3406","Velas, pavios, círios","Sabões, agentes orgânicos de superfície, preparações para lavagem, preparações lubrificantes, ceras artificiais, ceras preparadas, produtos de conservação e limpeza, velas e artigos semelhantes, massas ou pastas de modelar, ceras para dentistas e composições para dentista à base de gesso - Velas, pavios, círios e artigos semelhantes."
"8509",Aparelhos Eletromecânicos Domésticos,"Aparelhos eletromecânicos com motor elétrico incorporado, de uso doméstico, exceto os aspiradores da posição 85.08."
"4805",Outro Papel E Cartão,"Outro papel e cartão, não revestidos, em rolos ou em folhas, não tendo sofrido trabalho complementar nem tratamentos, exceto os especificados na Nota 3 do presente Capítulo."
"6117",Outros Acessórios Malha,"Outros acessórios de vestuário, confeccionados, de malha, partes de vestuário ou de seus acessórios, de malha."
"3604","Fogos De Artifício,","Fogos de artifício, foguetes de sinalização ou contra o granizo e semelhantes, bombas, petardos e outros artigos de pirotecnia."
"6805",Abrasivos Naturais,"Abrasivos naturais ou artificiais, em pó ou em grãos, aplicados sobre matérias têxteis, papel, cartão ou outras matérias, mesmo recortados, costurados ou reunidos de outro modo."
"2940",Açucares,"Açúcares quimicamente puros, exceto sacarose, lactose, maltose, glicose e frutose (levulose), éteres, acetais e ésteres de açúcares, e seus sais, exceto os produtos das posições 29.37, 29.38 ou 29.39."
"4823",Outros Papeis,"Outro papel, cartão, pasta (ouate) de celulose e mantas de fibras de celulose, cortados em forma própria, outras obras de pasta de papel, papel, cartão, pasta (ouate) de celulose ou de mantas de fibras de celulose."
"7208","Produtos Laminados Planos, De Ferro Ou Aço Não Ligado","Produtos laminados planos, de ferro ou aço não ligado, de largura igual ou superior a 600 mm, laminados a quente, não folheados ou chapeados, nem revestidos."
"7408",Fios De Cobre,Fios de cobre.
"7103",Pedras Preciosas,"Pedras preciosas (exceto diamantes) ou semipreciosas, mesmo trabalhadas ou combinadas, mas não enfiadas, nem montadas, nem engastadas, pedras preciosas (exceto diamantes) ou semipreciosas, não combinadas, enfiadas temporariamente para facilidade de transporte."
"5502",Cabos De Filamentos ,Cabos de filamentos artificiais.
"7804",Chapas De Chumbo,"Chapas, folhas e tiras, de chumbo, pós e escamas, de chumbo."
"0504",Tripas E Pedaços De Animais,"Tripas, bexigas e estômagos, de animais, inteiros ou em pedaços, exceto de peixes, frescos, refrigerados, congelados, salgados ou em salmoura, secos ou defumados (fumados)."
"4907",Selos Postais,"Selos postais, fiscais e semelhantes, não obliterados, tendo ou destinando-se a ter curso legal no país em que têm, ou terão, um valor facial reconhecido, papel selado, notas (papéis-moeda), cheques, certificados de ações ou de obrigações e títulos semelhantes."
"6912",Artigos de cerâmica cozinha,"Produtos cerâmicos - Serviços de mesa, artigos de cozinha, outros artigos de uso doméstico e artigos de higiene ou de toucador, de cerâmica, exceto de porcelana."
"8543",Outras Máquinas E Aparelhos,"Máquinas e aparelhos elétricos com função própria, não especificados nem compreendidos noutras posições do presente Capítulo."
"3502",Albuminas,"Albuminas (incluindo os concentrados de várias proteínas de soro de leite, que contenham, em peso, calculado sobre a matéria seca, mais de 80 % de proteínas de soro de leite), albuminatos e outros derivados das albuminas."
"3815",Iniciadores De Reação,"Iniciadores de reação, aceleradores de reação e preparações catalíticas, não especificados nem compreendidos noutras posições."
"8502",Conversores Elétricos,Grupos eletrogêneos e conversores rotativos elétricos.
"1210",Lúpulo,"Cones de lúpulo, frescos ou secos, mesmo triturados ou moídos ou em pellets, lupulina."
"6106",Camisas De Malha,"Camisas (Camiseiros*), blusas, blusas chemisiers (blusas-camiseiros*), de malha, de uso feminino."
"4905",Obras Cartográficas ,"Obras cartográficas de qualquer espécie, incluindo as cartas murais, as plantas topográficas e os globos, impressas."
"9602",Materias Para Entalhar,"Matérias vegetais ou minerais de entalhar, trabalhadas, e suas obras, obras moldadas ou entalhadas de cera, parafina, estearina, gomas ou resinas naturais, de massas ou pastas para modelar, e outras obras moldadas ou entalhadas não especificadas nem compreendidas noutras posições, gelatina não endurecida, trabalhada, exceto a da posição 35.03, e obras de gelatina não endurecida."
"3507",Enzimas E Similares,"Enzimas, enzimas preparadas não especificadas nem compreendidas noutras posições."
"8308",Fechos E Fivelas,"Fechos, armações com fecho, fivelas, fivelas-fecho, grampos, colchetes, ilhoses e artigos semelhantes, de metais comuns, para vestuário ou acessórios de vestuário, calçado, joalheria, relógios de pulso, livros, encerados, artigos de couro, artigos de seleiro, artigos de viagem, ou para outras confecções, rebites tubulares ou de haste fendida, de metais comuns, contas e lantejoulas, de metais comuns."
"7324",Artigos De Higiene De Ferro,"Artigos de higiene ou de toucador, e suas partes, de ferro fundido, ferro ou aço."
"0511",Produto Animal Imprórprio,"Produtos de origem animal, não especificados nem compreendidos noutras posições, animais mortos dos Capítulos 1 ou 3, impróprios para alimentação humana."
"7404",Sucata de Cobre,"Desperdícios e resíduos, e sucata, de cobre"
"2832",Sulfitos E Similares,"Sulfitos, tiossulfatos."
"3924",Artigos Domésticos,"Serviços de mesa, artigos de cozinha, outros artigos de uso doméstico e artigos de higiene ou de toucador, de plástico."
"6105",Camisas De Malha,"Camisas de malha, de uso masculino."
"9612",Fitas Impressoras,"Fitas impressoras para máquinas de escrever e fitas impressoras semelhantes, tintadas ou preparadas de outra forma para imprimir, montadas ou não em carretéis ou cartuchos, almofadas de carimbo, impregnadas ou não, mesmo com caixa."
"2518",Dolomita,"Dolomita, mesmo sinterizada ou calcinada, incluindo a dolomita desbastada ou simplesmente cortada à serra ou por outro meio, em blocos ou placas de forma quadrada ou retangular."
"7309","Reservatórios, Tonéis, Cubas","Reservatórios, tonéis, cubas e recipientes semelhantes para quaisquer matérias (exceto gases comprimidos ou liquefeitos), de ferro fundido, ferro ou aço, de capacidade superior a 300 l, sem dispositivos mecânicos ou térmicos, mesmo com revestimento interior ou calorífugo."
"6815",Obras De Pedra,"Obras de pedra ou de outras matérias minerais (incluindo as fibras de carbono, as obras destas matérias e as de turfa), não especificadas nem compreendidas noutras posições."
"8201",Ferramentas Manuais Com Gume,"Pás, alviões, picaretas, enxadas, sachos, forcados, forquilhas, ancinhos e raspadeiras, machados, podões e ferramentas semelhantes com gume, tesouras de podar de qualquer tipo, foices e foicinhas, facas para feno ou para palha, tesouras para sebes, cunhas e outras ferramentas manuais para agricultura, horticultura ou silvicultura."
"8427",Aparelhos De Elevação,"Empilhadeiras, outros veículos para movimentação de carga e semelhantes, equipados com dispositivos de elevação."
"7310","Reservatórios, Tonéis, Cubas","Reservatórios, barris, tambores, latas, caixas e recipientes semelhantes para quaisquer matérias (exceto gases comprimidos ou liquefeitos), de ferro fundido, ferro ou aço, de capacidade não superior a 300 l, sem dispositivos mecânicos ou térmicos, mesmo com revestimento interior ou calorífugo."
"8105",Cobalto,"Mates de cobalto e outros produtos intermediários da metalurgia do cobalto, cobalto e suas obras, incluindo os desperdícios e resíduos, e sucata."
"4015",Vestuário,"Vestuário e seus acessórios (incluindo as luvas, mitenes e semelhantes), de borracha vulcanizada não endurecida, para quaisquer usos."
"2913",Derivados Halogenado,"Derivados halogenados, sulfonados, nitrados ou nitrosados dos produtos da posição 29.12."
"1106",Farinha De Legumes De Vagem,"Farinhas, sêmolas e pós, dos legumes de vagem, secos, da posição 07.13, de sagu ou das raízes ou tubérculos da posição 07.14 e dos produtos do Capítulo 8."
"2709",Óleos Petróleo,Óleos brutos de petróleo ou de minerais betuminosos.
"4408",Folhas Para Folheado,"Folhas para folheados (incluindo as obtidas por corte de madeira estratificada), folhas para compensados (contraplacados) ou para madeiras estratificadas semelhantes e outras madeiras, serradas longitudinalmente, cortadas transversalmente ou desenroladas, mesmo aplainadas, lixadas, unidas pelas bordas ou pelas extremidades, de espessura não superior a 6 mm."
"6202",Casacos,"Mantôs (Casacos compridos*), capas, anoraques, casacos (blusões*) e semelhantes, de uso feminino, exceto os artigos da posição 62.04."
"7301",Fios De Outras Ligas De Aço,"Estacas-pranchas de ferro ou aço, mesmo perfuradas ou feitas com elementos montados, perfis obtidos por soldadura, de ferro ou aço."
"6403",Calçado De Borracha,"Calçado com sola exterior de borracha, plástico, couro natural ou reconstituído e parte superior de couro natural."
"8518",Microfones E Similares,"Microfones e seus suportes, alto-falantes (altifalantes), mesmo montados nas suas caixas (colunas), fones de ouvido (auscultadores e auriculares*), mesmo combinados com um microfone, e conjuntos ou sortidos constituídos por um microfone e um ou mais alto-falantes (altifalantes), amplificadores elétricos de audiofrequência, aparelhos elétricos de amplificação de som."
"8111",Manganês,"Manganês e suas obras, incluindo os desperdícios e resíduos, e sucata."
"2914",Cetonas E Quinonas,"Cetonas e quinonas, mesmo que contenham outras funções oxigenadas, e seus derivados halogenados, sulfonados, nitrados ou nitrosados."
"3706",Filmes Cinematográficos,"Filmes cinematográficos impressionados e revelados, que contenham ou não gravação de som ou que contenham apenas gravação de som."
"5003",Desperdícios De Seda,"Desperdícios de seda (incluindo os casulos de bicho-da-seda impróprios para dobar, os desperdícios de fios e os fiapos)."
"7114",Artigos De Ourivesaria,"Artigos de ourivesaria e suas partes, de metais preciosos ou de metais folheados ou chapeados de metais preciosos (plaquê)."
"4403",Madeira,"Madeira em bruto, mesmo descascada, desalburnada ou esquadriada."
"7603",Pó De Alumínio,"Pós e escamas, de alumínio."
"7218",Aço Inoxidável ,"Aço inoxidável em lingotes ou outras formas primárias, produtos semimanufaturados de aço inoxidável."
"3505",Dextrina,"Dextrina e outros amidos e féculas modificados (por exemplo, amidos e féculas pré-gelatinizados ou esterificados), colas à base de amidos ou de féculas, de dextrina ou de outros amidos ou féculas modificados."
"9301",Armas De Guerra,"Armas de guerra, exceto revólveres, pistolas e armas brancas."
"6111",Vestuário Bebe,"Vestuário e seus acessórios, de malha, para bebês."
"0811",Fruta Congelada,"Fruta, não cozida ou cozida em água ou vapor, congelada, mesmo adicionada de açúcar ou de outros edulcorantes."
"7225","Produtos Laminados Planos, De Outras Ligas De Aço","Produtos laminados planos, de outras ligas de aço, de largura igual ou superior a 600 mm."
"9503",Brinquedos De Rodas,"Triciclos, patinetes (trotinetas*), carros de pedais e outros brinquedos semelhantes de rodas, carrinhos para bonecos, bonecos, outros brinquedos, modelos reduzidos e modelos semelhantes para divertimento, mesmo animados, quebra-cabeças (puzzles) de qualquer espécie."
"8212",Navalhas,"Navalhas e aparelhos, de barbear, e suas lâminas (incluindo os esboços em tiras)."
"6909",Aparelhos E Artigos Para Usos Químicos,"Aparelhos e artigos para usos químicos ou para outros usos técnicos, de cerâmica, alguidares, gamelas e outros recipientes semelhantes para usos rurais, de cerâmica, bilhas e outras vasilhas próprias para transporte ou embalagem, de cerâmica."
"8607",Partes De Veículos Para Vias Férreas,Partes de veículos para vias férreas ou semelhantes.
"2526",Esteatita Natural,"Esteatita natural, mesmo desbastada ou simplesmente cortada à serra ou por outro meio, em blocos ou placas de forma quadrada ou retangular, talco."
"5112",Fios De Lã,Tecidos de lã penteada ou de pelos finos penteados.
"6207",Camisetas,"Camisetas interiores (Camisolas interiores*), cuecas, ceroulas, camisolões (camisas de noite*), pijamas, roupões de banho, robes, e artigos semelhantes, de uso masculino. "
"2207",Álcool  Etílico=>80%,"Álcool etílico não desnaturado, com um teor alcoólico, em volume, igual ou superior a 80 % vol., álcool etílico e aguardentes, desnaturados, com qualquer teor alcoólico."
"7323",Artigos De Uso Doméstico De Ferro ,"Serviços de mesa, artigos de cozinha e outros artigos de uso doméstico, e suas partes, de ferro fundido, ferro ou aço, palha de ferro ou aço, esponjas, esfregões, luvas e artigos semelhantes para limpeza, polimento ou usos semelhantes, de ferro ou aço."
"4009",Tubos De Borracha,"Tubos de borracha vulcanizada não endurecida, mesmo providos dos respectivos acessórios (por exemplo, juntas, cotovelos, flanges, uniões)."
"1601",Enchidos de carne,"Enchidos e produtos semelhantes, de carne, miudezas, sangue ou de insetos, preparações alimentícias à base desses produtos.  "
"4201",Artigos De Seleiro Ou De Correeiro,"Artigos de seleiro ou de correeiro, para quaisquer animais (incluindo as trelas, joelheiras, focinheiras, mantas de sela, alforjes, agasalhos para cães e artigos semelhantes), de quaisquer matérias."
"3209",Tintas E Vernizes,"Tintas e vernizes, à base de polímeros sintéticos ou de polímeros naturais modificados, dispersos ou dissolvidos num meio aquoso."
"8542",Circuitos Integrados Eletrônicos,Circuitos integrados eletrônicos.
"8429","Bulldozers, Angledoz","Bulldozers, angledozers, niveladores, raspo-transportadores (scrapers), pás mecânicas, escavadores, carregadores e pás carregadoras, compactadores e rolos ou cilindros compressores, autopropulsados."
"6302",Roupa De Cama E Mesa,"Roupa de cama, mesa, toucador ou cozinha."
"5007",Tecidos De Seda,Tecidos de seda ou de desperdícios de seda.
"5810",Bordado,"Bordados em peça, em tiras ou em motivos."
"8425",Guincho E Macacos,"Talhas, cadernais e moitões, guinchos e cabrestantes, macacos."
"3211",Secantes preparados,Secantes preparados
"2908",Derivados Halogenado,"Derivados halogenados, sulfonados, nitrados ou nitrosados dos fenóis ou dos fenóis-álcoois."
"4821",Etiquetas,"Etiquetas de qualquer espécie, de papel ou cartão, impressas ou não."
"8609",Contêineres,"Contêineres (Contentores*), incluindo os de transporte de fluidos, especialmente concebidos e equipados para um ou vários meios de transporte."
"3901",Polímeros De Etileno,"Polímeros de etileno, em formas primárias."
"9609",Lápis,"Lápis, minas, pastéis, carvões, gizes para escrever ou desenhar e gizes de alfaiate."
"2931",Outros Compostos Organo-Inorgânicos,Outros compostos organo-inorgânicos.
"7302",Elementos De Vias Férreas,"Elementos de vias férreas, de ferro fundido, ferro ou aço: trilhos (carris), contratrilhos (contracarris) e cremalheiras, agulhas, cróssimas, alavancas para comando de agulhas e outros elementos de cruzamentos e desvios, dormentes, talas de junção (eclissas*), coxins de trilho (carril), cantoneiras, placas de apoio ou assentamento, placas de aperto, placas e tirantes de separação e outras peças próprias para a fixação, articulação, apoio ou junção de trilhos (carris)."
"0709",Outros Produtos Hortícolas,"Outros produtos hortícolas, frescos ou refrigerados."
"5903",Tecidos Impregnados,"Tecidos impregnados, revestidos, recobertos ou estratificados, com plástico, exceto os da posição 59.02."
"3822",Reagentes De Diagnóstico,"Reagentes de diagnóstico ou de laboratório em qualquer suporte e reagentes de diagnóstico ou de laboratório preparados, mesmo num suporte, mesmo apresentados sob a forma de estojos, exceto os da posição 30.06, materiais de referência certificados."
"2003",Cogumelos Preparados,"Cogumelos e trufas, preparados ou conservados, exceto em vinagre ou em ácido acético."
"1602",Conservas De Animais,"Outras preparações e conservas de carne, miudezas, sangue ou de insetos."
"3003",Medicamentos,"Medicamentos (exceto os produtos das posições 30.02, 30.05 ou 30.06) constituídos por produtos misturados entre si, preparados para fins terapêuticos ou profiláticos, mas não apresentados em doses nem acondicionados para venda a retalho."
"5111",Fios De Lã,Tecidos de lã cardada ou de pelos finos cardados.
"3821",Meios de cultura,"Meios de cultura preparados para o desenvolvimento e a manutenção de microrganismos (incluindo os vírus e os organismos similares) ou de células vegetais, humanas ou animais.  "
"8512",Aparelhos Elétricos De Iluminação,"Aparelhos elétricos de iluminação ou de sinalização (exceto os da posição 85.39), limpadores de para brisas, degeladores e desembaçadores elétricos, do tipo utilizado em ciclos ou automóveis."
"9403",Outros  Móveis,Outros móveis e suas partes.
"0505",Peles E Outras Partes De Aves,"Peles e outras partes de aves, com as suas penas ou penugem, penas e partes de penas (mesmo aparadas), penugem, em bruto ou simplesmente limpas, desinfetadas ou preparadas tendo em vista a sua conservação, pós e desperdícios de penas ou de partes de penas."
"2809",Pentóxido De Difósfo,"Pentóxido de difósforo, ácido fosfórico, ácidos polifosfóricos, de constituição química definida ou não."
"7223",Fios de aço inoxidável.  ,Fios de aço inoxidável.  
"5204",Linhas Para Costurar,"Linhas para costurar, de algodão, mesmo acondicionadas para venda a retalho."
"1518",Gorduras E Óleos Modificados,"Gorduras e óleos animais, vegetais ou de origem microbiana e respectivas frações, cozidos, oxidados, desidratados, sulfurados, aerados (soprados*), estandolizados ou modificados quimicamente por qualquer outro processo, com exclusão dos da posição 15.16, misturas ou preparações não alimentícias, de gorduras ou de óleos animais, vegetais ou de origem microbiana ou de frações de diferentes gorduras ou óleos do presente Capítulo, não especificadas nem compreendidas noutras posições."
"9021",Aparelhos Ortopédico,"Artigos e aparelhos ortopédicos, incluindo as cintas e fundas médico-cirúrgicas e as muletas, talas, goteiras e outros artigos e aparelhos para fraturas, artigos e aparelhos de prótese, aparelhos para facilitar a audição dos surdos e outros aparelhos para compensar uma deficiência ou uma incapacidade, destinados a serem transportados à mão ou sobre as pessoas ou a serem implantados no organismo."
"4003",Borracha regenerada,"Borracha regenerada, em formas primárias ou em chapas, folhas ou tiras.  "
"3703",Papéis,"Papéis, cartões e têxteis, fotográficos, sensibilizados, não impressionados."
"7314",Telas Metálicas,"Telas metálicas (incluindo as telas contínuas ou sem fim), grades e redes, de fios de ferro ou aço, chapas e tiras, distendidas, de ferro ou aço."
"0301",Peixes Vivos,Peixes vivos.
"3814",Solventes E Diluentes Orgânicos Compostos,"Solventes e diluentes orgânicos compostos, não especificados nem compreendidos noutras posições, preparações concebidas para remover tintas ou vernizes."
"8106",Bismuto,"Bismuto e suas obras, incluindo os desperdícios e resíduos, e sucata."
"2306",Tortas E Resíduos De Óleo,"Tortas (bagaços) e outros resíduos sólidos, mesmo triturados ou em pellets, da extração de gorduras ou óleos vegetais ou de origem microbiana, exceto os das posições 23.04 ou 23.05."
"8452",Máquinas De Costura,"Máquinas de costura, exceto as de costurar cadernos da posição 84.40, móveis, bases e tampas, próprios para máquinas de costura, agulhas para máquinas de costura."
"8418",Refrigeradores,"Refrigeradores, congeladores (freezers) e outros materiais, máquinas e aparelhos, para a produção de frio, com equipamento elétrico ou outro, bombas de calor, exceto as máquinas e aparelhos de ar condicionado da posição 84.15."
"2812",Halogenetos E Oxialo,Halogenetos e oxialogenetos dos elementos não metálicos.
"5801",Veludos,"Veludos e pelúcias tecidos e tecidos de froco (chenille), exceto os artigos das posições 58.02 ou 58.06."
"1901",Extratos De Malte,"Extratos de malte, preparações alimentícias de farinhas, grumos, sêmolas, amidos, féculas ou de extratos de malte, que não contenham cacau ou que contenham menos de 40 %, em peso, de cacau, calculado sobre uma base totalmente desengordurada, não especificadas nem compreendidas noutras posições, preparações alimentícias de produtos das posições 04.01 a 04.04, que não contenham cacau ou que contenham menos de 5 %, em peso, de cacau, calculado sobre uma base totalmente desengordurada, não especificadas nem compreendidas noutras posições."
"8533",Resistências Elétricas,"Resistências elétricas (incluindo os reostatos e os potenciômetros), exceto de aquecimento."
"6310",Trapos,"Trapos, cordéis, cordas e cabos, de matérias têxteis, em forma de desperdícios ou de artigos inutilizados."
"1004",Aveia,Aveia.
"2716",Combustíveis e Energia Elétrica," Combustíveis minerais, óleos minerais e produtos de sua destilação, matérias betuminosas, ceras minerais - Energia elétrica."
"5609",Artigos De Fios,"Artigos de fios, lâminas ou formas semelhantes das posições 54.04 ou 54.05, cordéis, cordas ou cabos, não especificados nem compreendidos noutras posições."
"3915",Resíduos De Plástico,"Desperdícios, resíduos e aparas, de plástico."
"8461",Máquinas Acabamento Metais,"Máquinas-ferramentas para aplainar, plainas-limadoras, máquinas-ferramentas para escatelar, brochar, cortar ou acabar engrenagens, serrar, seccionar e outras máquinas-ferramentas que trabalhem por eliminação de metal ou de cermets, não especificadas nem compreendidas noutras posições."
"2708",Breu E Coque De Alcatrão,Breu e coque de breu obtidos a partir do alcatrão de hulha ou de outros alcatrões minerais.
"0907",Cravo,"Cravo-da-índia (frutos, flores e pedúnculos)."
"0704",Couve E Repolho,"Couves, couve-flor, repolho ou couve frisada, couve-rábano e produtos comestíveis semelhantes do gênero Brassica, frescos ou refrigerados."
"1006",Arroz,Arroz.
"5404",Monofilamentos Sintéticos,"Monofilamentos sintéticos, de título igual ou superior a 67 decitex e cuja maior dimensão da seção transversal não seja superior a 1 mm, lâminas e formas semelhantes (palha artificial, por exemplo) de matérias têxteis sintéticas, cuja largura aparente não seja superior a 5 mm."
"2815",Hidróxidos De Sódio,"Hidróxido de sódio (soda cáustica), hidróxido de potássio (potassa cáustica), peróxidos de sódio ou de potássio."
"5402",Fios De Filamentos Sintéticos,"Fios de filamentos sintéticos (exceto linhas para costurar), não acondicionados para venda a retalho, incluindo os monofilamentos sintéticos de título inferior a 67 decitex."
"3827", Derivados Halogenados Do Metano E Similares,"Misturas que contenham derivados halogenados do metano, do etano ou do propano, não especificadas nem compreendidas noutras posições."
"4806",Papel-Pergaminho,"Papel-pergaminho e cartão-pergaminho (sulfurizados), papel impermeável a gorduras, papel vegetal, papel cristal e outro papel calandrado transparente ou translúcido, em rolos ou em folhas."
"2525",Mica,"Mica, incluindo a mica clivada em lamelas irregulares (splittings), desperdícios de mica."
"2515",Mármore,"Mármores, travertinos, granitos belgas e outras pedras calcárias de cantaria ou de construção, de densidade aparente igual ou superior a 2,5, e alabastro, mesmo desbastados ou simplesmente cortados à serra ou por outro meio, em blocos ou placas de forma quadrada ou retangular."
"1108",Amidos ,"Amidos e féculas, inulina."
"4012",Pneumáticos,"Pneumáticos recauchutados ou usados, de borracha, pneus maciços ou ocos, bandas de rodagem para pneumáticos e flaps, de borracha."
"8209",Objetos Para Máquinas,"Plaquetas, varetas, pontas e objetos semelhantes para ferramentas, não montados, de cermets."
"1902",Massas Alimentícias,"Massas alimentícias, mesmo cozidas ou recheadas (de carne ou de outras substâncias) ou preparadas de outro modo, tais como espaguete, macarrão, aletria, lasanha, nhoque, ravióli e canelone, cuscuz, mesmo preparado."
"9619",Artigos Higiênicos,"Absorventes (Pensos*) e tampões higiênicos, cueiros e fraldas para bebês e artigos higiênicos semelhantes, de qualquer matéria."
"9603",Vassouras,"Vassouras e escovas, mesmo que constituam partes de máquinas, de aparelhos ou de veículos, vassouras mecânicas de uso manual não motorizadas, pincéis e espanadores, cabeças preparadas para escovas, pincéis e artigos semelhantes, pads (talochas) e rolos para pintura, rodos de borracha ou de matérias flexíveis semelhantes."
"2846",Composto De Metais,"Compostos, inorgânicos ou orgânicos, dos metais das terras raras, de ítrio ou de escândio ou das misturas destes metais."
"1211",Plantas P Inseticidas E Similares,"Plantas, partes de plantas, sementes e frutos, das espécies utilizadas principalmente em perfumaria, medicina ou como inseticidas, parasiticidas e semelhantes, frescos, refrigerados, congelados ou secos, mesmo cortados, triturados ou em pó."
"5205",Fios De Algodão,"Fios de algodão (exceto linhas para costurar) que contenham pelo menos 85 %, em peso, de algodão, não acondicionados para venda a retalho."
"0902",Chá,"Chá, mesmo aromatizado."
"4911",Outros Impressos,"Outros impressos, incluindo as estampas, gravuras e fotografias."
"6209",Vestuário Bebe,"Vestuário e seus acessórios, para bebês."
"7504",Pó De Niquel,"Pós e escamas, de níquel."
"8906",Outras Embarcações,"Outras embarcações, incluindo os navios de guerra e os barcos salva-vidas, exceto os barcos a remos."
"1202",Amendoim,"Amendoins não torrados nem de outro modo cozidos, mesmo descascados ou triturados."
"8508",Aspiradores,Aspiradores.
"5508",Linhas Para Costurar,"Linhas para costurar, de fibras sintéticas ou artificiais descontínuas, mesmo acondicionadas para venda a retalho."
"0502",Cerdas De Porco Ou De Javali,"Cerdas de porco ou de javali, pelos de texugo e outros pelos para escovas, pincéis e artigos semelhantes, desperdícios destas cerdas e pelos."
"2834",Nitritos E Similares,"Nitritos, nitratos."
"7008",Vidros isolantes,Vidros isolantes de paredes múltiplas. 
"6201",Sobretudo,"Sobretudos, japonas, gabões, capas, anoraques, casacos (blusões*) e semelhantes, de uso masculino, exceto os artigos da posição 62.03."
"7311",Recipientes para gases,"Recipientes para gases comprimidos ou liquefeitos, de ferro fundido, ferro ou aço"
"7212","Produtos Laminados Planos, De Ferro Ou Aço Não Ligado","Produtos laminados planos, de ferro ou aço não ligado, de largura inferior a 600 mm, folheados ou chapeados, ou revestidos."
"0405",Manteiga E Similares,"Manteiga e outras matérias gordas provenientes do leite, pasta de espalhar (barrar) de produtos provenientes do leite."
"3907",Poliacetal,"Poliacetais, outros poliéteres e resinas epóxidas, em formas primárias, policarbonatos, resinas alquídicas, poliésteres alílicos e outros poliésteres, em formas primárias."
"6116",Luvas,"Luvas, mitenes e semelhantes, de malha."
"8524",Módulos De Visualização De Tela,"Módulos de visualização de tela (ecrã*) plana, mesmo que incorporem telas sensíveis ao toque (ecrãs tácteis*)."
"9106",Aparelhos De Controle Do Tempo,"Aparelhos de controle do tempo e contadores de tempo, com mecanismo de relojoaria ou com motor síncrono (por exemplo, relógios de ponto, relógios datadores, contadores de horas)."
"2823",Óxidos De Titânio,Óxidos de titânio.
"1507",Óleo De Soja,"Óleo de soja e respectivas frações, mesmo refinados, mas não quimicamente modificados."
"4011",Pneumáticos,"Pneumáticos novos, de borracha."
"7202",Ferroligas,Ferroligas.
"0905",Baunilha,Baunilha.
"8214",Outros Artigos De Cutelaria,"Outros artigos de cutelaria (por exemplo, máquinas de cortar o cabelo ou tosquiar, fendeleiras, cutelos, incluindo os de açougue (talho) e de cozinha, e espátulas (corta-papéis)), utensílios e sortidos de utensílios de manicuros ou de pedicuros (incluindo as limas para unhas)."
"8419",Equipamentos De Laboratório,"Aparelhos, dispositivos ou equipamentos de laboratório, mesmo aquecidos eletricamente (exceto os fornos e outros aparelhos da posição 85.14), para tratamento de matérias por meio de operações que impliquem mudança de temperatura, tais como aquecimento, cozimento, torrefação, destilação, retificação, esterilização, pasteurização, estufagem, secagem, evaporação, vaporização, condensação ou arrefecimento, exceto os de uso doméstico, aquecedores de água não elétricos, de aquecimento instantâneo ou de acumulação."
"2513",Pedra-Pomes E Similares,"Pedra-pomes, esmeril, corindo natural, granada natural e outros abrasivos naturais, mesmo tratados termicamente."
"3825",Produtos Residuais Das Indústrias Químicas,"Produtos residuais das indústrias químicas ou das indústrias conexas, não especificados nem compreendidos noutras posições, resíduos municipais, lamas de tratamento de esgotos (lamas de depuração*), outros resíduos mencionados na Nota 6 deste Capítulo."
"0713",Legumes De Vagem Secos,"Legumes de vagem, secos, em grão, mesmo pelados ou partidos."
"6115",Meias-Calça,"Meias-calças, meias acima do joelho, meias até o joelho e artigos semelhantes, incluindo as meias calças, meias acima do joelho e meias até o joelho, de compressão degressiva (as meias para varizes, por exemplo), de malha."
"2839",Silicatos E Similares,"Silicatos, silicatos dos metais alcalinos comerciais."
"2601",Minério Ferro,"Minérios de ferro e seus concentrados, incluindo as piritas de ferro ustuladas (cinzas de piritas)."
"1008",Outros Cereais,"Trigo mourisco, painço e alpiste, outros cereais."
"9617",Garrafas Termicas,"Garrafas térmicas e outros recipientes isotérmicos, montados, com isolamento produzido pelo vácuo, e suas partes (exceto ampolas de vidro)."
"9702",Gravura,"Gravuras, estampas e litografias, originais."
"9402",Mobiliário Para Medicina,"Mobiliário para medicina, cirurgia, odontologia ou veterinária (por exemplo, mesas de operação, mesas de exames, camas dotadas de mecanismos para usos clínicos, cadeiras odontológicas), cadeiras para salões de cabeleireiro e cadeiras semelhantes, com dispositivos de orientação e de elevação, suas partes."
"2926",Compostos De Função Nitrila,Compostos de função nitrila.
"4910",Calendário,"Calendários de qualquer espécie, impressos, incluindo os blocos-calendários para desfolhar.  "
"7207",Produtos Semimanufaturados De Ferro Ou Aço Não Ligado,Produtos semimanufaturados de ferro ou aço não ligado.
"7506",Chapas De Níquel,"Chapas, tiras e folhas, de níquel."
"8805",Dispositivos Para Lançamento De Veículos Aéreos,"Aparelhos e dispositivos para lançamento de veículos aéreos, aparelhos e dispositivos para aterrissagem (aterragem) de veículos aéreos em porta-aviões e aparelhos e dispositivos semelhantes, aparelhos de treinamento de voo em terra, suas partes."
"3208",Tintas E Vernizes,"Tintas e vernizes, à base de polímeros sintéticos ou de polímeros naturais modificados, dispersos ou dissolvidos em meio não aquoso, soluções definidas na Nota 4 do presente Capítulo."
"3925",Artigos De Construções,"Artigos para apetrechamento de construções, de plástico, não especificados nem compreendidos noutras posições."
"7313",Arame farpado,"Arame farpado, de ferro ou aço, arames ou tiras, retorcidos, mesmo farpados, de ferro ou aço, do tipo utilizado em cercas"
"8601",Locomotivas E Locotratores,"Locomotivas e locotratores, de fonte externa de eletricidade ou de acumuladores elétricos."
"3103",Adubos Fosfatados,"Adubos (fertilizantes) minerais ou químicos, fosfatados."
"6504",Chapéus,"Chapéus e outros artigos de uso semelhante, entrançados ou obtidos por reunião de tiras, de qualquer matéria, mesmo guarnecidos."
"4811",Papel Decorado,"Papel, cartão, pasta (ouate) de celulose e mantas de fibras de celulose, revestidos, impregnados, recobertos, coloridos à superfície, decorados à superfície ou impressos, em rolos ou em folhas de forma quadrada ou retangular, de qualquer dimensão, exceto os produtos do tipo descrito nos textos das posições 48.03, 48.09 ou 48.10."
"8437",Máquinas Tratar Grãos,"Máquinas para limpeza, seleção ou peneiração de grãos ou de produtos hortícolas secos, máquinas e aparelhos para a indústria de moagem ou tratamento de cereais ou de produtos hortícolas secos, exceto do tipo utilizado em fazendas."
"0403",Iogurte E Similares,"Iogurte, leitelho, leite e creme de leite (nata) coalhados, quefir e outros leites e cremes de leite (natas) fermentados ou acidificados, mesmo concentrados ou adicionados de açúcar ou de outros edulcorantes, ou aromatizados ou adicionados de fruta ou de cacau."
"8547",Peças Isolantes ,"Peças isolantes inteiramente de matérias isolantes, ou com simples peças metálicas de montagem (suportes roscados, por exemplo) incorporadas na massa, para máquinas, aparelhos e instalações elétricas, exceto os isoladores da posição 85.46, tubos isoladores e suas peças de ligação, de metais comuns, isolados interiormente."
"8205",Outras Ferramentas Manuais,"Ferramentas manuais (incluindo os corta-vidros (diamantes de vidraceiro)) não especificadas nem compreendidas noutras posições, lâmpadas ou lamparinas de soldar (maçaricos) e semelhantes, tornos de apertar, sargentos e semelhantes, exceto os acessórios ou partes de máquinas-ferramentas ou de máquinas de corte a jato de água, bigornas, forjas portáteis, mós com armação, manuais ou de pedal."
"8446",Teares Para Tecidos,Teares para tecidos.
"2522",Cal,"Cal viva, cal apagada e cal hidráulica, com exclusão do óxido e do hidróxido de cálcio da posição 28.25."
"7507",Tubos De Níquel,"Tubos e seus acessórios (por exemplo, uniões, cotovelos, luvas (mangas*)), de níquel."
"3808",Inseticida,"Inseticidas, rodenticidas, fungicidas, herbicidas, inibidores de germinação e reguladores de crescimento para plantas, desinfetantes e produtos semelhantes, apresentados em formas ou embalagens para venda a retalho ou como preparações ou ainda sob a forma de artigos, tais como fitas, mechas e velas sulfuradas e papel mata-moscas."
"2921",Compostos De Função Amina,Compostos de função amina.
"7415",Tachas E Pregos Cobre,"Tachas, pregos, percevejos, escápulas (pregos para tacos) e artigos semelhantes, de cobre ou de ferro ou aço com cabeça de cobre, parafusos, pinos ou pernos, roscados, porcas, ganchos roscados, rebites, chavetas, cavilhas, contrapinos ou troços, arruelas (anilhas) (incluindo as de pressão), e artigos semelhantes, de cobre."
"9608",Canetas,"Canetas esferográficas, canetas e marcadores, com ponta de feltro ou com outras pontas porosas, canetas-tinteiro (canetas de tinta permanente*) e outras canetas, estiletes para duplicadores, lapiseiras, canetas porta-penas, porta-lápis e artigos semelhantes, suas partes (incluindo as tampas e prendedores), exceto os artigos da posição 96.09."
"0808",Maças E Peras,"Maçãs, peras e marmelos, frescos."
"8434",Ordenhaeiras,Máquinas de ordenhar e máquinas e aparelhos para a indústria de laticínios.
"5301",Linho,"Linho em bruto ou trabalhado, mas não fiado, estopas e desperdícios de linho (incluindo os desperdícios de fios e os fiapos)."
"3823",Ácidos Graxos,"Ácidos graxos (gordos) monocarboxílicos industriais, óleos ácidos de refinação, álcoois graxos (gordos) industriais."
"2811",Outros Ácidos Inorgânicos,Outros ácidos inorgânicos e outros compostos oxigenados inorgânicos dos elementos não metálicos.
"8544",Condutores Isolados Para Usos Elétricos,"Fios, cabos (incluindo os cabos coaxiais) e outros condutores, isolados para usos elétricos (incluindo os envernizados ou oxidados anodicamente), mesmo com peças de conexão, cabos de fibras ópticas, constituídos por fibras embainhadas individualmente, mesmo com condutores elétricos ou munidos de peças de conexão."
"3401",Sabões E Similares,"Sabões, produtos e preparações orgânicos tensoativos utilizados como sabão, em barras, pães, pedaços ou figuras moldadas, mesmo que contenham sabão, produtos e preparações orgânicos tensoativos para lavagem da pele, sob a forma de líquido ou de creme, acondicionados para venda a retalho, mesmo que contenham sabão, papel, pastas (ouates), feltros e falsos tecidos (tecidos não tecidos), impregnados, revestidos ou recobertos de sabão ou de detergentes."
"8536",Aparelhos Para Circuitos Elétricos,"Aparelhos para interrupção, seccionamento, proteção, derivação, ligação ou conexão de circuitos elétricos (por exemplo, interruptores, comutadores, relés, corta-circuitos, supressores de picos de tensão (eliminadores de onda), plugues (fichas*) e tomadas de corrente, suportes para lâmpadas e outros conectores, caixas de junção), para uma tensão não superior a 1.000 V, conectores para fibras ópticas, feixes ou cabos de fibras ópticas."
"2833","Sulfatos, Alumes E Similares","Sulfatos, alumes, peroxossulfatos (persulfatos)."
"3803",Tall Oi,"Tall oil, mesmo refinado."
"8476",Máquinas Automáticas De Venda De Produtos,"Máquinas automáticas de venda de produtos (por exemplo, selos, cigarros, alimentos ou bebidas), incluindo as máquinas de trocar dinheiro."
"4412",Painéis De Fibras,"Madeira compensada (contraplacada), madeira folheada, e madeiras estratificadas semelhantes."
"9703",Escultura,"Produções originais de arte estatuária ou de escultura, de quaisquer matérias."
"9606",Botões,"Botões, incluindo os de pressão, formas e outras partes, de botões ou de botões de pressão, esboços de botões."
"1007",Sorgo,Sorgo de grão.
"1501",Gordura Porco E Ave,"Gorduras de porco (incluindo a banha) e gorduras de aves, exceto as das posições 02.09 ou 15.03."
"3819",Fluidos para freios hidráulico,"Fluidos para freios (travões) hidráulicos e outros líquidos preparados para transmissões hidráulicas, que não contenham óleos de petróleo nem de minerais betuminosos, ou que os contenham em proporção inferior a 70 %, em peso.  "
"8807",Partes De Aparelhos De Carro,"Partes dos aparelhos das posições 88.01, 88.02 ou 88.06."
"0711",Produtos Hortícolas Conservados Transitoriamente,"Produtos hortícolas conservados transitoriamente, mas impróprios para alimentação nesse estado."
"2909",Éteres,"Éteres, éteres-álcoois, éteres-fenóis, éteres-álcoois-fenóis, peróxidos de álcoois, peróxidos de éteres, peróxidos de acetais e de hemiacetais, peróxidos de cetonas (de constituição química definida ou não), e seus derivados halogenados, sulfonados, nitrados ou nitrosados."
"3805",Essências De Terebina,"Essências de terebintina, de pinheiro ou provenientes da fabricação da pasta de papel ao sulfato e outras essências terpênicas provenientes da destilação ou de outros tratamentos das madeiras de coníferas, dipenteno em bruto, essência proveniente da fabricação da pasta de papel ao bissulfito e outros paracimenos em bruto, óleo de pinho que contenha alfa-terpineol como constituinte principal."
"4010",Correias Transportadoras,"Correias transportadoras ou de transmissão, de borracha vulcanizada."
"2919",Ésteres Fosfóricos,"Ésteres fosfóricos e seus sais, incluindo os lactofosfatos, seus derivados halogenados, sulfonados, nitrados ou nitrosados."
"3909","Resinas Amínicas,","Resinas amínicas, resinas fenólicas e poliuretanos, em formas primárias."
"8713",Veículos Para Pessoas Com Incapacidade,"Cadeiras de rodas e outros veículos para pessoas com incapacidade, mesmo com motor ou outro mecanismo de propulsão."
"6809",Obras De Gesso,Obras de gesso ou de composições à base de gesso.
"7606",Chapas De Alumínio,"Chapas e tiras, de alumínio, de espessura superior a 0,2 mm."
"7413",Cabos de cobre,"Cordas, cabos, tranças (entrançados*) e artigos semelhantes, de cobre, não isolados para usos elétricos."
"8303",Artigos de segurança de metal,"Cofres-fortes, portas blindadas e compartimentos para casas-fortes, cofres e caixas de segurança e artigos semelhantes, de metais comuns.  "
"7015",Vidros De Relojoaria,"Vidros de relojoaria e vidros semelhantes, vidros para lentes, mesmo corretivas, curvos ou arqueados, ocos ou semelhantes, não trabalhados opticamente, esferas ocas e segmentos de esferas, de vidro, para fabricação desses vidros."
"2704",Coques E Semicoques,"Coques e semicoques, de hulha, de linhita ou de turfa, mesmo aglomerados, carvão de retorta."
"7101",Pérolas,"Pérolas naturais ou cultivadas, mesmo trabalhadas ou combinadas, mas não enfiadas, nem montadas, nem engastadas, pérolas naturais ou cultivadas, enfiadas temporariamente para facilidade de transporte."
"8472",Outras Máquinas De Escritório,"Outras máquinas e aparelhos de escritório (por exemplo, duplicadores hectográficos ou a estêncil, máquinas para imprimir endereços, distribuidores automáticos de notas (papéis-moeda), máquinas para selecionar, contar ou empacotar moedas, máquinas apontadoras de lápis (apara-lápis), perfuradores ou grampeadores (agrafadores*))."
"8528",Monitores E Projetores,"Monitores e projetores, que não incorporem aparelho receptor de televisão, aparelhos receptores de televisão, mesmo que incorporem um aparelho receptor de radiodifusão ou um aparelho de gravação ou de reprodução de som ou de imagens."
"0202",Carnes De Bovinos Congeladas,"Carnes de animais da espécie bovina, congeladas."
"3207",Pigmento,"Pigmentos, opacificantes e cores preparados, composições vitrificáveis, engobos, polimentos (esmaltes metálicos*) líquidos e preparações semelhantes, do tipo utilizado nas indústrias da cerâmica, do esmalte e do vidro, fritas de vidro e outros vidros, em pó, em grânulos, em lamelas ou em flocos."
"9015",Aparelhos De Geodésia,"Instrumentos e aparelhos de geodésia, topografia, agrimensura, nivelamento, fotogrametria, hidrografia, oceanografia, hidrologia, meteorologia ou de geofísica, exceto bússolas, telêmetros."
"5503",Fibras Sintéticas,"Fibras sintéticas descontínuas, não cardadas, não penteadas nem transformadas de outro modo para fiação."
"2927",Compostos Diazoicos E Outros,"Compostos diazoicos, azoicos ou azóxicos."
"5703",Tapetes,"Tapetes e outros revestimentos para pisos (pavimentos), de matérias têxteis (incluindo a grama (relva)), tufados, mesmo confeccionados."
"8714",Partes E Acessórios Dos Veículos,Partes e acessórios dos veículos das posições 87.11 a 87.13.
"8206",Ferramentas para venda a retalho,"Ferramentas de pelo menos duas das posições 82.02 a 82.05, acondicionadas em sortidos para venda a retalho.  "
"5211",Tecidos De Algodão,"Tecidos de algodão que contenham menos de 85 %, em peso, de algodão, combinados, principal ou unicamente, com fibras sintéticas ou artificiais, de peso superior a 200 g/m2."
"5105",Lã ,"Lã, pelos finos ou grosseiros, cardados ou penteados (incluindo a lã penteada a granel)."
"2929",Compostos Nitrogenadas,Compostos de outras funções nitrogenadas (azotadas).
"3921",Outras Chapas De Plástico,"Outras chapas, folhas, películas, tiras e lâminas, de plástico."
"7003",Vidro Vazado Ou Laminado,"Vidro vazado ou laminado, em chapas, folhas ou perfis, mesmo com camada absorvente, refletora ou não, mas não trabalhado de outro modo."
"1001",Trigo,Trigo e mistura de trigo com centeio (méteil).
"8705",Veículos Automóveis Para Usos Especiais,"Veículos automóveis para usos especiais (por exemplo, autossocorros, caminhões-guindastes, veículos de combate a incêndio, caminhões-betoneiras, veículos para varrer, veículos para espalhar, veículos oficinas, veículos radiológicos), exceto os concebidos principalmente para transporte de pessoas ou de mercadorias."
"9111",Caixas De Relógio,"Caixas de relógios das posições 91.01 ou 91.02, e suas partes."
"2831",Ditionitos E Sulfoxilatos,Ditionitos e sulfoxilatos.
"8506",Pilhas ,"Pilhas e baterias de pilhas, elétricas."
"9102",Relógio Pulso,"Relógios de pulso, relógios de bolso e relógios semelhantes (incluindo os contadores de tempo dos mesmos tipos), exceto os da posição 91.01."
"9004",Óculos Para Correção,"Óculos para correção, proteção ou outros fins, e artigos semelhantes."
"8478",Máquina Para Tratar Tabaco,"Máquinas e aparelhos para preparar ou transformar tabaco, não especificados nem compreendidos noutras posições deste Capítulo."
"3306",Preparações Para Higiene Bucal,"Preparações para higiene bucal ou dentária, incluindo os pós e cremes para facilitar a aderência de dentaduras, fios utilizados para limpar os espaços interdentais (fios dentais), em embalagens individuais para venda a retalho."
"8529",Partes De Telas E Monitores,Partes reconhecíveis como exclusiva ou principalmente destinadas aos aparelhos das posições 85.24 a 85.28.
"8412",Outros Motores,Outros motores e máquinas motrizes.
"8459",Máquinas Para Furar Metais,"Máquinas-ferramentas (incluindo as unidades com cabeça deslizante) para furar, mandrilar, fresar, roscar interior ou exteriormente metais, por eliminação de matéria, exceto os tornos (incluindo os centros de torneamento) da posição 84.58."
"0712",Produtos Hortícolas Secos,"Produtos hortícolas secos, mesmo cortados em pedaços ou fatias, ou ainda triturados ou em pó, mas sem qualquer outro preparo."
"8426",Cábreas E Similares,"Cábreas, guindastes, incluindo os de cabo, pontes rolantes, pórticos de descarga ou de movimentação, pontes-guindastes, carros-pórticos e carros-guindastes."
"1102",Farinhas De Cereais,"Farinhas de cereais, exceto de trigo ou de mistura de trigo com centeio (méteil)."
"9620","Monopés, bipés, tripés","	Monopés, bipés, tripés e artigos semelhantes.  "
"8462",Máquinas Para Forjar Metais,"Máquinas-ferramentas (incluindo as prensas) para forjar ou estampar, martelos, martelos-pilões e martinetes, para trabalhar metais (excluindo os laminadores), máquinas-ferramentas (incluindo as prensas, as linhas de corte longitudinal e as linhas de corte transversal) para enrolar, arquear, dobrar, endireitar, aplanar, cisalhar, puncionar, chanfrar ou mordiscar metais (excluindo as bancas para estirar), prensas para trabalhar metais ou carbonetos metálicos, não especificadas acima."
"1509",Azeite De Oliva,"Azeite de oliva (oliveira) e respectivas frações, mesmo refinados, mas não quimicamente modificados."
"8501",Motores Elétricos,"Motores e geradores, elétricos, exceto os grupos eletrogêneos."
"8440",Máquina Encadernação,"Máquinas e aparelhos para brochura ou encadernação, incluindo as máquinas de costurar cadernos."
"9101",Relógio Pulso,"Relógios de pulso, relógios de bolso e relógios semelhantes (incluindo os contadores de tempo dos mesmos tipos), com caixa de metais preciosos ou de metais folheados ou chapeados de metais preciosos (plaquê)."
"2615",Minérios De Nióbio,"Minérios de nióbio (colômbio), tântalo, vanádio ou de zircônio, e seus concentrados."
"0801",Cocos E Castanhas,"Cocos, castanha-do-brasil (castanha-do-pará) e castanha-de-caju, frescos ou secos, mesmo com casca ou pelados."
"9303",Outras Armas De Fogo,"Outras armas de fogo e aparelhos semelhantes que utilizem a deflagração da pólvora (por exemplo, espingardas e carabinas, de caça, armas de fogo carregáveis exclusivamente pela boca, pistolas lança foguetes e outros aparelhos concebidos apenas para lançar foguetes de sinalização, pistolas e revólveres para tiro de festim (sem bala), pistolas de êmbolo cativo para abater animais, canhões lança amarras). "
"2001",Conserva Hortícula E Fruta,"Produtos hortícolas, fruta e outras partes comestíveis de plantas, preparados ou conservados em vinagre ou em ácido acético."
"0104",Ovinos/Caprinos Vivos,Animais vivos das espécies ovina e caprina.
"3912",Celulose,"Celulose e seus derivados químicos, não especificados nem compreendidos noutras posições, em formas primárias."
"8460",Máquinas Para Afiar Metais,"Máquinas-ferramentas para rebarbar, afiar, amolar, retificar, brunir, polir ou realizar outras operações de acabamento em metais ou cermets por meio de mós, de abrasivos ou de produtos polidores, exceto as máquinas de cortar ou acabar engrenagens da posição 84.61."
"8715",Mangueiras e tubos,"Mangueiras e tubos semelhantes, de matérias têxteis, mesmo com reforço ou acessórios de outras matérias.   "
"8453",Máquinas Para Tratar Couro,"Máquinas e aparelhos para preparar, curtir ou trabalhar couros ou peles, ou para fabricar ou consertar calçado e outras obras de couro ou de pele, exceto máquinas de costura."
"7315",Corrente De Ferro,"Correntes, cadeias, e suas partes, de ferro fundido, ferro ou aço."
"2939",Alcaloide,"Alcaloides, naturais ou reproduzidos por síntese, seus sais, éteres, ésteres e outros derivados."
"7201",Ferro Fundido Bruto ,"Ferro fundido bruto e ferro spiegel (especular), em lingotes, linguados ou outras formas primárias."
"7110",Platina,"Platina, em formas brutas ou semimanufaturadas, ou em pó."
"3810",Preparações Para Decapagem De Metais,"Preparações para decapagem de metais, fluxos para soldar e outras preparações auxiliares para soldar metais, pastas e pós para soldar, compostos de metal e de outras matérias, preparações do tipo utilizado para enchimento ou revestimento de eletrodos ou de varetas para soldar."
"8504",Transformadores,"Transformadores elétricos, conversores elétricos estáticos (retificadores, por exemplo), bobinas de reatância e de autoindução."
"2103",Preparados Para Molhos E Temperos,"Preparações para molhos e molhos preparados, condimentos e temperos compostos, farinha de mostarda e mostarda preparada."
"7013",Objetos De Vidro,"Objetos de vidro para serviço de mesa, cozinha, toucador, escritório, ornamentação de interiores ou usos semelhantes (exceto os das posições 70.10 ou 70.18)."
"2523",Cimentos Hidráulicos,"Cimentos hidráulicos (incluindo os cimentos não pulverizados, denominados clinkers), mesmo corados."
"2829",Cloratos E Percloratos,"Cloratos e percloratos, bromatos e perbromatos, iodatos e periodatos."
"7112",Resíduos De Metais Preciosos,"Desperdícios e resíduos de metais preciosos ou de metais folheados ou chapeados de metais preciosos (plaquê), outros desperdícios e resíduos que contenham metais preciosos ou compostos de metais preciosos, do tipo utilizado principalmente para a recuperação de metais preciosos, exceto os produtos da posição 85.49."
"7226","Produtos Laminados Planos, De Outras Ligas De Aço","Produtos laminados planos, de outras ligas de aço, de largura inferior a 600 mm."
"7411",Tubos De Cobre,Tubos de cobre.
"8467","Ferramentas Pneumáticas, Hidráulicas","Ferramentas pneumáticas, hidráulicas ou com motor (elétrico ou não elétrico) incorporado, de uso manual."
"7105",Pó De Diamante,"Pó de diamantes, de pedras preciosas ou semipreciosas ou de pedras sintéticas."
"2301",Farinha Animal Imprópria,"Farinhas, pós e pellets, de carnes, miudezas, peixes ou crustáceos, moluscos ou de outros invertebrados aquáticos, impróprios para alimentação humana, torresmos."
"3405",Pomadas E Cremes Para Calçado,"Pomadas e cremes para calçado, encáusticas, preparações para dar brilho a pinturas de carroçarias, vidros ou metais, pastas e pós para arear e preparações semelhantes (mesmo apresentados em papel, pastas (ouates), feltros, falsos tecidos (tecidos não tecidos), plástico alveolar ou borracha alveolar, impregnados, revestidos ou recobertos daquelas preparações), com exclusão das ceras da posição 34.04."
"3923",Embalagens De Plástico,"Artigos de transporte ou de embalagem, de plástico, rolhas, tampas, cápsulas e outros dispositivos para fechar recipientes, de plástico."
"0208",Miudezas Outras,"Outras carnes e miudezas comestíveis, frescas, refrigeradas ou congeladas."
"1806",Chocolate,Chocolate e outras preparações alimentícias que contenham cacau.
"4411",Painéis De Outras Madeira,"Painéis de fibras de madeira ou de outras matérias lenhosas, mesmo aglomeradas com resinas ou com outros aglutinantes orgânicos."
"6903",Outros Produtos Cerâmicos,"Outros produtos cerâmicos refratários (por exemplo, retortas, cadinhos, muflas, bocais, tampões, suportes, copelas, tubos, mangas, varetas, portas deslizantes (slide gates)) que não sejam de farinhas siliciosas fósseis nem de terras siliciosas semelhantes."
"6003",Tecidos Malha,"Tecidos de malha de largura não superior a 30 cm, exceto os das posições 60.01 e 60.02."
"5806",Fitas De Fios,"Fitas, exceto os artigos da posição 58.07, fitas sem trama, de fios ou fibras paralelizados e colados (bolducs)."
"6107",Roupa Intima,"Cuecas, ceroulas, camisolões (camisas de noite*), pijamas, roupões de banho, robes e semelhantes, de malha, de uso masculino."
"4703",Pastas Químicas De Madeira,"Pastas químicas de madeira, à soda ou ao sulfato, exceto pastas para dissolução."
"4115",Couro Reconstituído,"Couro reconstituído, à base de couro ou de fibras de couro, em chapas, folhas ou tiras, mesmo enroladas, aparas e outros desperdícios de couros ou de peles preparados ou de couro reconstituído, não utilizáveis para fabricação de obras de couro, serragem, pó e farinha, de couro."
"3213",Cores Para Pintura,"Cores para pintura artística, atividades educativas, pintura de tabuletas, modificação de tonalidades, recreação e cores semelhantes, em pastilhas, tubos, potes, frascos, godês ou acondicionamentos semelhantes."
"2504",Grafita,Grafita natural.
"9401",Assentos,"Assentos (exceto os da posição 94.02), mesmo transformáveis em camas, e suas partes."
"6208",Roupa Intima,"Corpetes (Camisolas interiores*), combinações, anáguas (saiotes), calcinhas, camisolas (camisas de noite*), pijamas, déshabillés, roupões de banho, penhoares (robes de quarto*), e artigos semelhantes, de uso feminino."
"0407",Ovos De Aves,"Ovos de aves, com casca, frescos, conservados ou cozidos."
"6505",Chapéus,"Chapéus e outros artigos de uso semelhante, de malha ou confeccionados com rendas, feltro ou outros produtos têxteis, em peça (mas não em tiras), mesmo guarnecidos, coifas e redes, para o cabelo, de qualquer matéria, mesmo guarnecidas."
"1904",Produtos A Base De Cereais,"Produtos à base de cereais, obtidos por expansão ou por torrefação (flocos de milho (corn flakes), por exemplo), cereais (exceto milho) em grãos ou sob a forma de flocos ou de outros grãos trabalhados (com exceção da farinha, do grumo e da sêmola), pré-cozidos ou preparados de outro modo, não especificados nem compreendidos noutras posições."
"5607",Cordéis E Cabos,"Cordéis, cordas e cabos, entrançados ou não, mesmo impregnados, revestidos, recobertos ou embainhados de borracha ou de plástico."
"9114",Artigos De Relojoaria,Outras partes de artigos de relojoaria.
"3205",Lacas Corantes,Lacas corantes
"3001",Glândulas,"Glândulas e outros órgãos para usos opoterápicos, dessecados, mesmo em pó, extratos de glândulas ou de outros órgãos ou das suas secreções, para usos opoterápicos, heparina e seus sais, outras substâncias humanas ou animais preparadas para fins terapêuticos ou profiláticos, não especificadas nem compreendidas noutras posições."
"8413",Bombas Para Líquidos,"Bombas para líquidos, mesmo com dispositivo medidor, elevadores de líquidos."
"2617",Outros Minérios,Outros minérios e seus concentrados.
"0707",Pepinos,"Pepinos e pepininhos (cornichons), frescos ou refrigerados. "
"4418",Obras De Marcenaria E Peças De Carpintaria,"Obras de marcenaria e peças de carpintaria para construções, incluindo os painéis celulares, os painéis montados para revestimento de pisos (pavimentos) e as fasquias para telhados (shingles e shakes), de madeira."
"2205",Vinhos Aromatizados,Vermutes e outros vinhos de uvas frescas aromatizados por plantas ou substâncias aromáticas.
"9112",Caixas De Relógio,"Caixas e semelhantes de artigos de relojoaria, e suas partes."
"9304",Outras  Armas,"Outras armas (por exemplo, espingardas, carabinas e pistolas, de mola, de ar comprimido ou de gás, cassetetes), exceto as da posição 93.07."
"4203",Vestuário De Couro,"Vestuário e seus acessórios, de couro natural ou reconstituído."
"5504",Fibras Artificiais,"Fibras artificiais descontínuas, não cardadas, não penteadas nem transformadas de outro modo para fiação."
"0706",Raízes Comestíveis,"Cenouras, nabos, beterrabas para salada, cercefi, aipo-rábano, rabanetes e raízes comestíveis semelhantes, frescos ou refrigerados."
"2918",Ácidos Carboxílicos ,"Ácidos carboxílicos que contenham funções oxigenadas suplementares e seus anidridos, halogenetos, peróxidos e peroxiácidos, seus derivados halogenados, sulfonados, nitrados ou nitrosados."
"5107",Fios De Lã Penteada,"Fios de lã penteada, não acondicionados para venda a retalho."
"9209",Partes Instrumentos Musicais,"Partes (mecanismos de caixas de música, por exemplo) e acessórios (por exemplo, cartões, discos e rolos para instrumentos mecânicos) de instrumentos musicais, metrônomos e diapasões de qualquer tipo."
"1005",Milho,Milho.
"9604",Peneiras,"Peneiras e crivos, manuais.  "
"1104",Grãos De Cereais Trabalhados,"Grãos de cereais trabalhados de outro modo (por exemplo, descascados, esmagados, em flocos, em pérolas, cortados ou partidos), com exclusão do arroz da posição 10.06, germes de cereais, inteiros, esmagados, em flocos ou moídos."
"2822",Óxidos E Hidróxidos ,"Óxidos e hidróxidos de cobalto, óxidos de cobalto comerciais."
"2612",Minério Urânio,"Minérios de urânio ou de tório, e seus concentrados."
"8423",Instrumentos De Pesagem,"Aparelhos e instrumentos de pesagem, incluindo as básculas e balanças para verificar peças usinadas (fabricadas*), excluindo as balanças sensíveis a pesos não superiores a 5 cg, pesos para quaisquer balanças."
"1905",Produtos De Padaria,"Produtos de padaria, pastelaria ou da indústria de bolachas e biscoitos, mesmo adicionados de cacau, hóstias, cápsulas vazias para medicamentos, obreias, pastas secas de farinha, amido ou fécula, em folhas, e produtos semelhantes."
"2208",Álcool  Etílico=<80%,"Álcool etílico não desnaturado, com um teor alcoólico, em volume, inferior a 80 % vol., aguardentes, licores e outras bebidas espirituosas."
"2937",Hormônio,"Hormônios, prostaglandinas, tromboxanas e leucotrienos, naturais ou reproduzidos por síntese, seus derivados e análogos estruturais, incluindo os polipeptídios de cadeia modificada, utilizados principalmente como hormônios."
"0901",Café,"Café, mesmo torrado ou descafeinado, cascas e películas de café, sucedâneos do café que contenham café em qualquer proporção."
"7502",Níquel ,Níquel em formas brutas.
"4405",Lã ou farinha de madeira,"Lã de madeira, farinha de madeira.  "
"6401",Calçado Impermeável ,"Calçado impermeável de sola exterior e parte superior de borracha ou plástico, em que a parte superior não tenha sido reunida à sola exterior por costura ou por meio de rebites, pregos, parafusos, espigões ou dispositivos semelhantes, nem formada por diferentes partes reunidas pelos mesmos processos."
"1701",Açúcar De Cana E Beterraba,"Açúcares de cana ou de beterraba e sacarose quimicamente pura, no estado sólido."
"5109",Fios De Lã,"Fios de lã ou de pelos finos, acondicionados para venda a retalho."
"8702",Veículos Automóveis Para Transporte De + 9 Pessoas,"Veículos automóveis para transporte de dez pessoas ou mais, incluindo o motorista."
"2826",Fluoretos E Similares,"Fluoretos, fluorossilicatos, fluoraluminatos e outros sais complexos de flúor."
"1107",Malte,"Malte, mesmo torrado."
"1208",Farinha De Sementes E Oleaginosos,"Farinhas de sementes ou de frutos oleaginosos, exceto farinha de mostarda."
"8301",Cadeados,"Cadeados, fechaduras e ferrolhos (de chave, de segredo ou elétricos), de metais comuns, fechos e armações com fecho, com fechadura, de metais comuns, chaves para estes artigos, de metais comuns."
"7321",Aquecedores De Ambiente,"Aquecedores de ambiente (fogões de sala), caldeiras de fornalha, fogões de cozinha (incluindo os que possam ser utilizados acessoriamente no aquecimento central), churrasqueiras (grelhadores), braseiras, fogareiros a gás, aquecedores de pratos, e aparelhos não elétricos semelhantes, de uso doméstico, e suas partes, de ferro fundido, ferro ou aço."
"0601",Bulbos E Tubérculos,"Bulbos, tubérculos, raízes tuberosas, cormos, coroas e rizomas, em repouso vegetativo, em vegetação ou em flor, mudas, plantas e raízes de chicória, exceto as raízes da posição 12.12."
"6911",Serviço Artigos De Cozinha,"Serviços de mesa, artigos de cozinha, outros artigos de uso doméstico e artigos de higiene ou de toucador, de porcelana."
"8510",Aparelhos De Barbear,"Aparelhos ou máquinas de barbear, máquinas de cortar o cabelo ou de tosquiar e aparelhos de depilar, com motor elétrico incorporado."
"6303",Cortinas,"Cortinados, cortinas, reposteiros e estores, sanefas."
"8406",Turbinas A Vapor,Turbinas a vapor.
"3073",Mexilhões,"- Mexilhões (Mytilus spp., Perna spp.):"
"8445",Preparadeiras De Texteis,"Máquinas para preparação de matérias têxteis, máquinas para fiação, dobragem ou torção, de matérias têxteis e outras máquinas e aparelhos para fabricação de fios têxteis, máquinas de bobinar (incluindo as bobinadoras de trama) ou de dobar matérias têxteis e máquinas para preparação de fios têxteis para a sua utilização nas máquinas das posições 84.46 ou 84.47."
"5201",Algodão,Algodão não cardado nem penteado.
"8515",Máquinas Elétricas Para Soldar,"Máquinas e aparelhos para soldar (mesmo de corte) elétricos (incluindo os a gás aquecido eletricamente), a laser ou outros feixes de luz ou de fótons, a ultrassom, a feixes de elétrons, a impulsos magnéticos ou a jato de plasma, máquinas e aparelhos elétricos para projeção a quente de metais ou de cermets."
"5909",Mangueiras e tubos," Tecidos impregnados, revestidos, recobertos ou estratificados, artigos para usos técnicos de matérias têxteis - Mangueiras e tubos semelhantes,dematériastêxteis,mesmocomreforçoou acessórios de outras matérias."
"2303",Resíduos Vegetais Da Indústria,"Resíduos da fabricação do amido e resíduos semelhantes, polpas de beterraba, bagaços de cana-de açúcar e outros desperdícios da indústria do açúcar, borras e desperdícios da indústria da cerveja e das destilarias, mesmo em pellets."
"8454",Maquinas Para Fundição,"Conversores, cadinhos ou colheres de fundição, lingoteiras e máquinas de vazar (moldar), para metalurgia, aciaria ou fundição."
"1204",Linhaça,"Linhaça (sementes de linho), mesmo triturada."
"2603",Minério Cobre,Minérios de cobre e seus concentrados.
"7220",Produtos Laminados Planos De Aço Inoxidável,"Produtos laminados planos de aço inoxidável, de largura inferior a 600 mm."
"9613",Isqueiros,"Isqueiros e outros acendedores, mesmo mecânicos ou elétricos, e suas partes, exceto pedras e pavios."
"3606",Ligas Pirofóricas,"Ferrocério e outras ligas pirofóricas, sob quaisquer formas, artigos de matérias inflamáveis indicados na Nota 2 do presente Capítulo."
"3811",Preparações Antidetonantes,"Preparações antidetonantes, inibidores de oxidação, aditivos peptizantes, beneficiadores de viscosidade, aditivos anticorrosivos e outros aditivos preparados, para óleos minerais (incluindo a gasolina) ou para outros líquidos utilizados para os mesmos fins que os óleos minerais."
"8101",Tungstênio,"Tungstênio (volfrâmio) e suas obras, incluindo os desperdícios e resíduos, e sucata."
"5509",Fios De Fibras,"Fios de fibras sintéticas descontínuas (exceto linhas para costurar), não acondicionados para venda a retalho."
"0506",Ossos E Não Cortados Preparados,"Ossos e núcleos córneos, em bruto, desengordurados ou simplesmente preparados (mas não cortados em forma determinada), acidulados ou degelatinados, pós e desperdícios destas matérias."
"8477",Máquinas Para Tratar Borracha E Plástico,"Máquinas e aparelhos para trabalhar borracha ou plástico ou para fabricação de produtos dessas matérias, não especificados nem compreendidos noutras posições deste Capítulo."
"3203",Matérias Corantes ,"Matérias corantes de origem vegetal ou animal (incluindo os extratos tintoriais, mas excluindo os negros de origem animal), mesmo de constituição química definida, preparações indicadas na Nota 3 do presente Capítulo, à base de matérias corantes de origem vegetal ou animal."
"7116",Obras De Pérolas,"Obras de pérolas naturais ou cultivadas, de pedras preciosas ou semipreciosas ou de pedras sintéticas ou reconstituídas."
"9705",Coleções Arqueológicas,"Coleções e peças de coleção que apresentem um interesse arqueológico, etnográfico, histórico, zoológico, botânico, mineralógico, anatômico, paleontológico ou numismático."
"8108",Titânio,"Titânio e suas obras, incluindo os desperdícios e resíduos, e sucata."
"0702",Tomates,"Tomates, frescos ou refrigerados. "
"2911",Acetais E Hemiacetais,"Acetais e hemiacetais, mesmo que contenham outras funções oxigenadas, e seus derivados halogenados, sulfonados, nitrados ou nitrosados."
"5311",Tecidos fibras têxteis vegetais,"	Tecidos de outras fibras têxteis vegetais, tecidos de fios de papel."
"8401",Reatores Nucleares,"Reatores nucleares, elementos combustíveis (cartuchos) não irradiados, para reatores nucleares, máquinas e aparelhos para a separação de isótopos."
"3820",Preparações anticongelantes,Preparações anticongelantes e líquidos preparados para descongelamento.  
"8458",Tornos,Tornos (incluindo os centros de torneamento) para metais.
"2528",Obras de couro,Outras obras de couro natural ou reconstituído.  
"6603",Partes De Guarda-Chuva,"Partes, guarnições e acessórios, para os artigos das posições 66.01 ou 66.02."
"9013",Laser,"Lasers, exceto diodos laser, outros aparelhos e instrumentos de óptica, não especificados nem compreendidos noutras posições do presente Capítulo."
"1521",Ceras,"Ceras vegetais (exceto os triglicerídeos), ceras de abelha ou de outros insetos e espermacete, mesmo refinados ou corados."
"8703",Veículos Automóveis Para Transporte De  Pessoas,"Automóveis de passageiros e outros veículos automóveis principalmente concebidos para transporte de pessoas (exceto os da posição 87.02), incluindo os veículos de uso misto (station wagons) e os automóveis de corrida."
"5515",Outros Tecidos De Fibras Sintéticas,Outros tecidos de fibras sintéticas descontínuas.
"8449",Máquinas De Chapeus,"Máquinas e aparelhos para fabricação ou acabamento de feltro ou de falsos tecidos (tecidos não tecidos), em peça ou em forma determinada, incluindo as máquinas e aparelhos para fabricação de chapéus de feltro, formas para chapelaria."
"7217",Fios De Ferro Ou Aço Não Ligado,Fios de ferro ou aço não ligado.
"8503",Partes De Geradores,Partes reconhecíveis como exclusiva ou principalmente destinadas às máquinas das posições 85.01 ou 85.02.
"6908", Ladrilhos e Pastilhas,"Produtos cerâmicos - Ladrilhos e placas (lajes), para pavimentação ou revestimento, vidrados ou esmaltados, de cerâmica, cubos, pastilhas e artigos semelhantes, para mosaicos, vidrados ou esmaltados, de cerâmica, mesmo com suporte - Outros"
"7214",Barras De Ferro Ou Aço Não Ligado,"Barras de ferro ou aço não ligado, simplesmente forjadas, laminadas, estiradas ou extrudadas, a quente, incluindo as que tenham sido submetidas a torção após laminagem."
"8102",Molibdênio,"Molibdênio e suas obras, incluindo os desperdícios e resíduos, e sucata."
"2710",Óleo De Petróleo 70%,"Óleos de petróleo ou de minerais betuminosos, exceto óleos brutos, preparações não especificadas nem compreendidas noutras posições, que contenham, como constituintes básicos, 70 % ou mais, em peso, de óleos de petróleo ou de minerais betuminosos, resíduos de óleos."
"8439",Máquina Para Pasta E Papel,Máquinas e aparelhos para fabricação de pasta de matérias fibrosas celulósicas ou para fabricação ou acabamento de papel ou cartão.
"2521",Pedras Calcárias,"Castinas, pedras calcárias utilizadas na fabricação de cal ou de cimento."
"3301",Óleos Essenciais,"Óleos essenciais (desterpenados ou não), incluindo os denominados concretos ou absolutos, resinoides, oleorresinas de extração, soluções concentradas de óleos essenciais em gorduras, em óleos fixos, em ceras ou em matérias análogas, obtidas por tratamento de flores através de substâncias gordas ou por maceração, subprodutos terpênicos residuais da desterpenação dos óleos essenciais, águas destiladas aromáticas e soluções aquosas de óleos essenciais."
"6109",Camiseta,"Camisetas (T-shirts), camisetas interiores (camisolas interiores*), e artigos semelhantes, de malha."
"5911",Matérias Têxteis,"Produtos e artigos, de matérias têxteis, para usos técnicos, indicados na Nota 8 do presente Capítulo."
"3802",Carvões Ativados,"Carvões ativados, matérias minerais naturais ativadas, negros de origem animal, incluindo o negro animal esgotado."
"7206",Ferro E Aço Não Ligado,"Ferro e aço não ligado, em lingotes ou outras formas primárias, exceto o ferro da posição 72.03."
"6814",Obras De Mica,"Mica trabalhada e obras de mica, incluindo a mica aglomerada ou reconstituída, mesmo com suporte de papel, de cartão ou de outras matérias."
"7227",Fio-Máquina De Outras Ligas De Aço,Fio-máquina de outras ligas de aço.
"2941",Antibióticos,Antibióticos.
"7019",Fibras  De Vidro,"Fibras de vidro (incluindo a lã de vidro) e suas obras (por exemplo, fios, mechas ligeiramente torcidas (rovings), tecidos)."
"2520","Gipsita, Anidrita E Similares","Gipsita, anidrita, gesso, mesmo corado ou adicionado de pequenas quantidades de aceleradores ou retardadores."
"7407",Barras E Perfis De Cobre,"Barras e perfis, de cobre."
"9002",Lente,"Lentes, prismas, espelhos e outros elementos de óptica, de qualquer matéria, montados, para instrumentos ou aparelhos, exceto os de vidro não trabalhado opticamente."
"8902",Barcos De Pesca,"Barcos de pesca, navios-fábricas e outras embarcações para o tratamento ou conservação de produtos da pesca."
"7907",Obras De Zinco,Outras obras de zinco.
"8507",Acumuladores Elétricos,"Acumuladores elétricos e seus separadores, mesmo de forma quadrada ou retangular."
"2203",Cervejas de malte,Cervejas de malte.  
"0714",Raízes E Tubérculos,"Raízes de mandioca, de araruta e de salepo, tupinambos, batatas-doces e raízes ou tubérculos semelhantes, com elevado teor de fécula ou de inulina, frescos, refrigerados, congelados ou secos, mesmo cortados em pedaços ou em pellets, medula de sagueiro."
"7204",Sucata De Ferro,"Desperdícios e resíduos, e sucata, de ferro fundido, ferro ou aço, desperdícios e resíduos, em lingotes, de ferro ou aço."
"6212",Sutiã E Similares,"Sutiãs, cintas, espartilhos, suspensórios, ligas e artigos semelhantes, e suas partes, mesmo de malha."
"8463",Outras Máquinas Para Metais,"Outras máquinas-ferramentas para trabalhar metais ou cermets, que trabalhem sem eliminação de matéria."
"2006",Produtos Conservados com Açucar,"Produtos hortícolas, fruta, cascas de fruta e outras partes de plantas, conservados com açúcar (passados por calda, glaçados ou cristalizados).  "
"3004",Medicamentos,"Medicamentos (exceto os produtos das posições 30.02, 30.05 ou 30.06) constituídos por produtos misturados ou não misturados, preparados para fins terapêuticos ou profiláticos, apresentados em doses (incluindo os destinados a serem administrados por via percutânea) ou acondicionados para venda a retalho."
"7102",Diamante,"Diamantes, mesmo trabalhados, mas não montados nem engastados."
"4410",Painéis De Partículas,"Painéis de partículas, painéis denominados oriented strand board (OSB) e painéis semelhantes (waferboard, por exemplo), de madeira ou de outras matérias lenhosas, mesmo aglomeradas com resinas ou com outros aglutinantes orgânicos."
"6905",Telha,"Telhas, elementos de chaminés, condutores de fumaça (fumo), ornamentos arquitetônicos, de cerâmica, e outros produtos cerâmicos para construção."
"2922",Compostos Aminados De Funções Oxigenadas,Compostos aminados de funções oxigenadas.
"0105",Aves Vivas,"Aves da espécie Gallus domesticus, patos, gansos, perus, peruas e galinhas-d'angola (pintadas), das espécies domésticas, vivos."
"3504",Peptona,"Peptonas e seus derivados, outras matérias proteicas e seus derivados, não especificados nem compreendidos noutras posições, pó de peles, tratado ou não pelo cromo."
"8709",Veículos Automóveis Sem Dispositivo De Elevação,"Veículos automóveis sem dispositivo de elevação, do tipo utilizado em fábricas, armazéns, portos ou aeroportos, para transporte de mercadorias a curtas distâncias, carros-tratores do tipo utilizado nas estações ferroviárias, suas partes."
"9207",Instrumentos Musicais Eletronicos,"Instrumentos musicais cujo som é produzido ou amplificado por meios elétricos (por exemplo, órgãos, guitarras, acordeões)."
"7304",Tubos E Perfis Ocos,"Tubos e perfis ocos, sem costura, de ferro ou aço."
"6506",Outros  Chapeus,"Outros chapéus e artigos de uso semelhante, mesmo guarnecidos."
"5907",Tecidos e telas,"Outros tecidos impregnados, revestidos ou recobertos, telas pintadas para cenários teatrais, para fundos de estúdio ou para usos semelhantes.   "
"1604",Conservas De Peixe,"Preparações e conservas de peixes, caviar e seus sucedâneos preparados a partir de ovas de peixe."
"8307",Tubos Flexíveis De Metais,"Tubos flexíveis de metais comuns, mesmo com acessórios."
"3303",Perfume,Perfumes e águas-de-colônia.
"8535",Aparelhos Para Circuitos Elétricos,"Aparelhos para interrupção, seccionamento, proteção, derivação, ligação ou conexão de circuitos elétricos (por exemplo, interruptores, comutadores, corta-circuitos, para-raios, limitadores de tensão, supressores de picos de tensão (eliminadores de onda), tomadas de corrente e outros conectores, caixas de junção), para uma tensão superior a 1.000 V."
"2512",Terras siliciosas,"Farinhas siliciosas fósseis (por exemplo, kieselguhr, tripolita, diatomita) e outras terras siliciosas análogas de densidade aparente não superior a 1, mesmo calcinadas.  "
"9110",Mecanismos De Relógios,"Mecanismos de relojoaria completos, não montados ou parcialmente montados (chablons), mecanismos de relojoaria incompletos, montados, esboços de mecanismos de relojoaria."
"6910",Pia,"Pias, lavatórios, colunas para lavatórios, banheiras, bidés, sanitários, caixas de descarga (autoclismos*), mictórios e aparelhos fixos semelhantes para usos sanitários, de cerâmica."
"6907",Ladrilhos E Placas,"Ladrilhos e placas (lajes), para pavimentação ou revestimento, de cerâmica, cubos, pastilhas e artigos semelhantes, para mosaicos, de cerâmica, mesmo com suporte, peças de acabamento, de cerâmica."
"9507",Material De Pesca,"Varas (Canas*) de pesca, anzóis e outros artigos para a pesca à linha, puçás (camaroeiros), redes de borboletas e redes semelhantes, iscas e chamarizes (exceto os das posições 92.08 ou 97.05) e artigos semelhantes de caça."
"3204",Matérias Corantes Orgânicas Sintéticas,"Matérias corantes orgânicas sintéticas, mesmo de constituição química definida, preparações indicadas na Nota 3 do presente Capítulo, à base de matérias corantes orgânicas sintéticas, produtos orgânicos sintéticos do tipo utilizado como agentes de avivamento fluorescentes ou como luminóforos, mesmo de constituição química definida."
"4205","Tubos, calhas cerâmicos","Tubos, calhas ou algerozes e acessórios para canalizações, de cerâmica.  "
"5501",Cabos De Filamentos ,Cabos de filamentos sintéticos.
"2845",Isótopos,"Isótopos não incluídos na posição 28.44, seus compostos, inorgânicos ou orgânicos, de constituição química definida ou não."
"4814",Papel De Parede ,"Papel de parede e revestimentos para parede semelhantes, papel para vitrais."
"0710",Produtos Hortícolas Não Cozidos,"Produtos hortícolas, não cozidos ou cozidos em água ou vapor, congelados."
"7011",Ampolas E Invólucros,"Ampolas e invólucros, mesmo tubulares, abertos, e suas partes, de vidro, sem guarnições, para lâmpadas e fontes de luz, elétricas, tubos catódicos ou semelhantes."
"4401",Lenha,"Lenha em qualquer forma, madeira em estilhas ou em partículas, serragem (serradura), desperdícios e resíduos, de madeira, mesmo aglomerados em toras (toros), briquetes, pellets ou em formas semelhantes."
"8803",Partes veiculos aéreos,"Hélices e rotores, e suas partes, para veículos aéreos, etc."
"1401",Matéria Vegetal Para Cestaria,"Matérias vegetais das espécies principalmente utilizadas em cestaria ou espartaria (por exemplo, bambus, rotins, canas, juncos, vimes, ráfia, palha de cereais limpa, branqueada ou tingida, casca de tília)."
"2901",Hidrocarbonetos Acíclicos,Hidrocarbonetos acíclicos.
"8403",Caldeiras Para Aquecimento Central,"Caldeiras para aquecimento central, exceto as da posição 84.02."
"5704",Tapetes,"Tapetes e outros revestimentos para pisos (pavimentos), de feltro, exceto os tufados e os flocados, mesmo confeccionados."
"5408",Tecidos De Fios De Filamento,"Tecidos de fios de filamentos artificiais, incluindo os tecidos obtidos a partir dos produtos da posição 54.05. "
"7005",Vidro Flotado E Vidro Desbastado,"Vidro flotado e vidro desbastado ou polido numa ou em ambas as faces, em chapas ou em folhas, mesmo com camada absorvente, refletora ou não, mas não trabalhado de outro modo."
"8517",Aparelhos Telefônicos,"Aparelhos telefônicos, incluindo os telefones inteligentes (smartphones) e outros telefones para redes celulares ou para outras redes sem fio, outros aparelhos para a transmissão ou recepção de voz, imagens ou outros dados, incluindo os aparelhos para comunicação em redes por fio ou redes sem fio (tal como uma rede local (LAN) ou uma rede de área estendida (longa distância) (WAN)), exceto os aparelhos das posições 84.43, 85.25, 85.27 ou 85.28."
"4016",Outras Obras De Borracha,Outras obras de borracha vulcanizada não endurecida.
"8605",Vagões,"Vagões de passageiros (carruagens*), furgões para bagagem, vagões-postais e outros vagões especiais, para vias férreas ou semelhantes (excluindo as viaturas da posição 86.04)."
"8534",Circuitos Impressos,Circuitos impressos.
"8519",Aparelhos De Som,"Aparelhos de gravação de som, aparelhos de reprodução de som, aparelhos de gravação e de reprodução de som."
"6806",Lãs De Escórias,"Lãs de escórias de altos-fornos, lãs de outras escórias, lã de rocha e lãs minerais semelhantes, vermiculita e argilas, expandidas, espuma de escórias e produtos minerais semelhantes, expandidos, misturas e obras de matérias minerais para isolamento do calor e do som ou para absorção do som, exceto as das posições 68.11, 68.12 ou do Capítulo 69."
"2818","Corindo Artificial,","Corindo artificial, de constituição química definida ou não, óxido de alumínio, hidróxido de alumínio."
"4601",Tranças De Madeira,"Tranças e artigos semelhantes, de matérias para entrançar, mesmo reunidos em tiras, matérias para entrançar, tranças e artigos semelhantes, de matérias para entrançar, tecidos ou paralelizados, em formas planas, mesmo acabados (por exemplo, esteiras, capachos e divisórias)."
"8103",Tântalo,"Tântalo e suas obras, incluindo os desperdícios e resíduos, e sucata."
"2707",Óleos De Alcatrões,"Óleos e outros produtos provenientes da destilação dos alcatrões de hulha a alta temperatura, produtos análogos em que os constituintes aromáticos predominem, em peso, relativamente aos constituintes não aromáticos."
"4008",Chapa De Borracha,"Chapas, folhas, tiras, varetas e perfis, de borracha vulcanizada não endurecida."
"2105",Sorvete,"Sorvetes (gelados*), mesmo que contenham cacau."
"2903",Derivados Halogenados Dos Hidrocarbonetos,Derivados halogenados dos hidrocarbonetos.
"9701",Quadro,"Quadros, pinturas e desenhos, feitos inteiramente à mão, exceto os desenhos da posição 49.06 e os artigos manufaturados decorados à mão, colagens, mosaicos e quadros decorativos semelhantes."
"2606",Minério Alumínio,Minérios de alumínio e seus concentrados.
"9026",Aparelhos Para Medida Ou Controle Da Vazão,"Instrumentos e aparelhos para medida ou controle da vazão (caudal), do nível, da pressão ou de outras características variáveis dos líquidos ou gases (por exemplo, medidores de vazão (caudal), indicadores de nível, manômetros, contadores de calor), exceto os instrumentos e aparelhos das posições 90.14, 90.15, 90.28 ou 90.32."
"2904",Derivados Sulfonados,"Derivados sulfonados, nitrados ou nitrosados dos hidrocarbonetos, mesmo halogenados."
"3914",Permutadores De Íons,"Permutadores de íons à base de polímeros das posições 39.01 a 39.13, em formas primárias."
"3302",Misturas De Substâncias Odoríferas ,"Misturas de substâncias odoríferas e misturas (incluindo as soluções alcoólicas) à base de uma ou mais destas substâncias, do tipo utilizado como matérias básicas para a indústria, outras preparações à base de substâncias odoríferas, do tipo utilizado para fabricação de bebidas."
"7229",Fios De Outras Ligas De Aço,Fios de outras ligas de aço.
"0813",Frutas Secas,"Fruta seca, exceto a das posições 08.01 a 08.06, misturas de fruta seca ou de fruta de casca rija, do presente Capítulo."
"7406",Pós E Escamas De Cobre,"Pós e escamas, de cobre."
"0705",Alface E Chicórias,"Alface (Lactuca sativa) e chicórias (Cichorium spp.), frescas ou refrigeradas."
"8549",Sucata De Eletrônicos,"Desperdícios e resíduos, e sucata, elétricos e eletrônicos."
"2837",Cianeto E Outros,"Cianetos, oxicianetos e cianetos complexos."
"8470",Máquinas De Calcular,"Máquinas de calcular e máquinas de bolso que permitam gravar, reproduzir e visualizar informações, com função de cálculo incorporada, máquinas de contabilidade, máquinas de franquear, de emitir bilhetes e máquinas semelhantes, com dispositivo de cálculo incorporado, caixas registradoras."
"0904",Pimenta E Pimentão,"Pimenta do gênero Piper, pimentões (pimentos) e pimentas do gênero Capsicum ou do gênero Pimenta, secos ou triturados ou em pó."
"4004",Resíduo de borracha,"Desperdícios, resíduos e aparas, de borracha não endurecida, mesmo reduzidos a pó ou a grânulos.  "
"5309",Tecidos De Linho,Tecidos de linho.
É Acessória Da Função Principal,"",""
"8447",Teares Para Malha,"Teares para fabricar malhas, máquinas de costura por entrelaçamento (couture-tricotage), máquinas para fabricar guipuras, tules, rendas, bordados, passamanarias, galões ou redes e máquinas para inserir tufos."
"8414",Bombas De Gases Ou De Vácuo,"Bombas de ar ou de vácuo, compressores de ar ou de outros gases e ventiladores, coifas aspirantes (exaustores) para extração ou reciclagem, com ventilador incorporado, mesmo filtrantes, cabinas (câmaras) de segurança biológica estanques aos gases, mesmo filtrantes."
"6802",Pedras De Cantaria,"Pedras de cantaria ou de construção (exceto de ardósia) trabalhadas e obras destas pedras, exceto as da posição 68.01, cubos, pastilhas e artigos semelhantes, para mosaicos, de pedra natural (incluindo a ardósia), mesmo com suporte, grânulos, fragmentos e pós, de pedra natural (incluindo a ardósia), corados artificialmente."
"2828",Hipocloritos E Similares,"Hipocloritos, hipoclorito de cálcio comercial, cloritos, hipobromitos."
"9706",Antiguidades,Antiguidades com mais de 100 anos.
"9005",Binóculo,"Binóculos, lunetas, incluindo as astronômicas, telescópios ópticos, e suas armações, outros instrumentos de astronomia e suas armações, exceto os aparelhos de radioastronomia."
"9107",Interruptores Horários,"Interruptores horários e outros aparelhos que permitam acionar um mecanismo em tempo determinado, munidos de mecanismo de relojoaria ou com motor síncrono."
"2902",Hidrocarbonetos Cíclicos,Hidrocarbonetos cíclicos.
"6217",Outros Acessórios Vestuário,"Outros acessórios confeccionados de vestuário, partes de vestuário ou dos seus acessórios, exceto as da posição 62.12."
"8428",Outras  Máquinas De Elevação,"Outras máquinas e aparelhos de elevação, de carga, de descarga ou de movimentação (por exemplo, elevadores, escadas rolantes, transportadores, teleféricos)."
"8215",Talheres,"Colheres, garfos, conchas, escumadeiras, pás para tortas, facas especiais para peixe ou para manteiga, pinças para açúcar e artigos semelhantes."
"2519",Magnésia,"Carbonato de magnésio natural (magnesita), magnésia eletrofundida, magnésia calcinada a fundo (sinterizada), mesmo que contenha pequenas quantidades de outros óxidos adicionados antes da sinterização, outro óxido de magnésio, mesmo puro."
"6215",Gravata,"Gravatas, gravatas-borboletas (laços*) e plastrões."
"6006",Outros Tecidos Malha,Outros tecidos de malha.
"2840",Boratos E Similares,"Boratos, peroxoboratos (perboratos)."
"3104",Adubos Potássicos,"Adubos (fertilizantes) minerais ou químicos, potássicos."
"4813",Papel Para Cigarros,"Papel para cigarros, mesmo cortado nas dimensões próprias, em cadernos ou em tubos."
"5505",Desperdícios De Fibras,"Desperdícios de fibras sintéticas ou artificiais (incluindo os desperdícios da penteação, os de fios e os fiapos)."
"3305",Preparações Capilares,Preparações capilares.
"2202",Água Adicionada,"Águas, incluindo as águas minerais e as águas gaseificadas, adicionadas de açúcar ou de outros edulcorantes ou aromatizadas e outras bebidas não alcoólicas, exceto sucos (sumos) de fruta ou de produtos hortícolas da posição 20.09."
"8430",Aparelhos De Terraplenagem,"Outras máquinas e aparelhos de terraplenagem, nivelamento, raspagem, escavação, compactação, extração ou perfuração da terra, de minerais ou minérios, bate-estacas e arranca-estacas, limpa-neves."
"9508",Atrações De Parques,"Circos ambulantes e coleções de animais ambulantes, equipamentos para parques de diversões e equipamentos para parques aquáticos, atrações de parques e feiras, incluindo as instalações de tiro ao alvo, teatros ambulantes."
"6102",Casacos,"Mantôs (Casacos compridos*), capas, anoraques, casacos (blusões*) e semelhantes, de malha, de uso feminino, exceto os artigos da posição 61.04."
"8712",Bicicleta,"Bicicletas e outros ciclos (incluindo os triciclos), sem motor."
"4107",Couro Preparado Bovino,"Couros preparados após curtimenta ou após secagem (crusting) e couros e peles apergaminhados, de bovinos (incluindo os búfalos) ou de equídeos, depilados, mesmo divididos, exceto os da posição 41.14."
"0802",Outra Fruta De Casca Rija,"Outra fruta de casca rija, fresca ou seca, mesmo com casca ou pelada."
"6301",Cobertor,Cobertores e mantas.
"2803",Carbono,Carbono (negros de fumo e outras formas de carbono não especificadas nem compreendidas noutras posições).
"2932",Compostos Heterocíclicos,Compostos heterocíclicos exclusivamente de heteroátomo(s) de oxigênio.
"1105",Farinha De Batata,"Farinha, sêmola, pó, flocos, grânulos e pellets, de batata."
"8513",Lanternas Elétricas Portáteis,"Lanternas elétricas portáteis concebidas para funcionar por meio de sua própria fonte de energia (por exemplo, de pilhas, de acumuladores, de magnetos), excluindo os aparelhos de iluminação da posição 85.12."
"4101",Couro Bovino,"Couros e peles em bruto de bovinos (incluindo os búfalos) ou de equídeos (frescos ou salgados, secos, tratados pela cal, piquelados ou conservados de outro modo, mas não curtidos, nem apergaminhados, nem preparados de outro modo), mesmo depilados ou divididos."
"9607",Fechos ,Fechos ecler (de correr) e suas partes.
"3904",Polímeros De Cloreto,"Polímeros de cloreto de vinila ou de outras olefinas halogenadas, em formas primárias."
"3506",Colas E Adesivos,"Colas e outros adesivos preparados, não especificados nem compreendidos noutras posições, produtos de qualquer espécie utilizados como colas ou adesivos, acondicionados para venda a retalho como colas ou adesivos, de peso líquido não superior a 1 kg."
"2810",Óxidos  Boro,"Óxidos de boro, ácidos bóricos."
"6104",Roupas,"Tailleurs (Fatos de saia-casaco*), conjuntos, blazers (casacos*), vestidos, saias, saias-calças, calças, jardineiras, bermudas e shorts (calções) (exceto de banho), de malha, de uso feminino."
"2516",Granito,"Granito, pórfiro, basalto, arenito (grés) e outras pedras de cantaria ou de construção, mesmo desbastados ou simplesmente cortados à serra ou por outro meio, em blocos ou placas de forma quadrada ou retangular."
"5202",Desperdícios De Algodão,Desperdícios de algodão (incluindo os desperdícios de fios e os fiapos).
"8442",Máquina Para Elementos Impressão,"Máquinas, aparelhos e equipamentos (exceto as máquinas das posições 84.56 a 84.65), para preparação ou fabricação de clichês, placas, cilindros ou outros elementos de impressão, clichês, placas, cilindros e outros elementos de impressão, pedras litográficas, placas e cilindros, preparados para impressão (por exemplo, aplainados, granulados ou polidos)."
"4006",Outras  Borrachas,"Outras formas (por exemplo, varetas, tubos, perfis) e artigos (por exemplo, discos, arruelas (anilhas)), de borracha não vulcanizada."
"7611","Reservatórios, tonéis, cubas","Reservatórios, tonéis, cubas e recipientes semelhantes para quaisquer matérias (exceto gases comprimidos ou liquefeitos), de alumínio, de capacidade superior a 300 l, sem dispositivos mecânicos ou térmicos, mesmo com revestimento interior ou calorífugo.  "
"2102",Leveduras E Similares,"Leveduras (vivas ou mortas), outros microrganismos monocelulares mortos (exceto as vacinas da posição 30.02), pós para levedar, preparados."
"2928",Derivados Orgânicos Da Hidrazin,Derivados orgânicos da hidrazina e da hidroxilamina.
"3075",Polvos,- Polvos (Octopus spp.):
"7612",Barris E Caixas Alumínio,"Reservatórios, barris, tambores, latas, caixas e recipientes semelhantes (incluindo os recipientes tubulares, rígidos ou flexíveis) para quaisquer matérias (exceto gases comprimidos ou liquefeitos), de alumínio, de capacidade não superior a 300 l, sem dispositivos mecânicos ou térmicos, mesmo com revestimento interior ou calorífugo."
"8708",Partes E Acessórios Dos Veículos Automóveis,Partes e acessórios dos veículos automóveis das posições 87.01 a 87.05.
"9018",Aparelhos Para Medicina,"Instrumentos e aparelhos para medicina, cirurgia, odontologia e veterinária, incluindo os aparelhos para cintilografia e outros aparelhos eletromédicos, bem como os aparelhos para testes visuais."
"8003",Alcatrões de madeira,"Alcatrões de madeira, óleos de alcatrão de madeira, creosoto de madeira, metileno, breu (pez) vegetal, breu (pez) para a indústria da cerveja e preparações semelhantes à base de colofônias, de ácidos resínicos ou de breu (pez) vegetal.  "
"3101",Fertilizantes de origem animal ou vegetal,"	Adubos (fertilizantes) de origem animal ou vegetal, mesmo misturados entre si ou tratados quimicamente, adubos (fertilizantes) resultantes da mistura ou do tratamento químico de produtos de origem animal ou vegetal.  "
"8456",Máquinas Para Eliminação De Matéria,"Máquinas-ferramentas que trabalhem por eliminação de qualquer matéria, que operem por laser ou por outro feixe de luz ou de fótons, por ultrassom, por eletroerosão, por processos eletroquímicos, por feixes de elétrons, por feixes iônicos ou por jato de plasma, máquinas de corte a jato de água."
"8404",Aparelhos Auxiliares Para Caldeiras,"Aparelhos auxiliares para caldeiras das posições 84.02 ou 84.03 (por exemplo, economizadores, superaquecedores, aparelhos de limpeza de tubos ou de recuperação de gás), condensadores para máquinas a vapor."
"4114",Couros Acamurçados,"Couros e peles acamurçados (incluindo a camurça combinada), couros e peles envernizados ou revestidos, couros e peles metalizados."
"9616",Vaporizadores De Toucador,"Vaporizadores de toucador, suas armações e cabeças de armações, borlas ou esponjas para pós ou para aplicação de outros cosméticos ou de produtos de toucador."
"0805",Citrinos,"Citros (citrinos), frescos ou secos."
"0103",Suínos Vivos,Animais vivos da espécie suína.
"9033",Partes de aparelhos opticos,"Partes e acessórios não especificados nem compreendidos noutras posições do presente Capítulo, para máquinas, aparelhos, instrumentos ou artigos do Capítulo 90."
"2005",Outros Hotículas Preparados,"Outros produtos hortícolas preparados ou conservados, exceto em vinagre ou em ácido acético, não congelados, com exceção dos produtos da posição 20.06."
"4501",Cortiça Natural,"Cortiça natural, em bruto ou simplesmente preparada, desperdícios de cortiça, cortiça triturada, granulada ou pulverizada."
"3705",Chapas E Filmes Fotográficos,"Chapas e filmes, fotográficos, impressionados e revelados, exceto os filmes cinematográficos."
"8112",Berílio,"Berílio, cromo, háfnio (céltio), rênio, tálio, cádmio, germânio, vanádio, gálio, índio e nióbio (colômbio), e suas obras, incluindo os desperdícios e resíduos, e sucata."
"1511",Óleo De Palma,"Óleo de palma (dendê) e respectivas frações, mesmo refinados, mas não quimicamente modificados."
"3005",Gaze E Atadura,"Pastas (ouates), gazes, ataduras (ligaduras) e artigos análogos (por exemplo, curativos (pensos), esparadrapos, sinapismos), impregnados ou recobertos de substâncias farmacêuticas ou acondicionados para venda a retalho para usos medicinais, cirúrgicos, odontológicos ou veterinários."
"7215",Outras Barras De Ferro Ou Aço Não Ligado,Outras barras de ferro ou aço não ligado.
"5106",Fios De Lã Cardada,"Fios de lã cardada, não acondicionados para venda a retalho."
"8109",Zircôni,"Zircônio e suas obras, incluindo os desperdícios e resíduos, e sucata."
"1209",Semente Para Semeadura,"Sementes, frutos e esporos, para semeadura (sementeira)."
"6005",Tecidos Malha,"Tecidos de malha-urdidura (incluindo os fabricados em teares para galões), exceto os das posições 60.01 a 60.04."
"7410",Folhas  Cobre,"Folhas e tiras, delgadas, de cobre (mesmo impressas ou com suporte de papel, cartão, plástico ou semelhantes), de espessura não superior a 0,15 mm (excluindo o suporte)."
"3202",Produtos Tanantes,"Produtos tanantes orgânicos sintéticos, produtos tanantes inorgânicos, preparações tanantes, mesmo que contenham produtos tanantes naturais, preparações enzimáticas para a pré-curtimenta."
"2702",Linhita,"Linhitas, mesmo aglomeradas, exceto azeviche."
"4414",Molduras De Madeira ,"Molduras de madeira para quadros, fotografias, espelhos ou objetos semelhantes."
"5808",Tranças ,"Tranças em peça, artigos de passamanaria e artigos ornamentais análogos, em peça, não bordados, exceto de malha, borlas, pompons e artigos semelhantes."
"9014",Bússola,"Bússolas, incluindo as agulhas de marear, outros instrumentos e aparelhos de navegação."
"8474",Máquinas Para Tratar Minerais Sólidos,"Máquinas e aparelhos para selecionar, peneirar, separar, lavar, esmagar, moer, misturar ou amassar terras, pedras, minérios ou outras substâncias minerais sólidas (incluindo os pós e pastas), máquinas para aglomerar ou moldar combustíveis minerais sólidos, pastas cerâmicas, cimento, gesso ou outras matérias minerais em pó ou em pasta, máquinas para fazer moldes de areia para fundição."
"1205",Semente De Nabo,"Sementes de nabo silvestre ou de colza, mesmo trituradas."
"8422","Aparelhos Para Limpar, Secar E Encher","Máquinas de lavar louça, máquinas e aparelhos para limpar ou secar garrafas ou outros recipientes, máquinas e aparelhos para encher, fechar, arrolhar ou rotular garrafas, caixas, latas, sacos ou outros recipientes, máquinas e aparelhos para capsular garrafas, vasos, tubos e recipientes semelhantes, outras máquinas e aparelhos para empacotar ou embalar mercadorias (incluindo as máquinas e aparelhos para embalar com película termorretrátil), máquinas e aparelhos para gaseificar bebidas."
"6001",Veludos E Pelúcias,"Veludos e pelúcias (incluindo os tecidos denominados de felpa longa ou pelo comprido) e tecidos de anéis, de malha."
"5207",Tecidos De Algodão,Fios de algodão (exceto linhas para costurar) acondicionados para venda a retalho.
"7109",Pedras ou Metais preciosos,"Pérolas naturais ou cultivadas, pedras preciosas ou semipreciosas e semelhantes, metais preciosos, metais folheados ou chapeados de metais preciosos, e suas obras, bijuterias, moedas"
"3404",Ceras,Ceras artificiais e ceras preparadas.
"3910",Silicones,Silicones em formas primárias.
"2616",Outros Minérios De Metais,Minérios de metais preciosos e seus concentrados.
"2916",Ácidos Monocarboxílicos ,"Ácidos monocarboxílicos acíclicos não saturados e ácidos monocarboxílicos cíclicos, seus anidridos, halogenetos, peróxidos e peroxiácidos, seus derivados halogenados, sulfonados, nitrados ou nitrosados."
"1201",Soja,"Soja, mesmo triturada."
"8903",Iates E Barcos,"Iates e outros barcos e embarcações de recreio ou de esporte, barcos a remos e canoas."
"0308",Invertebrados Aquáticos,"Invertebrados aquáticos, exceto crustáceos e moluscos, vivos, frescos, refrigerados, congelados, secos, salgados ou em salmoura, invertebrados aquáticos, exceto crustáceos e moluscos, defumados (fumados), mesmo cozidos antes ou durante a defumação."
"9025",Densímetro,"Densímetros, areômetros, pesa-líquidos e instrumentos flutuantes semelhantes, termômetros, pirômetros, barômetros, higrômetros e psicrômetros, registradores ou não, mesmo combinados entre si."
"8486",Máquinas Para Boules Ou Wafers ,"Máquinas e aparelhos do tipo utilizado exclusiva ou principalmente na fabricação de boules ou wafers de material semicondutor, dispositivos semicondutores, circuitos integrados eletrônicos ou de dispositivos de visualização de tela (ecrã*) plana, máquinas e aparelhos especificados na Nota 11 C) do presente Capítulo, partes e acessórios."
"1206",Semente De Girassol,"Sementes de girassol, mesmo trituradas."
"2935",Sulfonamidas,Sulfonamidas.
"8001",Estanho,Estanho em formas brutas.
"7608",Tubos De Alumínio,Tubos de alumínio.
"2404",Produtos Que Contém Tabaco E Nicotina,"Produtos que contenham tabaco, tabaco reconstituído, nicotina ou sucedâneos do tabaco ou da nicotina, destinados à inalação sem combustão, outros produtos que contenham nicotina destinados à absorção da nicotina pelo corpo humano."
"7222","Barras E Perfis, De Aço Inoxidável","Barras e perfis, de aço inoxidável."
"2712","Vaselina, Parafina","Vaselina, parafina, cera de petróleo microcristalina, slack wax, ozocerite, cera de linhita, cera de turfa, outras ceras minerais e produtos semelhantes obtidos por síntese ou por outros processos, mesmo corados."
"4816",Papel-Carbono,"Papel-carbono (papel químico), papel autocopiativo e outro papel para cópia ou duplicação (exceto os da posição 48.09), estênceis completos e chapas ofsete, de papel, mesmo acondicionados em caixas."
"2302",Resíduos De Cereais E Leguminosa,"Sêmeas, farelos e outros resíduos, mesmo em pellets, da peneiração, moagem ou de outros tratamentos de cereais ou de leguminosas."
"4402",Carvão Vegetal,"Carvão vegetal (incluindo o carvão de cascas ou de caroços), mesmo aglomerado."
"6813",Guarnições De Fricção,"Guarnições de fricção (por exemplo, placas, rolos, tiras, segmentos, discos, anéis, pastilhas), não montadas, para freios (travões), embreagens ou qualquer outro mecanismo de fricção, à base de amianto, de outras substâncias minerais ou de celulose, mesmo combinadas com têxteis ou outras matérias."
"3806",Colofônias E Ácidos ,"Colofônias e ácidos resínicos, e seus derivados, essência de colofônia e óleos de colofônia, gomas fundidas."
"8802",Outros Veículos Aéreos,"Outros veículos aéreos (por exemplo, helicópteros, aviões), exceto veículos aéreos (aeronaves) não tripulados da posição 88.06, veículos espaciais (incluindo os satélites) e seus veículos de lançamento, e veículos suborbitais."
"5308",Fios De Outras Fibra,"Fios de outras fibras têxteis vegetais, fios de papel."
"4017",Borracha endurecida,"Borracha endurecida (ebonite, por exemplo) sob qualquer forma, incluindo os desperdícios e resíduos, obras de borracha endurecida.  "
"7610",Construções De Alumínio,"Construções e suas partes (por exemplo, pontes e elementos de pontes, torres, pórticos ou pilones, pilares, colunas, armações, estruturas para telhados, portas e janelas, e seus caixilhos, alizares e soleiras, balaustradas), de alumínio, exceto as construções pré-fabricadas da posição 94.06, chapas, barras, perfis, tubos e semelhantes, de alumínio, próprios para construções."
"0404",Soro De Leite,"Soro de leite, mesmo concentrado ou adicionado de açúcar ou de outros edulcorantes, produtos constituídos por componentes naturais do leite, mesmo adicionados de açúcar ou de outros edulcorantes, não especificados nem compreendidos noutras posições."
"4810",Papel E Cartão Revestidos,"Papel e cartão revestidos de caulim (caulino) ou de outras substâncias inorgânicas numa ou nas duas faces, mesmo com aglutinantes, sem qualquer outro revestimento, mesmo coloridos à superfície, decorados à superfície ou impressos, em rolos ou em folhas de forma quadrada ou retangular, de qualquer dimensão."
"7020",Outras  Obras De Vidro,Outras obras de vidro.
"5506",Fibras Sintéticas,"Fibras sintéticas descontínuas, cardadas, penteadas ou transformadas de outro modo para fiação."
"2401",Tabaco,"Tabaco não manufaturado, desperdícios de tabaco."
"2715",Misturas betuminosas,"Misturas betuminosas à base de asfalto ou de betume naturais, de betume de petróleo, de alcatrão mineral ou de breu de alcatrão mineral (por exemplo, mástiques betuminosas e cut-backs).  "
"9022",Aparelhos De Raios X,"Aparelhos de raios X e aparelhos que utilizem radiações alfa, beta, gama ou outras radiações ionizantes, mesmo para usos médicos, cirúrgicos, odontológicos ou veterinários, incluindo os aparelhos de radiofotografia ou de radioterapia, os tubos de raios X e outros dispositivos geradores de raios X, os geradores de tensão, as mesas de comando, as telas de visualização, as mesas, cadeiras e suportes semelhantes para exame ou tratamento."
"0906",Canela,Canela e flores de caneleira.
"7018",Imitações De Pedras,"Contas, imitações de pérolas naturais ou cultivadas, imitações de pedras preciosas ou semipreciosas e artigos semelhantes, de vidro e suas obras, exceto bijuterias, olhos de vidro, exceto de prótese, estatuetas e outros objetos de ornamentação, de vidro trabalhado a maçarico, exceto bijuterias, microsferas de vidro, de diâmetro não superior a 1 mm."
"7403",Cobre Refinado,Cobre refinado (afinado) e ligas de cobre em formas brutas.
"2910","Epóxidos, Epoxiálcoo","Epóxidos, epoxiálcoois, epoxifenóis e epoxiéteres, com três átomos no ciclo, e seus derivados halogenados, sulfonados, nitrados ou nitrosados."
"1520",Glicerol,"Glicerol em bruto, águas e lixívias, glicéricas."
"3906",Polímeros Acrílicos,"Polímeros acrílicos, em formas primárias."
"3081",Pepinos-Do-Mar,Pepinos-do-mar
"2847",Água oxigenada,"Peróxido de hidrogênio (água oxigenada), mesmo solidificado com ureia."
"6507",Artigos para chapéus,"Carneiras, forros, capas, armações, palas e barbicachos (francaletes*), para chapéus e artigos de uso semelhante.  "
"0201",Carnes De Bovinos Frescas,"Carnes de animais da espécie bovina, frescas ou refrigeradas."
"9011",Microscópios Ópticos,"Microscópios ópticos, incluindo os microscópios para fotomicrografia, cinefotomicrografia ou microprojeção."
"6211",Roupa Para Esportes,"Abrigos (Fatos de treino*) para esporte, macacões (fatos-macacos*) e conjuntos, de esqui, maiôs (fatos de banho*), biquínis, shorts (calções) e sungas (slips), de banho, outro vestuário."
"3403",Preparações Lubrificantes,"Preparações lubrificantes (incluindo os óleos de corte, as preparações antiaderentes de porcas e parafusos, as preparações antiferrugem ou anticorrosão e as preparações para desmoldagem, à base de lubrificantes) e preparações do tipo utilizado para lubrificar e amaciar matérias têxteis, para untar couros, peles com pelo e outras matérias, exceto as que contenham, como constituintes de base, 70 % ou mais, em peso, de óleos de petróleo ou de minerais betuminosos."
"6205",Camisas,Camisas de uso masculino.
"6810",Obras De Cimento,"Obras de cimento, de concreto (betão) ou de pedra artificial, mesmo armadas."
"9202",Instrumentos Musicais De Corda,"Outros instrumentos musicais de cordas (por exemplo, violões (guitarras*), violinos, harpas)."
"8465",Maquina Para Tratar Meterial Duro,"Máquinas-ferramentas (incluindo as máquinas para pregar, grampear, colar ou reunir por qualquer outro modo) para trabalhar madeira, cortiça, osso, borracha endurecida, plástico duro ou matérias duras semelhantes."
"9020",Outros Aparelhos Respiratórios,"Outros aparelhos respiratórios e máscaras contra gases, exceto as máscaras de proteção desprovidas de mecanismo e de elemento filtrante amovível."
"0804","Tâmara, Figos E Similares","Tâmaras, figos, abacaxis (ananases), abacates, goiabas, mangas e mangostões, frescos ou secos."
"1213",Palhas E Cascas De Cereais,"Palhas e cascas de cereais, em bruto, mesmo picadas, moídas, prensadas ou em pellets. "
"2402","Charuto, Cigarro E Similares","Charutos, cigarrilhas e cigarros, de tabaco ou dos seus sucedâneos."
"2843",Metais Preciosos,"Metais preciosos no estado coloidal, compostos inorgânicos ou orgânicos de metais preciosos, de constituição química definida ou não, amálgamas de metais preciosos."
"5306",Fios De Linho,Fios de linho.
"9012",Microscópio,"Microscópios, exceto ópticos, difratógrafos."
"4902",Jornais,"Jornais e publicações periódicas, impressos, mesmo ilustrados ou que contenham publicidade."
"6811",Obras De Fibrocimento,"Obras de fibrocimento, cimento-celulose ou produtos semelhantes."
"3503",Gelatinas,"Gelatinas (incluindo as apresentadas em folhas de forma quadrada ou retangular, mesmo trabalhadas na superfície ou coradas) e seus derivados, ictiocola, outras colas de origem animal, exceto colas de caseína da posição 35.01."
"6103","Ternos Paletós Jardineiras Shorts De Calças, Jardineiras, Bermudas E Shorts (Calções)","Ternos (Fatos*), conjuntos, paletós (casacos*), calças, jardineiras, bermudas e shorts (calções) (exceto de banho), de malha, de uso masculino."
"7305",Outros Tubos,"Outros tubos (por exemplo, soldados ou rebitados), de seção circular, de diâmetro exterior superior a 406,4 mm, de ferro ou aço."
"0803",Banana,"Bananas, incluindo as bananas-da-terra (bananas-pão*) (plátanos*), frescas ou secas."
"0909",Semente Culinária,"Sementes de anis (erva-doce), badiana (anis-estrelado), funcho, coentro, cominho ou alcaravia, bagas de zimbro."
"1516",Gordura Hidrogenados,"Gorduras e óleos animais, vegetais ou de origem microbiana e respectivas frações, parcial ou totalmente hidrogenados, interesterificados, reesterificados ou elaidinizados, mesmo refinados, mas não preparados de outro modo."
"0309",Farinha De Peixe E Invertebrados,"Farinhas, pós e pellets, de peixe, crustáceos, moluscos e de outros invertebrados aquáticos, próprios para alimentação humana."
"4415",Caixote De Madeira,"Caixotes, caixas, engradados, barricas e embalagens semelhantes, de madeira, carretéis para cabos, de madeira, paletes simples, paletes-caixas e outros estrados para carga, de madeira, taipais de paletes de madeira."
"9611",Carimbos,"Carimbos, incluindo os datadores e numeradores, sinetes e artigos semelhantes (incluindo os aparelhos para impressão de etiquetas), manuais, dispositivos manuais de composição tipográfica e jogos de impressão manuais que contenham tais dispositivos.  "
"9406",Construções Pré-Fabricadas,Construções pré-fabricadas.
"2608",Minério Zinco,Minérios de zinco e seus concentrados.
"2934",Ácidos Nucleicos Clicos,"Ácidos nucleicos e seus sais, de constituição química definida ou não, outros compostos heterocíclicos."
"3102",Adubos Nitrogenados,"Adubos (fertilizantes) minerais ou químicos, nitrogenados (azotados)."
"7409",Chapas E Tiras De Cobre,"Chapas e tiras, de cobre, de espessura superior a 0,15 mm."
"9105",Despertadores,"Despertadores, relógios de pêndulo (pêndulas), outros relógios e artigos de relojoaria semelhantes, exceto os com mecanismo de pequeno volume."
"2806",Cloreto De Hidrogênio,"Cloreto de hidrogênio (ácido clorídrico), ácido clorossulfúrico."
"8213",Boratos naturais e seus concentrados,"Boratos naturais e seus concentrados (calcinados ou não), exceto boratos extraídos de salmouras naturais, ácido bórico natural com um teor máximo de 85 % de H3BO3, em produto seco.  "
"3501",Caseína,"Caseínas, caseinatos e outros derivados das caseínas, colas de caseína."
"4808",Papel E Cartão Ondulado,"Papel e cartão ondulados (canelados*) (mesmo recobertos por colagem), encrespados, plissados, gofrados, estampados ou perfurados, em rolos ou em folhas, exceto o papel do tipo descrito no texto da posição 48.03."
"8438",Outras Máquinas Indústria Alimento,"Máquinas e aparelhos não especificados nem compreendidos noutras posições do presente Capítulo, para preparação ou fabricação industrial de alimentos ou de bebidas, exceto as máquinas e aparelhos para extração ou preparação de óleos ou gorduras vegetais ou de origem microbiana, fixos, ou de animais."
"8485",Máquinas Para Fabricação Aditiva,Máquinas para fabricação aditiva.
"9504",Peças Jogos,"Consoles e máquinas de jogos de vídeo, jogos de salão, incluindo os jogos com motor ou outro mecanismo, os bilhares, as mesas especiais para jogos de cassino e os jogos de balizas (pinos) automáticos (boliche), os jogos que funcionem por introdução de moedas, notas (papéis-moeda), cartões de banco, fichas ou por outros meios de pagamento."
"6213",Lenços,Lenços de assoar e de bolso.
"9024",Aparelhos Para Ensaios De Dureza,"Máquinas e aparelhos para ensaios de dureza, tração, compressão, elasticidade ou de outras propriedades mecânicas de materiais (por exemplo, metais, madeira, têxteis, papel, plástico)."
"8531",Sistemas De Segurança,"Aparelhos elétricos de sinalização acústica ou visual (por exemplo, campainhas, sirenes, painéis indicadores, aparelhos de alarme para proteção contra roubo ou incêndio), exceto os das posições 85.12 ou 85.30."
"4803",Papel Higiênico,"Papel do tipo utilizado para papel higiênico, lenços (toalhitas) demaquilantes, toalhas, guardanapos ou para papel semelhante de uso doméstico, higiênico ou toucador, pasta (ouate) de celulose e mantas de fibras de celulose, mesmo encrespados, plissados, gofrados, estampados, perfurados, coloridos à superfície, decorados à superfície ou impressos, em rolos ou em folhas."
"2925",Compostos De Função Carboxiimida,Compostos de função carboxiimida (incluindo a sacarina e seus sais) ou de função imina.
"5908",Tecidos para Incandescência,"Mechas de matérias têxteis, tecidas, entrançadas ou tricotadas, para candeeiros, fogareiros, isqueiros, velas e semelhantes, camisas de incandescência e tecidos tubulares tricotados para a sua fabricação, mesmo impregnados."
"4106",Couros Curtidos,"Couros e peles, depilados, de outros animais e peles de animais desprovidos de pelos, curtidos ou crust, mesmo divididos, mas não preparados de outro modo."
"8407",Motores De Pistão ,"Motores de pistão, alternativo ou rotativo, de ignição por centelha (faísca) (motores de explosão)."
"9006",Câmeras Fotográficas,"Câmeras fotográficas, aparelhos e dispositivos, incluindo as lâmpadas e tubos, de luz relâmpago (flash), para fotografia, exceto as lâmpadas e tubos de descarga da posição 85.39."
"7614",Cordas De Alumínio,"Cordas, cabos, tranças (entrançados*) e semelhantes, de alumínio, não isolados para usos elétricos."
"8104",Magnésio,"Magnésio e suas obras, incluindo os desperdícios e resíduos, e sucata."
"8305",Ferragens Para Encadernação,"Ferragens para encadernação de folhas soltas ou para classificadores, prendedores (molas*) para papéis, cantos para cartas, clipes, indicadores para fichas ou cavaleiros e objetos semelhantes de escritório, de metais comuns, grampos (agrafos*) apresentados em barretas (por exemplo, de escritório, para atapetar, para embalagem), de metais comuns."
"5405",Monofilamentos artificiais,"Monofilamentos artificiais, de título igual ou superior a 67 decitex e cuja maior dimensão da seção transversal não seja superior a 1 mm, lâminas e formas semelhantes (palha artificial, por exemplo) de matérias têxteis artificiais, cuja largura aparente não seja superior a 5 mm.   "
"4014",Artigos De Higiene,"Artigos de higiene ou de farmácia (incluindo os bicos (tetinas) para mamadeiras (biberões)), de borracha vulcanizada não endurecida, mesmo com partes de borracha endurecida."
"6214",Xales E Similares,"Xales, echarpes, lenços de pescoço, cachenês, cachecóis, mantilhas, véus e artigos semelhantes."
"5210",Tecidos De Algodão,"Tecidos de algodão que contenham menos de 85 %, em peso, de algodão, combinados, principal ou unicamente, com fibras sintéticas ou artificiais, de peso não superior a 200 g/m2."
"2813",Sulfetos,"Sulfetos dos elementos não metálicos, trissulfeto de fósforo comercial."
"0306",Crustáceo,"Crustáceos, mesmo com casca, vivos, frescos, refrigerados, congelados, secos, salgados ou em salmoura, crustáceos, mesmo com casca, defumados (fumados), mesmo cozidos antes ou durante a defumação, crustáceos com casca, cozidos em água ou vapor, mesmo refrigerados, congelados, secos, salgados ou em salmoura."
"8481",Torneira E Similares,"Torneiras, válvulas (incluindo as redutoras de pressão e as termostáticas) e dispositivos semelhantes, para canalizações, caldeiras, reservatórios, cubas e outros recipientes."
"4903",Livro De Colorir,"Álbuns ou livros de ilustrações e álbuns para desenhar ou colorir, para crianças"
"7205",Granalhas E Pós,"Granalhas e pós de ferro fundido bruto, de ferro spiegel (especular), de ferro ou aço."
"9008",Aparelhos De Projeção Fixa,"Aparelhos de projeção fixa, aparelhos fotográficos de ampliação ou de redução."
"8473",Peças Máquinas Escritório,"Partes e acessórios (exceto estojos, capas e semelhantes) reconhecíveis como exclusiva ou principalmente destinados às máquinas ou aparelhos das posições 84.70 a 84.72."
"4113",Couro Preparado Ovino,"Couros preparados após curtimenta ou após secagem (crusting) e couros e peles apergaminhados, de outros animais, depilados, e couros preparados após curtimenta e couros e peles apergaminhados, de animais desprovidos de pelos, mesmo divididos, exceto os da posição 41.14."
"4420",Madeira Marchetada Ou Incrustada,"Madeira marchetada e madeira incrustada, estojos e guarda-joias para joalheria e ourivesaria, e obras semelhantes, de madeira, estatuetas e outros objetos de ornamentação, de madeira, artigos de mobiliário, de madeira, que não se incluam no Capítulo 94."
"8514",Fornos Elétricos Industriais,"Fornos elétricos industriais ou de laboratório, incluindo os que funcionam por indução ou por perdas dielétricas, outros aparelhos industriais ou de laboratório para tratamento térmico de matérias por indução ou por perdas dielétricas."
"6601",Guarda-Chuva,"Guarda-chuvas, sombrinhas e guarda-sóis (incluindo as bengalas-guarda-chuvas e os guarda-sóis de jardim e semelhantes)."
"7312",Corda De Ferro,"Cordas, cabos, tranças (entrançados*), lingas e artigos semelhantes, de ferro ou aço, não isolados para usos elétricos."
"0207",Miudezas De Aves,"Carnes e miudezas, comestíveis, frescas, refrigeradas ou congeladas, das aves da posição 01.05."
"5604","Fios E Cordas, De Borracha","Fios e cordas, de borracha, recobertos de têxteis, fios têxteis, lâminas e formas semelhantes das posições 54.04 ou 54.05, impregnados, revestidos, recobertos ou embainhados de borracha ou de plástico."
"0510",Glândulas E Outras Substâncias Animal,"Âmbar-cinzento, castóreo, algália e almíscar, cantáridas, bílis, mesmo seca, glândulas e outras substâncias de origem animal utilizadas na preparação de produtos farmacêuticos, frescas, refrigeradas, congeladas ou provisoriamente conservadas de outro modo."
"6406",Partes  Interiores Calçados,"Partes de calçado (incluindo as partes superiores, mesmo fixadas a solas que não sejam as solas exteriores), palmilhas, reforços interiores e artigos semelhantes, amovíveis, polainas, perneiras e artigos semelhantes, e suas partes."
"3210",Outras Tintas E Vernizes,"Outras tintas e vernizes, pigmentos de água preparados, do tipo utilizado para acabamento de couros."
"2511",Bário,"Sulfato de bário natural (baritina), carbonato de bário natural (witherita), mesmo calcinado, exceto o óxido de bário da posição 28.16."
"2508",Outras Argilas,"Outras argilas (exceto argilas expandidas da posição 68.06), andaluzita, cianita, silimanita, mesmo calcinadas, mulita, barro cozido em pó (terra de chamotte) e terra de dinas."
"2703",Turfa,"Turfa (incluindo a turfa para cama de animais), mesmo aglomerada.  "
"2850",Hidreto,"Hidretos, nitretos, azidas, silicietos e boretos, de constituição química definida ou não, exceto os compostos que constituam igualmente carbonetos da posição 28.49."
"8904",Rebocadores,Rebocadores e barcos concebidos para empurrar outras embarcações.
"3002",Sangue,"Sangue humano, sangue animal preparado para usos terapêuticos, profiláticos ou de diagnóstico, antissoros, outras frações do sangue e produtos imunológicos, mesmo modificados ou obtidos por via biotecnológica, vacinas, toxinas, culturas de microrganismos (exceto leveduras) e produtos semelhantes, culturas de células, mesmo modificadas."
"7326",Outras Obras De Ferro Ou Aço,Outras obras de ferro ou aço.
"8402",Caldeiras De Vapor,"Caldeiras de vapor (geradores de vapor), excluindo as caldeiras para aquecimento central concebidas para produção de água quente e vapor de baixa pressão, caldeiras denominadas de água superaquecida."
"8411",Turbinas A Gás,"Turborreatores, turbopropulsores e outras turbinas a gás."
"7604",Barras De Alumínio,"Barras e perfis, de alumínio."
"6004",Tecidos Malha,"Tecidos de malha de largura superior a 30 cm, que contenham, em peso, 5 % ou mais de fios de elastômeros ou de fios de borracha, exceto os da posição 60.01."
"8901",Transatlântico,"Transatlânticos, barcos de excursão, ferryboats, cargueiros, chatas e embarcações semelhantes, para o transporte de pessoas ou de mercadorias."
"2905",Álcoois Acíclicos ,"Álcoois acíclicos e seus derivados halogenados, sulfonados, nitrados ou nitrosados."
"7601",Alumínio,Alumínio em formas brutas.
"4909",Cartões-postais,"Cartões-postais impressos ou ilustrados, cartões impressos com votos ou mensagens pessoais, mesmo ilustrados, mesmo com envelopes, guarnições ou aplicações"
"9305",Partes De Armas,Partes e acessórios dos artigos das posições 93.01 a 93.04.
"0812",Fruta Conservada Transitoriamente,"Fruta conservada transitoriamente, mas imprópria para alimentação nesse estado."
"9032",Aparelhos Para Regulação,"Instrumentos e aparelhos para regulação ou controle, automáticos."
"5602",Feltro,"Feltros, mesmo impregnados, revestidos, recobertos ou estratificados."
"5605",Fios Metálicos,"Fios metálicos e fios metalizados, mesmo revestidos por enrolamento, constituídos por fios têxteis, lâminas ou formas semelhantes das posições 54.04 ou 54.05, combinados com metal sob a forma de fios, de lâminas ou de pós, ou recobertos de metal."
"0204",Carnes De Ovinos/Caprinos,"Carnes de animais das espécies ovina ou caprina, frescas, refrigeradas ou congeladas."
"3902",Polímeros De Propileno,"Polímeros de propileno ou de outras olefinas, em formas primárias."
"6702",Folhagem Artificial,"Flores, folhagem e frutos, artificiais, e suas partes, artigos confeccionados com flores, folhagem e frutos, artificiais."
"3605",Fósforos,"Fósforos, exceto os artigos de pirotecnia da posição 36.04.  "
"8204",Chaves Manuais,"Chaves de porcas, manuais (incluindo as chaves dinamométricas), chaves de caixa intercambiáveis, mesmo com cabos. "
"9010",Equipamentos Para Laboratórios Fotográficos,"Aparelhos e equipamentos para laboratórios fotográficos ou cinematográficos, não especificados nem compreendidos noutras posições do presente Capítulo, negatoscópios, telas para projeção."
"5305",Cairo,"Cairo (fibra de coco), abacá (cânhamo-de-manilha ou Musa textilis Nee), rami e outras fibras têxteis vegetais não especificadas nem compreendidas noutras posições, em bruto ou trabalhados, mas não fiados, estopas e desperdícios destas fibras (incluindo os desperdícios de fios e os fiapos)."
"7806",Obras De Chumbo,Outras obras de chumbo.
"8522",Partes Aparelhos Som E Vídeo,Partes e acessórios reconhecíveis como sendo exclusiva ou principalmente destinados aos aparelhos das posições 85.19 ou 85.21.
"7115",Outras Obras De Metais,Outras obras de metais preciosos ou de metais folheados ou chapeados de metais preciosos (plaquê).
"8203","Alicates, Pinças E Similares","Limas, grosas, alicates (mesmo cortantes), tenazes, pinças, cisalhas para metais, corta-tubos, corta pinos, saca-bocados e ferramentas semelhantes, manuais."
"3809",Agentes De Apresto Ou De Acabamento,"Agentes de apresto ou de acabamento, aceleradores de tingimento ou de fixação de matérias corantes e outros produtos e preparações (por exemplo, aprestos preparados e preparações mordentes) do tipo utilizado na indústria têxtil, na indústria do papel, na indústria do couro ou em indústrias semelhantes, não especificados nem compreendidos noutras posições."
"5901",Tecidos Revestidos,"Tecidos revestidos de cola ou de matérias amiláceas, do tipo utilizado na encadernação, cartonagem ou usos semelhantes, telas para decalque e telas transparentes para desenho, telas preparadas para pintura, entretelas e tecidos rígidos semelhantes, do tipo utilizado em chapéus e artigos de uso semelhante."
"8409",Partes De Motores,Partes reconhecíveis como exclusiva ou principalmente destinadas aos motores das posições 84.07 ou 84.08.
"1508",Óleo De Amendoim,"Óleo de amendoim e respectivas frações, mesmo refinados, mas não quimicamente modificados."
"3707",Preparações Químicas Para Usos Fotográficos,"Preparações químicas para usos fotográficos, exceto vernizes, colas, adesivos e preparações semelhantes, produtos não misturados, quer doseados tendo em vista usos fotográficos, quer acondicionados para venda a retalho para esses mesmos usos e prontos para utilização."
"6216",Luvas,"Luvas, mitenes e semelhantes.  "
"8405",Geradores De Gás,"Geradores de gás de ar (gás pobre) ou de gás de água, mesmo com depuradores, geradores de acetileno e geradores semelhantes de gás, operados a água, mesmo com depuradores."
"4807",Papel e cartão,"Papel e cartão obtidos por colagem de folhas sobrepostas, não revestidos na superfície nem impregnados, mesmo reforçados interiormente, em rolos ou em folhas.  "
"7508",Obras De Níquel,Outras obras de níquel.
"8480",Moldes,"Caixas de fundição, placas de fundo para moldes, modelos para moldes, moldes para metais (exceto lingoteiras), carbonetos metálicos, vidro, matérias minerais, borracha ou plástico."
"1517",Margarina E Similares,"Margarina, misturas ou preparações alimentícias de gorduras ou de óleos animais, vegetais ou de origem microbiana ou de frações das diferentes gorduras ou óleos do presente Capítulo, exceto as gorduras e óleos alimentícios e respectivas frações da posição 15.16."
"6108",Roupa Intima,"Combinações, anáguas (saiotes), calcinhas, camisolas (camisas de noite*), pijamas, déshabillés, roupões de banho, penhoares (robes de quarto*) e semelhantes, de malha, de uso feminino."
"8511",Dispositivos De Ignição,"Aparelhos e dispositivos elétricos de ignição ou de arranque para motores de ignição por centelha (faísca) ou por compressão (por exemplo, magnetos, dínamos-magnetos, bobinas de ignição, velas de ignição ou de aquecimento, motores de arranque), geradores (por exemplo, dínamos e alternadores) e conjuntores-disjuntores utilizados com estes motores."
"5701",Tapetes,"Tapetes de matérias têxteis, de pontos nodados ou enrolados, mesmo confeccionados."
"5516",Tecidos De Fibras Artificiais Descontínuas,Tecidos de fibras artificiais descontínuas.
"4908",Decalcomanias ,Decalcomanias de qualquer espécie.
"0401",Leite E Creme De Leite,"Leite e creme de leite (nata), não concentrados nem adicionados de açúcar ou de outros edulcorantes."
"4822",Carretéis,"Carretéis, bobinas, canelas e suportes semelhantes, de pasta de papel, papel ou cartão, mesmo perfurados ou endurecidos."
"8706",Chassis,Chassis com motor para os veículos automóveis das posições 87.01 a 87.05.
"8907",Outras Estruturas Flutuantes,"Outras estruturas flutuantes (por exemplo, balsas, reservatórios, caixões, boias de amarração, boias de sinalização e semelhantes)."
"5206",Fios De Algodão,"Fios de algodão (exceto linhas para costurar) que contenham menos de 85 %, em peso, de algodão, não acondicionados para venda a retalho."
"8211",Facas,"Facas (exceto as da posição 82.08) de lâmina cortante ou serrilhada, incluindo as podadeiras de lâmina móvel, e suas lâminas."
"1513",Óleo Coco E Palma,"Óleos de coco (copra), de amêndoa de palma (palmiste) (coconote) ou de babaçu, e respectivas frações, mesmo refinados, mas não quimicamente modificados."
"5103",Desperdícios De Lã,"Desperdícios de lã ou de pelos finos ou grosseiros, incluindo os desperdícios de fios e excluindo os fiapos."
"9017",Instrumentos De Desenho,"Instrumentos de desenho, de traçado ou de cálculo (por exemplo, máquinas de desenhar, pantógrafos, transferidores, estojos de desenho, réguas de cálculo e discos de cálculo), instrumentos de medida de distâncias de uso manual (por exemplo, metros, micrômetros, paquímetros e calibres), não especificados nem compreendidos noutras posições do presente Capítulo."
"8523",Dispositivos De Armazenamento De Dados,"Discos, fitas, dispositivos de armazenamento de dados não voláteis à base de semicondutores, cartões inteligentes e outros suportes para gravação de som ou para gravações semelhantes, mesmo gravados, incluindo as matrizes e moldes galvânicos para fabricação de discos, exceto os produtos do Capítulo 37."
"4419",Artigos De Madeira,Artigos de madeira para mesa ou cozinha.
"0209",Gorduras De Porco,"Toucinho sem partes magras, gorduras de porco e de aves, não fundidas nem extraídas de outro modo, frescos, refrigerados, congelados, salgados ou em salmoura, secos ou defumados (fumados)."
"8516",Aquecedores Elétricos De Água,"Aquecedores elétricos de água, incluindo os de imersão, aparelhos elétricos para aquecimento de ambientes, do solo ou para usos semelhantes, aparelhos eletrotérmicos para arranjos do cabelo (por exemplo, secadores de cabelo, frisadores, aquecedores de ferros de frisar) ou para secar as mãos, ferros elétricos de passar, outros aparelhos eletrotérmicos de uso doméstico, resistências de aquecimento, exceto as da posição 85.45."
"6101",Sobretudo,"Sobretudos, japonas, gabões, capas, anoraques, casacos (blusões*) e semelhantes, de malha, de uso masculino, exceto os artigos da posição 61.03."
"2819",Óxidos E Hidróxidos ,Óxidos e hidróxidos de cromo.
"2920",Ésteres Halogenetos ,"Ésteres dos outros ácidos inorgânicos de não metais (exceto os ésteres de halogenetos de hidrogênio) e seus sais, seus derivados halogenados, sulfonados, nitrados ou nitrosados."
"9506",Artigos De Exercicio Físico,"Artigos e equipamentos para cultura física, ginástica, atletismo, outros esportes (incluindo o tênis de mesa), ou jogos ao ar livre, não especificados nem compreendidos noutras posições deste Capítulo, piscinas, incluindo as infantis."
"5910",Correias transportadoras ou de transmissão,"Correias transportadoras ou de transmissão, de matérias têxteis, mesmo impregnadas, revestidas ou recobertas, de plástico, ou estratificadas com plástico ou reforçadas com metal ou com outras matérias.  "
"8417",Fornos Industriais,"Fornos industriais ou de laboratório, incluindo os incineradores, não elétricos."
"8436",Outras Máquinas Agropecuária,"Outras máquinas e aparelhos para agricultura, horticultura, silvicultura, avicultura ou apicultura, incluindo os germinadores equipados com dispositivos mecânicos ou térmicos e as chocadeiras e criadeiras para avicultura."
"7118",Moedas,Moedas.
"6210",Vestuário,"Vestuário confeccionado com as matérias das posições 56.02, 56.03, 59.03, 59.06 ou 59.07."
"4818",Papel Higiênico,"Papel do tipo utilizado para papel higiênico e papel semelhante, pasta (ouate) de celulose ou mantas de fibras de celulose, do tipo utilizado para fins domésticos ou sanitários, em rolos de largura não superior a 36 cm, ou cortados em forma própria, lenços, lenços (toalhitas) demaquilantes, toalhas de mão, toalhas de mesa, guardanapos, lençóis e artigos semelhantes, de uso doméstico, de toucador, higiênicos ou hospitalares, vestuário e seus acessórios, de pasta de papel, papel, pasta (ouate) de celulose ou de mantas de fibras de celulose."
"3215",Tintas De Impressão,"Tintas de impressão, tintas de escrever ou de desenhar e outras tintas, mesmo concentradas ou no estado sólido."
"8415",Ar-Condicionado,"Máquinas e aparelhos de ar-condicionado que contenham um ventilador motorizado e dispositivos próprios para modificar a temperatura e a umidade, incluindo as máquinas e aparelhos em que a umidade não seja regulável separadamente."
"9109",Mecanismos De Relógios,"Mecanismos de relojoaria, completos e montados, exceto de pequeno volume."
"8539",Lâmpadas E Tubos Elétricos,"Lâmpadas e tubos elétricos de incandescência ou de descarga, incluindo os artigos denominados faróis e projetores, em unidades seladas e as lâmpadas e tubos de raios ultravioleta ou infravermelhos, lâmpadas de arco, fontes de luz de diodos emissores de luz (LED)."
"2506",Quartzo,"Quartzo (exceto areias naturais), quartzitos, mesmo desbastados ou simplesmente cortados, à serra ou por outro meio, em blocos ou placas de forma quadrada ou retangular."
"1504",Gordura De Peixe,"Gorduras, óleos e respectivas frações, de peixes ou de mamíferos marinhos, mesmo refinados, mas não quimicamente modificados."
"4809",Papel-Carbono,"Papel-carbono (papel químico), papel autocopiativo e outro papel para cópia ou duplicação (incluindo o revestido ou impregnado, para estênceis ou para chapas ofsete), mesmo impresso, em rolos ou em folhas."
"1214",Produtos Forrageiros,"Rutabagas, beterrabas forrageiras, raízes forrageiras, feno, alfafa (luzerna), trevo, sanfeno, couves forrageiras, tremoço, ervilhaca e produtos forrageiros semelhantes, mesmo em pellets."
"3918",Revestimentos Para Piso,"Revestimentos para pisos (pavimentos), de plástico, mesmo autoadesivos, em rolos ou em forma de ladrilhos ou de placas (lajes), revestimentos para paredes ou para tetos, de plástico, definidos na Nota 9 do presente Capítulo."
"3816",Cimento,"Cimentos, argamassas, concretos (betões) e composições semelhantes, refratários, incluindo os aglomerados de dolomita, exceto os produtos da posição 38.01."
"1515",Outras Gorduras E Óleos Vegetais,"Outras gorduras e óleos vegetais (incluindo o óleo de jojoba) ou de origem microbiana e respectivas frações, fixos, mesmo refinados, mas não quimicamente modificados."
"8526",Aparelhos De Radiodetecção E De Radiossondagem,"Aparelhos de radiodetecção e de radiossondagem (radar), aparelhos de radionavegação e aparelhos de radiotelecomando."
"3916",Monofilamentos,"Monofilamentos cuja maior dimensão da seção transversal seja superior a 1 mm (monofios), varas, bastões e perfis, mesmo trabalhados à superfície, mas não trabalhados de outro modo, de plástico."
"7616",Obras De Alumínio,Outras obras de alumínio.
"8540","Lâmpadas, Tubos E Válvulas, Eletrônicos","Lâmpadas, tubos e válvulas, eletrônicos, de cátodo quente, cátodo frio ou fotocátodo (por exemplo, lâmpadas, tubos e válvulas, de vácuo, de vapor ou de gás, ampolas retificadoras de vapor de mercúrio, tubos catódicos, tubos e válvulas para câmeras de televisão), exceto os da posição 85.39."
"7801",Chumbo,Chumbo em formas brutas.
"8310",Placas sinalizadoras,"Placas indicadoras, placas sinalizadoras, placas-endereços e placas semelhantes, números, letras e sinais diversos, de metais comuns, exceto os da posição 94.05.  "
"0409",Mel Natural,Mel natural
"3701",Chapas E Filmes Fotográficos,"Chapas e filmes planos, fotográficos, sensibilizados, não impressionados, de matérias diferentes do papel, cartão ou dos têxteis, filmes fotográficos planos, de revelação e cópia instantâneas, sensibilizados, não impressionados, mesmo em cartuchos."
"1704",Confeitaria Sem Cacau,Produtos de confeitaria sem cacau (incluindo o chocolate branco).
"2510",Fosfatos,"Fosfatos de cálcio naturais, fosfatos aluminocálcicos naturais e cré fosfatado."
"4104",Couros Curtidos Bovino,"Couros e peles curtidos ou crust, de bovinos (incluindo os búfalos) ou de equídeos, depilados, mesmo divididos, mas não preparados de outro modo."
"7419",Outras Obras De Cobre,Outras obras de cobre.
"3201",Extratos Tanantes ,"Extratos tanantes de origem vegetal, taninos e seus sais, éteres, ésteres e outros derivados."
"2835",Fosfinatos  E Outros,"Fosfinatos (hipofosfitos), fosfonatos (fosfitos) e fosfatos, polifosfatos de constituição química definida ou não."
"8487",Máquinas Não Elétricas,"Partes de máquinas ou de aparelhos, não especificadas nem compreendidas noutras posições do presente Capítulo, que não contenham conexões elétricas, partes isoladas eletricamente, bobinas, contatos nem quaisquer outros elementos com características elétricas."
"5805",Tapeçaria A Mao,"Tapeçarias tecidas à mão (gênero gobelino, flandres, aubusson, beauvais e semelhantes) e tapeçarias feitas à agulha (por exemplo, em petit point, ponto de cruz), mesmo confeccionadas."
"7303",Tubos e perfis ocos,"Obras de ferro fundido, ferro ou aço - Tubos e perfis ocos, de ferro fundido."
"8475",Máquinas Para Tratar Vidro,"Máquinas para montagem de lâmpadas, tubos ou válvulas, elétricos ou eletrônicos, ou de lâmpadas de luz relâmpago (flash), que tenham invólucro de vidro, máquinas para fabricação ou trabalho a quente do vidro ou das suas obras."
"3206",Outras Matérias Corantes,"Outras matérias corantes, preparações indicadas na Nota 3 do presente Capítulo, exceto das posições 32.03, 32.04 ou 32.05, produtos inorgânicos do tipo utilizado como luminóforos, mesmo de constituição química definida."
"8905",Embarcações Em Que A Navegação,"Barcos-faróis, barcos-bombas, dragas, guindastes flutuantes e outras embarcações em que a navegação é acessória da função principal, docas flutuantes, plataformas de perfuração ou de exploração, flutuantes ou submersíveis."
"3006", Artigos Farmacêuticos,Preparações e artigos farmacêuticos indicados na Nota 4 deste Capítulo.
"4007",Fios De Borracha,"Fios e cordas, de borracha vulcanizada."
"6402",Outro Calçado,Outro calçado com sola exterior e parte superior de borracha ou plástico.
"2827",Cloretos E Outros,"Cloretos, oxicloretos e hidroxicloretos, brometos e oxibrometos, iodetos e oxiodetos."
"0701",Batata,"Batatas, frescas ou refrigeradas."
"9306",Bomba,"Bombas, granadas, torpedos, minas, mísseis, cartuchos e outras munições e projéteis, e suas partes, incluindo os zagalotes, chumbos de caça e buchas para cartuchos."
"0810",Outra Fruta Fresca,Outra fruta fresca.
"2524",Amianto,Amianto.
"1003",Cevada,Cevada.
"1703",Melaços,Melaços resultantes da extração ou refinação do açúcar.
"6110",Suéteres,"Suéteres (Camisolas*), pulôveres, cardigãs, coletes e artigos semelhantes, de malha."
"2201",Água,"Águas, incluindo as águas minerais, naturais ou artificiais, e as águas gaseificadas, não adicionadas de açúcar ou de outros edulcorantes nem aromatizadas, gelo e neve."
"5906",Tecidos Com Borracha,"Tecidos com borracha, exceto os da posição 59.02."
"7006",Vidros,"Vidro das posições 70.03, 70.04 ou 70.05, recurvado, biselado, gravado, brocado, esmaltado ou trabalhado de outro modo, mas não emoldurado nem associado a outras matérias.  "
"4504",Cortiça Aglomerada,Cortiça aglomerada (mesmo com aglutinantes) e suas obras.
"8537",Paineis E Suportes Para Comando Elétrico De Aparelhos,"Quadros, painéis, consoles, cabinas, armários e outros suportes com dois ou mais aparelhos das posições 85.35 ou 85.36, para comando elétrico ou distribuição de energia elétrica, incluindo os que incorporem instrumentos ou aparelhos do Capítulo 90, bem como os aparelhos de comando numérico, exceto os aparelhos de comutação da posição 85.17."
"5303",Fibras Têxteis Liberianas,"Juta e outras fibras têxteis liberianas (exceto linho, cânhamo e rami), em bruto ou trabalhadas, mas não fiadas, estopas e desperdícios destas fibras (incluindo os desperdícios de fios e os fiapos)."
DE,PARA,PARA
"4901",Livro,"Livros, brochuras e impressos semelhantes, mesmo em folhas soltas."
"2853",Fosfeto,"Fosfetos, de constituição química definida ou não, exceto ferrofósforos, outros compostos inorgânicos (incluindo as águas destiladas ou de condutibilidade e águas de igual grau de pureza), ar líquido (incluindo o ar líquido cujos gases raros foram eliminados), ar comprimido, amálgamas, exceto de metais preciosos."
"5113",Tecidos De Pelos,Tecidos de pelos grosseiros ou de crina.
"0809","Damasco, Cereja E Similares","Damascos, cerejas, pêssegos (incluindo as nectarinas), ameixas e abrunhos, frescos."
"6812",Amianto Trabalhado,"Amianto trabalhado, em fibras, misturas à base de amianto ou à base de amianto e carbonato de magnésio, obras destas misturas ou de amianto (por exemplo, fios, tecidos, vestuário, chapéus e artigos de uso semelhante, calçado, juntas), mesmo armadas, exceto as das posições 68.11 ou 68.13."
"5902",Telas Para Pneumáticos,"Telas para pneumáticos fabricadas com fios de alta tenacidade de náilon ou de outras poliamidas, de poliésteres ou de raiom viscose."
"8484",Juntas,"Juntas metaloplásticas, jogos ou sortidos de juntas de composições diferentes, apresentados em bolsas, envelopes ou embalagens semelhantes, juntas de vedação mecânicas."
"6804",Mós E Artigos Semelhantes,"Mós e artigos semelhantes, sem armação, para moer, desfibrar, triturar, amolar, polir, retificar ou cortar, pedras para amolar ou para polir, manualmente, e suas partes, de pedras naturais, de abrasivos naturais ou artificiais aglomerados ou de cerâmica, mesmo com partes de outras matérias."
NCM ,"",DESCRIÇÃO  (incluir no Tooltip do item)
"8483",Caixa De Trasmissão,"Árvores (veios) de transmissão (incluindo as árvores de cames e virabrequins (cambotas)) e manivelas, mancais (chumaceiras) e bronzes, engrenagens e rodas de fricção, eixos de esferas ou de roletes, redutores, multiplicadores, caixas de transmissão e variadores de velocidade, incluindo os conversores de torque (binários*), volantes e polias, incluindo as polias para cadernais, embreagens e dispositivos de acoplamento, incluindo as juntas de articulação."
"3105",Adubos Combinados,"Adubos (fertilizantes) minerais ou químicos, que contenham dois ou três dos seguintes elementos fertilizantes: nitrogênio (azoto), fósforo e potássio, outros adubos (fertilizantes), produtos do presente Capítulo apresentados em tabletes ou formas semelhantes, ou ainda em embalagens de peso bruto não superior a 10 kg."
"3407",Massas Ou Pastas Para Modelar,"Massas ou pastas para modelar, incluindo as próprias para recreação de crianças, ceras para odontologia apresentadas em sortidos, em embalagens para venda a retalho ou em plaquetas, ferraduras, bastonetes ou formas semelhantes, outras composições para odontologia à base de gesso."
"8545","Eletrodos, Escovas , Carvões Para Lâmpadas Ou Para Pilhas","Eletrodos de carvão, escovas de carvão, carvões para lâmpadas ou para pilhas e outros artigos de grafita ou de outro carvão, mesmo com metal, para usos elétricos."
"3818",Elementos Químicos Dopados,"Elementos químicos dopados, próprios para utilização em eletrônica, em forma de discos, wafers ou formas análogas, compostos químicos dopados, próprios para utilização em eletrônica."
"4417",Ferramentas De Madeira,"Ferramentas, armações e cabos, de ferramentas, de escovas e de vassouras, de madeira, formas, alargadeiras e esticadores, para calçado, de madeira."
"5603",Falsos Tecidos,"Falsos tecidos (tecidos não tecidos), mesmo impregnados, revestidos, recobertos ou estratificados."
"4407",Madeira Serrada,"Madeira serrada ou fendida longitudinalmente, cortada transversalmente ou desenrolada, mesmo aplainada, lixada ou unida pelas extremidades, de espessura superior a 6 mm."
"0708",Legumes De Vagem,"Legumes de vagem, mesmo com vagem, frescos ou refrigerados."
"2206",Outras Bebidas Fermantadas,"Outras bebidas fermentadas (por exemplo, sidra, perada, hidromel, saquê), misturas de bebidas fermentadas e misturas de bebidas fermentadas com bebidas não alcoólicas, não especificadas nem compreendidas noutras posições."
"5601",Pastas (Ouates) De Matérias Têxteis,"Pastas (ouates) de matérias têxteis e artigos destas pastas (ouates), fibras têxteis de comprimento não superior a 5 mm (tontisses), nós e bolotas (borbotos*) de matérias têxteis."
"8479",Outras Máquinas,"Máquinas e aparelhos mecânicos com função própria, não especificados nem compreendidos noutras posições deste Capítulo."
"6914",Outras Obras De Cerâmica,Outras obras de cerâmica.
"0106",Outros Animais Vivos,Outros animais vivos.
"2915",Ácidos Monocarboxílicos Saturados,"Ácidos monocarboxílicos acíclicos saturados e seus anidridos, halogenetos, peróxidos e peroxiácidos, seus derivados halogenados, sulfonados, nitrados ou nitrosados."
"2830",Sulfetos E Similares,"Sulfetos, polissulfetos, de constituição química definida ou não."
"6602",Sombrinhas e semelhantes,"Guarda-chuvas, sombrinhas, guarda-sóis, bengalas, bengalas-assentos, chicotes, e suas partes - Bengalas, bengalas-assentos, chicotes, pingalins e artigos semelhantes."
"6405",Outro Calçado,Outro calçado.
"3030",Carnes De Peixes Congeladas,"Peixes congelados, exceto os filés (filetes) de peixes e outra carne de peixes da posição 03.04."
"1302",Sucos E Extratos Vegetais,"Sucos e extratos vegetais, matérias pécticas, pectinatos e pectatos, ágar-ágar e outros produtos mucilaginosos e espessantes, derivados dos vegetais, mesmo modificados."
"2501",Sal,"Sal (incluindo o sal de mesa e o sal desnaturado) e cloreto de sódio puro, mesmo em solução aquosa ou adicionados de agentes antiaglomerantes ou de agentes que assegurem uma boa fluidez, água do mar."
"3911",Resinas De Petróleo,"Resinas de petróleo, resinas de cumarona-indeno, politerpenos, polissulfetos, polissulfonas e outros produtos mencionados na Nota 3 do presente Capítulo, não especificados nem compreendidos noutras posições, em formas primárias."
"2924",Compostos De Função Carboxiamida,"Compostos de função carboxiamida, compostos de função amida do ácido carbônico."
"0307",Molusco,"Moluscos, mesmo com concha, vivos, frescos, refrigerados, congelados, secos, salgados ou em salmoura, moluscos, mesmo com concha, defumados (fumados), mesmo cozidos antes ou durante a defumação."
"0206",Miudezas De Animais,"Miudezas comestíveis de animais das espécies bovina, suína, ovina, caprina, cavalar, asinina e muar, frescas, refrigeradas ou congeladas."
"0703",Cebola E Alho,"Cebolas, chalotas, alhos, alhos-porros e outros produtos hortícolas aliáceos, frescos ou refrigerados."
"2403",Outros Produtos De Tabaco,"Outros produtos de tabaco e seus sucedâneos, manufaturados, tabaco homogeneizado ou reconstituído, extratos e molhos de tabaco."
"2821",Óxidos E Hidróxidos ,"Óxidos e hidróxidos de ferro, terras corantes que contenham, em peso, 70 % ou mais de ferro combinado, expresso em Fe2O3."
"7319",Agulhas,"Agulhas de costura, agulhas de tricô, agulhas-passadoras, agulhas de crochê, furadores para bordar e artigos semelhantes, para uso manual, de ferro ou aço, alfinetes de segurança e outros alfinetes, de ferro ou aço, não especificados nem compreendidos noutras posições."
"9505",Artigos Para Festas,"Artigos para festas, carnaval ou outros divertimentos, incluindo os artigos de magia e artigos-surpresa."
"4706",Pastas De Fibras,Pastas de fibras obtidas a partir de papel ou cartão reciclados (desperdícios e resíduos) ou de outras matérias fibrosas celulósicas.
"0910",Gengibre E Especiarias,"Gengibre, açafrão, cúrcuma, tomilho, louro, caril e outras especiarias."
"2602",Minérios Manganês,"Minérios de manganês e seus concentrados, incluindo os minérios de manganês ferruginosos e seus concentrados, de teor de manganês de 20 % ou mais, em peso, sobre o produto seco."
"8306",Objetos De Ornamentação,"Sinos, campainhas, gongos e artigos semelhantes, não elétricos, de metais comuns, estatuetas e outros objetos de ornamentação, de metais comuns, molduras para fotografias, gravuras ou semelhantes, de metais comuns, espelhos de metais comuns."
"3214",Mástiques,"Mástique de vidraceiro, cimentos de resina e outras mástiques, indutos utilizados em pintura, indutos não refratários do tipo utilizado em alvenaria."
"3813",Cargas Para Aparelhos Extintores,"Composições e cargas para aparelhos extintores, granadas e bombas, extintoras."
"8416",Fornalhas,"Queimadores para alimentação de fornalhas de combustíveis líquidos, combustíveis sólidos pulverizados ou de gás, fornalhas automáticas, incluindo as antefornalhas, grelhas mecânicas, descarregadores mecânicos de cinzas e dispositivos semelhantes."
"0602",Outras Plantas Vivas,"Outras plantas vivas (incluindo as suas raízes), estacas e enxertos, micélios de cogumelos."
"0410",Insetos,"Insetos e outros produtos comestíveis de origem animal, não especificados nem compreendidos noutras posições."
"4001",Borracha,"Borracha natural, balata, guta-percha, guaiúle, chicle e gomas naturais análogas, em formas primárias ou em chapas, folhas ou tiras."
"5407",Tecidos De Fios De Filamento,"Tecidos de fios de filamentos sintéticos, incluindo os tecidos obtidos a partir dos produtos da posição 54.04."
"8444",Cortadeiras De Texteis,"Máquinas para extrudar, estirar, texturizar ou cortar matérias têxteis sintéticas ou artificiais."
"3903",Polímeros De Estireno,"Polímeros de estireno, em formas primárias."
"1212","Alfarroba, Algas, Beterraba E Cana","Alfarroba, algas, beterraba sacarina e cana-de-açúcar, frescas, refrigeradas, congeladas ou secas, mesmo em pó, caroços e amêndoas de frutos e outros produtos vegetais (incluindo as raízes de chicória não torradas, da variedade Cichorium intybus sativum) utilizados principalmente na alimentação humana, não especificados nem compreendidos noutras posições."
"7004",Vidro Estirado Ou Soprado,"Vidro estirado ou soprado, em folhas, mesmo com camada absorvente, refletora ou não, mas não trabalhado de outro modo."
"2620",Escória Ferro,"Escórias, cinzas e resíduos (exceto os provenientes da fabricação de ferro fundido, ferro ou aço), que contenham metais, arsênio, ou os seus compostos."
"9029",Outros Contadores,"Outros contadores (por exemplo, contadores de voltas, contadores de produção, taxímetros, totalizadores de caminho percorrido, podômetros), indicadores de velocidade e tacômetros, exceto os das posições 90.14 ou 90.15, estroboscópios."
"3212",Pigmento,"Pigmentos (incluindo os pós e flocos metálicos) dispersos em meios não aquosos, no estado líquido ou pastoso, do tipo utilizado na fabricação de tintas, folhas para marcar a ferro, tinturas e outras matérias corantes apresentadas em formas ou embalagens para venda a retalho."
"1505",Suarda E Substâncias,"Suarda e substâncias gordas dela derivadas, incluindo a lanolina."
"3926",Outras Obras De Plástico,Outras obras de plástico e obras de outras matérias das posições 39.01 a 39.14.
"5209",Tecidos De Algodão,"Tecidos de algodão que contenham pelo menos 85 %, em peso, de algodão, de peso superior a 200 g/m2."
"6203",Ternos,"Ternos (Fatos*), conjuntos, paletós (casacos*), calças, jardineiras, bermudas e shorts (calções) (exceto de banho), de uso masculino."
"0305",Peixe Seco,"Peixes secos, salgados ou em salmoura, peixes defumados (fumados), mesmo cozidos antes ou durante a defumação."
"1404",Outros Produtos Vegetais,Produtos vegetais não especificados nem compreendidos noutras posições.
"2842", Outros Sais De Ácidos,"Outros sais dos ácidos ou peroxoácidos inorgânicos (incluindo os aluminossilicatos de constituição química definida ou não), exceto as azidas."
"4819",Caixa De Papel,"Caixas, sacos, bolsas, cartuchos e outras embalagens, de papel, cartão, pasta (ouate) de celulose ou de mantas de fibras de celulose, cartonagens para escritórios, lojas e estabelecimentos semelhantes."
"7308",Construções E Suas Partes,"Construções e suas partes (por exemplo, pontes e elementos de pontes, comportas, torres, pórticos, pilares, colunas, armações, estruturas para telhados, portas e janelas, e seus caixilhos, alizares e soleiras, portas de correr, balaustradas), de ferro fundido, ferro ou aço, exceto as construções pré-fabricadas da posição 94.06, chapas, barras, perfis, tubos e semelhantes, de ferro fundido, ferro ou aço, próprios para construções."
"8530",Aparelhos Elétricos De Sinalização De Transporte,"Aparelhos elétricos de sinalização (excluindo os de transmissão de mensagens), de segurança, de controle e de comando, para vias férreas ou semelhantes, vias terrestres ou fluviais, para áreas ou parques de estacionamento, instalações portuárias ou para aeródromos (exceto os da posição 86.08)."
"5811",Tecidos especiais,"Tecidos especiais, tecidos tufados, rendas, tapeçarias, passamanarias, bordados - Artigos têxteis matelassês (acolchoados*) em peça, constituídos por uma ou várias camadasdematériastêxteisassociadasaumamatériadeenchimentoou estofamento, acolchoados por qualquer processo, exceto os bordados da posição 58.10."
"2841",Sais De Ácidos,Sais dos ácidos oxometálicos ou peroxometálicos.
"2530",Outras Matérias Minerais,Matérias minerais não especificadas nem compreendidas noutras posições.
"8468",Máquinas Para Soldar,"Máquinas e aparelhos para soldar, mesmo de corte, exceto os da posição 85.15, máquinas e aparelhos a gás, para têmpera superficial."
"7320",Molas,"Molas e folhas de molas, de ferro ou aço."
"8210",Acondicionadores De Alimentos,"Aparelhos mecânicos de acionamento manual, pesando até 10 kg, utilizados para preparar, acondicionar ou servir alimentos ou bebidas."
"3824",Aglutinantes Preparados Para Moldes,"Aglutinantes preparados para moldes ou para núcleos de fundição, produtos químicos e preparações das indústrias químicas ou das indústrias conexas (incluindo os constituídos por misturas de produtos naturais), não especificados nem compreendidos noutras posições."
"3812",Aceleradores De Vulcanização,"Preparações denominadas aceleradores de vulcanização, plastificantes compostos para borracha ou plástico, não especificados nem compreendidos noutras posições, preparações antioxidantes e outros estabilizadores compostos, para borracha ou plástico."
"8443",Máquinas De Impressão,"Máquinas e aparelhos de impressão por meio de placas, cilindros e outros elementos de impressão da posição 84.42, outras impressoras, aparelhos de copiar e aparelhos de telecopiar (fax), mesmo combinados entre si, partes e acessórios."
"9113",Pulseiras De Relógio,"Pulseiras de relógios, e suas partes."
"4817",Envelope,"Envelopes, aerogramas, cartões-postais não ilustrados e cartões para correspondência, de papel ou cartão, caixas, sacos e semelhantes, de papel ou cartão, que contenham um sortido de artigos para correspondência."
"2701",Hulhas E Similares,"Hulhas, briquetes, bolas em aglomerados e combustíveis sólidos semelhantes, obtidos a partir da hulha."
"4820",Livros De Registro,"Livros de registro e de contabilidade, blocos de notas, de encomendas, de recibos, de apontamentos, de papel para cartas, agendas e artigos semelhantes, cadernos, classificadores, encadernações (de folhas soltas ou outras), capas de processos e outros artigos escolares, de escritório ou de papelaria, incluindo os formulários em blocos de papel múltiplas vias, mesmo com folhas intercaladas de papel carbono (papel químico), de papel ou cartão, álbuns para amostras ou para coleções e capas para livros, de papel ou cartão."
"9605",Kits para viagens,"Conjuntos de viagem para toucador de pessoas, para costura ou para limpeza de calçado ou de roupa. "
"4406",Dormentes De Madeira,Dormentes de madeira para vias férreas ou semelhantes.
"8606",Vagões Para Transporte De Mercadorias,Vagões para transporte de mercadorias sobre vias férreas.
"0807","Melão, Melancia E Mamão","Melões, melancias e mamões (papaias), frescos."
"3304",Produtos De Beleza,"Produtos de beleza ou de maquiagem preparados e preparações para conservação ou cuidados da pele (exceto medicamentos), incluindo as preparações antissolares e os bronzeadores, preparações para manicuros e pedicuros."
"4105",Couros Curtidos Ovino,"Peles curtidas ou crust de ovinos, depiladas, mesmo divididas, mas não preparadas de outro modo."
"8521",Aparelhos De Vídeo,"Aparelhos de gravação ou de reprodução de vídeo, mesmo incorporando um receptor de televisão."
"8548",Partes Elétricas De Máquinas,"Partes elétricas de máquinas ou aparelhos, não especificadas nem compreendidas noutras posições do presente Capítulo."
"2101","Extrato De Café, Chá E Mate","Extratos, essências e concentrados de café, chá ou mate e preparações à base destes produtos ou à base de café, chá ou mate, chicória torrada e outros sucedâneos torrados do café e respectivos extratos, essências e concentrados."
"9007",Câmeras E Projetores,"Câmeras e projetores, cinematográficos, mesmo com aparelhos de gravação ou de reprodução de som incorporados."
"7318",Parafuso E Porcas,"Parafusos, pinos ou pernos, roscados, porcas, tira-fundos, ganchos roscados, rebites, chavetas, contrapinos ou troços, arruelas (anilhas) (incluindo as de pressão) e artigos semelhantes, de ferro fundido, ferro ou aço."
"0806",Uvas,Uvas frescas ou secas (passas).
"2825",Hidrazina E Hidroxilamina,"Hidrazina e hidroxilamina, e seus sais inorgânicos, outras bases inorgânicas, outros óxidos, hidróxidos e peróxidos, de metais."
"2804",Hidrogênio,"Hidrogênio, gases raros e outros elementos não metálicos."
"7016",Artigos De Vidro,"Blocos, placas, tijolos, ladrilhos, telhas e outros artigos, de vidro prensado ou moldado, mesmo armado, para construção, cubos, pastilhas e outros artigos semelhantes, de vidro, mesmo com suporte, para mosaicos ou decorações semelhantes, vitrais de vidro, vidro denominado multicelular ou espuma de vidro, em blocos, painéis, chapas e conchas ou formas semelhantes."
"8304",Material de escrtório,"Classificadores, fichários (ficheiros), caixas de classificação, porta-cópias, porta-canetas, porta-carimbos e artigos semelhantes, de escritório, de metais comuns, excluindo os móveis de escritório da posição 94.03.  "
"1301",Goma E Resina,"Goma-laca, gomas, resinas, gomas-resinas e oleorresinas (bálsamos, por exemplo), naturais."
"9615",Pentes,"Pentes, travessas para cabelo e artigos semelhantes, grampos (ganchos) e alfinetes para cabelo, pinças, onduladores, bobes (bigudis*) e artigos semelhantes para penteados, exceto os da posição 85.16, e suas partes."
"3908",Poliamidas,Poliamidas em formas primárias.
"5904",Linóleo,"Linóleos, mesmo recortados, revestimentos para pisos (pavimentos) constituídos por um revestimento ou recobrimento aplicado sobre suporte têxtil, mesmo recortados."
"2817",Óxido De Zinco,"Óxido de zinco, peróxido de zinco."
"6502",Esboços De Chapéus,"Esboços de chapéus, entrançados ou obtidos por reunião de tiras de qualquer matéria, sem copa nem aba enformadas e sem guarnições."
"2007",Doce De Fruta Cozida,"Doces, geleias, marmelades, purês e pastas de fruta, obtidos por cozimento, mesmo com adição de açúcar ou de outros edulcorantes."
"8471",Máquinas Para Processamento De Dados,"Máquinas automáticas para processamento de dados e suas unidades, leitores magnéticos ou ópticos, máquinas para registrar dados em suporte sob forma codificada, e máquinas para processamento desses dados, não especificadas nem compreendidas noutras posições."
"1605",Conservas De Invertebrados,"Crustáceos, moluscos e outros invertebrados aquáticos, preparados ou em conservas."
"9030",Osciloscópio,"Osciloscópios, analisadores de espectro e outros instrumentos e aparelhos para medida ou controle de grandezas elétricas, instrumentos e aparelhos para medida ou detecção de radiações alfa, beta, gama, X, cósmicas ou outras radiações ionizantes."
"7108",Ouro,"Ouro (incluindo o ouro platinado), em formas brutas ou semimanufaturadas, ou em pó."
"8432",Máquinas Agrícola,"Máquinas e aparelhos de uso agrícola, hortícola ou florestal, para preparação ou trabalho do solo ou para cultura, rolos para gramados (relvados) ou para campos de esporte."
"8421",Centrifugadores,"Centrifugadores, incluindo os secadores centrífugos, aparelhos para filtrar ou depurar líquidos ou gases."
"0210",Carnes Secas,"Carnes e miudezas, comestíveis, salgadas ou em salmoura, secas ou defumadas (fumadas), farinhas e pós, comestíveis, de carnes ou de miudezas."
"7213",Fio-Máquina De Ferro,Fio-máquina de ferro ou aço não ligado.
"4801",Papel De Jornal,"Papel de jornal, em rolos ou em folhas."
"1702",Outros Açucares,"Outros açúcares, incluindo a lactose, maltose, glicose e frutose (levulose), quimicamente puras, no estado sólido, xaropes de açúcares, sem adição de aromatizantes ou de corantes, sucedâneos do mel, mesmo misturados com mel natural, açúcares e melaços caramelizados."
"2917",Ácidos Policarboxílicos,"Ácidos policarboxílicos, seus anidridos, halogenetos, peróxidos e peroxiácidos, seus derivados halogenados, sulfonados, nitrados ou nitrosados."
"8408",Motores De Pistão,"Motores de pistão, de ignição por compressão (motores diesel ou semidiesel)."
"8464",Máquinas Para Tratar Pedras,"Máquinas-ferramentas para trabalhar pedra, produtos cerâmicos, concreto (betão), fibrocimento ou matérias minerais semelhantes, ou para o trabalho a frio do vidro."
"2849",Carbonetos,Carbonetos de constituição química definida ou não.
"4303",Vestuário Peles Pelo,"Vestuário, seus acessórios e outros artigos de peles com pelo."
"4416",Barril De Madeira,"Barris, cubas, balsas, dornas, selhas e outras obras de tanoeiro e respectivas partes de madeira, incluindo as aduelas."
"2529","Feldspato, Leucita E Similares","Feldspato, leucita, nefelina e nefelina-sienito, espatoflúor."
"8207",Ferramentas Para Ferramentas,"Ferramentas intercambiáveis para ferramentas manuais, mesmo mecânicas, ou para máquinas ferramentas (por exemplo, de embutir, estampar, puncionar, roscar (incluindo atarraxar), furar, escarear, mandrilar, brochar, fresar, tornear, aparafusar), incluindo as fieiras de estiramento ou de extrusão, para metais, e as ferramentas de perfuração ou de sondagem."
"0102",Bovinos Vivos,Animais vivos da espécie bovina.
"6304",Outros Artigos De Interiores,"Outros artigos para guarnição de interiores, exceto os da posição 94.04."
"0903",Mate,Mate.
"9405",Luminárias,"Luminárias e aparelhos de iluminação (incluindo os projetores), e suas partes, não especificados nem compreendidos noutras posições, anúncios, cartazes ou tabuletas e placas indicadoras, luminosos, e artigos semelhantes, que contenham uma fonte luminosa fixa permanente, e suas partes não especificadas nem compreendidas noutras posições."
"5608",Redes De Malhas Com Nós,"Redes de malhas com nós, em panos ou em peça, obtidas a partir de cordéis, cordas ou cabos, redes confeccionadas para a pesca e outras redes confeccionadas, de matérias têxteis."
"2503",Enxofre,"Enxofre de qualquer espécie, exceto o enxofre sublimado, o precipitado e o coloidal."
"8410",Turbinas Hidráulicas,"Turbinas hidráulicas, rodas hidráulicas, e seus reguladores."
"5511",Fios De Fibras,"Fios de fibras sintéticas ou artificiais, descontínuas (exceto linhas para costurar), acondicionados para venda a retalho."
"5803",Tecidos Gaze,"Tecidos em ponto de gaze, exceto os artigos da posição 58.06."
"8433",Colhedeiras,"Máquinas e aparelhos para colheita ou debulha de produtos agrícolas, incluindo as enfardadeiras de palha ou forragem, cortadores de grama (relva) e ceifeiras, máquinas para limpar ou selecionar ovos, fruta ou outros produtos agrícolas, exceto as da posição 84.37."
"8451",Maquinas Para Tratar Tecido,"Máquinas e aparelhos (exceto as máquinas da posição 84.50) para lavar, limpar, espremer, secar, passar, prensar (incluindo as prensas de transferência térmica ou de fusão), branquear, tingir, para apresto e acabamento, para revestir ou impregnar fios, tecidos ou obras de matérias têxteis e máquinas para revestir tecidos-base ou outros suportes utilizados na fabricação de revestimentos para pisos (pavimentos), tais como linóleo, máquinas para enrolar, desenrolar, dobrar, cortar ou dentear tecidos."
"2706",Alcatrões,"Alcatrões de hulha, de linhita ou de turfa e ou trosal catrões minerais, mesmo desidratados ou parcialmente destilados, incluindo os alcatrões reconstituídos."
"2933",Compostos Heterocíclicos,Compostos heterocíclicos exclusivamente de heteroátomo(s) de nitrogênio (azoto).
"2614",Minérios De Titânio ,Minérios de titânio e seus concentrados.
"0603",Flores E Botões,"Flores e botões de flores, cortados, para buquês (ramos*) ou para ornamentação, frescos, secos, branqueados, tingidos, impregnados ou preparados de outro modo."
"7325",Outras Obras Moldadas De Ferro,"Outras obras moldadas, de ferro fundido, ferro ou aço."
"3922",Banheira,"Banheiras, boxes para chuveiros (polibãs*), pias, lavatórios, bidés, sanitários e seus assentos e tampas, caixas de descarga (autoclismos*) e artigos semelhantes para usos sanitários ou higiênicos, de plástico."
"5802",Tecidos Atoalhados,"Tecidos atoalhados (turcos), exceto os artigos da posição 58.06, tecidos tufados, exceto os artigos da posição 57.03."
"6305",Sacos Embalagem,"Sacos de quaisquer dimensões, para embalagem."
"7322",Radiadores Para Aquecimento Central,"Radiadores para aquecimento central, não elétricos, e suas partes, de ferro fundido, ferro ou aço, geradores e distribuidores de ar quente (incluindo os distribuidores que possam também funcionar como distribuidores de ar frio ou condicionado), não elétricos, munidos de ventilador ou fole com motor, e suas partes, de ferro fundido, ferro ou aço."
"5102",Pelos ,"Pelos finos ou grosseiros, não cardados nem penteados."
"8806",Veículos Aéreos,Veículos aéreos (aeronaves) não tripulados.
"4503",Obras De Cortiça Natural,Obras de cortiça natural.
"7228",Barras E Perfis,"Barras e perfis, de outras ligas de aço, barras ocas para perfuração, de ligas de aço ou de aço não ligado."
"6309",Artigos De Matérias Têxteis Usados,"Artigos de matérias têxteis e artigos de uso semelhante, usados."
"8424",Extintores,"Aparelhos mecânicos (mesmo manuais) para projetar, dispersar ou pulverizar líquidos ou pós, extintores, mesmo carregados, pistolas aerográficas e aparelhos semelhantes, máquinas e aparelhos de jato de areia, de jato de vapor e aparelhos de jato semelhantes."
"7605",Fios De Alumínio,Fios de alumínio.
"7307",Acessórios Para Tubos,"Acessórios para tubos (por exemplo, uniões, cotovelos, luvas (mangas*)), de ferro fundido, ferro ou aço."
"3804",Lixívias Residuais,"Lixívias residuais da fabricação das pastas de celulose, mesmo concentradas, desaçucaradas ou tratadas quimicamente, incluindo os lignossulfonatos, mas excluindo o tall oil da posição 38.03."
"8311",Fios Para Soldadura,"Fios, varetas, tubos, chapas, eletrodos e artigos semelhantes, de metais comuns ou de carbonetos metálicos, revestidos interior ou exteriormente de decapantes ou de fundentes, para soldadura ou depósito de metal ou de carbonetos metálicos, fios e varetas, de pós de metais comuns aglomerados, para metalização por projeção."
"1207",Outras Sementes E Oleaginosos,"Outras sementes e frutos oleaginosos, mesmo triturados."
"8482",Rolamentos,"Rolamentos de esferas, de roletes ou de agulhas."
"7607",Folha De Alumínio,"Folhas e tiras, delgadas, de alumínio (mesmo impressas ou com suporte de papel, cartão, plástico ou semelhantes), de espessura não superior a 0,2 mm (excluindo o suporte)."
"8532",Condensadores Elétricos,"Condensadores elétricos, fixos, variáveis ou ajustáveis."
"8701",Tratores,Tratores (exceto os carros-tratores da posição 87.09).
"6801",Pedras para pavimento,"Pedras para calcetar, meios-fios (lancis) e placas (lajes) para pavimentação, de pedra natural (exceto a ardósia).  "
"4906","Planos, plantas e desenhos","Planos, plantas e desenhos, de arquitetura, de engenharia e outros planos e desenhos industriais, comerciais, topográficos ou semelhantes, originais, feitos à mão, textos manuscritos, reproduções fotográficas em papel sensibilizado e cópias a papel-carbono (papel químico) dos planos, plantas, desenhos ou textos acima referidos.  "
"3817",Misturas De Alquilbenzeno,"Misturas de alquilbenzenos ou de alquilnaftalenos, exceto as das posições 27.07 ou 29.02."
"2505",Areias ,"Areias naturais de qualquer espécie, mesmo coradas, exceto areias metalíferas do Capítulo 26."
"9108",Mecanismos De Relógios,"Mecanismos de pequeno volume para relógios, completos e montados."
"2836",Carbonatos E Similares,"Carbonatos, peroxocarbonatos (percarbonatos), carbonato de amônio comercial que contenha carbamato de amônio."
"2906",Álcoois Cíclicos,"Álcoois cíclicos e seus derivados halogenados, sulfonados, nitrados ou nitrosados."
"2004",Outros Hotículas Preparados Congelados,"Outros produtos hortícolas preparados ou conservados, exceto em vinagre ou em ácido acético, congelados, com exceção dos produtos da posição 20.06."
"9103",Despertadores,"Despertadores e outros relógios, com mecanismo de pequeno volume."
"3074",Sépias E Lulas,"- Sépias (Chocos*) (Chocos e chopos*), lulas (potas e lulas*):"
"5512",Tecidos De Fibras,"Tecidos de fibras sintéticas descontínuas, que contenham pelo menos 85 %, em peso, destas fibras."
"5101",Lã ,Lã não cardada nem penteada.
"6002",Tecidos Malha,"Tecidos de malha de largura não superior a 30 cm, que contenham, em peso, 5 % ou mais de fios de elastômeros ou de fios de borracha, exceto os da posição 60.01."
"4302",Peles Com Pelo Curtidas,"Peles com pelo curtidas ou acabadas (incluindo as cabeças, caudas, patas e outras partes, desperdícios e aparas), não reunidas (não montadas) ou reunidas (montadas) sem adição de outras matérias, com exceção das da posição 43.03."
"9019",Outros Aparelhos Respiratórios,"Aparelhos de mecanoterapia, aparelhos de massagem, aparelhos de psicotécnica, aparelhos de ozonoterapia, de oxigenoterapia, de aerossolterapia, aparelhos respiratórios de reanimação e outros aparelhos de terapia respiratória."
"5514",Tecidos De Fibras Sintéticas,"Tecidos de fibras sintéticas descontínuas, que contenham menos de 85 %, em peso, destas fibras, combinados, principal ou unicamente, com algodão, de peso superior a 170 g/m2."
"2844",Elementos Radioativos,"Elementos químicos radioativos e isótopos radioativos (incluindo os elementos químicos e isótopos físseis (cindíveis) ou férteis), e seus compostos, misturas e resíduos que contenham esses produtos."
"4421",Outras Obras Em Madeira,Outras obras em madeira.
"9601",Marfim,"Marfim, osso, carapaça de tartaruga, chifre, pontas, coral, madrepérola e outras matérias animais para entalhar, trabalhados, e suas obras (incluindo as obras obtidas por moldagem)."
"2942",Outros Compostos Orgânicos,Outros compostos orgânicos
"8208",Laminas Para Máquinas,"Facas e lâminas cortantes, para máquinas ou para aparelhos mecânicos."
"4202","Baús (Arcas) Para Viagem, Malas E Maletas,","Baús (arcas) para viagem, malas e maletas, incluindo as maletas de toucador e as maletas e pastas de documentos e para estudantes, os estojos para óculos, binóculos, câmeras fotográficas e de filmar, instrumentos musicais, armas e artigos semelhantes, sacos de viagem, sacos isolantes para gêneros alimentícios e bebidas, bolsas de toucador, mochilas, bolsas, sacolas (sacos para compras), carteiras, porta-moedas, porta-cartões, cigarreiras, tabaqueiras, estojos para ferramentas, bolsas e sacos para artigos de esporte, estojos para frascos ou para joias, caixas para pó de arroz, estojos para ourivesaria e artigos semelhantes, de couro natural ou reconstituído, de folhas de plástico, de matérias têxteis, de fibra vulcanizada ou de cartão, ou recobertos, no todo ou na maior parte, dessas mesmas matérias ou de papel."
"6906",Carrinhos transporte criança,"Carrinhos e veículos semelhantes para transporte de crianças, e suas partes.  "
"9031",Máquinas De Medida,"Instrumentos, aparelhos e máquinas de medida ou controle, não especificados nem compreendidos noutras posições do presente Capítulo, projetores de perfis."
"5702",Tapetes,"Tapetes e outros revestimentos para pisos (pavimentos), de matérias têxteis, tecidos, não tufados nem flocados, mesmo confeccionados, incluindo os tapetes denominados Kelim ou Kilim, Schumacks ou Soumak, Karamanie e tapetes semelhantes tecidos à mão."
"9003",Armações Para Óculos,"Armações para óculos e artigos semelhantes, e suas partes."
"2820",Óxidos De Manganês,Óxidos de manganês.
"2814",Amoníaco Anidro,Amoníaco anidro ou em solução aquosa (amônia).
"2613",Minérios De Molibdênio,Minérios de molibdênio e seus concentrados.
"7219",Produtos Laminados Planos De Aço Inoxidável,"Produtos laminados planos de aço inoxidável, de largura igual ou superior a 600 mm."
"3603",Estopins E Rastilhos,"Estopins e rastilhos, de segurança, cordéis (cordões) detonantes, escorvas e cápsulas fulminantes, inflamadores, detonadores elétricos."
"2507",Caulim Outras Argilas,"Caulim (caulino) e outras argilas caulínicas, mesmo calcinados."
"7505",Fios De Níquel,"Barras, perfis e fios, de níquel."
"2008",Fruta Preparada,"Fruta e outras partes comestíveis de plantas, preparadas ou conservadas de outro modo, mesmo com adição de açúcar ou de outros edulcorantes ou de álcool, não especificadas nem compreendidas noutras posições."
"7609",Acessórios Para Tubos De Alumínio,Acessórios para tubos de alumínio.
"7501",Intermediários Do Níquel,"Mates de níquel, sinters de óxidos de níquel e outros produtos intermediários da metalurgia do níquel."
"3913",Polímeros Naturais,"Polímeros naturais (ácido algínico, por exemplo) e polímeros naturais modificados (por exemplo, proteínas endurecidas, derivados químicos da borracha natural), não especificados nem compreendidos noutras posições, em formas primárias."
"7901",Zinco,Zinco em formas brutas.
"9208",Instrumentos De Boca,"Caixas de música, órgãos mecânicos de feira, realejos, pássaros cantores mecânicos, serrotes musicais e outros instrumentos musicais não especificados noutra posição do presente Capítulo, chamarizes de qualquer tipo, apitos, berrantes (cornetas*) e outros instrumentos, de boca, para chamada ou sinalização."
"6112",Roupas Para Esporte,"Abrigos (Fatos de treino*) para esporte, macacões (fatos-macacos*) e conjuntos, de esqui, maiôs (fatos de banho*), biquínis, shorts (calções) e sungas (slips), de banho, de malha."
"2936",Provitaminas E Vitaminas,"Provitaminas e vitaminas, naturais ou reproduzidas por síntese (incluindo os concentrados naturais), bem como os seus derivados utilizados principalmente como vitaminas, misturados ou não entre si, mesmo em quaisquer soluções."
"2938",Heterosídeo,"Heterosídeos, naturais ou reproduzidos por síntese, seus sais, éteres, ésteres e outros derivados."
"1101",Farinha De Trigo,Farinhas de trigo ou de mistura de trigo com centeio (méteil).
"8435",Prensas,"Prensas, esmagadores e máquinas e aparelhos semelhantes, para fabricação de vinho, sidra, sucos (sumos) de fruta ou bebidas semelhantes."
"7017", Artigos De Vidro,"Artigos de vidro para laboratório, higiene ou farmácia, mesmo graduados ou calibrados."
"2002",Tomate Preparado,"Tomates preparados ou conservados, exceto em vinagre ou em ácido acético."
"2805",Metais Alcalinos,"Metais alcalinos ou alcalinoterrosos, metais de terras raras, escândio e ítrio, mesmo misturados ou ligados entre si, mercúrio."
"3919",Fitas Adesivas,"Chapas, folhas, tiras, fitas, películas e outras formas planas, autoadesivas, de plástico, mesmo em rolos."
"8441",Outras Máquinas Para Papel,"Outras máquinas e aparelhos para o trabalho de pasta de papel, papel ou cartão, incluindo as cortadeiras de qualquer tipo."
"8608",Material Fixo De Vias Férreas,"Material fixo de vias férreas ou semelhantes, aparelhos mecânicos (incluindo os eletromecânicos) de sinalização, de segurança, de controle ou de comando para vias férreas ou semelhantes, rodoviárias ou fluviais, para áreas ou parques de estacionamento, instalações portuárias ou para aeródromos, suas partes."
"1103",Grumos E Sêmolas,"Grumos, sêmolas e pellets, de cereais."
"0203",Carnes De Suínos,"Carnes de animais da espécie suína, frescas, refrigeradas ou congeladas."
"2204",Vinhos,"Vinhos de uvas frescas, incluindo os vinhos enriquecidos com álcool, mostos de uvas, excluindo os da posição 20.09."
"6307",Outros Artigos Confeccionados,"Outros artigos confeccionados, incluindo os moldes para vestuário."
"3905",Polímeros De Acetato,"Polímeros de acetato de vinila ou de outros ésteres de vinila, em formas primárias, outros polímeros de vinila, em formas primárias."
"1803",Pasta De Cacau,"Pasta de cacau, mesmo desengordurada."
"1002",Centeio,Centeio.
"3702",Filmes Fotográficos ,"Filmes fotográficos sensibilizados, não impressionados, em rolos, de matérias diferentes do papel, cartão ou dos têxteis, filmes fotográficos de revelação e cópia instantâneas, em rolos, sensibilizados, não impressionados."
"2711",Gás De Petroleo,Gás de petróleo e outros hidrocarbonetos gasosos.
"2517",Cascalho,"Calhaus, cascalho, pedras britadas, do tipo normalmente utilizado em concreto (betão) ou para empedramento de estradas, de vias férreas ou outros balastros, seixos rolados e sílex, mesmo tratados termicamente, macadame de escórias de altos-fornos, de outras escórias ou de resíduos industriais semelhantes, mesmo que contenham matérias incluídas na primeira parte do texto desta posição, tarmacadame, grânulos, lascas e pós, das pedras das posições 25.15 ou 25.16, mesmo tratados termicamente."
"8527",Aparelhos Receptores Para Radiodifusão,"Aparelhos receptores para radiodifusão, mesmo combinados num mesmo invólucro, com um aparelho de gravação ou de reprodução de som, ou com um relógio."
"1514",Óleos Nabo E Colza,"Óleos de nabo silvestre, de colza ou de mostarda, e respectivas frações, mesmo refinados, mas não quimicamente modificados."
"8420",Calandras E Laminadores,"Calandras e laminadores, exceto os destinados ao tratamento de metais ou vidro, e seus cilindros."
"4702",Pastas de Madeira,"Pastas de madeira ou de outras matérias fibrosas celulósicas, papel ou cartão de reciclar (desperdícios e aparas) - Pastas químicas de madeira, para dissolução."
"9001",Fibras Ópticas,"Fibras ópticas e feixes de fibras ópticas, cabos de fibras ópticas, exceto os da posição 85.44, matériaspolarizantes em folhas ou em placas, lentes (incluindo as de contato), prismas, espelhos e outros elementos de óptica, de qualquer matéria, não montados, exceto os de vidro não trabalhado opticamente."
"8603",Litorinas,"Litorinas (automotoras), mesmo para circulação urbana, exceto as da posição 86.04."
"4413",Madeira densificada,"Madeira densificada, em blocos, pranchas, lâminas ou perfis.  "
"7009",Espelhos De Vidro,"Espelhos de vidro, mesmo emoldurados, incluindo os espelhos retrovisores."
"0304",Files De Peixe,"Filés (filetes) de peixes e outra carne de peixes (mesmo picada), frescos, refrigerados ou congelados."
"9610",Lousas e quadros,"Lousas e quadros para escrever ou desenhar, mesmo emoldurados.  "
"5513",Tecidos De Fibras Sintéticas,"Tecidos de fibras sintéticas descontínuas, que contenham menos de 85 %, em peso, destas fibras, combinados, principal ou unicamente, com algodão, de peso não superior a 170 g/m2."
"4005",Borracha Misturada,"Borracha misturada, não vulcanizada, em formas primárias ou em chapas, folhas ou tiras."
"4802",Papel E Cartão,"Papel e cartão, não revestidos, do tipo utilizado para escrita, impressão ou outros fins gráficos, e papel e cartão para fabricar cartões ou tiras perfurados, não perfurados, em rolos ou em folhas de forma quadrada ou retangular, de qualquer dimensão, com exclusão do papel das posições 48.01 ou 48.03, papel e cartão feitos à mão (folha a folha)."
"0408",Ovos De Aves Sem Cascas,"Ovos de aves, sem casca, e gemas de ovos, frescos, secos, cozidos em água ou vapor, moldados, congelados ou conservados de outro modo, mesmo adicionados de açúcar ou de outros edulcorantes."
"8707",Carroçarias ,"Carroçarias para os veículos automóveis das posições 87.01 a 87.05, incluindo as cabinas."
"3307",Preparações Para Barbear,"Preparações para barbear (antes, durante ou após), desodorantes (desodorizantes) corporais, preparações para banhos, depilatórios, outros produtos de perfumaria ou de toucador preparados e outras preparações cosméticas, não especificados nem compreendidos noutras posições, desodorantes (desodorizantes) de ambiente, preparados, mesmo não perfumados, mesmo com propriedades desinfetantes."
"3082",Ouriços-Do-Mar,"- Ouriços-do-mar (Strongylocentrotus spp., Paracentrotus lividus, Loxechinus albus, Echinus esculentus):"
"7203",Produtos Ferrosos,"Produtos ferrosos obtidos por redução direta dos minérios de ferro e outros produtos ferrosos esponjosos, em pedaços, esferas ou formas semelhantes, ferro de pureza mínima, em peso, de 99,94 %, em pedaços, esferas ou formas semelhantes."
"0101",Cavalos E Similares,"Cavalos, asininos e muares, vivos."
"2610",Minério Cromo,Minérios de cromo e seus concentrados.
"7211","Produtos Laminados Planos, De Ferro Ou Aço Não Ligado","Produtos laminados planos, de ferro ou aço não ligado, de largura inferior a 600 mm, não folheados ou chapeados, nem revestidos."
"5406",Fios De Filamentos Retalho,"Fios de filamentos sintéticos ou artificiais (exceto linhas para costurar), acondicionados para venda a retalho."
"8604",Veículos Manutenção De Vias Férreas,"Veículos para inspeção e manutenção de vias férreas ou semelhantes, mesmo autopropulsados (por exemplo, vagões-oficinas, vagões-guindastes, vagões equipados com batedores de balastro, alinhadores de vias, viaturas para testes e dresinas)."
"4013",Câmaras De Ar De Borracha,Câmaras de ar de borracha.
"2808",Ácido Nítrico,"Ácido nítrico, ácidos sulfonítricos."
"2807",Ácido Sulfúrico,"Ácido sulfúrico, ácido sulfúrico fumante (óleum)."
"8538",Partes De Circuitos Elétricos,"Partes reconhecíveis como exclusiva ou principalmente destinadas aos aparelhos das posições 85.35, 85.36 ou 85.37."
"2106",Outros Preparados Alimentícios,Preparações alimentícias não especificadas nem compreendidas noutras posições.
"5307",Fios De Juta,Fios de juta ou de outras fibras têxteis liberianas da posição 53.03.
"2714",Betumes E Asfaltos,"Betumes e asfaltos, naturais, xistos e areias betuminosos, asfaltitas e rochas asfálticas."
"8007",Obras De Estanho,Outras obras de estanho.
"2923",Sais E Hidróxidos De Amônio Quaternários,"Sais e hidróxidos de amônio quaternários, lecitinas e outros fosfoaminolipídios, de constituição química definida ou não."
"5212",Outros Tecidos De Algodão,Outros tecidos de algodão.
"4102",Couro Ovino,"Peles em bruto de ovinos (frescas ou salgadas, secas, tratadas pela cal, piqueladas ou conservadas de outro modo, mas não curtidas, nem apergaminhadas, nem preparadas de outro modo), mesmo depiladas ou divididas, com exceção das excluídas pela Nota 1 c) do presente Capítulo."
"0908",Noz-Moscada,"Noz-moscada, macis, amomos e cardamomos."
"5401",Linhas Para Costurar,"Linhas para costurar de filamentos sintéticos ou artificiais, mesmo acondicionadas para venda a retalho."
"4704",Pastas Químicas De Madeira,"Pastas químicas de madeira, ao bissulfito, exceto pastas para dissolução."
"9023",Instrumentos para Demonstração,"Instrumentos, aparelhos e modelos, concebidos para demonstração (por exemplo, no ensino e nas exposições), não suscetíveis de outros usos"
"3920",Outras Fitas Adesivas,"Outras chapas, folhas, películas, tiras e lâminas, de plástico não alveolar, não reforçadas nem estratificadas, sem suporte, nem associadas de forma semelhante a outras matérias."
"0302",Carnes De Peixes Frescas,"Peixes frescos ou refrigerados, exceto os filés (filetes) de peixes e outra carne de peixes da posição 03.04."
"0604",Folhagem,"Folhagem, folhas, ramos e outras partes de plantas, sem flores nem botões de flores, e ervas, musgos e líquenes, para buquês (ramos de flores*) ou para ornamentação, frescos, secos, branqueados, tingidos, impregnados ou preparados de outro modo."
"5310",Tecidos De Juta ,Tecidos de juta ou de outras fibras têxteis liberianas da posição 53.03.
"0406",Queijos E Requeijão,Queijos e requeijão.
"2309",Preparações Para Animais,Preparações do tipo utilizado na alimentação de animais.
"7209","Produtos Laminados Planos, De Ferro Ou Aço Não Ligado","Produtos laminados planos, de ferro ou aço não ligado, de largura igual ou superior a 600 mm, laminados a frio, não folheados ou chapeados, nem revestidos."
"8309","Rolhas, Tampas Para Garrafas","Rolhas, tampas e cápsulas para garrafas (incluindo as cápsulas de coroa, as rolhas e cápsulas, de rosca, e as rolhas vertedoras), batoques ou tampões roscados, protetores de batoques ou de tampões, selos de garantia e outros acessórios para embalagem, de metais comuns."
"6114",Outro Vestuário Malha,Outro vestuário de malha.
"6913",Objetos De Ornamentação De Cerâmica,"Estatuetas e outros objetos de ornamentação, de cerâmica."
"8546",Isoladores Elétricos,Isoladores elétricos de qualquer matéria.
"9404",Peças Para Camas,"Suportes para camas (somiês), colchões, edredões, almofadas, pufes, travesseiros e artigos semelhantes, equipados com molas ou guarnecidos interiormente de quaisquer matérias, compreendendo esses artigos de borracha alveolar ou de plástico alveolar, mesmo recobertos."
"4002",Borracha Sintética,"Borracha sintética e borracha artificial derivada dos óleos, em formas primárias ou em chapas, folhas ou tiras, misturas dos produtos da posição 40.01 com produtos da presente posição, em formas primárias ou em chapas, folhas ou tiras."
"2009",Suco De Fruta Ou Hotícula,"Sucos (sumos) de fruta (incluindo os mostos de uvas e a água de coco) ou de produtos hortícolas, não fermentados, sem adição de álcool, mesmo com adição de açúcar ou de outros edulcorantes."
"4103",Couros Não Curtidos,"Outros couros e peles em bruto (frescos ou salgados, secos, tratados pela cal, piquelados ou conservados de outro modo, mas não curtidos, nem apergaminhados, nem preparados de outro modo), mesmo depilados ou divididos, com exceção dos excluídos pelas Notas 1 b) ou 1 c) do presente Capítulo."
"4409",Madeira Perfilada,"Madeira (incluindo os tacos e frisos de parquê, não montados) perfilada (com espigas, ranhuras, filetes, entalhes, chanfrada, com juntas em V, com cercadura, boleada ou semelhantes) ao longo de uma ou mais bordas, faces ou extremidades, mesmo aplainada, lixada ou unida pelas extremidades."
"2907",Fenóis E Similares,"Fenóis, fenóis-álcoois."
"2801","Flúor, Cloro, Bromo , Iodo","Flúor, cloro, bromo e iodo."
"2824",Óxidos  Chumbo,"Óxidos de chumbo, mínio (zarcão) e mínio-laranja (mine-orange)."
"2816",Hidróxido De Magnésio,"Hidróxido e peróxido de magnésio, óxidos, hidróxidos e peróxidos, de estrôncio ou de bário."
"7216",Perfis De Ferro Ou Aço Não Ligado,Perfis de ferro ou aço não ligado.
"7412",Acessórios Tubos De Cobre,"Acessórios para tubos (por exemplo, uniões, cotovelos, luvas (mangas*)), de cobre."
"0507",Marfim E Carapaças,"Marfim, carapaças de tartaruga, barbas, incluindo as franjas, de baleia ou de outros mamíferos marinhos, chifres, galhadas, cascos, unhas, garras e bicos, em bruto ou simplesmente preparados, mas não cortados em forma determinada, pós e desperdícios destas matérias."
"2209",Vinagres,"Vinagres e seus sucedâneos obtidos a partir do ácido acético, para uso alimentar."
"3402",Agentes Orgânicos De Superfície,"Agentes orgânicos de superfície (exceto sabões), preparações tensoativas, preparações para lavagem (incluindo as preparações auxiliares para lavagem) e preparações para limpeza, mesmo que contenham sabão, exceto as da posição 34.01."
"4707",Papel Ou Cartão Para Reciclar,Papel ou cartão para reciclar (desperdícios e resíduos).
"4404",Estacas De Madeira,"Arcos de madeira, estacas fendidas, estacas aguçadas, não serradas longitudinalmente, madeira simplesmente desbastada ou arredondada, não torneada, não recurvada nem trabalhada de qualquer outro modo, para fabricação de bengalas, guarda-chuvas, cabos de ferramentas e semelhantes, madeira em fasquias, lâminas, fitas e semelhantes."
"9027",Aparelhos Para Análises Físicas Ou Químicas,"Instrumentos e aparelhos para análises físicas ou químicas (por exemplo, polarímetros, refratômetros, espectrômetros, analisadores de gás ou de fumaça (fumos)), instrumentos e aparelhos para ensaios de viscosidade, porosidade, dilatação, tensão superficial ou semelhantes ou para medidas calorimétricas, acústicas ou fotométricas (incluindo os indicadores de tempo de exposição), micrótomos."
"7317",Tachas E Pregos,"Tachas, pregos, percevejos, escápulas (pregos para tacos), grampos ondulados ou biselados e artigos semelhantes, de ferro fundido, ferro ou aço, mesmo com a cabeça de outra matéria, exceto cobre."
"6704",Peruca,"Perucas, barbas, sobrancelhas, pestanas, madeixas e artigos semelhantes, de cabelo, pelos ou de matérias têxteis, outras obras de cabelo não especificadas nem compreendidas noutras posições."
"3807",	Tesouras e suas lâminas.  ,	Tesouras e suas lâminas.  
"7615",Artigos De Cozinha Alumínio,"Serviços de mesa, artigos de cozinha e outros artigos de uso doméstico, e suas partes, de alumínio, esponjas, esfregões, luvas e artigos semelhantes, para limpeza, polimento ou usos semelhantes, de alumínio, artigos de higiene ou de toucador, e suas partes, de alumínio."
"8716",Reboques E Semirreboque,"Reboques e semirreboques, para quaisquer veículos, outros veículos não autopropulsados, suas partes."
"7306",Outros Tubos E Perfis Ocos,"Outros tubos e perfis ocos (por exemplo, soldados, rebitados, grampeados ou com as bordas simplesmente aproximadas), de ferro ou aço."
"9201",Piano De Corda,"Pianos, mesmo automáticos, cravos e outros instrumentos de cordas, com teclado."
"8711",Motocicletas,"Motocicletas (incluindo os ciclomotores) e outros ciclos equipados com motor auxiliar, mesmo com carro lateral, carros laterais."
"4804",Papel E Cartão Kraft,"Papel e cartão, Kraft, não revestidos, em rolos ou em folhas, exceto os das posições 48.02 e 48.03."
"5705",tapetes e revestimentos para pisos,"Outros tapetes e revestimentos para pisos (pavimentos), de matérias têxteis, mesmo confeccionados.   "
"2852",Mecúrio,"Compostos, inorgânicos ou orgânicos, de mercúrio, de constituição química definida ou não, exceto as amálgamas."
"7613",Recipientes de Alumínio,"Alumínio e suas obras - Recipientes para gases comprimidos ou liquefeitos, de alumínio."
"7002",Vidro Em Esferas,"Vidro em esferas (exceto as microsferas da posição 70.18), barras, varetas ou tubos, não trabalhado."
"7903",Pó De Zinco,"Poeiras, pós e escamas, de zinco."
"8202",Serras Manuais,"Serras manuais, folhas de serras de qualquer tipo (incluindo as fresas-serras e as folhas não dentadas para serrar)."
"7104",Pedras Sintéticas,"Pedras sintéticas ou reconstituídas, mesmo trabalhadas ou combinadas, mas não enfiadas, nem montadas, nem engastadas, pedras sintéticas ou reconstituídas, não combinadas, enfiadas temporariamente para facilidade de transporte."
"0402",Leite E Creme De Leite Adicionados,"Leite e creme de leite (nata), concentrados ou adicionados de açúcar ou de outros edulcorantes."
"8541",Dispositivos Semicondutores,"Dispositivos semicondutores (por exemplo, diodos, transistores, transdutores à base de semicondutores), dispositivos fotossensíveis semicondutores, incluindo as células fotovoltaicas, mesmo montadas em módulos ou em painéis, diodos emissores de luz (LED), mesmo montados com outros diodos emissores de luz (LED), cristais piezelétricos montados."
"5302",Cânhamo,"Cânhamo (Cannabis sativa L.), em bruto ou trabalhado, mas não fiado, estopas e desperdícios de cânhamo (incluindo os desperdícios de fios e os fiapos)."
"7418", Outros Artigos De Uso Doméstico De Cobre,"Serviços de mesa, artigos de cozinha e outros artigos de uso doméstico, e suas partes, de cobre, esponjas, esfregões, luvas e artigos semelhantes, para limpeza, polimento ou usos semelhantes, de cobre, artigos de higiene ou de toucador, e suas partes, de cobre."
"7224",Outras Ligas De Aço,"Outras ligas de aço, em lingotes ou outras formas primárias, produtos semimanufaturados, de outras ligas de aço."
"9205",Instrumentos Musicais De Sopro,"Instrumentos musicais de sopro (por exemplo, órgãos de tubos e teclado, acordeões, clarinetes, trompetes, gaitas de foles), exceto os órgãos mecânicos de feira e os realejos."
"7010",Embalagens Tubulares,"Garrafões, garrafas, frascos, boiões, vasos, embalagens tubulares, ampolas e outros recipientes de vidro próprios para transporte ou embalagem, boiões de vidro para conservas, rolhas, tampas e outros dispositivos para fechar recipientes, de vidro."
"2104",Preparados Para Caldos E Sopas,"Preparações para caldos e sopas, caldos e sopas preparados, preparações alimentícias compostas homogeneizadas."
"4602",Obras De Cestaria,"Obras de cestaria obtidas diretamente na sua forma a partir de matérias para entrançar ou fabricadas com artigos da posição 46.01, obras de bucha (lufa*)."
"5208",Tecidos De Algodão,"Tecidos de algodão que contenham pelo menos 85 %, em peso, de algodão, de peso não superior a 200 g/m2."
"2912",Aldeído,"Aldeídos, mesmo que contenham outras funções oxigenadas, polímeros cíclicos dos aldeídos, paraformaldeído."
"7106",Prata,"Prata (incluindo a prata dourada ou platinada), em formas brutas ou semimanufaturadas, ou em pó."
"6904",Tijolos Para Construção,"Tijolos para construção, tijoleiras, tapa-vigas e produtos semelhantes, de cerâmica."
"8113",Cermets,"Cermets e suas obras, incluindo os desperdícios e resíduos, e sucata."
"7316",Âncoras,"Obras de ferro fundido, ferro ou aço - Âncoras, fateixas, e suas partes, de ferro fundido, ferro ou aço."
"7113",Artigos De Joalheria,"Artigos de joalheria e suas partes, de metais preciosos ou de metais folheados ou chapeados de metais preciosos (plaquê)."
"3917",Tubos,"Tubos e seus acessórios (por exemplo, juntas, cotovelos, flanges, uniões), de plástico."
"2621",Outras Cinzas E Escórias,"Outras escórias e cinzas, incluindo as cinzas de algas, cinzas e resíduos provenientes da incineração de resíduos municipais."
"5108",Fios De Pelos Finos,"Fios de pelos finos, cardados ou penteados, não acondicionados para venda a retalho."
"6206",Camisas,"Camisas (Camiseiros*), blusas, blusas chemisiers (blusas-camiseiros*), de uso feminino."
"8450",Máquina De Lavar Roupa,"Máquinas de lavar roupa, mesmo com dispositivos de secagem."
"6404",Calçado De Borracha,"Calçado com sola exterior de borracha, plástico, couro natural ou reconstituído e parte superior de matérias têxteis."
"8505",Eletroímãs E Similares,"Eletroímãs, ímãs permanentes e artigos destinados a tornarem-se ímãs permanentes após magnetização, placas, mandris e dispositivos semelhantes, magnéticos ou eletromagnéticos, de fixação, acoplamentos, embreagens, variadores de velocidade e freios (travões), eletromagnéticos, cabeças de elevação eletromagnéticas."
"6308",Retalho,"Sortidos constituídos por cortes de tecido e fios, mesmo com acessórios, para confecção de tapetes, tapeçarias, toalhas de mesa ou guardanapos, bordados, ou artigos têxteis semelhantes, em embalagens para venda a retalho."
"6902",Peças Cerâmicas,"Tijolos, placas (lajes), ladrilhos e peças cerâmicas semelhantes, para construção, refratários, que não sejam de farinhas siliciosas fósseis nem de terras siliciosas semelhantes."
"8466",Peças Máquinas,"Partes e acessórios reconhecíveis como exclusiva ou principalmente destinados às máquinas das posições 84.56 a 84.65, incluindo os porta-peças e porta-ferramentas, as fieiras de abertura automática, os dispositivos divisores e outros dispositivos especiais, para estas máquinas, porta-ferramentas para ferramentas manuais de qualquer tipo."
"1512",Óleo Cártamo Ou Girassol,"Óleos de girassol, de cártamo ou de algodão, e respectivas frações, mesmo refinados, mas não quimicamente modificados."
"5804",Tules,"Tules, filó e tecidos de malhas com nós, rendas em peça, em tiras ou em motivos, para aplicar, exceto os produtos das posições 60.02 a 60.06."
"8602",Outras Locomotivas,"Outras locomotivas e locotratores, tênderes."
"8457",Máquinas Para Tratar Metais,"Centros de usinagem (fabricação*), máquinas de sistema monostático (single station) e máquinas de estações múltiplas, para trabalhar metais."
"2930",Tiocompostos Orgânicos,Tiocompostos orgânicos.
"6807",Obras De Asfalto,"Obras de asfalto ou de produtos semelhantes (por exemplo, breu ou pez)."
"3602",Explosivos preparados,"Explosivos preparados, exceto pólvoras propulsivas. "
"8704",Veículos Automóveis Para Transporte De  Mercadorias,Veículos automóveis para transporte de mercadorias.
"5510",Fios De Fibras,"Fios de fibras artificiais descontínuas (exceto linhas para costurar), não acondicionados para venda a retalho."
"2713",Coque De Petróleo,"Coque de petróleo, betume de petróleo e outros resíduos dos óleos de petróleo ou de minerais betuminosos."
"2304",Tortas E Resíduos De Òleo De Soja,"Tortas (bagaços) e outros resíduos sólidos, mesmo triturados ou em pellets, da extração do óleo de soja."
"9028",Contadores De Gases,"Contadores de gases, de líquidos ou de eletricidade, incluindo os aparelhos para a sua aferição."
"3801",Grafita,"Grafita artificial, grafita coloidal ou semicoloidal, preparações à base de grafita ou de outros carbonos, em pastas, blocos, plaquetas ou outros produtos intermediários."
"7210","Produtos Laminados Planos, De Ferro Ou Aço Não Ligado","Produtos laminados planos, de ferro ou aço não ligado, de largura igual ou superior a 600 mm, folheados ou chapeados, ou revestidos."
"5403",Fios De Filamentos Artificiais,"Fios de filamentos artificiais (exceto linhas para costurar), não acondicionados para venda a retalho, incluindo os monofilamentos artificiais de título inferior a 67 decitex."
"1502",Gordura Bolvina,"Gorduras de animais das espécies bovina, ovina ou caprina, exceto as da posição 15.03."
"4301",Peles Com Pelo,"Peles com pelo em bruto (incluindo as cabeças, caudas, patas e outras partes utilizáveis na indústria de peles), exceto as peles em bruto das posições 41.01, 41.02 ou 41.03."
"7007",Vidros De Segurança,Vidros de segurança consistindo em vidros temperados ou formados por folhas contracoladas.
"8431",Partes De Guincho,Partes reconhecíveis como exclusiva ou principalmente destinadas às máquinas e aparelhos das posições 84.25 a 84.30.
"8110",Antimônio,"Antimônio e suas obras, incluindo os desperdícios e resíduos, e sucata."
"8302",Ferragens,"Guarnições, ferragens e artigos semelhantes, de metais comuns, para móveis, portas, escadas, janelas, persianas, carroçarias, artigos de seleiro, malas, cofres, caixas de segurança e outras obras semelhantes, pateras, porta-chapéus, cabides e artigos semelhantes, de metais comuns, rodízios com armação de metais comuns, fechos automáticos para portas, de metais comuns."
"5807",Etiqueta,"Etiquetas, emblemas e artigos semelhantes de matérias têxteis, em peça, em fitas ou recortados em forma própria, não bordados."
"9016",Balanças,"Balanças sensíveis a pesos inferiores ou iguais a 5 cg, mesmo com pesos."
"6306",Toldos E Similares,"Encerados e toldos, tendas (incluindo os gazebos temporários e artigos semelhantes), velas para embarcações, para pranchas à vela ou para carros à vela, artigos para acampamento."
"8448",Partes E Peças De Máquinas,"Máquinas e aparelhos auxiliares para as máquinas das posições 84.44, 84.45, 84.46 ou 84.47 (por exemplo, ratieras (maquinetas*), mecanismos Jacquard, quebra-urdiduras e quebra-tramas, mecanismos troca-lançadeiras), partes e acessórios reconhecíveis como exclusiva ou principalmente destinados às máquinas da presente posição ou das posições 84.44, 84.45, 84.46 ou 84.47 (por exemplo, fusos, aletas, guarnições de cardas, pentes, barras, fieiras, lançadeiras, liços e quadros de liços, agulhas, platinas, ganchos)."
"8525",Aparelhos Transmissores,"Aparelhos transmissores (emissores) para radiodifusão ou televisão, mesmo que incorporem um aparelho receptor ou um aparelho de gravação ou de reprodução de som, câmeras de televisão, câmeras fotográficas digitais e câmeras de vídeo."
"6204",Roupas,"Tailleurs (Fatos de saia-casaco*), conjuntos, blazers (casacos*), vestidos, saias, saias-calças, calças, jardineiras, bermudas e shorts (calções) (exceto de banho), de uso feminino."
"1510",Outros Óleos E Respectivas Frações,"Outros óleos e respectivas frações, obtidos exclusivamente a partir de azeitonas, mesmo refinados, mas não quimicamente modificados, e misturas desses óleos ou frações com óleos ou frações da posição 15.09."
"7117",Bijuterias,Bijuterias.
