"id","cod_ibge","nome","nome_uf","sigla_uf","uf"
"1199","2411502",Santo Antônio,Rio Grande do Norte,RN,"24"
"1584","2610301",Paranatama,Pernambuco,PE,"26"
"5237","5104807",Jaciara,Mato Grosso,MT,"51"
"2100","2922607",Nilo Peçanha,Bahia,BA,"29"
"2995","3163904",São Pedro da União,Minas Gerais,MG,"31"
"888","2211407",Várzea Grande,Piauí,PI,"22"
"3796","3547106",Santa Mercedes,São Paulo,SP,"35"
"5272","5106307",Paranatinga,Mato Grosso,MT,"51"
"1551","2607752",Itapissuma,Pernambuco,PE,"26"
"3308","3503505",Areias,São Paulo,SP,"35"
"2381","3112505",Capim Branco,Minas Gerais,MG,"31"
"4166","4118105",Paranacity,Paraná,PR,"41"
"1145","2406403",Lagoa de Velhos,Rio Grande do Norte,RN,"24"
"3394","3511102",Catanduva,São Paulo,SP,"35"
"4677","4303806",Campinas do Sul,Rio Grande do Sul,RS,"43"
"1249","2500577",Algodão de Jandaíra,Paraíba,PB,"25"
"2579","3129608",Ibiaí,Minas Gerais,MG,"31"
"4650","4302154",Boa Vista das Missões,Rio Grande do Sul,RS,"43"
"1000","2308104",Mauriti,Ceará,CE,"23"
"2726","3141702",Mesquita,Minas Gerais,MG,"31"
"5510","5217609",Planaltina,Goiás,GO,"52"
"768","2205201",Jaicós,Piauí,PI,"22"
"3268","3500105",Adamantina,São Paulo,SP,"35"
"5343","5201454",Aparecida do Rio Doce,Goiás,GO,"52"
"1633","2614857",Tamandaré,Pernambuco,PE,"26"
"3184","3300456",Belford Roxo,Rio de Janeiro,RJ,"33"
"4647","4302006",Barros Cassal,Rio Grande do Sul,RS,"43"
"1238","2414704",Várzea,Rio Grande do Norte,RN,"24"
"3711","3539509",Pitangueiras,São Paulo,SP,"35"
"4813","4310413",Inhacorá,Rio Grande do Sul,RS,"43"
"1215","2413003",São Vicente,Rio Grande do Norte,RN,"24"
"3931","4101507",Arapongas,Paraná,PR,"41"
"5149","5005103",Jateí,Mato Grosso do Sul,MS,"50"
"1389","2511905",Pitimbu,Paraíba,PB,"25"
"3562","3525854",Jumirim,São Paulo,SP,"35"
"1912","2906899",Caraíbas,Bahia,BA,"29"
"4443","4208500",Ituporanga,Santa Catarina,SC,"42"
"886","2211308",Valença do Piauí,Piauí,PI,"22"
"5041","4320677",Sinimbu,Rio Grande do Sul,RS,"43"
"326","1702307",Arapoema,Tocantins,TO,"17"
"2302","3105301",Bandeira do Sul,Minas Gerais,MG,"31"
"4290","4127403",Terra Roxa,Paraná,PR,"41"
"5274","5106422",Peixoto de Azevedo,Mato Grosso,MT,"51"
"1496","2602902",Cabo de Santo Agostinho,Pernambuco,PE,"26"
"3623","3531605",Monte Castelo,São Paulo,SP,"35"
"1675","2702355",Craíbas,Alagoas,AL,"27"
"2304","3105509",Barão de Monte Alto,Minas Gerais,MG,"31"
"4032","4108205",Formosa do Oeste,Paraná,PR,"41"
"1690","2703700",Jaramataia,Alagoas,AL,"27"
"3409","3512605",Coronel Macedo,São Paulo,SP,"35"
"5201","5101902",Brasnorte,Mato Grosso,MT,"51"
"233","1505106",Óbidos,Pará,PA,"15"
"3460","3516705",Garça,São Paulo,SP,"35"
"4434","4207809",Irani,Santa Catarina,SC,"42"
"1621","2613602",São José do Egito,Pernambuco,PE,"26"
"3344","3506805",Bocaina,São Paulo,SP,"35"
"502","2103000",Caxias,Maranhão,MA,"21"
"2807","3148103",Patrocínio,Minas Gerais,MG,"31"
"4067","4110706",Irati,Paraná,PR,"41"
"1465","2517407",Zabelê,Paraíba,PB,"25"
"2729","3142007",Mirabela,Minas Gerais,MG,"31"
"5240","5105101",Juara,Mato Grosso,MT,"51"
"1768","2801702",Cristinápolis,Sergipe,SE,"28"
"3498","3520004",Igaraçu do Tietê,São Paulo,SP,"35"
"5093","4323200",Victor Graeff,Rio Grande do Sul,RS,"43"
"2357","3110301",Caldas,Minas Gerais,MG,"31"
"4780","4308607",Garibaldi,Rio Grande do Sul,RS,"43"
"1769","2801900",Cumbe,Sergipe,SE,"28"
"3257","3305554",Seropédica,Rio de Janeiro,RJ,"33"
"5052","4321402",Tenente Portela,Rio Grande do Sul,RS,"43"
"199","1503002",Faro,Pará,PA,"15"
"2055","2919058",Lajedo do Tabocal,Bahia,BA,"29"
"4687","4304614",Canudos do Vale,Rio Grande do Sul,RS,"43"
"241","1505536",Parauapebas,Pará,PA,"15"
"3059","3169356",Três Marias,Minas Gerais,MG,"31"
"5205","5102678",Campo Verde,Mato Grosso,MT,"51"
"5","1100023",Ariquemes,Rondônia,RO,"11"
"4009","4107108",Diamante do Norte,Paraná,PR,"41"
"3609","3530201",Mirante do Paranapanema,São Paulo,SP,"35"
"2085","2921401",Mirangaba,Bahia,BA,"29"
"4577","4217808",Taió,Santa Catarina,SC,"42"
"2201","2930402",Serra Preta,Bahia,BA,"29"
"4945","4315354",Quinze de Novembro,Rio Grande do Sul,RS,"43"
"210","1503705",Itupiranga,Pará,PA,"15"
"2969","3162104",São Gotardo,Minas Gerais,MG,"31"
"4499","4212239",Paraíso,Santa Catarina,SC,"42"
"40","1100262",Rio Crespo,Rondônia,RO,"11"
"1905","2906501",Candeias,Bahia,BA,"29"
"3852","3552304",Sud Mennucci,São Paulo,SP,"35"
"65","1200385",Plácido de Castro,Acre,AC,"12"
"2274","3102803",Andrelândia,Minas Gerais,MG,"31"
"3832","3550308",São Paulo,São Paulo,SP,"35"
"1291","2503902",Camalaú,Paraíba,PB,"25"
"3945","4102604",Barracão,Paraná,PR,"41"
"5152","5005251",Laguna Carapã,Mato Grosso do Sul,MS,"50"
"1610","2612554",Santa Filomena,Pernambuco,PE,"26"
"3875","3554201",Tejupá,São Paulo,SP,"35"
"678","2200707",Anísio de Abreu,Piauí,PI,"22"
"2658","3136504",Jordânia,Minas Gerais,MG,"31"
"4261","4125209",São Jorge d'Oeste,Paraná,PR,"41"
"1712","2705804",Olho d'Água do Casado,Alagoas,AL,"27"
"2975","3162500",São João del Rei,Minas Gerais,MG,"31"
"4546","4215687",Santa Terezinha do Progresso,Santa Catarina,SC,"42"
"1272","2502151",Boa Vista,Paraíba,PB,"25"
"3991","4105706",Clevelândia,Paraná,PR,"41"
"303","1600402",Mazagão,Amapá,AP,"16"
"2930","3159704",Santa Rosa da Serra,Minas Gerais,MG,"31"
"5314","5108006",Tapurah,Mato Grosso,MT,"51"
"776","2205516",Juazeiro do Piauí,Piauí,PI,"22"
"2530","3125705",Felixlândia,Minas Gerais,MG,"31"
"4822","4310702",Itatiba do Sul,Rio Grande do Sul,RS,"43"
"126","1303809",São Gabriel da Cachoeira,Amazonas,,"13"
"1814","2806305",Santa Luzia do Itanhy,Sergipe,SE,"28"
"3857","3552700",Tabatinga,São Paulo,SP,"35"
"5341","5201306",Anicuns,Goiás,GO,"52"
"1599","2611705",Riacho das Almas,Pernambuco,PE,"26"
"3192","3300936",Carapebus,Rio de Janeiro,RJ,"33"
"798","2206506",Monsenhor Hipólito,Piauí,PI,"22"
"3011","3165305",São Vicente de Minas,Minas Gerais,MG,"31"
"5486","5214879",Nova Iguaçu de Goiás,Goiás,GO,"52"
"2536","3126208",Formoso,Minas Gerais,MG,"31"
"4886","4313102",Nova Palma,Rio Grande do Sul,RS,"43"
"670","2200202",Água Branca,Piauí,PI,"22"
"3557","3525409",Jeriquara,São Paulo,SP,"35"
"5099","4323606",Vista Alegre do Prata,Rio Grande do Sul,RS,"43"
"1501","2603405",Calumbi,Pernambuco,PE,"26"
"1008","2308708",Morada Nova,Ceará,CE,"23"
"2662","3136652",Juatuba,Minas Gerais,MG,"31"
"3739","3541802",Queiroz,São Paulo,SP,"35"
"2074","2920452",Mansidão,Bahia,BA,"29"
"4222","4122172",Rio Branco do Ivaí,Paraná,PR,"41"
"30","1100338",Nova Mamoré,Rondônia,RO,"11"
"1735","2707909",Santa Luzia do Norte,Alagoas,AL,"27"
"3600","3529401",Mauá,São Paulo,SP,"35"
"5233","5104526",Ipiranga do Norte,Mato Grosso,MT,"51"
"2570","3128709",Guaxupé,Minas Gerais,MG,"31"
"4778","4308458",Fortaleza dos Valos,Rio Grande do Sul,RS,"43"
"983","2306702",Jaguaretama,Ceará,CE,"23"
"3231","3303955",Pinheiral,Rio de Janeiro,RJ,"33"
"4558","4216255",São João do Oeste,Santa Catarina,SC,"42"
"1550","2607703",Itapetim,Pernambuco,PE,"26"
"4454","4209300",Lages,Santa Catarina,SC,"42"
"1072","2313906",Uruoca,Ceará,CE,"23"
"3115","3201407",Castelo,Espírito Santo,ES,"32"
"4519","4213807",Praia Grande,Santa Catarina,SC,"42"
"1857","2902500",Baianópolis,Bahia,BA,"29"
"3811","3548401",Santópolis do Aguapeí,São Paulo,SP,"35"
"5326","5200134",Acreúna,Goiás,GO,"52"
"1668","2701704",Capela,Alagoas,AL,"27"
"4377","4204152",Celso Ramos,Santa Catarina,SC,"42"
"1404","2512804",Riacho dos Cavalos,Paraíba,PB,"25"
"3214","3302502",Magé,Rio de Janeiro,RJ,"33"
"5357","5203500",Bom Jesus de Goiás,Goiás,GO,"52"
"1091","2401503",Barcelona,Rio Grande do Norte,RN,"24"
"2886","3155009",Rio Doce,Minas Gerais,MG,"31"
"4648","4302055",Benjamin Constant do Sul,Rio Grande do Sul,RS,"43"
"5248","5105606",Matupá,Mato Grosso,MT,"51"
"842","2209104",Santa Cruz do Piauí,Piauí,PI,"22"
"2704","3140001",Mariana,Minas Gerais,MG,"31"
"4628","4301073",Arroio do Padre,Rio Grande do Sul,RS,"43"
"1439","2515203",São Sebastião do Umbuzeiro,Paraíba,PB,"25"
"4105","4113700",Londrina,Paraná,PR,"41"
"1638","2615409",Toritama,Pernambuco,PE,"26"
"3598","3529203",Martinópolis,São Paulo,SP,"35"
"5202","5102504",Cáceres,Mato Grosso,MT,"51"
"66","1200807",Porto Acre,Acre,AC,"12"
"3162","3204658",São Domingos do Norte,Espírito Santo,ES,"32"
"4955","4315958",Rolador,Rio Grande do Sul,RS,"43"
"1794","2804409",Neópolis,Sergipe,SE,"28"
"3858","3552809",Taboão da Serra,São Paulo,SP,"35"
"5467","5213103",Mineiros,Goiás,GO,"52"
"2096","2922250",Muquém do São Francisco,Bahia,BA,"29"
"2654","3136108",Joanésia,Minas Gerais,MG,"31"
"4493","4211892",Painel,Santa Catarina,SC,"42"
"1991","2913606",Ilhéus,Bahia,BA,"29"
"3116","3201506",Colatina,Espírito Santo,ES,"32"
"4827","4310900",Jacutinga,Rio Grande do Sul,RS,"43"
"1536","2606408",Gravatá,Pernambuco,PE,"26"
"2932","3158300",Santana da Vargem,Minas Gerais,MG,"31"
"4863","4312377",Monte Alegre dos Campos,Rio Grande do Sul,RS,"43"
"1134","2405405",Japi,Rio Grande do Norte,RN,"24"
"3137","3203106",Jerônimo Monteiro,Espírito Santo,ES,"32"
"5310","5107909",Sinop,Mato Grosso,MT,"51"
"263","1506609",Santa Maria do Pará,Pará,PA,"15"
"2611","3132305",Itaipé,Minas Gerais,MG,"31"
"3859","3552908",Taciba,São Paulo,SP,"35"
"730","2202802",Conceição do Canindé,Piauí,PI,"22"
"2606","3131802",Itabirinha,Minas Gerais,MG,"31"
"4707","4305173",Cerro Grande do Sul,Rio Grande do Sul,RS,"43"
"1569","2609006",Macaparana,Pernambuco,PE,"26"
"1483","2601607",Belém do São Francisco,Pernambuco,PE,"26"
"3012","3165404",Sapucaí-Mirim,Minas Gerais,MG,"31"
"4521","4214003",Presidente Getúlio,Santa Catarina,SC,"42"
"1074","2314003",Várzea Alegre,Ceará,CE,"23"
"3261","3305802",Teresópolis,Rio de Janeiro,RJ,"33"
"4584","4218301",Três Barras,Santa Catarina,SC,"42"
"1233","2414308",Timbaúba dos Batistas,Rio Grande do Norte,RN,"24"
"3140","3203205",Linhares,Espírito Santo,ES,"32"
"4630","4301206",Arroio do Tigre,Rio Grande do Sul,RS,"43"
"1285","2503506",Cacimba de Dentro,Paraíba,PB,"25"
"2120","2923902",Pau Brasil,Bahia,BA,"29"
"3156","3204302",Presidente Kennedy,Espírito Santo,ES,"32"
"4011","4107157",Diamante D'Oeste,Paraná,PR,"41"
"1292","2504009",Campina Grande,Paraíba,PB,"25"
"2439","3117702",Conceição do Rio Verde,Minas Gerais,MG,"31"
"3377","3509601",Campo Limpo Paulista,São Paulo,SP,"35"
"193","1502772",Curionópolis,Pará,PA,"15"
"2312","3106408",Belo Vale,Minas Gerais,MG,"31"
"3848","3551900",Severínia,São Paulo,SP,"35"
"1669","2701803",Carneiros,Alagoas,AL,"27"
"4579","4217956",Tigrinhos,Santa Catarina,SC,"42"
"1175","2409308",Patu,Rio Grande do Norte,RN,"24"
"2366","3111150",Campo Azul,Minas Gerais,MG,"31"
"4795","4309506",Guarani das Missões,Rio Grande do Sul,RS,"43"
"1315","2505600",Diamante,Paraíba,PB,"25"
"4213","4121505",Rebouças,Paraná,PR,"41"
"876","2210656",Sigefredo Pacheco,Piauí,PI,"22"
"2721","3141207",Matutina,Minas Gerais,MG,"31"
"1103","2402501",Carnaubais,Rio Grande do Norte,RN,"24"
"2617","3132909",Itamogi,Minas Gerais,MG,"31"
"782","2205581",Lagoa do Piauí,Piauí,PI,"22"
"3418","3513504",Cubatão,São Paulo,SP,"35"
"1566","2608750",Lagoa Grande,Pernambuco,PE,"26"
"3119","3201803",Divino de São Lourenço,Espírito Santo,ES,"32"
"4849","4311791",Maratá,Rio Grande do Sul,RS,"43"
"170","1501402",Belém,Pará,PA,"15"
"1975","2912103",Ibicaraí,Bahia,BA,"29"
"4113","4114302",Mandirituba,Paraná,PR,"41"
"1286","2503555",Cacimbas,Paraíba,PB,"25"
"2581","3129707",Ibiraci,Minas Gerais,MG,"31"
"3496","3519808",Icém,São Paulo,SP,"35"
"1299","2504355",Caturité,Paraíba,PB,"25"
"3225","3303500",Nova Iguaçu,Rio de Janeiro,RJ,"33"
"5082","4322533",Vale do Sol,Rio Grande do Sul,RS,"43"
"444","1720978",Talismã,Tocantins,TO,"17"
"1928","2908309",Conceição do Almeida,Bahia,BA,"29"
"3699","3538204",Pinhalzinho,São Paulo,SP,"35"
"4347","4202156",Belmonte,Santa Catarina,SC,"42"
"1157","2407500",Maxaranguape,Rio Grande do Norte,RN,"24"
"3780","3545506",Sandovalina,São Paulo,SP,"35"
"5385","5205406",Ceres,Goiás,GO,"52"
"944","2304251",Cruz,Ceará,CE,"23"
"2978","3162609",São João do Oriente,Minas Gerais,MG,"31"
"5547","5220454",Senador Canedo,Goiás,GO,"52"
"3244","3304607",Santa Maria Madalena,Rio de Janeiro,RJ,"33"
"4977","4317004",Santana da Boa Vista,Rio Grande do Sul,RS,"43"
"460","2100550",Amapá do Maranhão,Maranhão,MA,"21"
"2452","3118809",Coração de Jesus,Minas Gerais,MG,"31"
"4929","4314779",Pontão,Rio Grande do Sul,RS,"43"
"1245","2500304",Alagoa Grande,Paraíba,PB,"25"
"3181","3300258",Arraial do Cabo,Rio de Janeiro,RJ,"33"
"5313","5107958",Tangará da Serra,Mato Grosso,MT,"51"
"1268","2501906",Belém,Paraíba,PB,"25"
"3085","3171071",Veredinha,Minas Gerais,MG,"31"
"3457","3516408",Franco da Rocha,São Paulo,SP,"35"
"4869","4312476",Morro Reuter,Rio Grande do Sul,RS,"43"
"1441","2515302",Sapé,Paraíba,PB,"25"
"2715","3171501",Mathias Lobato,Minas Gerais,MG,"31"
"3652","3533908",Olímpia,São Paulo,SP,"35"
"4854","4312054",Marques de Souza,Rio Grande do Sul,RS,"43"
"1539","2606705",Ibirajuba,Pernambuco,PE,"26"
"4319","4200606",Águas Mornas,Santa Catarina,SC,"42"
"1594","2611309",Pombos,Pernambuco,PE,"26"
"3554","3525102",Jardinópolis,São Paulo,SP,"35"
"5245","5105259",Lucas do Rio Verde,Mato Grosso,MT,"51"
"1308","2505105",Cuité,Paraíba,PB,"25"
"4095","4113007",Jussara,Paraná,PR,"41"
"5296","5107743",Santa Cruz do Xingu,Mato Grosso,MT,"51"
"2497","3122504",Dom Cavati,Minas Gerais,MG,"31"
"4457","4209508",Laurentino,Santa Catarina,SC,"42"
"880","2210938",Sussuapara,Piauí,PI,"22"
"2329","3108008",Bom Sucesso,Minas Gerais,MG,"31"
"4686","4304606",Canoas,Rio Grande do Sul,RS,"43"
"1107","2402907",Coronel João Pessoa,Rio Grande do Norte,RN,"24"
"2964","3161700",São Gonçalo do Abaeté,Minas Gerais,MG,"31"
"156","1500347",Água Azul do Norte,Pará,PA,"15"
"2873","3154002",Raul Soares,Minas Gerais,MG,"31"
"481","2101905",Bequimão,Maranhão,MA,"21"
"2971","3162252",São João da Lagoa,Minas Gerais,MG,"31"
"5100","4323705",Vista Gaúcha,Rio Grande do Sul,RS,"43"
"1545","2607208",Ipojuca,Pernambuco,PE,"26"
"3491","3519303",Ibaté,São Paulo,SP,"35"
"684","2201101",Avelino Lopes,Piauí,PI,"22"
"2856","3152204",Porteirinha,Minas Gerais,MG,"31"
"4997","4318457",São José das Missões,Rio Grande do Sul,RS,"43"
"1491","2602407",Brejão,Pernambuco,PE,"26"
"4019","4107520",Esperança Nova,Paraná,PR,"41"
"5473","5213806",Morrinhos,Goiás,GO,"52"
"2755","3144300",Nanuque,Minas Gerais,MG,"31"
"5253","5106158",Nova Bandeirantes,Mato Grosso,MT,"51"
"2285","3103751",Araporã,Minas Gerais,MG,"31"
"3650","3533700",Ocauçu,São Paulo,SP,"35"
"546","2105500",João Lisboa,Maranhão,MA,"21"
"2931","3159803",Santa Vitória,Minas Gerais,MG,"31"
"1409","2513208",Santa Cruz,Paraíba,PB,"25"
"3320","3504602",Bady Bassitt,São Paulo,SP,"35"
"915","2301950",Barreira,Ceará,CE,"23"
"2701","3139805",Mar de Espanha,Minas Gerais,MG,"31"
"4531","4214904",Rio Fortuna,Santa Catarina,SC,"42"
"1613","2612802",Santa Terezinha,Pernambuco,PE,"26"
"4359","4202859",Braço do Trombudo,Santa Catarina,SC,"42"
"903","2301000",Aquiraz,Ceará,CE,"23"
"3844","3551603",Serra Negra,São Paulo,SP,"35"
"1997","2914208",Irajuba,Bahia,BA,"29"
"1944","2909901",Curaçá,Bahia,BA,"29"
"3876","3554300",Teodoro Sampaio,São Paulo,SP,"35"
"4903","4313904",Panambi,Rio Grande do Sul,RS,"43"
"1701","2704609",Maravilha,Alagoas,AL,"27"
"4217","4121802",Ribeirão Claro,Paraná,PR,"41"
"2988","3163201",São José do Alegre,Minas Gerais,MG,"31"
"4050","4109500",Guaraqueçaba,Paraná,PR,"41"
"979","2306405",Itapipoca,Ceará,CE,"23"
"3078","3170651",Vargem Grande do Rio Pardo,Minas Gerais,MG,"31"
"5372","5204557",Caldazinha,Goiás,GO,"52"
"523","2104107",Fortaleza dos Nogueiras,Maranhão,MA,"21"
"2938","3158904",Santana do Manhuaçu,Minas Gerais,MG,"31"
"4102","4113452",Lindoeste,Paraná,PR,"41"
"5219","5103379",Cotriguaçu,Mato Grosso,MT,"51"
"984","2306801",Jaguaribara,Ceará,CE,"23"
"3571","3526704",Leme,São Paulo,SP,"35"
"547","2105609",Joselândia,Maranhão,MA,"21"
"2792","3146701",Palma,Minas Gerais,MG,"31"
"4959","4316303",Roque Gonzales,Rio Grande do Sul,RS,"43"
"1628","2614402",Solidão,Pernambuco,PE,"26"
"3133","3202801",Itapemirim,Espírito Santo,ES,"32"
"5228","5103908",General Carneiro,Mato Grosso,MT,"51"
"1379","2511004",Pedra Branca,Paraíba,PB,"25"
"2742","3143153",Monte Formoso,Minas Gerais,MG,"31"
"4458","4209607",Lauro Müller,Santa Catarina,SC,"42"
"825","2207900",Pedro II,Piauí,PI,"22"
"2702","3139706",Maravilhas,Minas Gerais,MG,"31"
"4881","4313003",Nova Bréscia,Rio Grande do Sul,RS,"43"
"2808","3148202",Patrocínio do Muriaé,Minas Gerais,MG,"31"
"775","2205508",José de Freitas,Piauí,PI,"22"
"1897","2905701",Camaçari,Bahia,BA,"29"
"4673","4303558",Camargo,Rio Grande do Sul,RS,"43"
"2591","3130556",Imbé de Minas,Minas Gerais,MG,"31"
"4758","4307401",Esmeralda,Rio Grande do Sul,RS,"43"
"1363","2509503",Montadas,Paraíba,PB,"25"
"2758","3144409",Natércia,Minas Gerais,MG,"31"
"5489","5215207",Novo Brasil,Goiás,GO,"52"
"1744","2708808",São Sebastião,Alagoas,AL,"27"
"4023","4107652",Fazenda Rio Grande,Paraná,PR,"41"
"1335","2507408",Jericó,Paraíba,PB,"25"
"3271","3500402",Águas da Prata,São Paulo,SP,"35"
"4511","4213153",Planalto Alegre,Santa Catarina,SC,"42"
"120","1303403",Parintins,Amazonas,,"13"
"2140","2925501",Prado,Bahia,BA,"29"
"3552","3524907",Jambeiro,São Paulo,SP,"35"
"1703","2704807",Maribondo,Alagoas,AL,"27"
"3510","3521002",Iperó,São Paulo,SP,"35"
"81","1300300",Autazes,Amazonas,,"13"
"1808","2805703",Propriá,Sergipe,SE,"28"
"3587","3528205",Macedônia,São Paulo,SP,"35"
"5123","5002704",Campo Grande,Mato Grosso do Sul,MS,"50"
"252","1506138",Redenção,Pará,PA,"15"
"2328","3107901",Bom Repouso,Minas Gerais,MG,"31"
"3916","4100400",Almirante Tamandaré,Paraná,PR,"41"
"819","2207702",Parnaíba,Piauí,PI,"22"
"2845","3151305",Piraúba,Minas Gerais,MG,"31"
"4083","4112009",Jaguariaíva,Paraná,PR,"41"
"123","1303569",Rio Preto da Eva,Amazonas,,"13"
"1548","2607505",Itaíba,Pernambuco,PE,"26"
"3248","3304904",São Gonçalo,Rio de Janeiro,RJ,"33"
"4901","4313706",Palmeira das Missões,Rio Grande do Sul,RS,"43"
"178","1501782",Breu Branco,Pará,PA,"15"
"3426","3514205",Dolcinópolis,São Paulo,SP,"35"
"4756","4307203",Erval Grande,Rio Grande do Sul,RS,"43"
"1416","2513604",Santana dos Garrotes,Paraíba,PB,"25"
"4248","4124103",Santo Antônio da Platina,Paraná,PR,"41"
"332","1703057",Bandeirantes do Tocantins,Tocantins,TO,"17"
"1980","2912608",Ibiquera,Bahia,BA,"29"
"5012","4319208",São Nicolau,Rio Grande do Sul,RS,"43"
"1314","2505402",Desterro,Paraíba,PB,"25"
"3233","3304102",Porciúncula,Rio de Janeiro,RJ,"33"
"5395","5206305",Cristianópolis,Goiás,GO,"52"
"8","1100601",Cacaulândia,Rondônia,RO,"11"
"2484","3121506",Desterro do Melo,Minas Gerais,MG,"31"
"4491","4211850",Ouro Verde,Santa Catarina,SC,"42"
"1922","2907707",Chorrochó,Bahia,BA,"29"
"3784","3546009",Santa Branca,São Paulo,SP,"35"
"5442","5210901",Itapaci,Goiás,GO,"52"
"945","2304269",Deputado Irapuan Pinheiro,Ceará,CE,"23"
"4705","4305132",Cerro Branco,Rio Grande do Sul,RS,"43"
"385","1712702",Mateiros,Tocantins,TO,"17"
"2048","2918555",Jussari,Bahia,BA,"29"
"3614","3530706",Mogi Guaçu,São Paulo,SP,"35"
"1520","2605004",Cupira,Pernambuco,PE,"26"
"3692","3537503",Pereiras,São Paulo,SP,"35"
"5173","5007695",São Gabriel do Oeste,Mato Grosso do Sul,MS,"50"
"1320","2506103",Fagundes,Paraíba,PB,"25"
"3166","3204955",São Roque do Canaã,Espírito Santo,ES,"32"
"4470","4210506",Maravilha,Santa Catarina,SC,"42"
"2041","2918100",Jeremoabo,Bahia,BA,"29"
"4228","4122651",Rosário do Ivaí,Paraná,PR,"41"
"907","2301307",Araripe,Ceará,CE,"23"
"2510","3123700",Engenheiro Caldas,Minas Gerais,MG,"31"
"3877","3554409",Terra Roxa,São Paulo,SP,"35"
"2031","2917300",Ituberá,Bahia,BA,"29"
"3817","3549003",São Francisco,São Paulo,SP,"35"
"1210","2412559",São Miguel do Gostoso,Rio Grande do Norte,RN,"24"
"3147","3203601",Mucurici,Espírito Santo,ES,"32"
"5511","5217708",Pontalina,Goiás,GO,"52"
"1848","2901908",Aporá,Bahia,BA,"29"
"5020","4319703",São Valentim,Rio Grande do Sul,RS,"43"
"1825","2807402",Tobias Barreto,Sergipe,SE,"28"
"3978","4104501",Capanema,Paraná,PR,"41"
"5078","4322350",União da Serra,Rio Grande do Sul,RS,"43"
"952","2304509",Frecheirinha,Ceará,CE,"23"
"3321","3504701",Balbinos,São Paulo,SP,"35"
"5275","5106455",Planalto da Serra,Mato Grosso,MT,"51"
"431","1719004",Santa Tereza do Tocantins,Tocantins,TO,"17"
"1863","2903003",Barra do Mendes,Bahia,BA,"29"
"4446","4208807",Jaguaruna,Santa Catarina,SC,"42"
"237","1505437",Ourilândia do Norte,Pará,PA,"15"
"2094","2922102",Mundo Novo,Bahia,BA,"29"
"4169","4118402",Paranavaí,Paraná,PR,"41"
"365","1708205",Formoso do Araguaia,Tocantins,TO,"17"
"2872","3153905",Raposos,Minas Gerais,MG,"31"
"1150","2406908",Lucrécia,Rio Grande do Norte,RN,"24"
"3446","3515400",Fartura,São Paulo,SP,"35"
"5316","5108105",Tesouro,Mato Grosso,MT,"51"
"124","1303601",Santa Isabel do Rio Negro,Amazonas,,"13"
"1893","2905305",Cafarnaum,Bahia,BA,"29"
"3686","3537008",Pedregulho,São Paulo,SP,"35"
"5361","5203807",Britânia,Goiás,GO,"52"
"1135","2405504",Jardim de Angicos,Rio Grande do Norte,RN,"24"
"2544","3126901",Frei Inocêncio,Minas Gerais,MG,"31"
"4949","4315552",Rio dos Índios,Rio Grande do Sul,RS,"43"
"1688","2703502",Jacuípe,Alagoas,AL,"27"
"3096","3172103",Volta Grande,Minas Gerais,MG,"31"
"1359","2509339",Matinhas,Paraíba,PB,"25"
"3602","3529609",Meridiano,São Paulo,SP,"35"
"159","1500602",Altamira,Pará,PA,"15"
"2362","3110806",Campanário,Minas Gerais,MG,"31"
"4112","4114203",Mandaguari,Paraná,PR,"41"
"1442","2515500",Serra Branca,Paraíba,PB,"25"
"3579","3527405",Lucélia,São Paulo,SP,"35"
"4193","4120150",Porto Barreiro,Paraná,PR,"41"
"800","2206654",Morro Cabeça no Tempo,Piauí,PI,"22"
"3159","3204500",Santa Leopoldina,Espírito Santo,ES,"32"
"3882","3554755",Trabiju,São Paulo,SP,"35"
"292","1508209",Vigia,Pará,PA,"15"
"1709","2705507",Murici,Alagoas,AL,"27"
"3466","3517208",Guaiçara,São Paulo,SP,"35"
"4911","4314100",Passo Fundo,Rio Grande do Sul,RS,"43"
"464","2100832",Apicum-Açu,Maranhão,MA,"21"
"2447","3118304",Conselheiro Lafaiete,Minas Gerais,MG,"31"
"4727","4305975",Coxilha,Rio Grande do Sul,RS,"43"
"938","2303931",Choró,Ceará,CE,"23"
"3862","3553203",Taiúva,São Paulo,SP,"35"
"2236","2933158",Várzea Nova,Bahia,BA,"29"
"5072","4322186",Tupanci do Sul,Rio Grande do Sul,RS,"43"
"1372","2510402",Olho d'Água,Paraíba,PB,"25"
"3311","3503802",Artur Nogueira,São Paulo,SP,"35"
"4526","4214409",Rio das Antas,Santa Catarina,SC,"42"
"1043","2311504",Quixeré,Ceará,CE,"23"
"2363","3110905",Campanha,Minas Gerais,MG,"31"
"4137","4116059",Missal,Paraná,PR,"41"
"1459","2516805",Triunfo,Paraíba,PB,"25"
"2859","3152501",Pouso Alegre,Minas Gerais,MG,"31"
"4828","4311007",Jaguarão,Rio Grande do Sul,RS,"43"
"1624","2613909",Serra Talhada,Pernambuco,PE,"26"
"3574","3527009",Lindóia,São Paulo,SP,"35"
"24","1100122",Ji-Paraná,Rondônia,RO,"11"
"2441","3117836",Cônego Marinho,Minas Gerais,MG,"31"
"231","1505031",Novo Progresso,Pará,PA,"15"
"2786","3146255",Padre Carvalho,Minas Gerais,MG,"31"
"5059","4321600",Tramandaí,Rio Grande do Sul,RS,"43"
"587","2108108",Paulo Ramos,Maranhão,MA,"21"
"2731","3142205",Miraí,Minas Gerais,MG,"31"
"4983","4317558",Santo Antônio do Palma,Rio Grande do Sul,RS,"43"
"1725","2706901",Pilar,Alagoas,AL,"27"
"3478","3518404",Guaratinguetá,São Paulo,SP,"35"
"4985","4317806",Santo Augusto,Rio Grande do Sul,RS,"43"
"3662","3534757",Ouroeste,São Paulo,SP,"35"
"1018","2309607",Pacajus,Ceará,CE,"23"
"2725","3141603",Mercês,Minas Gerais,MG,"31"
"4125","4115358",Maripá,Paraná,PR,"41"
"207","1503457",Ipixuna do Pará,Pará,PA,"15"
"1784","2803401",Japoatã,Sergipe,SE,"28"
"3861","3553104",Taiaçu,São Paulo,SP,"35"
"1109","2403103",Currais Novos,Rio Grande do Norte,RN,"24"
"5249","5105622",Mirassol d'Oeste,Mato Grosso,MT,"51"
"1357","2509206",Massaranduba,Paraíba,PB,"25"
"3970","4104055",Campo Bonito,Paraná,PR,"41"
"5494","5215504",Ouvidor,Goiás,GO,"52"
"1850","2902054",Araçás,Bahia,BA,"29"
"4596","4219101",Vargeão,Santa Catarina,SC,"42"
"1425","2514107",São João do Tigre,Paraíba,PB,"25"
"4249","4124202",Santo Antônio do Caiuá,Paraná,PR,"41"
"1327","2502607",Igaracy,Paraíba,PB,"25"
"3191","3301108",Cantagalo,Rio de Janeiro,RJ,"33"
"4781","4308656",Garruchos,Rio Grande do Sul,RS,"43"
"315","1700400",Almas,Tocantins,TO,"17"
"2540","3126604",Francisco Dumont,Minas Gerais,MG,"31"
"4331","4201505",Armazém,Santa Catarina,SC,"42"
"157","1500404",Alenquer,Pará,PA,"15"
"2738","3142809",Monte Alegre de Minas,Minas Gerais,MG,"31"
"3935","4101804",Araucária,Paraná,PR,"41"
"1090","2401453",Baraúna,Rio Grande do Norte,RN,"24"
"3052","3168804",Tiradentes,Minas Gerais,MG,"31"
"4685","4304507",Canguçu,Rio Grande do Sul,RS,"43"
"1554","2607950",Jaqueira,Pernambuco,PE,"26"
"3483","3518859",Guatapará,São Paulo,SP,"35"
"5504","5216809",Petrolina de Goiás,Goiás,GO,"52"
"1079","2400406",Água Nova,Rio Grande do Norte,RN,"24"
"2860","3152600",Pouso Alto,Minas Gerais,MG,"31"
"4709","4305306",Chapada,Rio Grande do Sul,RS,"43"
"1780","2803005",Itabaianinha,Sergipe,SE,"28"
"4708","4305207",Cerro Largo,Rio Grande do Sul,RS,"43"
"4121","4115002",Marilena,Paraná,PR,"41"
"792","2206050",Massapê do Piauí,Piauí,PI,"22"
"1013","2309201",Nova Olinda,Ceará,CE,"23"
"3428","3514403",Dracena,São Paulo,SP,"35"
"2564","3128204",Guaraciaba,Minas Gerais,MG,"31"
"3763","3544103",Rio Grande da Serra,São Paulo,SP,"35"
"925","2302800",Canindé,Ceará,CE,"23"
"2769","3145208",Nova Serrana,Minas Gerais,MG,"31"
"4663","4302659",Brochier,Rio Grande do Sul,RS,"43"
"582","2107704",Paraibano,Maranhão,MA,"21"
"2547","3127057",Fronteira dos Vales,Minas Gerais,MG,"31"
"4982","4317707",Santo Antônio das Missões,Rio Grande do Sul,RS,"43"
"1042","2311405",Quixeramobim,Ceará,CE,"23"
"4030","4108007",Florestópolis,Paraná,PR,"41"
"1693","2703908",Jundiá,Alagoas,AL,"27"
"3193","3301157",Cardoso Moreira,Rio de Janeiro,RJ,"33"
"4520","4213906",Presidente Castello Branco,Santa Catarina,SC,"42"
"132","1304203",Tefé,Amazonas,,"13"
"1930","2908507",Conceição do Jacuípe,Bahia,BA,"29"
"4264","4125506",São José dos Pinhais,Paraná,PR,"41"
"5350","5202502",Aruanã,Goiás,GO,"52"
"1040","2311306",Quixadá,Ceará,CE,"23"
"3401","3557204",Chavantes,São Paulo,SP,"35"
"4720","4305801",Constantina,Rio Grande do Sul,RS,"43"
"948","2304301",Farias Brito,Ceará,CE,"23"
"2838","3150604",Piracema,Minas Gerais,MG,"31"
"5397","5206503",Cromínia,Goiás,GO,"52"
"1437","2515005",São Miguel de Taipu,Paraíba,PB,"25"
"2529","3125606",Felisburgo,Minas Gerais,MG,"31"
"4930","4314787",Ponte Preta,Rio Grande do Sul,RS,"43"
"465","2100873",Araguanã,Maranhão,MA,"21"
"2257","3101300",Alagoa,Minas Gerais,MG,"31"
"4486","4211603",Nova Veneza,Santa Catarina,SC,"42"
"2195","2929909",Seabra,Bahia,BA,"29"
"3240","3304409",Rio Claro,Rio de Janeiro,RJ,"33"
"625","2110708",São Domingos do Maranhão,Maranhão,MA,"21"
"2373","3111705",Canaã,Minas Gerais,MG,"31"
"393","1714302",Nazaré,Tocantins,TO,"17"
"1297","2504207",Catingueira,Paraíba,PB,"25"
"3173","3205176",Vila Valério,Espírito Santo,ES,"32"
"1973","2911907",Iaçu,Bahia,BA,"29"
"3352","3507456",Borebi,São Paulo,SP,"35"
"5555","5221304",Três Ranchos,Goiás,GO,"52"
"200","1503044",Floresta do Araguaia,Pará,PA,"15"
"1309","2505238",Cuité de Mamanguape,Paraíba,PB,"25"
"3281","3501152",Alumínio,São Paulo,SP,"35"
"674","2200400",Altos,Piauí,PI,"22"
"3677","3536257",Parisi,São Paulo,SP,"35"
"1791","2804102",Moita Bonita,Sergipe,SE,"28"
"3443","3515301",Estrela do Norte,São Paulo,SP,"35"
"191","1502756",Concórdia do Pará,Pará,PA,"15"
"2830","3150109",Piau,Minas Gerais,MG,"31"
"5221","5103437",Curvelândia,Mato Grosso,MT,"51"
"630","2111029",São João do Carú,Maranhão,MA,"21"
"2533","3125952",Fervedouro,Minas Gerais,MG,"31"
"5346","5201702",Aragarças,Goiás,GO,"52"
"1287","2503605",Caiçara,Paraíba,PB,"25"
"3143","3203346",Marechal Floriano,Espírito Santo,ES,"32"
"4919","4314456",Pinhal,Rio Grande do Sul,RS,"43"
"2288","3104007",Araxá,Minas Gerais,MG,"31"
"3408","3512506",Coroados,São Paulo,SP,"35"
"5477","5214051",Mundo Novo,Goiás,GO,"52"
"532","2104677",Governador Nunes Freire,Maranhão,MA,"21"
"2618","3133006",Itamonte,Minas Gerais,MG,"31"
"4966","4316600",Sananduva,Rio Grande do Sul,RS,"43"
"1204","2412005",São Gonçalo do Amarante,Rio Grande do Norte,RN,"24"
"3549","3524600",Jacupiranga,São Paulo,SP,"35"
"4944","4315321",Quevedos,Rio Grande do Sul,RS,"43"
"2420","3116001",Chalé,Minas Gerais,MG,"31"
"4192","4120101",Porto Amazonas,Paraná,PR,"41"
"1065","2313401",Tianguá,Ceará,CE,"23"
"3362","3508306",Cabrália Paulista,São Paulo,SP,"35"
"3928","4101200",Antonina,Paraná,PR,"41"
"5475","5213905",Mossâmedes,Goiás,GO,"52"
"611","2109759",Santa Filomena do Maranhão,Maranhão,MA,"21"
"2280","3103306",Aracitaba,Minas Gerais,MG,"31"
"5058","4321501",Torres,Rio Grande do Sul,RS,"43"
"1165","2408300",Nova Cruz,Rio Grande do Norte,RN,"24"
"4967","4316709",Santa Bárbara do Sul,Rio Grande do Sul,RS,"43"
"1631","2614709",Tacaimbó,Pernambuco,PE,"26"
"3245","3304706",Santo Antônio de Pádua,Rio de Janeiro,RJ,"33"
"5119","5002209",Bonito,Mato Grosso do Sul,MS,"50"
"1807","2805604",Porto da Folha,Sergipe,SE,"28"
"4225","4122404",Rolândia,Paraná,PR,"41"
"3009","3165008",São Tiago,Minas Gerais,MG,"31"
"5110","5000906",Antônio João,Mato Grosso do Sul,MS,"50"
"2087","2921500",Monte Santo,Bahia,BA,"29"
"3476","3518206",Guararapes,São Paulo,SP,"35"
"167","1501204",Baião,Pará,PA,"15"
"2492","3122306",Divinópolis,Minas Gerais,MG,"31"
"4806","4310009",Ibirubá,Rio Grande do Sul,RS,"43"
"2748","3143609",Morro da Garça,Minas Gerais,MG,"31"
"4422","4207007",Içara,Santa Catarina,SC,"42"
"5543","5220207",São Miguel do Araguaia,Goiás,GO,"52"
"419","1718451",Pugmil,Tocantins,TO,"17"
"1280","2503001",Caaporã,Paraíba,PB,"25"
"3183","3300407",Barra Mansa,Rio de Janeiro,RJ,"33"
"5083","4322541",Vale Real,Rio Grande do Sul,RS,"43"
"405","1716208",Paranã,Tocantins,TO,"17"
"2022","2916500",Itapicuru,Bahia,BA,"29"
"3274","3500600",Águas de São Pedro,São Paulo,SP,"35"
"5081","4322509",Vacaria,Rio Grande do Sul,RS,"43"
"714","2202208",Campo Maior,Piauí,PI,"22"
"2651","3135803",Jequitinhonha,Minas Gerais,MG,"31"
"5309","5107883",Serra Nova Dourada,Mato Grosso,MT,"51"
"317","1701002",Ananás,Tocantins,TO,"17"
"2418","3115805",Centralina,Minas Gerais,MG,"31"
"5285","5107040",Primavera do Leste,Mato Grosso,MT,"51"
"1193","2411007",Rodolfo Fernandes,Rio Grande do Norte,RN,"24"
"3513","3521200",Iporanga,São Paulo,SP,"35"
"1737","2708105",Santana do Mundaú,Alagoas,AL,"27"
"3944","4102703",Barra do Jacaré,Paraná,PR,"41"
"1858","2902609",Baixa Grande,Bahia,BA,"29"
"4411","4206108",Grão Pará,Santa Catarina,SC,"42"
"1257","2501153",Areia de Baraúnas,Paraíba,PB,"25"
"3033","3167103",Serro,Minas Gerais,MG,"31"
"5461","5212808",Mara Rosa,Goiás,GO,"52"
"2221","2931905",Tucano,Bahia,BA,"29"
"4562","4216701",São José do Cedro,Santa Catarina,SC,"42"
"1557","2608107",João Alfredo,Pernambuco,PE,"26"
"3054","3169000",Tocantins,Minas Gerais,MG,"31"
"5022","4319737",São Valério do Sul,Rio Grande do Sul,RS,"43"
"12","1100908",Castanheiras,Rondônia,RO,"11"
"1823","2807204",Siriri,Sergipe,SE,"28"
"3514","3521309",Ipuã,São Paulo,SP,"35"
"699","2201919",Bom Princípio do Piauí,Piauí,PI,"22"
"3908","3556909",Vista Alegre do Alto,São Paulo,SP,"35"
"1619","2613404",São José da Coroa Grande,Pernambuco,PE,"26"
"4364","4203154",Calmon,Santa Catarina,SC,"42"
"2297","3104809",Augusto de Lima,Minas Gerais,MG,"31"
"4245","4124020",Santa Tereza do Oeste,Paraná,PR,"41"
"821","2207777",Patos do Piauí,Piauí,PI,"22"
"3202","3301850",Guapimirim,Rio de Janeiro,RJ,"33"
"4528","4214607",Rio do Oeste,Santa Catarina,SC,"42"
"2091","2921906",Mucugê,Bahia,BA,"29"
"4783","4308805",General Câmara,Rio Grande do Sul,RS,"43"
"1778","2802809",Indiaroba,Sergipe,SE,"28"
"3334","3505906",Batatais,São Paulo,SP,"35"
"5525","5219209",Santa Cruz de Goiás,Goiás,GO,"52"
"987","2307106",Jardim,Ceará,CE,"23"
"1910","2906857",Capela do Alto Alegre,Bahia,BA,"29"
"4087","4112405",Japurá,Paraná,PR,"41"
"1071","2313807",Uruburetama,Ceará,CE,"23"
"3465","3517109",Glicério,São Paulo,SP,"35"
"4768","4307906",Farroupilha,Rio Grande do Sul,RS,"43"
"2145","2925907",Quijingue,Bahia,BA,"29"
"4301","4128104",Umuarama,Paraná,PR,"41"
"818","2207603",Parnaguá,Piauí,PI,"22"
"3477","3518305",Guararema,São Paulo,SP,"35"
"4735","4306320",Derrubadas,Rio Grande do Sul,RS,"43"
"1023","2310100",Palmácia,Ceará,CE,"23"
"2583","3129905",Ibitiúra de Minas,Minas Gerais,MG,"31"
"4065","4110607",Iporã,Paraná,PR,"41"
"516","2103802",Dom Pedro,Maranhão,MA,"21"
"2469","3120300",Cristália,Minas Gerais,MG,"31"
"5048","4321204",Taquara,Rio Grande do Sul,RS,"43"
"1431","2514602",São José do Bonfim,Paraíba,PB,"25"
"4006","4106852",Cruzmaltina,Paraná,PR,"41"
"422","1718659",Rio da Conceição,Tocantins,TO,"17"
"2743","3143203",Monte Santo de Minas,Minas Gerais,MG,"31"
"1559","2608255",Jucati,Pernambuco,PE,"26"
"4197","4120358",Pranchita,Paraná,PR,"41"
"15","1100064",Colorado do Oeste,Rondônia,RO,"11"
"2708","3140308",Marliéria,Minas Gerais,MG,"31"
"4414","4206405",Guaraciaba,Santa Catarina,SC,"42"
"565","2106607",Matões,Maranhão,MA,"21"
"2379","3112307",Capelinha,Minas Gerais,MG,"31"
"4073","4111209",Itapejara d'Oeste,Paraná,PR,"41"
"722","2202604",Castelo do Piauí,Piauí,PI,"22"
"1552","2607802",Itaquitinga,Pernambuco,PE,"26"
"2687","3138658",Lontra,Minas Gerais,MG,"31"
"4662","4302600",Braga,Rio Grande do Sul,RS,"43"
"779","2205557",Lagoa Alegre,Piauí,PI,"22"
"3603","3529658",Mesópolis,São Paulo,SP,"35"
"5507","5217203",Piranhas,Goiás,GO,"52"
"981","2306553",Itarema,Ceará,CE,"23"
"2416","3115607",Cedro do Abaeté,Minas Gerais,MG,"31"
"4480","4211207",Morro da Fumaça,Santa Catarina,SC,"42"
"2413","3115458",Catuji,Minas Gerais,MG,"31"
"4344","4202099",Barra Bonita,Santa Catarina,SC,"42"
"1147","2406601",Lagoa Salgada,Rio Grande do Norte,RN,"24"
"3816","3548906",São Carlos,São Paulo,SP,"35"
"2338","3108602",Brasília de Minas,Minas Gerais,MG,"31"
"4101","4113429",Lidianópolis,Paraná,PR,"41"
"785","2205607",Landri Sales,Piauí,PI,"22"
"1707","2705309",Minador do Negrão,Alagoas,AL,"27"
"3176","3300100",Angra dos Reis,Rio de Janeiro,RJ,"33"
"86","1300680",Boa Vista do Ramos,Amazonas,,"13"
"1834","2900702",Alagoinhas,Bahia,BA,"29"
"4316","4200408",Água Doce,Santa Catarina,SC,"42"
"2119","2923803",Paripiranga,Bahia,BA,"29"
"2081","2921054",Matina,Bahia,BA,"29"
"4536","4215208",Romelândia,Santa Catarina,SC,"42"
"1568","2608909",Limoeiro,Pernambuco,PE,"26"
"2241","2933406",Wagner,Bahia,BA,"29"
"3807","3548054",Santo Antônio do Aracanguá,São Paulo,SP,"35"
"158","1500503",Almeirim,Pará,PA,"15"
"2213","2931202",Taperoá,Bahia,BA,"29"
"4485","4211504",Nova Trento,Santa Catarina,SC,"42"
"5501","5216304",Paranaiguara,Goiás,GO,"52"
"226","1504802",Monte Alegre,Pará,PA,"15"
"2404","3114600",Carrancas,Minas Gerais,MG,"31"
"4494","4211900",Palhoça,Santa Catarina,SC,"42"
"67","1200393",Porto Walter,Acre,AC,"12"
"2844","3151206",Pirapora,Minas Gerais,MG,"31"
"4463","4210001",Luiz Alves,Santa Catarina,SC,"42"
"1059","2313005",Solonópole,Ceará,CE,"23"
"3105","3200508",Apiacá,Espírito Santo,ES,"32"
"1162","2408003",Mossoró,Rio Grande do Norte,RN,"24"
"3209","3302254",Itatiaia,Rio de Janeiro,RJ,"33"
"5057","4321493",Toropi,Rio Grande do Sul,RS,"43"
"351","1705557",Combinado,Tocantins,TO,"17"
"1397","2512507",Queimadas,Paraíba,PB,"25"
"3067","3170057",Ubaporanga,Minas Gerais,MG,"31"
"4576","4217758",Sul Brasil,Santa Catarina,SC,"42"
"641","2111607",São Raimundo das Mangabeiras,Maranhão,MA,"21"
"2612","3132404",Itajubá,Minas Gerais,MG,"31"
"3976","4104428",Candói,Paraná,PR,"41"
"2563","3128105",Guapé,Minas Gerais,MG,"31"
"4109","4113908",Mallet,Paraná,PR,"41"
"5345","5201603",Araçu,Goiás,GO,"52"
"1113","2403509",Espírito Santo,Rio Grande do Norte,RN,"24"
"2337","3108552",Brasilândia de Minas,Minas Gerais,MG,"31"
"5046","4321006",Tapera,Rio Grande do Sul,RS,"43"
"1656","2700607",Barra de São Miguel,Alagoas,AL,"27"
"3413","3513009",Cotia,São Paulo,SP,"35"
"5023","4319752",São Vendelino,Rio Grande do Sul,RS,"43"
"754","2204204",Francisco Santos,Piauí,PI,"22"
"2412","3115409",Catas Altas da Noruega,Minas Gerais,MG,"31"
"4477","4211009",Mondaí,Santa Catarina,SC,"42"
"916","2302008",Barro,Ceará,CE,"23"
"3110","3201001",Boa Esperança,Espírito Santo,ES,"32"
"885","2211209",Uruçuí,Piauí,PI,"22"
"2335","3108503",Botumirim,Minas Gerais,MG,"31"
"3992","4105805",Colombo,Paraná,PR,"41"
"1084","2400901",Antônio Martins,Rio Grande do Norte,RN,"24"
"3697","3538006",Pindamonhangaba,São Paulo,SP,"35"
"1463","2517209",Vieirópolis,Paraíba,PB,"25"
"4098","4113254",Laranjal,Paraná,PR,"41"
"505","2103158",Centro do Guilherme,Maranhão,MA,"21"
"2136","2925204",Pojuca,Bahia,BA,"29"
"2836","3150539",Pingo d'Água,Minas Gerais,MG,"31"
"4294","4127809",Tomazina,Paraná,PR,"41"
"2690","3138708",Luminárias,Minas Gerais,MG,"31"
"4110","4114005",Mamborê,Paraná,PR,"41"
"551","2105948",Lago dos Rodrigues,Maranhão,MA,"21"
"3151","3204005",Pancas,Espírito Santo,ES,"32"
"4545","4215679",Santa Terezinha,Santa Catarina,SC,"42"
"2170","2928109",Santa Maria da Vitória,Bahia,BA,"29"
"4424","4207205",Imaruí,Santa Catarina,SC,"42"
"261","1506559",Santa Luzia do Pará,Pará,PA,"15"
"1921","2907608",Central,Bahia,BA,"29"
"4398","4205209",Erval Velho,Santa Catarina,SC,"42"
"316","1700707",Alvorada,Tocantins,TO,"17"
"2680","3138203",Lavras,Minas Gerais,MG,"31"
"4899","4313607",Paim Filho,Rio Grande do Sul,RS,"43"
"3338","3506300",Bernardino de Campos,São Paulo,SP,"35"
"5519","5218706",Rianápolis,Goiás,GO,"52"
"814","2207355",Pajeú do Piauí,Piauí,PI,"22"
"3208","3302205",Itaperuna,Rio de Janeiro,RJ,"33"
"5485","5214861",Nova Glória,Goiás,GO,"52"
"522","2104099",Formosa da Serra Negra,Maranhão,MA,"21"
"2391","3113404",Caratinga,Minas Gerais,MG,"31"
"4464","4210035",Luzerna,Santa Catarina,SC,"42"
"741","2203404",Dom Expedito Lopes,Piauí,PI,"22"
"2810","3148400",Paulistas,Minas Gerais,MG,"31"
"4223","4122206",Rio Branco do Sul,Paraná,PR,"41"
"1965","2911303",Gentio do Ouro,Bahia,BA,"29"
"4567","4217154",São Miguel da Boa Vista,Santa Catarina,SC,"42"
"1418","2513927",São Bentinho,Paraíba,PB,"25"
"4556","4216305",São João Batista,Santa Catarina,SC,"42"
"364","1707702",Filadélfia,Tocantins,TO,"17"
"5255","5106216",Nova Canaã do Norte,Mato Grosso,MT,"51"
"196","1502905",Curuçá,Pará,PA,"15"
"1741","2708501",São Luís do Quitunde,Alagoas,AL,"27"
"3266","3306206",Vassouras,Rio de Janeiro,RJ,"33"
"5084","4322525",Vale Verde,Rio Grande do Sul,RS,"43"
"154","1500206",Acará,Pará,PA,"15"
"2794","3146909",Papagaios,Minas Gerais,MG,"31"
"5139","5004007",Glória de Dourados,Mato Grosso do Sul,MS,"50"
"739","2203305",Demerval Lobão,Piauí,PI,"22"
"2857","3152303",Porto Firme,Minas Gerais,MG,"31"
"4549","4215802",São Bento do Sul,Santa Catarina,SC,"42"
"1036","2311108",Porteiras,Ceará,CE,"23"
"3746","3542503",Reginópolis,São Paulo,SP,"35"
"5544","5220264",São Miguel do Passa Quatro,Goiás,GO,"52"
"79","1300144",Apuí,Amazonas,,"13"
"2405","3114709",Carvalhópolis,Minas Gerais,MG,"31"
"3664","3535002",Palestina,São Paulo,SP,"35"
"840","2208908",Ribeiro Gonçalves,Piauí,PI,"22"
"2464","3119955",Córrego Fundo,Minas Gerais,MG,"31"
"395","1715002",Nova Rosalândia,Tocantins,TO,"17"
"2669","3137205",Lagoa da Prata,Minas Gerais,MG,"31"
"4597","4219150",Vargem,Santa Catarina,SC,"42"
"209","1503606",Itaituba,Pará,PA,"15"
"1936","2909109",Coribe,Bahia,BA,"29"
"3644","3533205",Nova Independência,São Paulo,SP,"35"
"5528","5219357",Santa Isabel,Goiás,GO,"52"
"387","1713205",Miracema do Tocantins,Tocantins,TO,"17"
"2030","2917201",Ituaçu,Bahia,BA,"29"
"5136","5003751",Eldorado,Mato Grosso do Sul,MS,"50"
"1820","2806909",São Francisco,Sergipe,SE,"28"
"3590","3528502",Mairiporã,São Paulo,SP,"35"
"472","2101301",Bacuri,Maranhão,MA,"21"
"2811","3148509",Pavão,Minas Gerais,MG,"31"
"5325","5200100",Abadiânia,Goiás,GO,"52"
"749","2203859",Floresta do Piauí,Piauí,PI,"22"
"2656","3136306",João Pinheiro,Minas Gerais,MG,"31"
"4224","4122305",Rio Negro,Paraná,PR,"41"
"407","1716505",Pedro Afonso,Tocantins,TO,"17"
"2451","3118700",Coqueiral,Minas Gerais,MG,"31"
"4341","4212809",Balneário Piçarras,Santa Catarina,SC,"42"
"14","1100924",Chupinguaia,Rondônia,RO,"11"
"2025","2916807",Itarantim,Bahia,BA,"29"
"3936","4101853",Ariranha do Ivaí,Paraná,PR,"41"
"4872","4312617",Muitos Capões,Rio Grande do Sul,RS,"43"
"1994","2913903",Ipiaú,Bahia,BA,"29"
"4150","4117107",Nova Londrina,Paraná,PR,"41"
"866","2210300",São Julião,Piauí,PI,"22"
"3174","3205200",Vila Velha,Espírito Santo,ES,"32"
"4575","4217709",Sombrio,Santa Catarina,SC,"42"
"1380","2511103",Pedra Lavrada,Paraíba,PB,"25"
"2515","3124104",Esmeraldas,Minas Gerais,MG,"31"
"4040","4108650",Goioxim,Paraná,PR,"41"
"723","2202653",Caxingó,Piauí,PI,"22"
"2472","3120607",Crucilândia,Minas Gerais,MG,"31"
"3856","3552601",Tabapuã,São Paulo,SP,"35"
"414","1717909",Ponte Alta do Tocantins,Tocantins,TO,"17"
"2169","2928059",Santa Luzia,Bahia,BA,"29"
"4335","4201802",Atalanta,Santa Catarina,SC,"42"
"1646","2616183",Vertente do Lério,Pernambuco,PE,"26"
"4279","4126504",Sertanópolis,Paraná,PR,"41"
"1587","2610608",Paudalho,Pernambuco,PE,"26"
"3126","3202405",Guarapari,Espírito Santo,ES,"32"
"1790","2804003",Maruim,Sergipe,SE,"28"
"4154","4117222",Nova Santa Rosa,Paraná,PR,"41"
"1344","2508208",Lagoa de Dentro,Paraíba,PB,"25"
"3278","3500907",Altair,São Paulo,SP,"35"
"4792","4309258",Guabiju,Rio Grande do Sul,RS,"43"
"2000","2914505",Irará,Bahia,BA,"29"
"3262","3305901",Trajano de Moraes,Rio de Janeiro,RJ,"33"
"5130","5003256",Costa Rica,Mato Grosso do Sul,MS,"50"
"2138","2925303",Porto Seguro,Bahia,BA,"29"
"4601","4219358",Vitor Meireles,Santa Catarina,SC,"42"
"960","2305100",Guaramiranga,Ceará,CE,"23"
"3263","3306008",Três Rios,Rio de Janeiro,RJ,"33"
"1492","2602506",Brejinho,Pernambuco,PE,"26"
"3239","3304300",Rio Bonito,Rio de Janeiro,RJ,"33"
"5043","4320800",Soledade,Rio Grande do Sul,RS,"43"
"439","1720655",Silvanópolis,Tocantins,TO,"17"
"2765","3144904",Nova Módica,Minas Gerais,MG,"31"
"4376","4204103",Caxambu do Sul,Santa Catarina,SC,"42"
"458","2100477",Alto Alegre do Pindaré,Maranhão,MA,"21"
"2080","2921005",Mata de São João,Bahia,BA,"29"
"3864","3553401",Tanabi,São Paulo,SP,"35"
"1130","2405009",Jaçanã,Rio Grande do Norte,RN,"24"
"3741","3542008",Quintana,São Paulo,SP,"35"
"295","1508407",Xinguara,Pará,PA,"15"
"3062","3169604",Tupaciguara,Minas Gerais,MG,"31"
"5213","5103106",Cocalinho,Mato Grosso,MT,"51"
"1544","2607109",Ingazeira,Pernambuco,PE,"26"
"4117","4114609",Marechal Cândido Rondon,Paraná,PR,"41"
"5352","5202809",Avelinópolis,Goiás,GO,"52"
"1798","2804706",Nossa Senhora de Lourdes,Sergipe,SE,"28"
"1969","2911659",Guajeru,Bahia,BA,"29"
"3453","3516002",Flórida Paulista,São Paulo,SP,"35"
"2623","3133501",Itapecerica,Minas Gerais,MG,"31"
"4146","4116901",Nova Esperança,Paraná,PR,"41"
"4948","4315503",Restinga Sêca,Rio Grande do Sul,RS,"43"
"1636","2615201",Terra Nova,Pernambuco,PE,"26"
"3421","3513801",Diadema,São Paulo,SP,"35"
"5162","5006309",Paranaíba,Mato Grosso do Sul,MS,"50"
"238","1505486",Pacajá,Pará,PA,"15"
"2001","2914604",Irecê,Bahia,BA,"29"
"3346","3507001",Boituva,São Paulo,SP,"35"
"5104","5000203",Água Clara,Mato Grosso do Sul,MS,"50"
"1493","2602605",Brejo da Madre de Deus,Pernambuco,PE,"26"
"2505","3123304",Dores do Turvo,Minas Gerais,MG,"31"
"3388","3510500",Caraguatatuba,São Paulo,SP,"35"
"4420","4206801",Ibicaré,Santa Catarina,SC,"42"
"1555","2608008",Jataúba,Pernambuco,PE,"26"
"2554","3127370",Goiabeira,Minas Gerais,MG,"31"
"4074","4111258",Itaperuçu,Paraná,PR,"41"
"656","2112274",Tufilândia,Maranhão,MA,"21"
"2819","3149150",Pedras de Maria da Cruz,Minas Gerais,MG,"31"
"4373","4203907",Capinzal,Santa Catarina,SC,"42"
"2110","2923050",Novo Triunfo,Bahia,BA,"29"
"5089","4322855",Vespasiano Corrêa,Rio Grande do Sul,RS,"43"
"1477","2601052",Araçoiaba,Pernambuco,PE,"26"
"3351","3507407",Borborema,São Paulo,SP,"35"
"5451","5211909",Jataí,Goiás,GO,"52"
"7","1100031",Cabixi,Rondônia,RO,"11"
"2271","3102407",Alvorada de Minas,Minas Gerais,MG,"31"
"4807","4310108",Igrejinha,Rio Grande do Sul,RS,"43"
"1050","2312007",Santana do Acaraú,Ceará,CE,"23"
"3735","3541505",Presidente Venceslau,São Paulo,SP,"35"
"1966","2911402",Glória,Bahia,BA,"29"
"4047","4109203",Guaraci,Paraná,PR,"41"
"1447","2515930",Sertãozinho,Paraíba,PB,"25"
"4371","4203808",Canoinhas,Santa Catarina,SC,"42"
"2093","2922052",Mulungu do Morro,Bahia,BA,"29"
"3872","3553955",Tarumã,São Paulo,SP,"35"
"5408","5207535",Faina,Goiás,GO,"52"
"411","1717206",Piraquê,Tocantins,TO,"17"
"2613","3132503",Itamarandiba,Minas Gerais,MG,"31"
"4406","4205605",Galvão,Santa Catarina,SC,"42"
"1521","2605103",Custódia,Pernambuco,PE,"26"
"2915","3157500",Santa Efigênia de Minas,Minas Gerais,MG,"31"
"3820","3549250",São João de Iracema,São Paulo,SP,"35"
"1852","2902104",Araci,Bahia,BA,"29"
"3824","3549607",São José do Barreiro,São Paulo,SP,"35"
"693","2201606",Beneditinos,Piauí,PI,"22"
"2067","2919926",Madre de Deus,Bahia,BA,"29"
"3783","3545803",Santa Bárbara d'Oeste,São Paulo,SP,"35"
"4697","4304804",Carlos Barbosa,Rio Grande do Sul,RS,"43"
"1482","2601508",Belém de Maria,Pernambuco,PE,"26"
"3972","4104204",Campo Largo,Paraná,PR,"41"
"1657","2700706",Batalha,Alagoas,AL,"27"
"3276","3500758",Alambari,São Paulo,SP,"35"
"3656","3534302",Orlândia,São Paulo,SP,"35"
"5339","5201108",Anápolis,Goiás,GO,"52"
"664","2112852",Vila Nova dos Martírios,Maranhão,MA,"21"
"2878","3154408",Ressaquinha,Minas Gerais,MG,"31"
"5432","5209952",Indiara,Goiás,GO,"52"
"1573","2609303",Mirandiba,Pernambuco,PE,"26"
"3831","3550209",São Miguel Arcanjo,São Paulo,SP,"35"
"1766","2801504",Carmópolis,Sergipe,SE,"28"
"3577","3527256",Lourdes,São Paulo,SP,"35"
"5299","5107263",Santo Afonso,Mato Grosso,MT,"51"
"994","2307635",Madalena,Ceará,CE,"23"
"2092","2922003",Mucuri,Bahia,BA,"29"
"3938","4102000",Assis Chateaubriand,Paraná,PR,"41"
"3883","3554805",Tremembé,São Paulo,SP,"35"
"1202","2411809",São Fernando,Rio Grande do Norte,RN,"24"
"2905","3156908",Sacramento,Minas Gerais,MG,"31"
"4369","4203600",Campos Novos,Santa Catarina,SC,"42"
"5392","5205802",Corumbá de Goiás,Goiás,GO,"52"
"1534","2606200",Goiana,Pernambuco,PE,"26"
"3772","3544806",Sales,São Paulo,SP,"35"
"554","2105963",Lagoa Grande do Maranhão,Maranhão,MA,"21"
"2770","3136603",Nova União,Minas Gerais,MG,"31"
"3988","4105409",Chopinzinho,Paraná,PR,"41"
"596","2108801",Pirapemas,Maranhão,MA,"21"
"1896","2905602",Camacan,Bahia,BA,"29"
"3450","3515707",Ferraz de Vasconcelos,São Paulo,SP,"35"
"4552","4216008",São Carlos,Santa Catarina,SC,"42"
"562","2106375",Maranhãozinho,Maranhão,MA,"21"
"2395","3113800",Carmésia,Minas Gerais,MG,"31"
"5276","5106505",Poconé,Mato Grosso,MT,"51"
"457","2100436",Alto Alegre do Maranhão,Maranhão,MA,"21"
"2694","3139102",Madre de Deus de Minas,Minas Gerais,MG,"31"
"4482","4211306",Navegantes,Santa Catarina,SC,"42"
"5549","5220603",Silvânia,Goiás,GO,"52"
"280","1507805",Senador José Porfírio,Pará,PA,"15"
"2387","3113008",Caraí,Minas Gerais,MG,"31"
"4578","4217907",Tangará,Santa Catarina,SC,"42"
"751","2204006",Francinópolis,Piauí,PI,"22"
"3929","4101309",Antônio Olinto,Paraná,PR,"41"
"4927","4314704",Planalto,Rio Grande do Sul,RS,"43"
"68","1200401",Rio Branco,Acre,AC,"12"
"1818","2806701",São Cristóvão,Sergipe,SE,"28"
"3593","3528809",Maracaí,São Paulo,SP,"35"
"5356","5203401",Bom Jardim de Goiás,Goiás,GO,"52"
"56","1200138",Bujari,Acre,AC,"12"
"1981","2912707",Ibirapitanga,Bahia,BA,"29"
"3594","3528858",Marapoama,São Paulo,SP,"35"
"1681","2702801",Flexeiras,Alagoas,AL,"27"
"4973","4316956",Santa Maria do Herval,Rio Grande do Sul,RS,"43"
"1265","2501575",Barra de Santana,Paraíba,PB,"25"
"4042","4108809",Guaíra,Paraná,PR,"41"
"2553","3127354",Glaucilândia,Minas Gerais,MG,"31"
"4352","4202503",Bom Jardim da Serra,Santa Catarina,SC,"42"
"1367","2509909",Natuba,Paraíba,PB,"25"
"3952","4103057",Boa Vista da Aparecida,Paraná,PR,"41"
"727","2202737",Coivaras,Piauí,PI,"22"
"2264","3101904",Alpinópolis,Minas Gerais,MG,"31"
"4570","4217303",Saudades,Santa Catarina,SC,"42"
"1374","2510600",Ouro Velho,Paraíba,PB,"25"
"3400","3511706",Charqueada,São Paulo,SP,"35"
"475","2101509",Barão de Grajaú,Maranhão,MA,"21"
"2783","3146008",Ouro Fino,Minas Gerais,MG,"31"
"4466","4210100",Mafra,Santa Catarina,SC,"42"
"1606","2612406",Sanharó,Pernambuco,PE,"26"
"4666","4302907",Cacequi,Rio Grande do Sul,RS,"43"
"31","1101435",Nova União,Rondônia,RO,"11"
"2640","3135050",Jaíba,Minas Gerais,MG,"31"
"4847","4311759",Manoel Viana,Rio Grande do Sul,RS,"43"
"482","2101939",Bernardo do Mearim,Maranhão,MA,"21"
"2131","2924702",Piripá,Bahia,BA,"29"
"3128","3202504",Ibiraçu,Espírito Santo,ES,"32"
"5476","5214002",Mozarlândia,Goiás,GO,"52"
"3180","3300233",Armação dos Búzios,Rio de Janeiro,RJ,"33"
"4826","4310876",Jacuizinho,Rio Grande do Sul,RS,"43"
"428","1718881",Santa Maria do Tocantins,Tocantins,TO,"17"
"1891","2905156",Caetanos,Bahia,BA,"29"
"4305","4128534",Ventania,Paraná,PR,"41"
"1277","2502706",Borborema,Paraíba,PB,"25"
"4614","4300471",Almirante Tamandaré do Sul,Rio Grande do Sul,RS,"43"
"1253","2500809",Araçagi,Paraíba,PB,"25"
"2523","3124906",Eugenópolis,Minas Gerais,MG,"31"
"4172","4118600",Paula Freitas,Paraná,PR,"41"
"807","2207959",Nova Santa Rita,Piauí,PI,"22"
"3081","3170800",Várzea da Palma,Minas Gerais,MG,"31"
"1518","2604809",Cortês,Pernambuco,PE,"26"
"3506","3520608",Indiana,São Paulo,SP,"35"
"5328","5200175",Água Fria de Goiás,Goiás,GO,"52"
"189","1502608",Colares,Pará,PA,"15"
"2071","2920205",Malhada,Bahia,BA,"29"
"4181","4119202",Pinhalão,Paraná,PR,"41"
"1942","2909703",Cristópolis,Bahia,BA,"29"
"3799","3547601",Santa Rosa de Viterbo,São Paulo,SP,"35"
"4773","4308201",Flores da Cunha,Rio Grande do Sul,RS,"43"
"44","1101492",São Francisco do Guaporé,Rondônia,RO,"11"
"1874","2903904",Bom Jesus da Lapa,Bahia,BA,"29"
"4001","4106555",Corumbataí do Sul,Paraná,PR,"41"
"152","1500107",Abaetetuba,Pará,PA,"15"
"2518","3124401",Espírito Santo do Dourado,Minas Gerais,MG,"31"
"4984","4317756",Santo Antônio do Planalto,Rio Grande do Sul,RS,"43"
"603","2109270",Presidente Sarney,Maranhão,MA,"21"
"2318","3106903",Bicas,Minas Gerais,MG,"31"
"3533","3523008",Itapura,São Paulo,SP,"35"
"127","1303908",São Paulo de Olivença,Amazonas,,"13"
"2178","2928802",Santo Estêvão,Bahia,BA,"29"
"3888","3555208",Turiúba,São Paulo,SP,"35"
"5209","5102793",Carlinda,Mato Grosso,MT,"51"
"294","1508357",Vitória do Xingu,Pará,PA,"15"
"1609","2612505",Santa Cruz do Capibaribe,Pernambuco,PE,"26"
"3898","3556107",Valentim Gentil,São Paulo,SP,"35"
"2027","2916906",Itiruçu,Bahia,BA,"29"
"4391","4204806",Curitibanos,Santa Catarina,SC,"42"
"142","1400209",Caracaraí,Roraima,RR,"14"
"1408","2513158",Santa Cecília,Paraíba,PB,"25"
"3503","3520442",Ilha Solteira,São Paulo,SP,"35"
"999","2308005",Massapê,Ceará,CE,"23"
"3942","4102406",Bandeirantes,Paraná,PR,"41"
"5422","5209150",Gouvelândia,Goiás,GO,"52"
"371","1709807",Ipueiras,Tocantins,TO,"17"
"2033","2917359",Jaborandi,Bahia,BA,"29"
"4661","4302584",Bozano,Rio Grande do Sul,RS,"43"
"283","1507961",Terra Alta,Pará,PA,"15"
"3040","3167707",Sobrália,Minas Gerais,MG,"31"
"5354","5203203",Barro Alto,Goiás,GO,"52"
"581","2107605",Palmeirândia,Maranhão,MA,"21"
"2260","3101607",Alfenas,Minas Gerais,MG,"31"
"3694","3537701",Piacatu,São Paulo,SP,"35"
"4896","4313441",Novo Tiradentes,Rio Grande do Sul,RS,"43"
"1612","2612703",Santa Maria do Cambucá,Pernambuco,PE,"26"
"2736","3142601",Monsenhor Paulo,Minas Gerais,MG,"31"
"4808","4310207",Ijuí,Rio Grande do Sul,RS,"43"
"1996","2914109",Ipupiara,Bahia,BA,"29"
"4236","4123402",Santa Fé,Paraná,PR,"41"
"1128","2404853",Itajá,Rio Grande do Norte,RN,"24"
"2899","3156403",Romaria,Minas Gerais,MG,"31"
"5359","5203575",Bonópolis,Goiás,GO,"52"
"892","2300101",Abaiara,Ceará,CE,"23"
"2679","3138104",Lassance,Minas Gerais,MG,"31"
"4210","4121307",Rancho Alegre,Paraná,PR,"41"
"1645","2616100",Verdejante,Pernambuco,PE,"26"
"3447","3515608",Fernando Prestes,São Paulo,SP,"35"
"5174","5007802",Selvíria,Mato Grosso do Sul,MS,"50"
"953","2304608",General Sampaio,Ceará,CE,"23"
"2714","3140704",Mateus Leme,Minas Gerais,MG,"31"
"4097","4113205",Lapa,Paraná,PR,"41"
"1560","2608305",Jupi,Pernambuco,PE,"26"
"791","2206001",Marcos Parente,Piauí,PI,"22"
"2499","3122702",Dom Silvério,Minas Gerais,MG,"31"
"4729","4306056",Cristal,Rio Grande do Sul,RS,"43"
"2326","3107703",Bom Jesus do Amparo,Minas Gerais,MG,"31"
"4535","4215109",Rodeio,Santa Catarina,SC,"42"
"2396","3113909",Carmo da Cachoeira,Minas Gerais,MG,"31"
"4683","4304358",Candiota,Rio Grande do Sul,RS,"43"
"2073","2920403",Manoel Vitorino,Bahia,BA,"29"
"1797","2804607",Nossa Senhora das Dores,Sergipe,SE,"28"
"3934","4101705",Araruna,Paraná,PR,"41"
"5526","5219258",Santa Fé de Goiás,Goiás,GO,"52"
"2278","3103108",Antônio Prado de Minas,Minas Gerais,MG,"31"
"3345","3506904",Bofete,São Paulo,SP,"35"
"5254","5106208",Nova Brasilândia,Mato Grosso,MT,"51"
"2650","3135704",Jequitibá,Minas Gerais,MG,"31"
"4375","4204004",Catanduvas,Santa Catarina,SC,"42"
"1503","2603504",Camocim de São Félix,Pernambuco,PE,"26"
"2928","3159506",Santa Rita do Itueto,Minas Gerais,MG,"31"
"4734","4306304",David Canabarro,Rio Grande do Sul,RS,"43"
"3047","3168309",Taquaraçu de Minas,Minas Gerais,MG,"31"
"4383","4204350",Cordilheira Alta,Santa Catarina,SC,"42"
"1558","2608206",Joaquim Nabuco,Pernambuco,PE,"26"
"3973","4104253",Campo Magro,Paraná,PR,"41"
"2674","3137601",Lagoa Santa,Minas Gerais,MG,"31"
"5223","5103502",Diamantino,Mato Grosso,MT,"51"
"2070","2920106",Mairi,Bahia,BA,"29"
"4271","4126009",São Sebastião da Amoreira,Paraná,PR,"41"
"5415","5208400",Goianápolis,Goiás,GO,"52"
"1653","2700300",Arapiraca,Alagoas,AL,"27"
"3520","3521903",Itajobi,São Paulo,SP,"35"
"1053","2312403",São Gonçalo do Amarante,Ceará,CE,"23"
"2462","3119807",Córrego Danta,Minas Gerais,MG,"31"
"4586","4218400",Treze de Maio,Santa Catarina,SC,"42"
"559","2106300",Magalhães de Almeida,Maranhão,MA,"21"
"2896","3156106",Ritápolis,Minas Gerais,MG,"31"
"4833","4311205",Júlio de Castilhos,Rio Grande do Sul,RS,"43"
"1120","2404101",Galinhos,Rio Grande do Norte,RN,"24"
"3283","3501301",Álvares Machado,São Paulo,SP,"35"
"1485","2601805",Betânia,Pernambuco,PE,"26"
"3982","4104808",Cascavel,Paraná,PR,"41"
"695","2201739",Betânia do Piauí,Piauí,PI,"22"
"2124","2924207",Pedro Alexandre,Bahia,BA,"29"
"4219","4122008",Rio Azul,Paraná,PR,"41"
"1596","2611507",Quipapá,Pernambuco,PE,"26"
"3273","3500550",Águas de Santa Bárbara,São Paulo,SP,"35"
"2198","2930204",Sento Sé,Bahia,BA,"29"
"3565","3526100",Juquiá,São Paulo,SP,"35"
"1436","2514909",São Mamede,Paraíba,PB,"25"
"3925","4101051",Anahy,Paraná,PR,"41"
"496","2102556",Campestre do Maranhão,Maranhão,MA,"21"
"2796","3147006",Paracatu,Minas Gerais,MG,"31"
"4618","4300604",Alvorada,Rio Grande do Sul,RS,"43"
"2146","2925931",Quixabeira,Bahia,BA,"29"
"3642","3533007",Nova Granada,São Paulo,SP,"35"
"4719","4305702",Condor,Rio Grande do Sul,RS,"43"
"1452","2516201",Sousa,Paraíba,PB,"25"
"3342","3506607",Biritiba Mirim,São Paulo,SP,"35"
"3979","4104600",Capitão Leônidas Marques,Paraná,PR,"41"
"540","2105302",Imperatriz,Maranhão,MA,"21"
"2433","3115201",Conceição da Barra de Minas,Minas Gerais,MG,"31"
"3673","3535903",Paranapuã,São Paulo,SP,"35"
"909","2301505",Arneiroz,Ceará,CE,"23"
"2831","3150158",Piedade de Caratinga,Minas Gerais,MG,"31"
"5074","4322251",Tupandi,Rio Grande do Sul,RS,"43"
"1689","2703601",Japaratinga,Alagoas,AL,"27"
"4177","4119004",Pérola d'Oeste,Paraná,PR,"41"
"3548","3524501",Jaci,São Paulo,SP,"35"
"137","1400050",Alto Alegre,Roraima,RR,"14"
"1963","2911204",Gandu,Bahia,BA,"29"
"3411","3512803",Cosmópolis,São Paulo,SP,"35"
"4799","4309605",Horizontina,Rio Grande do Sul,RS,"43"
"1731","2707503",Porto Real do Colégio,Alagoas,AL,"27"
"2793","3146750",Palmópolis,Minas Gerais,MG,"31"
"5198","5101704",Barra do Bugres,Mato Grosso,MT,"51"
"130","1304062",Tabatinga,Amazonas,,"13"
"1992","2913705",Inhambupe,Bahia,BA,"29"
"3605","3529807",Mineiros do Tietê,São Paulo,SP,"35"
"5153","5005400",Maracaju,Mato Grosso do Sul,MS,"50"
"1722","2706604",Paulo Jacinto,Alagoas,AL,"27"
"3843","3551405",Serra Azul,São Paulo,SP,"35"
"543","2105427",Itinga do Maranhão,Maranhão,MA,"21"
"4055","4109807",Ibiporã,Paraná,PR,"41"
"717","2202406",Capitão de Campos,Piauí,PI,"22"
"3064","3169802",Turvolândia,Minas Gerais,MG,"31"
"5323","5108600",Vila Rica,Mato Grosso,MT,"51"
"1529","2605707",Floresta,Pernambuco,PE,"26"
"3051","3168705",Timóteo,Minas Gerais,MG,"31"
"5416","5208509",Goiandira,Goiás,GO,"52"
"1982","2912806",Ibirapuã,Bahia,BA,"29"
"4231","4122909",Salto do Itararé,Paraná,PR,"41"
"5159","5006200",Nova Andradina,Mato Grosso do Sul,MS,"50"
"320","1701309",Aragominas,Tocantins,TO,"17"
"3948","4102901",Bituruna,Paraná,PR,"41"
"1375","2510659",Parari,Paraíba,PB,"25"
"2890","3155504",Rio Paranaíba,Minas Gerais,MG,"31"
"4433","4207759",Iraceminha,Santa Catarina,SC,"42"
"406","1716307",Pau D'Arco,Tocantins,TO,"17"
"2222","2932002",Uauá,Bahia,BA,"29"
"4714","4305447",Chuvisca,Rio Grande do Sul,RS,"43"
"310","1600709",Tartarugalzinho,Amapá,AP,"16"
"1940","2909505",Cravolândia,Bahia,BA,"29"
"5393","5205901",Corumbaíba,Goiás,GO,"52"
"1932","2908705",Condeúba,Bahia,BA,"29"
"4471","4210555",Marema,Santa Catarina,SC,"42"
"423","1718709",Rio dos Bois,Tocantins,TO,"17"
"2230","2932705",Uruçuca,Bahia,BA,"29"
"5131","5003306",Coxim,Mato Grosso do Sul,MS,"50"
"9","1100049",Cacoal,Rondônia,RO,"11"
"2165","2927606",Santa Brígida,Bahia,BA,"29"
"5168","5007208",Rio Brilhante,Mato Grosso do Sul,MS,"50"
"1723","2706703",Penedo,Alagoas,AL,"27"
"3508","3520806",Inúbia Paulista,São Paulo,SP,"35"
"5190","5100607",Alto Taquari,Mato Grosso,MT,"51"
"593","2108504",Pindaré-Mirim,Maranhão,MA,"21"
"2898","3156304",Rodeiro,Minas Gerais,MG,"31"
"4978","4317103",Sant'Ana do Livramento,Rio Grande do Sul,RS,"43"
"379","1711951",Lagoa do Tocantins,Tocantins,TO,"17"
"2967","3125507",São Gonçalo do Rio Preto,Minas Gerais,MG,"31"
"4389","4204707",Cunha Porã,Santa Catarina,SC,"42"
"1687","2703403",Jacaré dos Homens,Alagoas,AL,"27"
"3319","3504503",Avaré,São Paulo,SP,"35"
"5464","5213004",Maurilândia,Goiás,GO,"52"
"2177","2928703",Santo Antônio de Jesus,Bahia,BA,"29"
"4071","4111001",Itambaracá,Paraná,PR,"41"
"1537","2606507",Iati,Pernambuco,PE,"26"
"3349","3507209",Borá,São Paulo,SP,"35"
"5132","5003454",Deodápolis,Mato Grosso do Sul,MS,"50"
"2501","3122900",Dona Eusébia,Minas Gerais,MG,"31"
"5145","5004700",Ivinhema,Mato Grosso do Sul,MS,"50"
"185","1502202",Capanema,Pará,PA,"15"
"2099","2922508",Nazaré,Bahia,BA,"29"
"3703","3538709",Piracicaba,São Paulo,SP,"35"
"5481","5214606",Niquelândia,Goiás,GO,"52"
"817","2207553",Paquetá,Piauí,PI,"22"
"2190","2929503",São Sebastião do Passé,Bahia,BA,"29"
"3706","3539004",Pirangi,São Paulo,SP,"35"
"3994","4106001",Congonhinhas,Paraná,PR,"41"
"5133","5003488",Dois Irmãos do Buriti,Mato Grosso do Sul,MS,"50"
"636","2111300",São Luís,Maranhão,MA,"21"
"2334","3108404",Botelhos,Minas Gerais,MG,"31"
"5420","5208905",Goiás,Goiás,GO,"52"
"1311","2505279",Curral de Cima,Paraíba,PB,"25"
"3713","3539707",Platina,São Paulo,SP,"35"
"726","2202729",Cocal dos Alves,Piauí,PI,"22"
"1694","2704005",Junqueiro,Alagoas,AL,"27"
"3625","3531704",Monteiro Lobato,São Paulo,SP,"35"
"1412","2513406",Santa Luzia,Paraíba,PB,"25"
"3436","3515004",Embu das Artes,São Paulo,SP,"35"
"5438","5210406",Itaberaí,Goiás,GO,"52"
"1077","2400208",Açu,Rio Grande do Norte,RN,"24"
"2696","3139250",Mamonas,Minas Gerais,MG,"31"
"4643","4301909",Barra do Ribeiro,Rio Grande do Sul,RS,"43"
"2256","3101201",Aiuruoca,Minas Gerais,MG,"31"
"4840","4311502",Lavras do Sul,Rio Grande do Sul,RS,"43"
"964","2305308",Ibiapina,Ceará,CE,"23"
"3212","3302403",Macaé,Rio de Janeiro,RJ,"33"
"5060","4321626",Travesseiro,Rio Grande do Sul,RS,"43"
"111","1302553",Manaquiri,Amazonas,,"13"
"1878","2904100",Boquira,Bahia,BA,"29"
"3541","3523800",Itobi,São Paulo,SP,"35"
"5454","5212105",Joviânia,Goiás,GO,"52"
"1806","2805505",Poço Verde,Sergipe,SE,"28"
"3518","3521705",Itaberá,São Paulo,SP,"35"
"213","1503903",Juruti,Pará,PA,"15"
"2407","3114907",Casa Grande,Minas Gerais,MG,"31"
"4937","4315131",Pouso Novo,Rio Grande do Sul,RS,"43"
"470","2101202",Bacabal,Maranhão,MA,"21"
"2112","2923209",Oliveira dos Brejinhos,Bahia,BA,"29"
"4183","4119400",Piraí do Sul,Paraná,PR,"41"
"4850","4311809",Marau,Rio Grande do Sul,RS,"43"
"1133","2405306",Januário Cicco,Rio Grande do Norte,RN,"24"
"2306","3105707",Barra Longa,Minas Gerais,MG,"31"
"4842","4311627",Lindolfo Collor,Rio Grande do Sul,RS,"43"
"60","1200302",Feijó,Acre,AC,"12"
"2390","3113305",Carangola,Minas Gerais,MG,"31"
"3863","3553302",Tambaú,São Paulo,SP,"35"
"5471","5213756",Montividiu,Goiás,GO,"52"
"1886","2904803",Caatiba,Bahia,BA,"29"
"3405","3512209",Conchal,São Paulo,SP,"35"
"57","1200179",Capixaba,Acre,AC,"12"
"1989","2913457",Igrapiúna,Bahia,BA,"29"
"3754","3543238",Ribeirão dos Índios,São Paulo,SP,"35"
"1774","2802403",Gararu,Sergipe,SE,"28"
"3026","3166501",Serra Azul de Minas,Minas Gerais,MG,"31"
"5333","5200555",Alto Horizonte,Goiás,GO,"52"
"449","1722081",Wanderlândia,Tocantins,TO,"17"
"2456","3119203",Coroaci,Minas Gerais,MG,"31"
"5040","4320651",Silveira Martins,Rio Grande do Sul,RS,"43"
"1178","2409605",Pedra Preta,Rio Grande do Norte,RN,"24"
"4701","4305009",Catuípe,Rio Grande do Sul,RS,"43"
"1067","2313559",Tururu,Ceará,CE,"23"
"2292","3104403",Argirita,Minas Gerais,MG,"31"
"1093","2401651",Bodó,Rio Grande do Norte,RN,"24"
"2655","3136207",João Monlevade,Minas Gerais,MG,"31"
"4272","4126108",São Tomé,Paraná,PR,"41"
"721","2202554",Caridade do Piauí,Piauí,PI,"22"
"2293","3104452",Aricanduva,Minas Gerais,MG,"31"
"4856","4312138",Mato Castelhano,Rio Grande do Sul,RS,"43"
"2015","2915809",Itambé,Bahia,BA,"29"
"5410","5207808",Firminópolis,Goiás,GO,"52"
"1229","2414100",Tenente Ananias,Rio Grande do Norte,RN,"24"
"3580","3527504",Lucianópolis,São Paulo,SP,"35"
"1289","2503753",Cajazeirinhas,Paraíba,PB,"25"
"2620","3133204",Itanhomi,Minas Gerais,MG,"31"
"4432","4207700",Ipumirim,Santa Catarina,SC,"42"
"1591","2611002",Petrolândia,Pernambuco,PE,"26"
"4176","4118907",Pérola,Paraná,PR,"41"
"296","1600105",Amapá,Amapá,AP,"16"
"2776","3145505",Olímpio Noronha,Minas Gerais,MG,"31"
"4330","4201406",Araranguá,Santa Catarina,SC,"42"
"539","2105203",Igarapé Grande,Maranhão,MA,"21"
"2219","2931707",Terra Nova,Bahia,BA,"29"
"4056","4109906",Icaraíma,Paraná,PR,"41"
"2287","3103900",Araújos,Minas Gerais,MG,"31"
"4324","4201000",Anita Garibaldi,Santa Catarina,SC,"42"
"1446","2515906",Serraria,Paraíba,PB,"25"
"3939","4102109",Astorga,Paraná,PR,"41"
"1351","2508802",Malta,Paraíba,PB,"25"
"3363","3508405",Cabreúva,São Paulo,SP,"35"
"5287","5107156",Reserva do Cabaçal,Mato Grosso,MT,"51"
"61","1200328",Jordão,Acre,AC,"12"
"2935","3158607",Santana do Deserto,Minas Gerais,MG,"31"
"3526","3522406",Itapeva,São Paulo,SP,"35"
"4280","4126603",Siqueira Campos,Paraná,PR,"41"
"1419","2513901",São Bento,Paraíba,PB,"25"
"3654","3534104",Oriente,São Paulo,SP,"35"
"361","1707405",Esperantina,Tocantins,TO,"17"
"3914","4100202",Adrianópolis,Paraná,PR,"41"
"973","2305902",Ipueiras,Ceará,CE,"23"
"2401","3114402",Carmo do Rio Claro,Minas Gerais,MG,"31"
"4233","4123105",Santa Amélia,Paraná,PR,"41"
"273","1507458",São Geraldo do Araguaia,Pará,PA,"15"
"3568","3526407",Laranjal Paulista,São Paulo,SP,"35"
"5009","4319109",São Martinho,Rio Grande do Sul,RS,"43"
"1724","2706802",Piaçabuçu,Alagoas,AL,"27"
"4459","4209706",Lebon Régis,Santa Catarina,SC,"42"
"687","2201200",Barras,Piauí,PI,"22"
"3365","3508603",Cachoeira Paulista,São Paulo,SP,"35"
"4844","4311718",Maçambará,Rio Grande do Sul,RS,"43"
"990","2307304",Juazeiro do Norte,Ceará,CE,"23"
"4165","4118006",Paraíso do Norte,Paraná,PR,"41"
"4636","4301602",Bagé,Rio Grande do Sul,RS,"43"
"1894","2905404",Cairu,Bahia,BA,"29"
"3747","3542602",Registro,São Paulo,SP,"35"
"5265","5106240",Nova Ubiratã,Mato Grosso,MT,"51"
"2020","2916302",Itapebi,Bahia,BA,"29"
"3254","3305307",São Sebastião do Alto,Rio de Janeiro,RJ,"33"
"5146","5004809",Japorã,Mato Grosso do Sul,MS,"50"
"1057","2312809",Senador Sá,Ceará,CE,"23"
"3227","3303708",Paraíba do Sul,Rio de Janeiro,RJ,"33"
"4989","4318051",São Domingos do Sul,Rio Grande do Sul,RS,"43"
"2246","3100203",Abaeté,Minas Gerais,MG,"31"
"4238","4123600",Santa Inês,Paraná,PR,"41"
"803","2206704",Nazaré do Piauí,Piauí,PI,"22"
"2902","3156601",Rubim,Minas Gerais,MG,"31"
"4269","4125803",São Pedro do Ivaí,Paraná,PR,"41"
"1567","2608800",Lajedo,Pernambuco,PE,"26"
"5505","5216908",Pilar de Goiás,Goiás,GO,"52"
"1507","2603900",Carnaíba,Pernambuco,PE,"26"
"3329","3505401",Barra do Turvo,São Paulo,SP,"35"
"599","2109056",Porto Rico do Maranhão,Maranhão,MA,"21"
"3008","3165206",São Thomé das Letras,Minas Gerais,MG,"31"
"1313","2505352",Damião,Paraíba,PB,"25"
"3646","3533403",Nova Odessa,São Paulo,SP,"35"
"172","1501501",Benevides,Pará,PA,"15"
"1956","2910750",Fátima,Bahia,BA,"29"
"4199","4120507",Primeiro de Maio,Paraná,PR,"41"
"97","1301506",Envira,Amazonas,,"13"
"2817","3149002",Pedra Dourada,Minas Gerais,MG,"31"
"4961","4316428",Sagrada Família,Rio Grande do Sul,RS,"43"
"1489","2602209",Bom Jardim,Pernambuco,PE,"26"
"3289","3501905",Amparo,São Paulo,SP,"35"
"743","2203420",Domingos Mourão,Piauí,PI,"22"
"2989","3163300",São José do Divino,Minas Gerais,MG,"31"
"5199","5101803",Barra do Garças,Mato Grosso,MT,"51"
"2024","2916708",Itaquara,Bahia,BA,"29"
"3375","3509452",Campina do Monte Alegre,São Paulo,SP,"35"
"802","2206696",Murici dos Portelas,Piauí,PI,"22"
"2266","3102050",Alto Caparaó,Minas Gerais,MG,"31"
"3750","3542909",Ribeirão Bonito,São Paulo,SP,"35"
"961","2305209",Hidrolândia,Ceará,CE,"23"
"4667","4303004",Cachoeira do Sul,Rio Grande do Sul,RS,"43"
"2144","2925808",Queimadas,Bahia,BA,"29"
"5117","5002100",Bela Vista,Mato Grosso do Sul,MS,"50"
"382","1712405",Lizarda,Tocantins,TO,"17"
"2834","3150406",Piedade dos Gerais,Minas Gerais,MG,"31"
"5264","5106190",Nova Santa Helena,Mato Grosso,MT,"51"
"1371","2510303",Nova Palmeira,Paraíba,PB,"25"
"3427","3514304",Dourado,São Paulo,SP,"35"
"5378","5204904",Campos Belos,Goiás,GO,"52"
"2590","3130507",Ilicínea,Minas Gerais,MG,"31"
"5113","5001243",Aral Moreira,Mato Grosso do Sul,MS,"50"
"246","1505700",Ponta de Pedras,Pará,PA,"15"
"2042","2918209",Jiquiriçá,Bahia,BA,"29"
"4157","4117305",Ortigueira,Paraná,PR,"41"
"1141","2406106",Jucurutu,Rio Grande do Norte,RN,"24"
"2392","3113503",Carbonita,Minas Gerais,MG,"31"
"4866","4312427",Mormaço,Rio Grande do Sul,RS,"43"
"1937","2909208",Coronel João Sá,Bahia,BA,"29"
"3726","3540804",Potirendaba,São Paulo,SP,"35"
"5185","5100250",Alta Floresta,Mato Grosso,MT,"51"
"121","1303502",Pauini,Amazonas,,"13"
"3153","3204104",Pinheiros,Espírito Santo,ES,"32"
"4592","4218855",União do Oeste,Santa Catarina,SC,"42"
"1082","2400703",Alto do Rodrigues,Rio Grande do Norte,RN,"24"
"4114","4114351",Manfrinópolis,Paraná,PR,"41"
"5550","5220686",Simolândia,Goiás,GO,"52"
"1526","2605459",Fernando de Noronha,Pernambuco,PE,"26"
"2749","3143708",Morro do Pilar,Minas Gerais,MG,"31"
"1350","2508703",Mãe d'Água,Paraíba,PB,"25"
"2951","3160702",Santos Dumont,Minas Gerais,MG,"31"
"5342","5201405",Aparecida de Goiânia,Goiás,GO,"52"
"145","1400308",Mucajaí,Roraima,RR,"14"
"1570","2609105",Machados,Pernambuco,PE,"26"
"4659","4302451",Boqueirão do Leão,Rio Grande do Sul,RS,"43"
"828","2208106",Pimenteiras,Piauí,PI,"22"
"3874","3554102",Taubaté,São Paulo,SP,"35"
"1856","2902401",Aurelino Leal,Bahia,BA,"29"
"4613","4300455",Alegria,Rio Grande do Sul,RS,"43"
"495","2102507",Cajari,Maranhão,MA,"21"
"3132","3202702",Itaguaçu,Espírito Santo,ES,"32"
"4532","4215000",Rio Negrinho,Santa Catarina,SC,"42"
"860","2209955",São João da Varjota,Piauí,PI,"22"
"2599","3131158",Ipaba,Minas Gerais,MG,"31"
"4587","4218509",Treze Tílias,Santa Catarina,SC,"42"
"932","2303501",Cascavel,Ceará,CE,"23"
"1805","2805406",Poço Redondo,Sergipe,SE,"28"
"3228","3303807",Paraty,Rio de Janeiro,RJ,"33"
"5016","4319372",São Pedro do Butiá,Rio Grande do Sul,RS,"43"
"1319","2506004",Esperança,Paraíba,PB,"25"
"4128","4115507",Marumbi,Paraná,PR,"41"
"1294","2504074",Caraúbas,Paraíba,PB,"25"
"2983","3162922",São Joaquim de Bicas,Minas Gerais,MG,"31"
"4943","4315313",Quatro Irmãos,Rio Grande do Sul,RS,"43"
"202","1503093",Goianésia do Pará,Pará,PA,"15"
"3027","3166600",Serra da Saudade,Minas Gerais,MG,"31"
"4513","4213302",Ponte Alta,Santa Catarina,SC,"42"
"1540","2606804",Igarassu,Pernambuco,PE,"26"
"4475","4210852",Mirim Doce,Santa Catarina,SC,"42"
"3237","3304151",Quissamã,Rio de Janeiro,RJ,"33"
"1376","2510709",Passagem,Paraíba,PB,"25"
"3219","3302908",Miguel Pereira,Rio de Janeiro,RJ,"33"
"4761","4307559",Estação,Rio Grande do Sul,RS,"43"
"1914","2907004",Cardeal da Silva,Bahia,BA,"29"
"3819","3549201",São João das Duas Pontes,São Paulo,SP,"35"
"5176","5007901",Sidrolândia,Mato Grosso do Sul,MS,"50"
"2403","3114550",Carneirinho,Minas Gerais,MG,"31"
"5036","4320503",Sertão,Rio Grande do Sul,RS,"43"
"682","2201002",Arraial,Piauí,PI,"22"
"2270","3102308",Alvinópolis,Minas Gerais,MG,"31"
"4680","4304101",Campos Borges,Rio Grande do Sul,RS,"43"
"1450","2516102",Soledade,Paraíba,PB,"25"
"3060","3169406",Três Pontas,Minas Gerais,MG,"31"
"912","2301802",Baixio,Ceará,CE,"23"
"1785","2803500",Lagarto,Sergipe,SE,"28"
"3536","3523305",Itariri,São Paulo,SP,"35"
"1500","2603306",Calçado,Pernambuco,PE,"26"
"3367","3508801",Cafelândia,São Paulo,SP,"35"
"4753","4306973",Erebango,Rio Grande do Sul,RS,"43"
"23","1100114",Jaru,Rondônia,RO,"11"
"1083","2400802",Angicos,Rio Grande do Norte,RN,"24"
"958","2304954",Guaiúba,Ceará,CE,"23"
"3293","3502309",Anhembi,São Paulo,SP,"35"
"5189","5100508",Alto Paraguai,Mato Grosso,MT,"51"
"1827","2807600",Umbaúba,Sergipe,SE,"28"
"4525","4214300",Rancho Queimado,Santa Catarina,SC,"42"
"1027","2310407",Paramoti,Ceará,CE,"23"
"2730","3142106",Miradouro,Minas Gerais,MG,"31"
"3965","4103701",Cambé,Paraná,PR,"41"
"2018","2916104",Itaparica,Bahia,BA,"29"
"4136","4116000",Miraselva,Paraná,PR,"41"
"299","1600238",Ferreira Gomes,Amapá,AP,"16"
"2493","3122355",Divisa Alegre,Minas Gerais,MG,"31"
"3918","4128625",Alto Paraíso,Paraná,PR,"41"
"1348","2508554",Logradouro,Paraíba,PB,"25"
"1028","2310506",Pedra Branca,Ceará,CE,"23"
"3030","3166907",Serrania,Minas Gerais,MG,"31"
"4318","4200556",Águas Frias,Santa Catarina,SC,"42"
"940","2304004",Coreaú,Ceará,CE,"23"
"2739","3142908",Monte Azul,Minas Gerais,MG,"31"
"1563","2608453",Lagoa do Carro,Pernambuco,PE,"26"
"4021","4107553",Farol,Paraná,PR,"41"
"214","1504000",Limoeiro do Ajuru,Pará,PA,"15"
"1979","2912509",Ibipitanga,Bahia,BA,"29"
"4258","4125100",São João do Triunfo,Paraná,PR,"41"
"1019","2309706",Pacatuba,Ceará,CE,"23"
"3732","3541208",Presidente Bernardes,São Paulo,SP,"35"
"4361","4202909",Brusque,Santa Catarina,SC,"42"
"607","2109502",Riachão,Maranhão,MA,"21"
"2534","3126000",Florestal,Minas Gerais,MG,"31"
"3865","3553500",Tapiraí,São Paulo,SP,"35"
"5570","5300108",Brasília,Distrito Federal,DF,"53"
"1860","2902708",Barra,Bahia,BA,"29"
"3959","4103370",Brasilândia do Sul,Paraná,PR,"41"
"544","2105450",Jatobá,Maranhão,MA,"21"
"2325","3107604",Bom Jesus da Penha,Minas Gerais,MG,"31"
"4296","4127882",Tunas do Paraná,Paraná,PR,"41"
"491","2102325",Buriticupu,Maranhão,MA,"21"
"2850","3151800",Poços de Caldas,Minas Gerais,MG,"31"
"4925","4314555",Pirapó,Rio Grande do Sul,RS,"43"
"1977","2912301",Ibicuí,Bahia,BA,"29"
"4455","4209409",Laguna,Santa Catarina,SC,"42"
"356","1706506",Darcinópolis,Tocantins,TO,"17"
"3370","3509106",Caiuá,São Paulo,SP,"35"
"4479","4211108",Monte Castelo,Santa Catarina,SC,"42"
"362","1707553",Fátima,Tocantins,TO,"17"
"2717","3140852",Matias Cardoso,Minas Gerais,MG,"31"
"5284","5107008",Poxoréu,Mato Grosso,MT,"51"
"2082","2921104",Medeiros Neto,Bahia,BA,"29"
"4263","4125456",São José das Palmeiras,Paraná,PR,"41"
"788","2205854",Madeiro,Piauí,PI,"22"
"2296","3104700",Ataléia,Minas Gerais,MG,"31"
"4622","4300703",Anta Gorda,Rio Grande do Sul,RS,"43"
"377","1711803",Juarina,Tocantins,TO,"17"
"2239","2933257",Vereda,Bahia,BA,"29"
"3828","3549953",São Lourenço da Serra,São Paulo,SP,"35"
"1711","2705705",Olho d'Água das Flores,Alagoas,AL,"27"
"4188","4119806",Planalto,Paraná,PR,"41"
"1038","2311231",Potiretama,Ceará,CE,"23"
"2519","3124500",Estiva,Minas Gerais,MG,"31"
"4093","4112900",Jundiaí do Sul,Paraná,PR,"41"
"853","2209658",São Francisco de Assis do Piauí,Piauí,PI,"22"
"2649","3135605",Jequitaí,Minas Gerais,MG,"31"
"5300","5107792",Santo Antônio do Leste,Mato Grosso,MT,"51"
"735","2203206",Curimatá,Piauí,PI,"22"
"2647","3135456",Jenipapo de Minas,Minas Gerais,MG,"31"
"188","1502509",Chaves,Pará,PA,"15"
"1872","2903706",Boa Nova,Bahia,BA,"29"
"4598","4219176",Vargem Bonita,Santa Catarina,SC,"42"
"583","2107803",Parnarama,Maranhão,MA,"21"
"2881","3154606",Ribeirão das Neves,Minas Gerais,MG,"31"
"4619","4300638",Amaral Ferrador,Rio Grande do Sul,RS,"43"
"770","2205276",Jatobá do Piauí,Piauí,PI,"22"
"1736","2708006",Santana do Ipanema,Alagoas,AL,"27"
"2957","3161106",São Francisco,Minas Gerais,MG,"31"
"4804","4309902",Ibiraiaras,Rio Grande do Sul,RS,"43"
"530","2104628",Governador Luiz Rocha,Maranhão,MA,"21"
"2207","2930774",Sobradinho,Bahia,BA,"29"
"3608","3530102",Mirandópolis,São Paulo,SP,"35"
"1364","2509602",Monte Horebe,Paraíba,PB,"25"
"3668","3535408",Panorama,São Paulo,SP,"35"
"5409","5207600",Fazenda Nova,Goiás,GO,"52"
"847","2209351",Santana do Piauí,Piauí,PI,"22"
"2406","3114808",Carvalhos,Minas Gerais,MG,"31"
"5400","5206800",Damolândia,Goiás,GO,"52"
"1248","2500536",Alcantil,Paraíba,PB,"25"
"3827","3549904",São José dos Campos,São Paulo,SP,"35"
"103","1301902",Itacoatiara,Amazonas,,"13"
"3053","3168903",Tiros,Minas Gerais,MG,"31"
"4700","4304952",Caseiros,Rio Grande do Sul,RS,"43"
"618","2110237",Santana do Maranhão,Maranhão,MA,"21"
"2919","3157807",Santa Luzia,Minas Gerais,MG,"31"
"4302","4128203",União da Vitória,Paraná,PR,"41"
"1396","2512408",Puxinanã,Paraíba,PB,"25"
"3631","3532207",Narandiba,São Paulo,SP,"35"
"5495","5215603",Padre Bernardo,Goiás,GO,"52"
"1840","2901205",Anagé,Bahia,BA,"29"
"3836","3550704",São Sebastião,São Paulo,SP,"35"
"1685","2703205",Igreja Nova,Alagoas,AL,"27"
"4289","4127304",Terra Rica,Paraná,PR,"41"
"4580","4218004",Tijucas,Santa Catarina,SC,"42"
"1530","2605806",Frei Miguelinho,Pernambuco,PE,"26"
"3501","3520301",Iguape,São Paulo,SP,"35"
"5039","4320602",Severiano de Almeida,Rio Grande do Sul,RS,"43"
"1870","2903508",Belo Campo,Bahia,BA,"29"
"3505","3520509",Indaiatuba,São Paulo,SP,"35"
"4346","4202131",Bela Vista do Toldo,Santa Catarina,SC,"42"
"740","2203354",Dirceu Arcoverde,Piauí,PI,"22"
"2703","3139904",Maria da Fé,Minas Gerais,MG,"31"
"4501","4212270",Passos Maia,Santa Catarina,SC,"42"
"2682","3138351",Leme do Prado,Minas Gerais,MG,"31"
"5405","5207352",Edealina,Goiás,GO,"52"
"1682","2702900",Girau do Ponciano,Alagoas,AL,"27"
"3793","3546801",Santa Isabel,São Paulo,SP,"35"
"1336","2507507",João Pessoa,Paraíba,PB,"25"
"3391","3510807",Casa Branca,São Paulo,SP,"35"
"1696","2704203",Limoeiro de Anadia,Alagoas,AL,"27"
"4243","4123907",Santa Mariana,Paraná,PR,"41"
"2056","2919108",Lamarão,Bahia,BA,"29"
"3414","3513108",Cravinhos,São Paulo,SP,"35"
"5535","5219738",Santo Antônio de Goiás,Goiás,GO,"52"
"995","2307650",Maracanaú,Ceará,CE,"23"
"2777","3145604",Oliveira,Minas Gerais,MG,"31"
"4393","4205001",Dionísio Cerqueira,Santa Catarina,SC,"42"
"1494","2602704",Buenos Aires,Pernambuco,PE,"26"
"3323","3504909",Bananal,São Paulo,SP,"35"
"4585","4218350",Treviso,Santa Catarina,SC,"42"
"1674","2702306",Coruripe,Alagoas,AL,"27"
"3878","3554508",Tietê,São Paulo,SP,"35"
"2028","2917003",Itiúba,Bahia,BA,"29"
"4419","4206751",Ibiam,Santa Catarina,SC,"42"
"790","2205953",Marcolândia,Piauí,PI,"22"
"1976","2912202",Ibicoara,Bahia,BA,"29"
"3099","3200169",Água Doce do Norte,Espírito Santo,ES,"32"
"5490","5215231",Novo Gama,Goiás,GO,"52"
"507","2103208",Chapadinha,Maranhão,MA,"21"
"2821","3149309",Pedro Leopoldo,Minas Gerais,MG,"31"
"4633","4301404",Arvorezinha,Rio Grande do Sul,RS,"43"
"879","2210904",Socorro do Piauí,Piauí,PI,"22"
"3285","3501509",Alvinlândia,São Paulo,SP,"35"
"5545","5220280",São Patrício,Goiás,GO,"52"
"1104","2402600",Ceará-Mirim,Rio Grande do Norte,RN,"24"
"2950","3160603",Santo Hipólito,Minas Gerais,MG,"31"
"4397","4205191",Ermo,Santa Catarina,SC,"42"
"1513","2604304",Cedro,Pernambuco,PE,"26"
"3637","3532801",Nova Aliança,São Paulo,SP,"35"
"36","1101468",Pimenteiras do Oeste,Rondônia,RO,"11"
"1458","2516755",Tenório,Paraíba,PB,"25"
"3660","3534708",Ourinhos,São Paulo,SP,"35"
"98","1301605",Fonte Boa,Amazonas,,"13"
"1039","2311264",Quiterianópolis,Ceará,CE,"23"
"2541","3126703",Francisco Sá,Minas Gerais,MG,"31"
"5338","5200902",Amorinópolis,Goiás,GO,"52"
"1592","2611101",Petrolina,Pernambuco,PE,"26"
"3167","3205002",Serra,Espírito Santo,ES,"32"
"3432","3514809",Eldorado,São Paulo,SP,"35"
"4853","4312005",Mariano Moro,Rio Grande do Sul,RS,"43"
"394","1714880",Nova Olinda,Tocantins,TO,"17"
"2610","3132206",Itaguara,Minas Gerais,MG,"31"
"3698","3538105",Pindorama,São Paulo,SP,"35"
"1844","2901502",Anguera,Bahia,BA,"29"
"3561","3525805",Júlio Mesquita,São Paulo,SP,"35"
"5215","5103254",Colniza,Mato Grosso,MT,"51"
"330","1702901",Axixá do Tocantins,Tocantins,TO,"17"
"2267","3153509",Alto Jequitibá,Minas Gerais,MG,"31"
"5227","5103858",Gaúcha do Norte,Mato Grosso,MT,"51"
"441","1720853",Sucupira,Tocantins,TO,"17"
"2477","3120904",Curvelo,Minas Gerais,MG,"31"
"5206","5102686",Campos de Júlio,Mato Grosso,MT,"51"
"1524","2605301",Exu,Pernambuco,PE,"26"
"3216","3302700",Maricá,Rio de Janeiro,RJ,"33"
"417","1718303",Praia Norte,Tocantins,TO,"17"
"3523","3522158",Itaoca,São Paulo,SP,"35"
"5129","5003207",Corumbá,Mato Grosso do Sul,MS,"50"
"794","2206209",Miguel Alves,Piauí,PI,"22"
"3357","3507803",Brodowski,São Paulo,SP,"35"
"1227","2413904",Taipu,Rio Grande do Norte,RN,"24"
"2352","3109808",Cachoeira Dourada,Minas Gerais,MG,"31"
"1655","2700508",Barra de Santo Antônio,Alagoas,AL,"27"
"3139","3203163",Laranja da Terra,Espírito Santo,ES,"32"
"5177","5007935",Sonora,Mato Grosso do Sul,MS,"50"
"852","2209609",São Félix do Piauí,Piauí,PI,"22"
"2458","3119401",Coronel Fabriciano,Minas Gerais,MG,"31"
"3912","3557154",Zacarias,São Paulo,SP,"35"
"1650","2616506",Xexéu,Pernambuco,PE,"26"
"4155","4117271",Nova Tebas,Paraná,PR,"41"
"1751","2709301",União dos Palmares,Alagoas,AL,"27"
"3583","3527801",Lupércio,São Paulo,SP,"35"
"894","2300200",Acaraú,Ceará,CE,"23"
"2558","3127602",Gouveia,Minas Gerais,MG,"31"
"5156","5005707",Naviraí,Mato Grosso do Sul,MS,"50"
"1325","2506509",Gurjão,Paraíba,PB,"25"
"3634","3532504",Neves Paulista,São Paulo,SP,"35"
"1306","2504900",Cruz do Espírito Santo,Paraíba,PB,"25"
"3288","3501806",Américo de Campos,São Paulo,SP,"35"
"4492","4211876",Paial,Santa Catarina,SC,"42"
"291","1508159",Uruará,Pará,PA,"15"
"2191","2929602",Sapeaçu,Bahia,BA,"29"
"4273","4126207",Sapopema,Paraná,PR,"41"
"602","2109239",Presidente Médici,Maranhão,MA,"21"
"2511","3123809",Engenheiro Navarro,Minas Gerais,MG,"31"
"5071","4322152",Tunas,Rio Grande do Sul,RS,"43"
"1361","2509396",Maturéia,Paraíba,PB,"25"
"3611","3530409",Mirassolândia,São Paulo,SP,"35"
"4889","4313334",Nova Ramada,Rio Grande do Sul,RS,"43"
"2263","3101805",Alpercata,Minas Gerais,MG,"31"
"5443","5211008",Itapirapuã,Goiás,GO,"52"
"173","1501576",Bom Jesus do Tocantins,Pará,PA,"15"
"3234","3304110",Porto Real,Rio de Janeiro,RJ,"33"
"4782","4308706",Gaurama,Rio Grande do Sul,RS,"43"
"85","1300631",Beruri,Amazonas,,"13"
"1754","2800209",Aquidabã,Sergipe,SE,"28"
"4639","4301701",Barão de Cotegipe,Rio Grande do Sul,RS,"43"
"531","2104651",Governador Newton Bello,Maranhão,MA,"21"
"1358","2509305",Mataraca,Paraíba,PB,"25"
"3737","3541653",Quadra,São Paulo,SP,"35"
"1985","2913101",Ibititá,Bahia,BA,"29"
"3974","4104303",Campo Mourão,Paraná,PR,"41"
"2781","3145877",Orizânia,Minas Gerais,MG,"31"
"4438","4208104",Itaiópolis,Santa Catarina,SC,"42"
"247","1505809",Portel,Pará,PA,"15"
"2109","2923035",Novo Horizonte,Bahia,BA,"29"
"3941","4102307",Balsa Nova,Paraná,PR,"41"
"5532","5219605",Santa Tereza de Goiás,Goiás,GO,"52"
"1885","2904753",Buritirama,Bahia,BA,"29"
"4779","4308508",Frederico Westphalen,Rio Grande do Sul,RS,"43"
"2251","3100708",Água Comprida,Minas Gerais,MG,"31"
"4013","4107256",Douradina,Paraná,PR,"41"
"5484","5214838",Nova Crixás,Goiás,GO,"52"
"2281","3103405",Araçuaí,Minas Gerais,MG,"31"
"4314","4200200",Agrolândia,Santa Catarina,SC,"42"
"711","2202117",Campo Alegre do Fidalgo,Piauí,PI,"22"
"2633","3134400",Iturama,Minas Gerais,MG,"31"
"3596","3529005",Marília,São Paulo,SP,"35"
"1099","2402105",Campo Redondo,Rio Grande do Norte,RN,"24"
"3084","3171030",Verdelândia,Minas Gerais,MG,"31"
"4706","4305157",Cerro Grande,Rio Grande do Sul,RS,"43"
"180","1501907",Bujaru,Pará,PA,"15"
"2135","2925105",Poções,Bahia,BA,"29"
"4080","4111704",Jaboti,Paraná,PR,"41"
"413","1717800",Ponte Alta do Bom Jesus,Tocantins,TO,"17"
"2788","3146552",Pai Pedro,Minas Gerais,MG,"31"
"5138","5003900",Figueirão,Mato Grosso do Sul,MS,"50"
"249","1506005",Prainha,Pará,PA,"15"
"2151","2926301",Riachão do Jacuípe,Bahia,BA,"29"
"4104","4113601",Lobato,Paraná,PR,"41"
"5391","5205703",Córrego do Ouro,Goiás,GO,"52"
"25","1100130",Machadinho D'Oeste,Rondônia,RO,"11"
"1586","2610509",Passira,Pernambuco,PE,"26"
"3517","3521606",Irapuru,São Paulo,SP,"35"
"5315","5108055",Terra Nova do Norte,Mato Grosso,MT,"51"
"363","1707652",Figueirópolis,Tocantins,TO,"17"
"2880","3154507",Riacho dos Machados,Minas Gerais,MG,"31"
"4852","4311981",Mariana Pimentel,Rio Grande do Sul,RS,"43"
"2079","2920908",Mascote,Bahia,BA,"29"
"4207","4121109",Quinta do Sol,Paraná,PR,"41"
"5335","5200803",Alvorada do Norte,Goiás,GO,"52"
"2249","3100500",Açucena,Minas Gerais,MG,"31"
"3897","3556008",Urupês,São Paulo,SP,"35"
"2436","3117405",Conceição de Ipanema,Minas Gerais,MG,"31"
"4627","4301008",Arroio do Meio,Rio Grande do Sul,RS,"43"
"1625","2614006",Serrita,Pernambuco,PE,"26"
"4834","4311239",Lagoa Bonita do Sul,Rio Grande do Sul,RS,"43"
"1629","2614501",Surubim,Pernambuco,PE,"26"
"4942","4315305",Quaraí,Rio Grande do Sul,RS,"43"
"466","2100907",Araioses,Maranhão,MA,"21"
"3049","3168507",Teixeiras,Minas Gerais,MG,"31"
"376","1711506",Jaú do Tocantins,Tocantins,TO,"17"
"3123","3202207",Fundão,Espírito Santo,ES,"32"
"3812","3548500",Santos,São Paulo,SP,"35"
"4885","4313086",Nova Pádua,Rio Grande do Sul,RS,"43"
"1142","2406155",Jundiá,Rio Grande do Norte,RN,"24"
"2600","3131208",Ipanema,Minas Gerais,MG,"31"
"5500","5216007",Panamá,Goiás,GO,"52"
"1223","2413557",Serrinha dos Pintos,Rio Grande do Norte,RN,"24"
"2507","3123502",Douradoquara,Minas Gerais,MG,"31"
"4763","4307708",Esteio,Rio Grande do Sul,RS,"43"
"2016","2915908",Itanagra,Bahia,BA,"29"
"4091","4112751",Jesuítas,Paraná,PR,"41"
"704","2202000",Buriti dos Lopes,Piauí,PI,"22"
"2891","3155603",Rio Pardo de Minas,Minas Gerais,MG,"31"
"4495","4212007",Palma Sola,Santa Catarina,SC,"42"
"963","2305266",Ibaretama,Ceará,CE,"23"
"3953","4103107",Bocaiúva do Sul,Paraná,PR,"41"
"19","1100098",Espigão D'Oeste,Rondônia,RO,"11"
"2157","2926806",Rio do Antônio,Bahia,BA,"29"
"4148","4117008",Nova Fátima,Paraná,PR,"41"
"1474","2600807",Altinho,Pernambuco,PE,"26"
"2921","3158003",Santa Maria de Itabira,Minas Gerais,MG,"31"
"1347","2508505",Livramento,Paraíba,PB,"25"
"3922","4100806",Alvorada do Sul,Paraná,PR,"41"
"761","2204659",Ilha Grande,Piauí,PI,"22"
"2977","3162575",São João do Manteninha,Minas Gerais,MG,"31"
"4488","4211702",Orleans,Santa Catarina,SC,"42"
"822","2207793",Pau D'Arco do Piauí,Piauí,PI,"22"
"3488","3519105",Iacanga,São Paulo,SP,"35"
"5523","5219001",Sanclerlândia,Goiás,GO,"52"
"808","2206902",Novo Oriente do Piauí,Piauí,PI,"22"
"2673","3137536",Lagoa Grande,Minas Gerais,MG,"31"
"5032","4320321",Senador Salgado Filho,Rio Grande do Sul,RS,"43"
"498","2102705",Cantanhede,Maranhão,MA,"21"
"1728","2707206",Poço das Trincheiras,Alagoas,AL,"27"
"3316","3504206",Auriflama,São Paulo,SP,"35"
"5279","5106752",Pontes e Lacerda,Mato Grosso,MT,"51"
"742","2203453",Dom Inocêncio,Piauí,PI,"22"
"2954","3160959",São Domingos das Dores,Minas Gerais,MG,"31"
"4900","4313656",Palmares do Sul,Rio Grande do Sul,RS,"43"
"337","1703602",Brasilândia do Tocantins,Tocantins,TO,"17"
"2711","3140530",Martins Soares,Minas Gerais,MG,"31"
"4472","4210605",Massaranduba,Santa Catarina,SC,"42"
"2014","2915700",Itamari,Bahia,BA,"29"
"3456","3516309",Francisco Morato,São Paulo,SP,"35"
"4970","4316808",Santa Cruz do Sul,Rio Grande do Sul,RS,"43"
"954","2304657",Graça,Ceará,CE,"23"
"2182","2929008",São Félix,Bahia,BA,"29"
"3607","3529906",Miracatu,São Paulo,SP,"35"
"1205","2412104",São João do Sabugi,Rio Grande do Norte,RN,"24"
"3791","3546603",Santa Fé do Sul,São Paulo,SP,"35"
"1405","2512903",Rio Tinto,Paraíba,PB,"25"
"4020","4107546",Espigão Alto do Iguaçu,Paraná,PR,"41"
"1565","2608701",Lagoa dos Gatos,Pernambuco,PE,"26"
"4004","4106605",Cruzeiro do Oeste,Paraná,PR,"41"
"2356","3110202",Cajuri,Minas Gerais,MG,"31"
"4762","4307609",Estância Velha,Rio Grande do Sul,RS,"43"
"2134","2925006",Planalto,Bahia,BA,"29"
"3386","3510302",Capela do Alto,São Paulo,SP,"35"
"5303","5107297",São José do Povo,Mato Grosso,MT,"51"
"1486","2601904",Bezerros,Pernambuco,PE,"26"
"2751","3143906",Muriaé,Minas Gerais,MG,"31"
"4226","4122503",Roncador,Paraná,PR,"41"
"101","1301803",Ipixuna,Amazonas,,"13"
"1920","2907558",Caturama,Bahia,BA,"29"
"3669","3535507",Paraguaçu Paulista,São Paulo,SP,"35"
"893","2300150",Acarape,Ceará,CE,"23"
"3229","3303856",Paty do Alferes,Rio de Janeiro,RJ,"33"
"271","1507300",São Félix do Xingu,Pará,PA,"15"
"2037","2917706",Jaguarari,Bahia,BA,"29"
"4180","4119251",Pinhal de São Bento,Paraná,PR,"41"
"5497","5215702",Palmeiras de Goiás,Goiás,GO,"52"
"2005","2914901",Itacaré,Bahia,BA,"29"
"4407","4205704",Garopaba,Santa Catarina,SC,"42"
"349","1705508",Colinas do Tocantins,Tocantins,TO,"17"
"2804","3147907",Passos,Minas Gerais,MG,"31"
"4003","4106571",Cruzeiro do Iguaçu,Paraná,PR,"41"
"149","1400506",São João da Baliza,Roraima,RR,"14"
"4711","4305371",Charrua,Rio Grande do Sul,RS,"43"
"850","2209500",Santo Inácio do Piauí,Piauí,PI,"22"
"2882","3154705",Ribeirão Vermelho,Minas Gerais,MG,"31"
"4160","4117503",Paiçandu,Paraná,PR,"41"
"324","1702158",Araguanã,Tocantins,TO,"17"
"1213","2412807",São Rafael,Rio Grande do Norte,RN,"24"
"1085","2401008",Apodi,Rio Grande do Norte,RN,"24"
"1316","2505709",Dona Inês,Paraíba,PB,"25"
"4816","4310504",Iraí,Rio Grande do Sul,RS,"43"
"239","1505494",Palestina do Pará,Pará,PA,"15"
"1749","2709152",Teotônio Vilela,Alagoas,AL,"27"
"4461","4209854",Lindóia do Sul,Santa Catarina,SC,"42"
"1702","2704708",Marechal Deodoro,Alagoas,AL,"27"
"3666","3535200",Palmeira d'Oeste,São Paulo,SP,"35"
"1338","2507606",Juarez Távora,Paraíba,PB,"25"
"3470","3517604",Guapiara,São Paulo,SP,"35"
"5007","4318903",São Luiz Gonzaga,Rio Grande do Sul,RS,"43"
"753","2204154",Francisco Macedo,Piauí,PI,"22"
"2377","3112109",Caparaó,Minas Gerais,MG,"31"
"4609","4300109",Agudo,Rio Grande do Sul,RS,"43"
"1062","2313252",Tarrafas,Ceará,CE,"23"
"3670","3535606",Paraibuna,São Paulo,SP,"35"
"857","2209856",São João da Canabrava,Piauí,PI,"22"
"3235","3304128",Quatis,Rio de Janeiro,RJ,"33"
"4440","4208302",Itapema,Santa Catarina,SC,"42"
"16","1100072",Corumbiara,Rondônia,RO,"11"
"1962","2911105",Formosa do Rio Preto,Bahia,BA,"29"
"3542","3523909",Itu,São Paulo,SP,"35"
"783","2205599",Lagoa do Sítio,Piauí,PI,"22"
"3111","3201100",Bom Jesus do Norte,Espírito Santo,ES,"32"
"5531","5219506",Santa Rosa de Goiás,Goiás,GO,"52"
"183","1502103",Cametá,Pará,PA,"15"
"2308","3106002",Bela Vista de Minas,Minas Gerais,MG,"31"
"4503","4212403",Pedras Grandes,Santa Catarina,SC,"42"
"1349","2508604",Lucena,Paraíba,PB,"25"
"3493","3519501",Ibirarema,São Paulo,SP,"35"
"5266","5106257",Nova Xavantina,Mato Grosso,MT,"51"
"1312","2505303",Curral Velho,Paraíba,PB,"25"
"2179","2928901",São Desidério,Bahia,BA,"29"
"3284","3501400",Álvaro de Carvalho,São Paulo,SP,"35"
"4075","4111308",Itaúna do Sul,Paraná,PR,"41"
"921","2302404",Boa Viagem,Ceará,CE,"23"
"3223","3303302",Niterói,Rio de Janeiro,RJ,"33"
"4476","4210902",Modelo,Santa Catarina,SC,"42"
"812","2207207",Padre Marcos,Piauí,PI,"22"
"2430","3116902",Comendador Gomes,Minas Gerais,MG,"31"
"3892","3555505",Ubirajara,São Paulo,SP,"35"
"588","2108207",Pedreiras,Maranhão,MA,"21"
"3194","3301207",Carmo,Rio de Janeiro,RJ,"33"
"165","1501006",Aveiro,Pará,PA,"15"
"1717","2706307",Palmeira dos Índios,Alagoas,AL,"27"
"4478","4211058",Monte Carlo,Santa Catarina,SC,"42"
"1658","2700805",Belém,Alagoas,AL,"27"
"3439","3515152",Engenheiro Coelho,São Paulo,SP,"35"
"5095","4323358",Vila Lângaro,Rio Grande do Sul,RS,"43"
"929","2303204",Caririaçu,Ceará,CE,"23"
"3682","3536604",Paulo de Faria,São Paulo,SP,"35"
"501","2102903",Carutapera,Maranhão,MA,"21"
"2167","2927804",Santa Cruz da Vitória,Bahia,BA,"29"
"3360","3508108",Buritama,São Paulo,SP,"35"
"5230","5104104",Guarantã do Norte,Mato Grosso,MT,"51"
"697","2201804",Bocaina,Piauí,PI,"22"
"1882","2904506",Brotas de Macaúbas,Bahia,BA,"29"
"4490","4211801",Ouro,Santa Catarina,SC,"42"
"1836","2900900",Almadina,Bahia,BA,"29"
"3900","3556305",Valparaíso,São Paulo,SP,"35"
"229","1504976",Nova Ipixuna,Pará,PA,"15"
"1951","2910503",Entre Rios,Bahia,BA,"29"
"3907","3556800",Viradouro,São Paulo,SP,"35"
"1045","2311702",Reriutaba,Ceará,CE,"23"
"3230","3303906",Petrópolis,Rio de Janeiro,RJ,"33"
"2460","3119609",Coronel Pacheco,Minas Gerais,MG,"31"
"3919","4100608",Alto Paraná,Paraná,PR,"41"
"2549","3127107",Frutal,Minas Gerais,MG,"31"
"5430","5209903",Iaciara,Goiás,GO,"52"
"5053","4321436",Terra de Areia,Rio Grande do Sul,RS,"43"
"3435","3514957",Embaúba,São Paulo,SP,"35"
"900","2300754",Amontada,Ceará,CE,"23"
"2475","3120839",Cuparaque,Minas Gerais,MG,"31"
"647","2111763",Senador La Rocque,Maranhão,MA,"21"
"1748","2709103",Taquarana,Alagoas,AL,"27"
"3727","3540853",Pracinha,São Paulo,SP,"35"
"5389","5205513",Cocalzinho de Goiás,Goiás,GO,"52"
"5207","5102694",Canabrava do Norte,Mato Grosso,MT,"51"
"972","2305803",Ipu,Ceará,CE,"23"
"3564","3526001",Junqueirópolis,São Paulo,SP,"35"
"5365","5204003",Cabeceiras,Goiás,GO,"52"
"536","2105005",Humberto de Campos,Maranhão,MA,"21"
"2316","3106705",Betim,Minas Gerais,MG,"31"
"4460","4209805",Leoberto Leal,Santa Catarina,SC,"42"
"108","1302306",Jutaí,Amazonas,,"13"
"2784","3146107",Ouro Preto,Minas Gerais,MG,"31"
"223","1504604",Mocajuba,Pará,PA,"15"
"3490","3519253",Iaras,São Paulo,SP,"35"
"4835","4311270",Lagoa dos Três Cantos,Rio Grande do Sul,RS,"43"
"383","1712454",Luzinópolis,Tocantins,TO,"17"
"2062","2919553",Luís Eduardo Magalhães,Bahia,BA,"29"
"3643","3533106",Nova Guataporanga,São Paulo,SP,"35"
"508","2103257",Cidelândia,Maranhão,MA,"21"
"4442","4208450",Itapoá,Santa Catarina,SC,"42"
"5363","5203939",Buriti de Goiás,Goiás,GO,"52"
"374","1710904",Itapiratins,Tocantins,TO,"17"
"2118","2923704",Paratinga,Bahia,BA,"29"
"3218","3302858",Mesquita,Rio de Janeiro,RJ,"33"
"5179","5007976",Taquarussu,Mato Grosso do Sul,MS,"50"
"2333","3108305",Borda da Mata,Minas Gerais,MG,"31"
"5271","5106299",Paranaíta,Mato Grosso,MT,"51"
"109","1302405",Lábrea,Amazonas,,"13"
"1683","2703007",Ibateguara,Alagoas,AL,"27"
"4173","4118709",Paulo Frontin,Paraná,PR,"41"
"675","2200459",Alvorada do Gurguéia,Piauí,PI,"22"
"2948","3160454",Santo Antônio do Retiro,Minas Gerais,MG,"31"
"4349","4202305",Biguaçu,Santa Catarina,SC,"42"
"471","2101251",Bacabeira,Maranhão,MA,"21"
"1851","2902005",Aracatu,Bahia,BA,"29"
"4557","4216354",São João do Itaperiú,Santa Catarina,SC,"42"
"837","2208809",Regeneração,Piauí,PI,"22"
"2331","3108206",Bonfinópolis de Minas,Minas Gerais,MG,"31"
"1773","2802304",Frei Paulo,Sergipe,SE,"28"
"3757","3543402",Ribeirão Preto,São Paulo,SP,"35"
"1543","2607000",Inajá,Pernambuco,PE,"26"
"3175","3205309",Vitória,Espírito Santo,ES,"32"
"5160","5006259",Novo Horizonte do Sul,Mato Grosso do Sul,MS,"50"
"878","2210805",Simplício Mendes,Piauí,PI,"22"
"2488","3121902",Divinésia,Minas Gerais,MG,"31"
"3745","3542404",Regente Feijó,São Paulo,SP,"35"
"4745","4306734",Doutor Maurício Cardoso,Rio Grande do Sul,RS,"43"
"1445","2515807",Serra Redonda,Paraíba,PB,"25"
"2920","3157906",Santa Margarida,Minas Gerais,MG,"31"
"1105","2402709",Cerro Corá,Rio Grande do Norte,RN,"24"
"3071","3170404",Unaí,Minas Gerais,MG,"31"
"5370","5204409",Caiapônia,Goiás,GO,"52"
"1340","2507804",Junco do Seridó,Paraíba,PB,"25"
"3399","3511607",Cesário Lange,São Paulo,SP,"35"
"1122","2404309",Governador Dix-Sept Rosado,Rio Grande do Norte,RN,"24"
"2835","3150505",Pimenta,Minas Gerais,MG,"31"
"3803","3547700",Santo Anastácio,São Paulo,SP,"35"
"5349","5202353",Arenópolis,Goiás,GO,"52"
"1200","2411601",São Bento do Norte,Rio Grande do Norte,RN,"24"
"3186","3300605",Bom Jesus do Itabapoana,Rio de Janeiro,RJ,"33"
"5466","5213087",Minaçu,Goiás,GO,"52"
"2557","3127503",Gonzaga,Minas Gerais,MG,"31"
"3773","3544905",Sales Oliveira,São Paulo,SP,"35"
"342","1703867",Cariri do Tocantins,Tocantins,TO,"17"
"1916","2907202",Casa Nova,Bahia,BA,"29"
"3846","3551702",Sertãozinho,São Paulo,SP,"35"
"594","2108603",Pinheiro,Maranhão,MA,"21"
"2876","3154200",Resende Costa,Minas Gerais,MG,"31"
"4717","4305587",Colinas,Rio Grande do Sul,RS,"43"
"404","1716109",Paraíso do Tocantins,Tocantins,TO,"17"
"2622","3133402",Itapagipe,Minas Gerais,MG,"31"
"5513","5218052",Porteirão,Goiás,GO,"52"
"1627","2614204",Sirinhaém,Pernambuco,PE,"26"
"5444","5211206",Itapuranga,Goiás,GO,"52"
"2196","2930006",Sebastião Laranjeiras,Bahia,BA,"29"
"3734","3541406",Presidente Prudente,São Paulo,SP,"35"
"950","2304400",Fortaleza,Ceará,CE,"23"
"2068","2919959",Maetinga,Bahia,BA,"29"
"4297","4127908",Tuneiras do Oeste,Paraná,PR,"41"
"5517","5218508",Quirinópolis,Goiás,GO,"52"
"884","2211100",União,Piauí,PI,"22"
"3178","3300209",Araruama,Rio de Janeiro,RJ,"33"
"308","1600600",Santana,Amapá,AP,"16"
"2208","2930808",Souto Soares,Bahia,BA,"29"
"3663","3534906",Pacaembu,São Paulo,SP,"35"
"4890","4313359",Nova Roma do Sul,Rio Grande do Sul,RS,"43"
"1762","2801108",Canhoba,Sergipe,SE,"28"
"3195","3301306",Casimiro de Abreu,Rio de Janeiro,RJ,"33"
"5468","5213400",Moiporá,Goiás,GO,"52"
"1052","2312304",São Benedito,Ceará,CE,"23"
"2778","3145703",Oliveira Fortes,Minas Gerais,MG,"31"
"4534","4215075",Riqueza,Santa Catarina,SC,"42"
"702","2201960",Brasileira,Piauí,PI,"22"
"2849","3151701",Poço Fundo,Minas Gerais,MG,"31"
"5102","4323770",Westfália,Rio Grande do Sul,RS,"43"
"225","1504752",Mojuí dos Campos,Pará,PA,"15"
"2999","3164308",São Roque de Minas,Minas Gerais,MG,"31"
"4926","4314605",Piratini,Rio Grande do Sul,RS,"43"
"591","2108405",Peri Mirim,Maranhão,MA,"21"
"2757","3144375",Natalândia,Minas Gerais,MG,"31"
"4029","4107900",Floresta,Paraná,PR,"41"
"115","1302900",Maués,Amazonas,,"13"
"1471","2600500",Águas Belas,Pernambuco,PE,"26"
"3241","3304508",Rio das Flores,Rio de Janeiro,RJ,"33"
"4858","4312179",Mato Queimado,Rio Grande do Sul,RS,"43"
"951","2304459",Fortim,Ceará,CE,"23"
"3419","3513603",Cunha,São Paulo,SP,"35"
"928","2303105",Cariré,Ceará,CE,"23"
"2360","3110608",Cambuí,Minas Gerais,MG,"31"
"5332","5200506",Aloândia,Goiás,GO,"52"
"469","2101103",Axixá,Maranhão,MA,"21"
"3770","3544608",Sabino,São Paulo,SP,"35"
"5368","5204250",Cachoeira Dourada,Goiás,GO,"52"
"1647","2616209",Vertentes,Pernambuco,PE,"26"
"3825","3549706",São José do Rio Pardo,São Paulo,SP,"35"
"613","2109908",Santa Inês,Maranhão,MA,"21"
"2355","3110103",Caiana,Minas Gerais,MG,"31"
"4954","4315909",Rodeio Bonito,Rio Grande do Sul,RS,"43"
"1649","2616407",Vitória de Santo Antão,Pernambuco,PE,"26"
"3238","3304201",Resende,Rio de Janeiro,RJ,"33"
"1066","2313500",Trairi,Ceará,CE,"23"
"2637","3134806",Jacuí,Minas Gerais,MG,"31"
"4262","4125407",São José da Boa Vista,Paraná,PR,"41"
"492","2102358",Buritirana,Maranhão,MA,"21"
"3206","3302056",Italva,Rio de Janeiro,RJ,"33"
"5217","5103353",Confresa,Mato Grosso,MT,"51"
"877","2210706",Simões,Piauí,PI,"22"
"2972","3162302",São João da Mata,Minas Gerais,MG,"31"
"1845","2901601",Antas,Bahia,BA,"29"
"3717","3540101",Pongaí,São Paulo,SP,"35"
"260","1506500",Santa Izabel do Pará,Pará,PA,"15"
"4212","4121406",Realeza,Paraná,PR,"41"
"277","1507607",São Miguel do Guamá,Pará,PA,"15"
"1946","2910057",Dias d'Ávila,Bahia,BA,"29"
"4430","4207650",Iporã do Oeste,Santa Catarina,SC,"42"
"1582","2610103",Palmeirina,Pernambuco,PE,"26"
"3629","3532108",Murutinga do Sul,São Paulo,SP,"35"
"1772","2802205",Feira Nova,Sergipe,SE,"28"
"4402","4205431",Formosa do Sul,Santa Catarina,SC,"42"
"569","2106755",Miranda do Norte,Maranhão,MA,"21"
"2955","3161007",São Domingos do Prata,Minas Gerais,MG,"31"
"4629","4301057",Arroio do Sal,Rio Grande do Sul,RS,"43"
"1713","2705903",Olho d'Água Grande,Alagoas,AL,"27"
"3956","4103222",Bom Sucesso do Sul,Paraná,PR,"41"
"5019","4319604",São Sepé,Rio Grande do Sul,RS,"43"
"305","1600154",Pedra Branca do Amapari,Amapá,AP,"16"
"3117","3201605",Conceição da Barra,Espírito Santo,ES,"32"
"1226","2413805",Taboleiro Grande,Rio Grande do Norte,RN,"24"
"3546","3524303",Jaboticabal,São Paulo,SP,"35"
"5431","5209937",Inaciolândia,Goiás,GO,"52"
"1407","2513109",Salgado de São Félix,Paraíba,PB,"25"
"2818","3149101",Pedralva,Minas Gerais,MG,"31"
"4603","4219507",Xanxerê,Santa Catarina,SC,"42"
"5568","5222203",Vila Boa,Goiás,GO,"52"
"1506","2603801",Capoeiras,Pernambuco,PE,"26"
"3005","3164704",São Sebastião do Paraíso,Minas Gerais,MG,"31"
"4241","4123824",Santa Lúcia,Paraná,PR,"41"
"622","2110500",São Bento,Maranhão,MA,"21"
"2601","3131307",Ipatinga,Minas Gerais,MG,"31"
"4699","4304903",Casca,Rio Grande do Sul,RS,"43"
"1562","2608503",Lagoa de Itaenga,Pernambuco,PE,"26"
"3714","3539806",Poá,São Paulo,SP,"35"
"219","1504406",Marapanim,Pará,PA,"15"
"2273","3102605",Andradas,Minas Gerais,MG,"31"
"4111","4114104",Mandaguaçu,Paraná,PR,"41"
"2003","2914703",Itaberaba,Bahia,BA,"29"
"3445","3515350",Euclides da Cunha Paulista,São Paulo,SP,"35"
"5515","5218300",Posse,Goiás,GO,"52"
"344","1703891",Carrasco Bonito,Tocantins,TO,"17"
"2772","3145356",Novo Oriente de Minas,Minas Gerais,MG,"31"
"5329","5200209",Água Limpa,Goiás,GO,"52"
"206","1503408",Inhangapi,Pará,PA,"15"
"2922","3158102",Santa Maria do Salto,Minas Gerais,MG,"31"
"4203","4120804",Quatro Barras,Paraná,PR,"41"
"671","2200251",Alagoinha do Piauí,Piauí,PI,"22"
"2344","3109253",Bugre,Minas Gerais,MG,"31"
"4008","4107009",Curiúva,Paraná,PR,"41"
"1305","2504850",Coxixola,Paraíba,PB,"25"
"3393","3511003",Castilho,São Paulo,SP,"35"
"5404","5207253",Doverlândia,Goiás,GO,"52"
"2294","3104502",Arinos,Minas Gerais,MG,"31"
"4392","4204905",Descanso,Santa Catarina,SC,"42"
"804","2206720",Nazária,Piauí,PI,"22"
"2538","3126406",Fortuna de Minas,Minas Gerais,MG,"31"
"4565","4217006",São Ludgero,Santa Catarina,SC,"42"
"1369","2510105",Nova Floresta,Paraíba,PB,"25"
"3661","3534807",Ouro Verde,São Paulo,SP,"35"
"975","2306108",Irauçuba,Ceará,CE,"23"
"3774","3545001",Salesópolis,São Paulo,SP,"35"
"839","2208874",Ribeira do Piauí,Piauí,PI,"22"
"2854","3152131",Ponto Chique,Minas Gerais,MG,"31"
"5529","5219407",Santa Rita do Araguaia,Goiás,GO,"52"
"1792","2804201",Monte Alegre de Sergipe,Sergipe,SE,"28"
"5112","5001102",Aquidauana,Mato Grosso do Sul,MS,"50"
"479","2101731",Belágua,Maranhão,MA,"21"
"2450","3118601",Contagem,Minas Gerais,MG,"31"
"5212","5103056",Cláudia,Mato Grosso,MT,"51"
"1030","2310704",Pentecoste,Ceará,CE,"23"
"3573","3526902",Limeira,São Paulo,SP,"35"
"1739","2708303",São José da Laje,Alagoas,AL,"27"
"3532","3522901",Itapuí,São Paulo,SP,"35"
"2575","3129202",Heliodora,Minas Gerais,MG,"31"
"4354","4202578",Bom Jesus do Oeste,Santa Catarina,SC,"42"
"836","2208700",Redenção do Gurguéia,Piauí,PI,"22"
"2455","3119104",Corinto,Minas Gerais,MG,"31"
"4153","4117214",Nova Santa Bárbara,Paraná,PR,"41"
"278","1507706",São Sebastião da Boa Vista,Pará,PA,"15"
"2681","3138302",Leandro Ferreira,Minas Gerais,MG,"31"
"4971","4316972",Santa Margarida do Sul,Rio Grande do Sul,RS,"43"
"348","1704600",Chapada de Areia,Tocantins,TO,"17"
"2072","2920304",Malhada de Pedras,Bahia,BA,"29"
"649","2111805",Sítio Novo,Maranhão,MA,"21"
"4143","4116604",Nova América da Colina,Paraná,PR,"41"
"5317","5108204",Torixoréu,Mato Grosso,MT,"51"
"1169","2408706",Paraú,Rio Grande do Norte,RN,"24"
"3551","3524808",Jales,São Paulo,SP,"35"
"1600","2611804",Ribeirão,Pernambuco,PE,"26"
"3749","3542800",Ribeira,São Paulo,SP,"35"
"372","1710508",Itacajá,Tocantins,TO,"17"
"2199","2930154",Serra do Ramalho,Bahia,BA,"29"
"4467","4210209",Major Gercino,Santa Catarina,SC,"42"
"1024","2310209",Paracuru,Ceará,CE,"23"
"3336","3506102",Bebedouro,São Paulo,SP,"35"
"4425","4207304",Imbituba,Santa Catarina,SC,"42"
"274","1507466",São João da Ponta,Pará,PA,"15"
"2314","3106655",Berizal,Minas Gerais,MG,"31"
"3522","3522109",Itanhaém,São Paulo,SP,"35"
"549","2105708",Lago da Pedra,Maranhão,MA,"21"
"1618","2613305",São Joaquim do Monte,Pernambuco,PE,"26"
"3866","3553609",Tapiratiba,São Paulo,SP,"35"
"175","1501709",Bragança,Pará,PA,"15"
"2365","3111101",Campina Verde,Minas Gerais,MG,"31"
"5480","5214507",Nerópolis,Goiás,GO,"52"
"18","1100940",Cujubim,Rondônia,RO,"11"
"1063","2313302",Tauá,Ceará,CE,"23"
"3252","3305158",São José do Vale do Rio Preto,Rio de Janeiro,RJ,"33"
"5562","5221700",Uruana,Goiás,GO,"52"
"521","2104081",Fernando Falcão,Maranhão,MA,"21"
"4100","4113403",Leópolis,Paraná,PR,"41"
"4607","4300034",Aceguá,Rio Grande do Sul,RS,"43"
"580","2107506",Paço do Lumiar,Maranhão,MA,"21"
"2038","2917805",Jaguaripe,Bahia,BA,"29"
"3638","3532827",Nova Campina,São Paulo,SP,"35"
"1481","2601409",Barreiros,Pernambuco,PE,"26"
"3618","3531100",Mongaguá,São Paulo,SP,"35"
"4941","4315206",Putinga,Rio Grande do Sul,RS,"43"
"2773","3145372",Novorizonte,Minas Gerais,MG,"31"
"4542","4215554",Santa Helena,Santa Catarina,SC,"42"
"1632","2614808",Tacaratu,Pernambuco,PE,"26"
"4453","4209201",Lacerdópolis,Santa Catarina,SC,"42"
"1487","2602001",Bodocó,Pernambuco,PE,"26"
"4130","4115705",Matinhos,Paraná,PR,"41"
"27","1101302",Mirante da Serra,Rondônia,RO,"11"
"2225","2932309",Ubatã,Bahia,BA,"29"
"4928","4314753",Poço das Antas,Rio Grande do Sul,RS,"43"
"1640","2615607",Trindade,Pernambuco,PE,"26"
"3592","3528700",Marabá Paulista,São Paulo,SP,"35"
"5320","5108402",Várzea Grande,Mato Grosso,MT,"51"
"5171","5007505",Rochedo,Mato Grosso do Sul,MS,"50"
"1164","2408201",Nísia Floresta,Rio Grande do Norte,RN,"24"
"2790","3146503",Pains,Minas Gerais,MG,"31"
"5551","5220702",Sítio d'Abadia,Goiás,GO,"52"
"270","1507201",São Domingos do Capim,Pará,PA,"15"
"1528","2605608",Flores,Pernambuco,PE,"26"
"4090","4112702",Jataizinho,Paraná,PR,"41"
"2143","2925758",Presidente Tancredo Neves,Bahia,BA,"29"
"3733","3541307",Presidente Epitácio,São Paulo,SP,"35"
"2040","2918001",Jequié,Bahia,BA,"29"
"4191","4120002",Porecatu,Paraná,PR,"41"
"1497","2603009",Cabrobó,Pernambuco,PE,"26"
"3318","3504404",Avanhandava,São Paulo,SP,"35"
"2034","2917409",Jacaraci,Bahia,BA,"29"
"3539","3523602",Itirapina,São Paulo,SP,"35"
"956","2304806",Granjeiro,Ceará,CE,"23"
"2231","2932804",Utinga,Bahia,BA,"29"
"3889","3555307",Turmalina,São Paulo,SP,"35"
"1402","2512762",Riachão do Poço,Paraíba,PB,"25"
"2442","3117876",Confins,Minas Gerais,MG,"31"
"970","2305654",Ipaporanga,Ceará,CE,"23"
"3024","3166303",Sericita,Minas Gerais,MG,"31"
"4462","4209904",Lontras,Santa Catarina,SC,"42"
"1623","2613800",São Vicente Férrer,Pernambuco,PE,"26"
"3328","3505351",Barra do Chapéu,São Paulo,SP,"35"
"5068","4321956",Trindade do Sul,Rio Grande do Sul,RS,"43"
"1887","2904852",Cabaceiras do Paraguaçu,Bahia,BA,"29"
"4595","4219002",Urussanga,Santa Catarina,SC,"42"
"269","1507151",São Domingos do Araguaia,Pará,PA,"15"
"2083","2921203",Miguel Calmon,Bahia,BA,"29"
"3954","4103156",Bom Jesus do Sul,Paraná,PR,"41"
"759","2204550",Guaribas,Piauí,PI,"22"
"2868","3153400",Presidente Olegário,Minas Gerais,MG,"31"
"5447","5211503",Itumbiara,Goiás,GO,"52"
"510","2103406",Coelho Neto,Maranhão,MA,"21"
"1634","2615003",Taquaritinga do Norte,Pernambuco,PE,"26"
"3294","3502408",Anhumas,São Paulo,SP,"35"
"5241","5105150",Juína,Mato Grosso,MT,"51"
"781","2205565",Lagoa do Barro do Piauí,Piauí,PI,"22"
"2987","3163102",São José da Varginha,Minas Gerais,MG,"31"
"4566","4217105",São Martinho,Santa Catarina,SC,"42"
"1025","2310258",Paraipaba,Ceará,CE,"23"
"187","1502400",Castanhal,Pará,PA,"15"
"2576","3129301",Iapu,Minas Gerais,MG,"31"
"4951","4315701",Rio Pardo,Rio Grande do Sul,RS,"43"
"1261","2501401",Baía da Traição,Paraíba,PB,"25"
"4062","4110300",Inajá,Paraná,PR,"41"
"769","2205250",Jardim do Mulato,Piauí,PI,"22"
"3074","3170503",Urucânia,Minas Gerais,MG,"31"
"4931","4314803",Portão,Rio Grande do Sul,RS,"43"
"1064","2313351",Tejuçuoca,Ceará,CE,"23"
"3404","3512100",Colômbia,São Paulo,SP,"35"
"5062","4321667",Três Cachoeiras,Rio Grande do Sul,RS,"43"
"586","2108058",Paulino Neves,Maranhão,MA,"21"
"2211","2931053",Tanque Novo,Bahia,BA,"29"
"3758","3543600",Rifaina,São Paulo,SP,"35"
"1167","2408508",Ouro Branco,Rio Grande do Norte,RN,"24"
"2466","3120102",Couto de Magalhães de Minas,Minas Gerais,MG,"31"
"4108","4113809",Lupionópolis,Paraná,PR,"41"
"760","2204600",Hugo Napoleão,Piauí,PI,"22"
"3065","3169901",Ubá,Minas Gerais,MG,"31"
"5434","5210109",Ipameri,Goiás,GO,"52"
"2385","3112802",Capitólio,Minas Gerais,MG,"31"
"4920","4314464",Pinhal da Serra,Rio Grande do Sul,RS,"43"
"38","1100254",Presidente Médici,Rondônia,RO,"11"
"2054","2919009",Lajedinho,Bahia,BA,"29"
"4326","4201208",Antônio Carlos,Santa Catarina,SC,"42"
"1151","2407005",Luís Gomes,Rio Grande do Norte,RN,"24"
"3297","3502705",Apiaí,São Paulo,SP,"35"
"4742","4306601",Dom Pedrito,Rio Grande do Sul,RS,"43"
"1143","2406205",Lagoa d'Anta,Rio Grande do Norte,RN,"24"
"3045","3168101",Tapira,Minas Gerais,MG,"31"
"220","1504422",Marituba,Pará,PA,"15"
"2527","3125309",Faria Lemos,Minas Gerais,MG,"31"
"4848","4311775",Maquiné,Rio Grande do Sul,RS,"43"
"1796","2804508",Nossa Senhora da Glória,Sergipe,SE,"28"
"4215","4121703",Reserva,Paraná,PR,"41"
"401","1715705",Palmeirante,Tocantins,TO,"17"
"2621","3133303",Itaobim,Minas Gerais,MG,"31"
"4581","4218103",Timbé do Sul,Santa Catarina,SC,"42"
"2509","3123601",Elói Mendes,Minas Gerais,MG,"31"
"3683","3536703",Pederneiras,São Paulo,SP,"35"
"1531","2605905",Gameleira,Pernambuco,PE,"26"
"3891","3555406",Ubatuba,São Paulo,SP,"35"
"2382","3112604",Capinópolis,Minas Gerais,MG,"31"
"3459","3516606",Gália,São Paulo,SP,"35"
"5143","5004502",Itaporã,Mato Grosso do Sul,MS,"50"
"896","2300408",Aiuaba,Ceará,CE,"23"
"662","2112704",Vargem Grande,Maranhão,MA,"21"
"2409","3115102",Cássia,Minas Gerais,MG,"31"
"3880","3554656",Torre de Pedra,São Paulo,SP,"35"
"257","1506302",Salvaterra,Pará,PA,"15"
"2301","3105202",Bandeira,Minas Gerais,MG,"31"
"1228","2414001",Tangará,Rio Grande do Norte,RN,"24"
"3813","3548609",São Bento do Sapucaí,São Paulo,SP,"35"
"5387","5205471",Chapadão do Céu,Goiás,GO,"52"
"1673","2702207",Coqueiro Seco,Alagoas,AL,"27"
"3640","3532868",Nova Castilho,São Paulo,SP,"35"
"558","2106201",Luís Domingues,Maranhão,MA,"21"
"3122","3202108",Ecoporanga,Espírito Santo,ES,"32"
"4327","4201257",Apiúna,Santa Catarina,SC,"42"
"112","1302603",Manaus,Amazonas,,"13"
"1715","2706109",Ouro Branco,Alagoas,AL,"27"
"3343","3506706",Boa Esperança do Sul,São Paulo,SP,"35"
"5542","5220157",São Luiz do Norte,Goiás,GO,"52"
"1626","2614105",Sertânia,Pernambuco,PE,"26"
"3761","3543907",Rio Claro,São Paulo,SP,"35"
"5203","5102603",Campinápolis,Mato Grosso,MT,"51"
"1883","2904605",Brumado,Bahia,BA,"29"
"3868","3553708",Taquaritinga,São Paulo,SP,"35"
"32","1100502",Novo Horizonte do Oeste,Rondônia,RO,"11"
"2132","2924801",Piritiba,Bahia,BA,"29"
"4416","4206603",Guarujá do Sul,Santa Catarina,SC,"42"
"1337","2513653",Joca Claudino,Paraíba,PB,"25"
"3555","3525201",Jarinu,São Paulo,SP,"35"
"198","1502954",Eldorado do Carajás,Pará,PA,"15"
"2752","3144003",Mutum,Minas Gerais,MG,"31"
"4133","4115804",Medianeira,Paraná,PR,"41"
"2247","3100302",Abre Campo,Minas Gerais,MG,"31"
"4675","4303673",Campestre da Serra,Rio Grande do Sul,RS,"43"
"1411","2513356",Santa Inês,Paraíba,PB,"25"
"3705","3538907",Pirajuí,São Paulo,SP,"35"
"13","1100056",Cerejeiras,Rondônia,RO,"11"
"1961","2911006",Floresta Azul,Bahia,BA,"29"
"4158","4117404",Ourizona,Paraná,PR,"41"
"2089","2921708",Morro do Chapéu,Bahia,BA,"29"
"3331","3505609",Barrinha,São Paulo,SP,"35"
"5238","5104906",Jangada,Mato Grosso,MT,"51"
"1263","2501534",Baraúna,Paraíba,PB,"25"
"3441","3515194",Espírito Santo do Turvo,São Paulo,SP,"35"
"5569","5222302",Vila Propício,Goiás,GO,"52"
"640","2111573",São Pedro dos Crentes,Maranhão,MA,"21"
"2186","2929305",São Gonçalo dos Campos,Bahia,BA,"29"
"3789","3546405",Santa Cruz do Rio Pardo,São Paulo,SP,"35"
"511","2103505",Colinas,Maranhão,MA,"21"
"2224","2932200",Ubaitaba,Bahia,BA,"29"
"4268","4125753",São Pedro do Iguaçu,Paraná,PR,"41"
"1849","2901957",Apuarema,Bahia,BA,"29"
"4504","4212502",Penha,Santa Catarina,SC,"42"
"131","1304104",Tapauá,Amazonas,,"13"
"1221","2413409",Serra Negra do Norte,Rio Grande do Norte,RN,"24"
"3676","3536208",Pariquera-Açu,São Paulo,SP,"35"
"285","1508001",Tomé-Açu,Pará,PA,"15"
"2423","3116209",Chiador,Minas Gerais,MG,"31"
"968","2305506",Iguatu,Ceará,CE,"23"
"3149","3203809",Muqui,Espírito Santo,ES,"32"
"1020","2309805",Pacoti,Ceará,CE,"23"
"2716","3140803",Matias Barbosa,Minas Gerais,MG,"31"
"3851","3552205",Sorocaba,São Paulo,SP,"35"
"579","2107456",Olinda Nova do Maranhão,Maranhão,MA,"21"
"2760","3144607",Nepomuceno,Minas Gerais,MG,"31"
"4204","4120853",Quatro Pontes,Paraná,PR,"41"
"993","2307601",Limoeiro do Norte,Ceará,CE,"23"
"2963","3161650",São Geraldo do Baixio,Minas Gerais,MG,"31"
"4072","4111100",Itambé,Paraná,PR,"41"
"1252","2500775",Aparecida,Paraíba,PB,"25"
"2021","2916401",Itapetinga,Bahia,BA,"29"
"3000","3164407",São Sebastião da Bela Vista,Minas Gerais,MG,"31"
"3665","3535101",Palmares Paulista,São Paulo,SP,"35"
"1031","2310803",Pereiro,Ceará,CE,"23"
"1771","2802106",Estância,Sergipe,SE,"28"
"3041","3167806",Soledade de Minas,Minas Gerais,MG,"31"
"4995","4318432",São João do Polêsine,Rio Grande do Sul,RS,"43"
"1898","2905800",Camamu,Bahia,BA,"29"
"3567","3526308",Lagoinha,São Paulo,SP,"35"
"5169","5007307",Rio Negro,Mato Grosso do Sul,MS,"50"
"1118","2403905",Francisco Dantas,Rio Grande do Norte,RN,"24"
"3760","3543808",Rinópolis,São Paulo,SP,"35"
"643","2111672",São Roberto,Maranhão,MA,"21"
"2175","2928307",Santanópolis,Bahia,BA,"29"
"4644","4301925",Barra do Rio Azul,Rio Grande do Sul,RS,"43"
"1192","2408953",Rio do Fogo,Rio Grande do Norte,RN,"24"
"3720","3540309",Pontes Gestal,São Paulo,SP,"35"
"5488","5215009",Nova Veneza,Goiás,GO,"52"
"224","1504703",Moju,Pará,PA,"15"
"2125","2924306",Piatã,Bahia,BA,"29"
"719","2202505",Caracol,Piauí,PI,"22"
"2375","3112000",Candeias,Minas Gerais,MG,"31"
"515","2103752",Davinópolis,Maranhão,MA,"21"
"3023","3166204",Senhora dos Remédios,Minas Gerais,MG,"31"
"5413","5208103",Formoso,Goiás,GO,"52"
"456","2100402",Altamira do Maranhão,Maranhão,MA,"21"
"2759","3144508",Nazareno,Minas Gerais,MG,"31"
"4600","4219309",Videira,Santa Catarina,SC,"42"
"1666","2701506",Campo Grande,Alagoas,AL,"27"
"3610","3530300",Mirassol,São Paulo,SP,"35"
"677","2200608",Angical do Piauí,Piauí,PI,"22"
"2229","2932606",Urandi,Bahia,BA,"29"
"3468","3517406",Guaíra,São Paulo,SP,"35"
"934","2303659",Catunda,Ceará,CE,"23"
"2801","3147709",Passa Tempo,Minas Gerais,MG,"31"
"4702","4305108",Caxias do Sul,Rio Grande do Sul,RS,"43"
"164","1500958",Aurora do Pará,Pará,PA,"15"
"1787","2803708",Macambira,Sergipe,SE,"28"
"2959","3161304",São Francisco de Sales,Minas Gerais,MG,"31"
"4293","4127700",Toledo,Paraná,PR,"41"
"5374","5204656",Campinaçu,Goiás,GO,"52"
"685","2201150",Baixa Grande do Ribeiro,Piauí,PI,"22"
"2010","2915353",Itaguaçu da Bahia,Bahia,BA,"29"
"4703","4305116",Centenário,Rio Grande do Sul,RS,"43"
"796","2206357",Milton Brandão,Piauí,PI,"22"
"2756","3144359",Naque,Minas Gerais,MG,"31"
"5536","5219753",Santo Antônio do Descoberto,Goiás,GO,"52"
"2342","3109105",Bueno Brandão,Minas Gerais,MG,"31"
"4131","4115739",Mato Rico,Paraná,PR,"41"
"1876","2904001",Boninal,Bahia,BA,"29"
"4201","4120655",Quarto Centenário,Paraná,PR,"41"
"833","2208551",Porto Alegre do Piauí,Piauí,PI,"22"
"810","2207009",Oeiras,Piauí,PI,"22"
"2133","2924900",Planaltino,Bahia,BA,"29"
"3037","3167400",Silvianópolis,Minas Gerais,MG,"31"
"2713","3140605",Materlândia,Minas Gerais,MG,"31"
"4800","4309654",Hulha Negra,Rio Grande do Sul,RS,"43"
"556","2106003",Lima Campos,Maranhão,MA,"21"
"2771","3145307",Novo Cruzeiro,Minas Gerais,MG,"31"
"4051","4109609",Guaratuba,Paraná,PR,"41"
"378","1711902",Lagoa da Confusão,Tocantins,TO,"17"
"1264","2501609",Barra de Santa Rosa,Paraíba,PB,"25"
"2869","3153608",Prudente de Morais,Minas Gerais,MG,"31"
"914","2301901",Barbalha,Ceará,CE,"23"
"3199","3301603",Duas Barras,Rio de Janeiro,RJ,"33"
"4825","4310850",Jaboticaba,Rio Grande do Sul,RS,"43"
"1080","2400505",Alexandria,Rio Grande do Norte,RN,"24"
"2734","3142403",Moema,Minas Gerais,MG,"31"
"4303","4128302",Uniflor,Paraná,PR,"41"
"1230","2414159",Tenente Laurentino Cruz,Rio Grande do Norte,RN,"24"
"3617","3531001",Monções,São Paulo,SP,"35"
"5364","5203962",Buritinópolis,Goiás,GO,"52"
"634","2111201",São José de Ribamar,Maranhão,MA,"21"
"2156","2926707",Rio de Contas,Bahia,BA,"29"
"3764","3544202",Riolândia,São Paulo,SP,"35"
"1589","2610806",Pedra,Pernambuco,PE,"26"
"3712","3539608",Planalto,São Paulo,SP,"35"
"830","2208304",Piracuruca,Piauí,PI,"22"
"2619","3133105",Itanhandu,Minas Gerais,MG,"31"
"5200","5101852",Bom Jesus do Araguaia,Mato Grosso,MT,"51"
"1212","2412708",São Pedro,Rio Grande do Norte,RN,"24"
"3905","3556602",Vera Cruz,São Paulo,SP,"35"
"557","2106102",Loreto,Maranhão,MA,"21"
"3102","3200300",Alfredo Chaves,Espírito Santo,ES,"32"
"4692","4304689",Capela de Santana,Rio Grande do Sul,RS,"43"
"653","2112100",Timbiras,Maranhão,MA,"21"
"2660","3136553",José Raydan,Minas Gerais,MG,"31"
"4449","4209003",Joaçaba,Santa Catarina,SC,"42"
"1525","2605400",Feira Nova,Pernambuco,PE,"26"
"4064","4110508",Ipiranga,Paraná,PR,"41"
"1698","2704401",Major Isidoro,Alagoas,AL,"27"
"3830","3550100",São Manuel,São Paulo,SP,"35"
"5311","5107925",Sorriso,Mato Grosso,MT,"51"
"2105","2922805",Nova Itarana,Bahia,BA,"29"
"3920","4100707",Alto Piquiri,Paraná,PR,"41"
"795","2206308",Miguel Leão,Piauí,PI,"22"
"3017","3165602",Senador Cortes,Minas Gerais,MG,"31"
"5005","4318705",São Leopoldo,Rio Grande do Sul,RS,"43"
"1472","2600609",Alagoinha,Pernambuco,PE,"26"
"3036","3167301",Silveirânia,Minas Gerais,MG,"31"
"5031","4320305",Selbach,Rio Grande do Sul,RS,"43"
"696","2201770",Boa Hora,Piauí,PI,"22"
"2289","3104106",Arceburgo,Minas Gerais,MG,"31"
"4468","4210308",Major Vieira,Santa Catarina,SC,"42"
"1188","2410603",Rafael Godeiro,Rio Grande do Norte,RN,"24"
"2719","3141009",Mato Verde,Minas Gerais,MG,"31"
"5334","5200605",Alto Paraíso de Goiás,Goiás,GO,"52"
"1004","2308377",Miraíma,Ceará,CE,"23"
"3295","3502507",Aparecida,São Paulo,SP,"35"
"2317","3106804",Bias Fortes,Minas Gerais,MG,"31"
"3695","3537800",Piedade,São Paulo,SP,"35"
"1275","2502409",Bonito de Santa Fé,Paraíba,PB,"25"
"3325","3505104",Barbosa,São Paulo,SP,"35"
"4044","4108957",Guamiranga,Paraná,PR,"41"
"53","1200013",Acrelândia,Acre,AC,"12"
"2839","3150703",Pirajuba,Minas Gerais,MG,"31"
"3731","3541109",Presidente Alves,São Paulo,SP,"35"
"100","1301704",Humaitá,Amazonas,,"13"
"1423","2514008",São João do Cariri,Paraíba,PB,"25"
"3220","3303005",Miracema,Rio de Janeiro,RJ,"33"
"4672","4303509",Camaquã,Rio Grande do Sul,RS,"43"
"312","1700251",Abreulândia,Tocantins,TO,"17"
"1760","2800704",Brejo Grande,Sergipe,SE,"28"
"4323","4200903",Angelina,Santa Catarina,SC,"42"
"871","2210409",São Miguel do Tapuio,Piauí,PI,"22"
"2802","3147808",Passa Vinte,Minas Gerais,MG,"31"
"1801","2805000",Pedra Mole,Sergipe,SE,"28"
"4481","4211256",Morro Grande,Santa Catarina,SC,"42"
"1181","2409902",Pendências,Rio Grande do Norte,RN,"24"
"2803","3147501",Passabém,Minas Gerais,MG,"31"
"4002","4106803",Cruz Machado,Paraná,PR,"41"
"234","1505205",Oeiras do Pará,Pará,PA,"15"
"2172","2928505",Santa Terezinha,Bahia,BA,"29"
"3582","3527702",Luiziânia,São Paulo,SP,"35"
"927","2303006",Caridade,Ceará,CE,"23"
"2710","3140506",Martinho Campos,Minas Gerais,MG,"31"
"4235","4123303",Santa Cruz de Monte Castelo,Paraná,PR,"41"
"1140","2406007",José da Penha,Rio Grande do Norte,RN,"24"
"3275","3500709",Agudos,São Paulo,SP,"35"
"5065","4321832",Três Forquilhas,Rio Grande do Sul,RS,"43"
"1764","2801306",Capela,Sergipe,SE,"28"
"5308","5107875",Sapezal,Mato Grosso,MT,"51"
"2268","3102100",Alto Rio Doce,Minas Gerais,MG,"31"
"4669","4303202",Cacique Doble,Rio Grande do Sul,RS,"43"
"519","2104057",Estreito,Maranhão,MA,"21"
"2427","3116605",Cláudio,Minas Gerais,MG,"31"
"4122","4115101",Mariluz,Paraná,PR,"41"
"1394","2512200",Prata,Paraíba,PB,"25"
"3312","3503901",Arujá,São Paulo,SP,"35"
"4798","4309571",Herveiras,Rio Grande do Sul,RS,"43"
"3185","3300506",Bom Jardim,Rio de Janeiro,RJ,"33"
"5450","5211800",Jaraguá,Goiás,GO,"52"
"373","1710706",Itaguatins,Tocantins,TO,"17"
"2514","3124005",Ervália,Minas Gerais,MG,"31"
"3537","3523404",Itatiba,São Paulo,SP,"35"
"1391","2512036",Poço Dantas,Paraíba,PB,"25"
"2820","3149200",Pedrinópolis,Minas Gerais,MG,"31"
"926","2302909",Capistrano,Ceará,CE,"23"
"5029","4320230",Sede Nova,Rio Grande do Sul,RS,"43"
"325","1702208",Araguatins,Tocantins,TO,"17"
"3355","3507704",Braúna,São Paulo,SP,"35"
"5061","4321634",Três Arroios,Rio Grande do Sul,RS,"43"
"1333","2507200",Itatuba,Paraíba,PB,"25"
"4041","4108700",Grandes Rios,Paraná,PR,"41"
"1161","2407906",Monte das Gameleiras,Rio Grande do Norte,RN,"24"
"3028","3166808",Serra do Salitre,Minas Gerais,MG,"31"
"1046","2311801",Russas,Ceará,CE,"23"
"2870","3153707",Quartel Geral,Minas Gerais,MG,"31"
"4216","4121752",Reserva do Iguaçu,Paraná,PR,"41"
"153","1500131",Abel Figueiredo,Pará,PA,"15"
"1925","2908002",Coaraci,Bahia,BA,"29"
"4031","4108106",Flórida,Paraná,PR,"41"
"3","1100403",Alto Paraíso,Rondônia,RO,"11"
"1935","2909000",Cordeiros,Bahia,BA,"29"
"3566","3526209",Juquitiba,São Paulo,SP,"35"
"786","2205706",Luís Correia,Piauí,PI,"22"
"2340","3108909",Brazópolis,Minas Gerais,MG,"31"
"3559","3525607",João Ramalho,São Paulo,SP,"35"
"1011","2309003",Mucambo,Ceará,CE,"23"
"2911","3157302",Santa Bárbara do Tugúrio,Minas Gerais,MG,"31"
"5150","5005152",Juti,Mato Grosso do Sul,MS,"50"
"577","2107357",Nova Olinda do Maranhão,Maranhão,MA,"21"
"2448","3118403",Conselheiro Pena,Minas Gerais,MG,"31"
"883","2211001",Teresina,Piauí,PI,"22"
"4722","4305850",Coqueiros do Sul,Rio Grande do Sul,RS,"43"
"1005","2308401",Missão Velha,Ceará,CE,"23"
"5125","5002902",Cassilândia,Mato Grosso do Sul,MS,"50"
"863","2210052",São José do Divino,Piauí,PI,"22"
"2410","3115300",Cataguases,Minas Gerais,MG,"31"
"4979","4317400",Santiago,Rio Grande do Sul,RS,"43"
"408","1716604",Peixe,Tocantins,TO,"17"
"3083","3171006",Vazante,Minas Gerais,MG,"31"
"525","2104305",Godofredo Viana,Maranhão,MA,"21"
"2947","3160405",Santo Antônio do Monte,Minas Gerais,MG,"31"
"4404","4205506",Fraiburgo,Santa Catarina,SC,"42"
"1096","2401859",Caiçara do Norte,Rio Grande do Norte,RN,"24"
"3678","3536307",Patrocínio Paulista,São Paulo,SP,"35"
"1029","2310605",Penaforte,Ceará,CE,"23"
"2840","3150802",Piranga,Minas Gerais,MG,"31"
"4716","4305504",Ciríaco,Rio Grande do Sul,RS,"43"
"138","1400027",Amajari,Roraima,RR,"14"
"1822","2807105",Simão Dias,Sergipe,SE,"28"
"2949","3160504",Santo Antônio do Rio Abaixo,Minas Gerais,MG,"31"
"4855","4312104",Mata,Rio Grande do Sul,RS,"43"
"243","1505601",Peixe-Boi,Pará,PA,"15"
"2253","3100906",Águas Formosas,Minas Gerais,MG,"31"
"4530","4214706",Rio dos Cedros,Santa Catarina,SC,"42"
"49","1101708",Urupá,Rondônia,RO,"11"
"1659","2700904",Belo Monte,Alagoas,AL,"27"
"4616","4300554",Alto Alegre,Rio Grande do Sul,RS,"43"
"322","1702000",Araguaçu,Tocantins,TO,"17"
"2848","3151602",Planura,Minas Gerais,MG,"31"
"4554","4216107",São Domingos,Santa Catarina,SC,"42"
"976","2306207",Itaiçaba,Ceará,CE,"23"
"3398","3511508",Cerquilho,São Paulo,SP,"35"
"1393","2512101",Pombal,Paraíba,PB,"25"
"3672","3535804",Paranapanema,São Paulo,SP,"35"
"733","2203008",Cristalândia do Piauí,Piauí,PI,"22"
"2400","3114303",Carmo do Paranaíba,Minas Gerais,MG,"31"
"5063","4321709",Três Coroas,Rio Grande do Sul,RS,"43"
"1498","2603108",Cachoeirinha,Pernambuco,PE,"26"
"4151","4117206",Nova Olímpia,Paraná,PR,"41"
"1236","2414506",Umarizal,Rio Grande do Norte,RN,"24"
"2677","3137908",Lamim,Minas Gerais,MG,"31"
"4295","4127858",Três Barras do Paraná,Paraná,PR,"41"
"1546","2607307",Ipubi,Pernambuco,PE,"26"
"3187","3300704",Cabo Frio,Rio de Janeiro,RJ,"33"
"5246","5105309",Luciara,Mato Grosso,MT,"51"
"485","2102036",Bom Jesus das Selvas,Maranhão,MA,"21"
"3242","3304524",Rio das Ostras,Rio de Janeiro,RJ,"33"
"946","2304277",Ererê,Ceará,CE,"23"
"3871","3553906",Tarabai,São Paulo,SP,"35"
"1395","2512309",Princesa Isabel,Paraíba,PB,"25"
"3818","3549102",São João da Boa Vista,São Paulo,SP,"35"
"204","1503200",Igarapé-Açu,Pará,PA,"15"
"2744","3143401",Monte Sião,Minas Gerais,MG,"31"
"4345","4202107",Barra Velha,Santa Catarina,SC,"42"
"1467","2600104",Afogados da Ingazeira,Pernambuco,PE,"26"
"4388","4204608",Criciúma,Santa Catarina,SC,"42"
"1256","2501104",Areia,Paraíba,PB,"25"
"2826","3149804",Perdizes,Minas Gerais,MG,"31"
"5101","4323754",Vitória das Missões,Rio Grande do Sul,RS,"43"
"463","2100808",Anapurus,Maranhão,MA,"21"
"1318","2505907",Emas,Paraíba,PB,"25"
"3621","3531407",Monte Aprazível,São Paulo,SP,"35"
"713","2202174",Campo Largo do Piauí,Piauí,PI,"22"
"3016","3165578",Senador Amaral,Minas Gerais,MG,"31"
"4257","4125001",São João do Ivaí,Paraná,PR,"41"
"1092","2401602",Bento Fernandes,Rio Grande do Norte,RN,"24"
"3980","4104659",Carambeí,Paraná,PR,"41"
"5406","5207402",Edéia,Goiás,GO,"52"
"314","1700350",Aliança do Tocantins,Tocantins,TO,"17"
"3069","3170206",Uberlândia,Minas Gerais,MG,"31"
"4240","4123808",Santa Izabel do Oeste,Paraná,PR,"41"
"352","1705607",Conceição do Tocantins,Tocantins,TO,"17"
"2445","3118106",Congonhas do Norte,Minas Gerais,MG,"31"
"3424","3514007",Dobrada,São Paulo,SP,"35"
"333","1703073",Barra do Ouro,Tocantins,TO,"17"
"2368","3111309",Campo do Meio,Minas Gerais,MG,"31"
"3923","4100905",Amaporã,Paraná,PR,"41"
"1240","2414803",Vera Cruz,Rio Grande do Norte,RN,"24"
"2998","3164209",São Romão,Minas Gerais,MG,"31"
"2148","2926004",Remanso,Bahia,BA,"29"
"5197","5101605",Barão de Melgaço,Mato Grosso,MT,"51"
"646","2111748",Senador Alexandre Costa,Maranhão,MA,"21"
"3946","4102752",Bela Vista da Caroba,Paraná,PR,"41"
"2596","3130903",Inhapim,Minas Gerais,MG,"31"
"3729","3541000",Praia Grande,São Paulo,SP,"35"
"5344","5201504",Aporé,Goiás,GO,"52"
"266","1506906",Santarém Novo,Pará,PA,"15"
"1810","2805901",Riachuelo,Sergipe,SE,"28"
"4028","4107801",Floraí,Paraná,PR,"41"
"5417","5208608",Goianésia,Goiás,GO,"52"
"328","1702554",Augustinópolis,Tocantins,TO,"17"
"1440","2515401",São Vicente do Seridó,Paraíba,PB,"25"
"2491","3122207",Divinolândia de Minas,Minas Gerais,MG,"31"
"4048","4109302",Guaraniaçu,Paraná,PR,"41"
"256","1506203",Salinópolis,Pará,PA,"15"
"2347","3109451",Cabeceira Grande,Minas Gerais,MG,"31"
"5144","5004601",Itaquiraí,Mato Grosso do Sul,MS,"50"
"676","2200509",Amarante,Piauí,PI,"22"
"2137","2925253",Ponto Novo,Bahia,BA,"29"
"3826","3549805",São José do Rio Preto,São Paulo,SP,"35"
"5234","5104542",Itanhangá,Mato Grosso,MT,"51"
"2017","2916005",Itanhém,Bahia,BA,"29"
"3835","3550605",São Roque,São Paulo,SP,"35"
"5293","5107701",Rosário Oeste,Mato Grosso,MT,"51"
"345","1703909",Caseara,Tocantins,TO,"17"
"2986","3163003",São José da Safira,Minas Gerais,MG,"31"
"4246","4124053",Santa Terezinha de Itaipu,Paraná,PR,"41"
"96","1301407",Eirunepé,Amazonas,,"13"
"2641","3135076",Jampruca,Minas Gerais,MG,"31"
"4935","4315073",Porto Vera Cruz,Rio Grande do Sul,RS,"43"
"418","1718402",Presidente Kennedy,Tocantins,TO,"17"
"2560","3127800",Grão Mogol,Minas Gerais,MG,"31"
"4651","4302204",Boa Vista do Buricá,Rio Grande do Sul,RS,"43"
"72","1200450",Senador Guiomard,Acre,AC,"12"
"4450","4209102",Joinville,Santa Catarina,SC,"42"
"436","1720259",São Salvador do Tocantins,Tocantins,TO,"17"
"1643","2615904",Tuparetama,Pernambuco,PE,"26"
"2088","2921609",Morpará,Bahia,BA,"29"
"3730","3541059",Pratânia,São Paulo,SP,"35"
"1960","2910909",Firmino Alves,Bahia,BA,"29"
"3310","3503703",Ariranha,São Paulo,SP,"35"
"4946","4315404",Redentora,Rio Grande do Sul,RS,"43"
"859","2209906",São João da Serra,Piauí,PI,"22"
"2735","3142502",Monjolos,Minas Gerais,MG,"31"
"5120","5002308",Brasilândia,Mato Grosso do Sul,MS,"50"
"381","1712157",Lavandeira,Tocantins,TO,"17"
"2194","2929800",Saúde,Bahia,BA,"29"
"3804","3547809",Santo André,São Paulo,SP,"35"
"843","2209153",Santa Cruz dos Milagres,Piauí,PI,"22"
"3584","3527900",Lutécia,São Paulo,SP,"35"
"2546","3127008",Fronteira,Minas Gerais,MG,"31"
"3915","4100301",Agudos do Sul,Paraná,PR,"41"
"403","1715754",Palmeirópolis,Tocantins,TO,"17"
"2722","3141306",Medeiros,Minas Gerais,MG,"31"
"3879","3554607",Timburi,São Paulo,SP,"35"
"1116","2403756",Fernando Pedroza,Rio Grande do Norte,RN,"24"
"2798","3147303",Paraisópolis,Minas Gerais,MG,"31"
"4593","4218905",Urubici,Santa Catarina,SC,"42"
"1449","2516003",Solânea,Paraíba,PB,"25"
"3066","3170008",Ubaí,Minas Gerais,MG,"31"
"5247","5105580",Marcelândia,Mato Grosso,MT,"51"
"1166","2408409",Olho d'Água do Borges,Rio Grande do Norte,RN,"24"
"3649","3533601",Nuporanga,São Paulo,SP,"35"
"5458","5212501",Luziânia,Goiás,GO,"52"
"1862","2902906",Barra do Choça,Bahia,BA,"29"
"1017","2309508",Orós,Ceará,CE,"23"
"2652","3135902",Jesuânia,Minas Gerais,MG,"31"
"4791","4309209",Gravataí,Rio Grande do Sul,RS,"43"
"1356","2509156",Marizópolis,Paraíba,PB,"25"
"2372","3111903",Cana Verde,Minas Gerais,MG,"31"
"4156","4117297",Novo Itacolomi,Paraná,PR,"41"
"2428","3116704",Coimbra,Minas Gerais,MG,"31"
"5079","4322376",Unistalda,Rio Grande do Sul,RS,"43"
"208","1503507",Irituia,Pará,PA,"15"
"2369","3111408",Campo Florido,Minas Gerais,MG,"31"
"4338","4202057",Balneário Barra do Sul,Santa Catarina,SC,"42"
"1153","2407203",Macau,Rio Grande do Norte,RN,"24"
"3337","3506201",Bento de Abreu,São Paulo,SP,"35"
"5318","5108303",União do Sul,Mato Grosso,MT,"51"
"690","2201507",Batalha,Piauí,PI,"22"
"2937","3158805",Santana do Jacaré,Minas Gerais,MG,"31"
"982","2306603",Itatira,Ceará,CE,"23"
"3894","3555703",União Paulista,São Paulo,SP,"35"
"1220","2413359",Serra do Mel,Rio Grande do Norte,RN,"24"
"3118","3201704",Conceição do Castelo,Espírito Santo,ES,"32"
"4178","4119103",Piên,Paraná,PR,"41"
"1733","2707701",Rio Largo,Alagoas,AL,"27"
"3022","3166105",Senhora do Porto,Minas Gerais,MG,"31"
"5321","5108501",Vera,Mato Grosso,MT,"51"
"686","2201176",Barra D'Alcântara,Piauí,PI,"22"
"2495","3122454",Divisópolis,Minas Gerais,MG,"31"
"3821","3549300",São João do Pau d'Alho,São Paulo,SP,"35"
"1159","2407708",Montanhas,Rio Grande do Norte,RN,"24"
"3581","3527603",Luís Antônio,São Paulo,SP,"35"
"1934","2908903",Coração de Maria,Bahia,BA,"29"
"4187","4119707",Planaltina do Paraná,Paraná,PR,"41"
"698","2201903",Bom Jesus,Piauí,PI,"22"
"1708","2705408",Monteirópolis,Alagoas,AL,"27"
"3063","3169703",Turmalina,Minas Gerais,MG,"31"
"5421","5209101",Goiatuba,Goiás,GO,"52"
"250","1506104",Primavera,Pará,PA,"15"
"2512","3123858",Entre Folhas,Minas Gerais,MG,"31"
"4138","4116109",Moreira Sales,Paraná,PR,"41"
"205","1503309",Igarapé-Miri,Pará,PA,"15"
"3004","3164605",São Sebastião do Oeste,Minas Gerais,MG,"31"
"4634","4301503",Augusto Pestana,Rio Grande do Sul,RS,"43"
"660","2112506",Tutóia,Maranhão,MA,"21"
"2248","3100401",Acaiaca,Minas Gerais,MG,"31"
"4237","4123501",Santa Helena,Paraná,PR,"41"
"1136","2405603",Jardim de Piranhas,Rio Grande do Norte,RN,"24"
"3169","3205036",Vargem Alta,Espírito Santo,ES,"32"
"5256","5108808",Nova Guarita,Mato Grosso,MT,"51"
"1115","2403707",Felipe Guerra,Rio Grande do Norte,RN,"24"
"3073","3170479",Uruana de Minas,Minas Gerais,MG,"31"
"5441","5210802",Itajá,Goiás,GO,"52"
"548","2105658",Junco do Maranhão,Maranhão,MA,"21"
"2446","3118205",Conquista,Minas Gerais,MG,"31"
"5183","5100102",Acorizal,Mato Grosso,MT,"51"
"638","2111508",São Mateus do Maranhão,Maranhão,MA,"21"
"2741","3143104",Monte Carmelo,Minas Gerais,MG,"31"
"5025","4319901",Sapiranga,Rio Grande do Sul,RS,"43"
"1890","2905107",Caém,Bahia,BA,"29"
"4572","4217501",Seara,Santa Catarina,SC,"42"
"244","1505635",Piçarra,Pará,PA,"15"
"2319","3107000",Biquinhas,Minas Gerais,MG,"31"
"3364","3508504",Caçapava,São Paulo,SP,"35"
"5262","5106174",Nova Nazaré,Mato Grosso,MT,"51"
"1339","2507705",Juazeirinho,Paraíba,PB,"25"
"3361","3508207",Buritizal,São Paulo,SP,"35"
"4871","4312609",Muçum,Rio Grande do Sul,RS,"43"
"1727","2707107",Piranhas,Alagoas,AL,"27"
"4428","4207577",Iomerê,Santa Catarina,SC,"42"
"253","1506161",Rio Maria,Pará,PA,"15"
"1854","2902252",Arataca,Bahia,BA,"29"
"4894","4313409",Novo Hamburgo,Rio Grande do Sul,RS,"43"
"748","2203800",Flores do Piauí,Piauí,PI,"22"
"2672","3137502",Lagoa Formosa,Minas Gerais,MG,"31"
"5382","5205109",Catalão,Goiás,GO,"52"
"489","2102200",Buriti,Maranhão,MA,"21"
"2058","2919207",Lauro de Freitas,Bahia,BA,"29"
"4737","4306379",Dilermando de Aguiar,Rio Grande do Sul,RS,"43"
"2698","3139409",Manhuaçu,Minas Gerais,MG,"31"
"4968","4316733",Santa Cecília do Sul,Rio Grande do Sul,RS,"43"
"168","1501253",Bannach,Pará,PA,"15"
"2916","3157609",Santa Fé de Minas,Minas Gerais,MG,"31"
"5195","5101308",Arenápolis,Mato Grosso,MT,"51"
"1250","2500601",Alhandra,Paraíba,PB,"25"
"2806","3148004",Patos de Minas,Minas Gerais,MG,"31"
"4746","4306759",Doutor Ricardo,Rio Grande do Sul,RS,"43"
"323","1702109",Araguaína,Tocantins,TO,"17"
"1871","2903607",Biritinga,Bahia,BA,"29"
"3538","3523503",Itatinga,São Paulo,SP,"35"
"1259","2501302",Aroeiras,Paraíba,PB,"25"
"3785","3546108",Santa Clara d'Oeste,São Paulo,SP,"35"
"1021","2309904",Pacujá,Ceará,CE,"23"
"3046","3168200",Tapiraí,Minas Gerais,MG,"31"
"4910","4314076",Passo do Sobrado,Rio Grande do Sul,RS,"43"
"506","2103174",Centro Novo do Maranhão,Maranhão,MA,"21"
"2203","2930600",Serrolândia,Bahia,BA,"29"
"4774","4308250",Floriano Peixoto,Rio Grande do Sul,RS,"43"
"1242","2415008",Vila Flor,Rio Grande do Norte,RN,"24"
"3092","3171709",Virgínia,Minas Gerais,MG,"31"
"1015","2309409",Novo Oriente,Ceará,CE,"23"
"1225","2413706",Sítio Novo,Rio Grande do Norte,RN,"24"
"3021","3166006",Senhora de Oliveira,Minas Gerais,MG,"31"
"4379","4204194",Chapadão do Lageado,Santa Catarina,SC,"42"
"106","1302108",Japurá,Amazonas,,"13"
"2128","2924603",Pindobaçu,Bahia,BA,"29"
"4168","4118303",Paranapoema,Paraná,PR,"41"
"572","2107001",Montes Altos,Maranhão,MA,"21"
"2075","2920502",Maracás,Bahia,BA,"29"
"4437","4208005",Itá,Santa Catarina,SC,"42"
"216","1504109",Magalhães Barata,Pará,PA,"15"
"3299","3502804",Araçatuba,São Paulo,SP,"35"
"4787","4309050",Glorinha,Rio Grande do Sul,RS,"43"
"605","2109403",Primeira Cruz,Maranhão,MA,"21"
"1403","2512788",Riacho de Santo Antônio,Paraíba,PB,"25"
"904","2301109",Aracati,Ceará,CE,"23"
"3302","3503109",Arandu,São Paulo,SP,"35"
"4308","4128658",Virmond,Paraná,PR,"41"
"1434","2514800",São José dos Cordeiros,Paraíba,PB,"25"
"135","1304302",Urucará,Amazonas,,"13"
"2892","3155702",Rio Piracicaba,Minas Gerais,MG,"31"
"4874","4312658",Não-Me-Toque,Rio Grande do Sul,RS,"43"
"854","2209708",São Francisco do Piauí,Piauí,PI,"22"
"2695","3139201",Malacacheta,Minas Gerais,MG,"31"
"5376","5204805",Campo Alegre de Goiás,Goiás,GO,"52"
"731","2202851",Coronel José Dias,Piauí,PI,"22"
"3249","3305000",São João da Barra,Rio de Janeiro,RJ,"33"
"5181","5008305",Três Lagoas,Mato Grosso do Sul,MS,"50"
"1088","2401305",Augusto Severo,Rio Grande do Norte,RN,"24"
"3489","3519204",Iacri,São Paulo,SP,"35"
"5050","4321329",Taquaruçu do Sul,Rio Grande do Sul,RS,"43"
"1301","2504504",Condado,Paraíba,PB,"25"
"3528","3522604",Itapira,São Paulo,SP,"35"
"1738","2708204",São Brás,Alagoas,AL,"27"
"4497","4212106",Palmitos,Santa Catarina,SC,"42"
"1726","2707008",Pindoba,Alagoas,AL,"27"
"3148","3203700",Muniz Freire,Espírito Santo,ES,"32"
"4846","4311734",Mampituba,Rio Grande do Sul,RS,"43"
"1070","2313757",Umirim,Ceará,CE,"23"
"2180","2928950",São Domingos,Bahia,BA,"29"
"3834","3550506",São Pedro do Turvo,São Paulo,SP,"35"
"1400","2512747",Riachão,Paraíba,PB,"25"
"2586","3130101",Igarapé,Minas Gerais,MG,"31"
"5188","5100409",Alto Garças,Mato Grosso,MT,"51"
"59","1200252",Epitaciolândia,Acre,AC,"12"
"2686","3138625",Limeira do Oeste,Minas Gerais,MG,"31"
"1686","2703304",Inhapi,Alagoas,AL,"27"
"3531","3522802",Itaporanga,São Paulo,SP,"35"
"4950","4315602",Rio Grande,Rio Grande do Sul,RS,"43"
"1508","2603926",Carnaubeira da Penha,Pernambuco,PE,"26"
"3725","3540754",Potim,São Paulo,SP,"35"
"5433","5210000",Inhumas,Goiás,GO,"52"
"2202","2930501",Serrinha,Bahia,BA,"29"
"3839","3551009",São Vicente,São Paulo,SP,"35"
"5291","5107578",Rondolândia,Mato Grosso,MT,"51"
"2262","3101706",Almenara,Minas Gerais,MG,"31"
"4196","4120333",Prado Ferreira,Paraná,PR,"41"
"1022","2310001",Palhano,Ceará,CE,"23"
"1832","2900405",Água Fria,Bahia,BA,"29"
"3326","3505203",Bariri,São Paulo,SP,"35"
"578","2107407",Olho d'Água das Cunhãs,Maranhão,MA,"21"
"2206","2930766",Sítio do Quinto,Bahia,BA,"29"
"4451","4209151",José Boiteux,Santa Catarina,SC,"42"
"190","1502707",Conceição do Araguaia,Pará,PA,"15"
"2193","2929750",Saubara,Bahia,BA,"29"
"4325","4201109",Anitápolis,Santa Catarina,SC,"42"
"416","1718204",Porto Nacional,Tocantins,TO,"17"
"1424","2500700",São João do Rio do Peixe,Paraíba,PB,"25"
"3109","3200904",Barra de São Francisco,Espírito Santo,ES,"32"
"4626","4300901",Aratiba,Rio Grande do Sul,RS,"43"
"2555","3127388",Goianá,Minas Gerais,MG,"31"
"4857","4312153",Mato Leitão,Rio Grande do Sul,RS,"43"
"1574","2614303",Moreilândia,Pernambuco,PE,"26"
"2603","3131505",Ipuiúna,Minas Gerais,MG,"31"
"4086","4112306",Japira,Paraná,PR,"41"
"468","2101004",Arari,Maranhão,MA,"21"
"2917","3157658",Santa Helena de Minas,Minas Gerais,MG,"31"
"4640","4301750",Barão do Triunfo,Rio Grande do Sul,RS,"43"
"868","2210375",São Luis do Piauí,Piauí,PI,"22"
"2676","3137809",Lambari,Minas Gerais,MG,"31"
"4839","4311429",Lajeado do Bugre,Rio Grande do Sul,RS,"43"
"673","2200301",Alto Longá,Piauí,PI,"22"
"3144","3203353",Marilândia,Espírito Santo,ES,"32"
"5289","5107198",Ribeirãozinho,Mato Grosso,MT,"51"
"1443","2515609",Serra da Raiz,Paraíba,PB,"25"
"3639","3532843",Nova Canaã Paulista,São Paulo,SP,"35"
"576","2107308",Nova Iorque,Maranhão,MA,"21"
"2467","3120151",Crisólita,Minas Gerais,MG,"31"
"3778","3545308",Salto de Pirapora,São Paulo,SP,"35"
"5278","5106703",Ponte Branca,Mato Grosso,MT,"51"
"148","1400472",Rorainópolis,Roraima,RR,"14"
"1247","2500502",Alagoinha,Paraíba,PB,"25"
"1918","2907400",Catolândia,Bahia,BA,"29"
"1111","2403301",Encanto,Rio Grande do Norte,RN,"24"
"3182","3300308",Barra do Piraí,Rio de Janeiro,RJ,"33"
"1360","2509370",Mato Grosso,Paraíba,PB,"25"
"3509","3520905",Ipaussu,São Paulo,SP,"35"
"5118","5002159",Bodoquena,Mato Grosso do Sul,MS,"50"
"410","1717008",Pindorama do Tocantins,Tocantins,TO,"17"
"2910","3157278",Santa Bárbara do Monte Verde,Minas Gerais,MG,"31"
"4489","4211751",Otacílio Costa,Santa Catarina,SC,"42"
"122","1303536",Presidente Figueiredo,Amazonas,,"13"
"2019","2916203",Itapé,Bahia,BA,"29"
"3933","4101655",Arapuã,Paraná,PR,"41"
"483","2101970",Boa Vista do Gurupi,Maranhão,MA,"21"
"2768","3145109",Nova Resende,Minas Gerais,MG,"31"
"5056","4321477",Tiradentes do Sul,Rio Grande do Sul,RS,"43"
"621","2110401",São Benedito do Rio Preto,Maranhão,MA,"21"
"2307","3105905",Barroso,Minas Gerais,MG,"31"
"3950","4103024",Boa Esperança do Iguaçu,Paraná,PR,"41"
"1461","2517001",Umbuzeiro,Paraíba,PB,"25"
"3086","3171105",Veríssimo,Minas Gerais,MG,"31"
"54","1200054",Assis Brasil,Acre,AC,"12"
"3006","3164803",São Sebastião do Rio Preto,Minas Gerais,MG,"31"
"5106","5000609",Amambai,Mato Grosso do Sul,MS,"50"
"1804","2805307",Pirambu,Sergipe,SE,"28"
"4255","4124806",São João,Paraná,PR,"41"
"585","2108009",Pastos Bons,Maranhão,MA,"21"
"3168","3205010",Sooretama,Espírito Santo,ES,"32"
"4891","4313375",Nova Santa Rita,Rio Grande do Sul,RS,"43"
"1283","2503308",Cachoeira dos Índios,Paraíba,PB,"25"
"2047","2918506",Jussara,Bahia,BA,"29"
"3114","3201308",Cariacica,Espírito Santo,ES,"32"
"3993","4105904",Colorado,Paraná,PR,"41"
"300","1600253",Itaubal,Amapá,AP,"16"
"2573","3129004",Guiricema,Minas Gerais,MG,"31"
"4061","4110201",Inácio Martins,Paraná,PR,"41"
"1718","2706406",Pão de Açúcar,Alagoas,AL,"27"
"3628","3532058",Motuca,São Paulo,SP,"35"
"5379","5204953",Campos Verdes,Goiás,GO,"52"
"443","1720937",Taipas do Tocantins,Tocantins,TO,"17"
"2709","3140407",Marmelópolis,Minas Gerais,MG,"31"
"5042","4320701",Sobradinho,Rio Grande do Sul,RS,"43"
"1622","2613701",São Lourenço da Mata,Pernambuco,PE,"26"
"4106","4113734",Luiziana,Paraná,PR,"41"
"633","2111102",São João dos Patos,Maranhão,MA,"21"
"2888","3155306",Rio Manso,Minas Gerais,MG,"31"
"4631","4301107",Arroio dos Ratos,Rio Grande do Sul,RS,"43"
"293","1508308",Viseu,Pará,PA,"15"
"2383","3112653",Capitão Andrade,Minas Gerais,MG,"31"
"5229","5103957",Glória D'Oeste,Mato Grosso,MT,"51"
"139","1400100",Boa Vista,Roraima,RR,"14"
"1660","2701001",Boca da Mata,Alagoas,AL,"27"
"3154","3204203",Piúma,Espírito Santo,ES,"32"
"5003","4318614",São José do Sul,Rio Grande do Sul,RS,"43"
"1720","2706448",Paripueira,Alagoas,AL,"27"
"4234","4123204",Santa Cecília do Pavão,Paraná,PR,"41"
"1519","2604908",Cumaru,Pernambuco,PE,"26"
"3479","3518503",Guareí,São Paulo,SP,"35"
"5324","5200050",Abadia de Goiás,Goiás,GO,"52"
"151","1400704",Uiramutã,Roraima,RR,"14"
"2914","3157401",Santa Cruz do Escalvado,Minas Gerais,MG,"31"
"4448","4208955",Jardinópolis,Santa Catarina,SC,"42"
"1346","2508406",Lastro,Paraíba,PB,"25"
"3802","3547304",Santana de Parnaíba,São Paulo,SP,"35"
"4751","4306957",Entre Rios do Sul,Rio Grande do Sul,RS,"43"
"33","1100155",Ouro Preto do Oeste,Rondônia,RO,"11"
"2435","3117207",Conceição das Pedras,Minas Gerais,MG,"31"
"5399","5206701",Damianópolis,Goiás,GO,"52"
"545","2105476",Jenipapo dos Vieiras,Maranhão,MA,"21"
"1746","2708956",Senador Rui Palmeira,Alagoas,AL,"27"
"3540","3523701",Itirapuã,São Paulo,SP,"35"
"5327","5200159",Adelândia,Goiás,GO,"52"
"901","2300804",Antonina do Norte,Ceará,CE,"23"
"3250","3305109",São João de Meriti,Rio de Janeiro,RJ,"33"
"4767","4307864",Fagundes Varela,Rio Grande do Sul,RS,"43"
"182","1501956",Cachoeira do Piriá,Pará,PA,"15"
"3358","3507902",Brotas,São Paulo,SP,"35"
"4367","4203402",Campo Belo do Sul,Santa Catarina,SC,"42"
"5380","5205000",Carmo do Rio Verde,Goiás,GO,"52"
"1535","2606309",Granito,Pernambuco,PE,"26"
"2508","3123528",Durandé,Minas Gerais,MG,"31"
"5172","5007554",Santa Rita do Pardo,Mato Grosso do Sul,MS,"50"
"2228","2932507",Una,Bahia,BA,"29"
"3845","3551504",Serrana,São Paulo,SP,"35"
"5449","5211701",Jandaia,Goiás,GO,"52"
"922","2302503",Brejo Santo,Ceará,CE,"23"
"2299","3105004",Baldim,Minas Gerais,MG,"31"
"4789","4309126",Gramado dos Loureiros,Rio Grande do Sul,RS,"43"
"1201","2411700",São Bento do Trairí,Rio Grande do Norte,RN,"24"
"3141","3203304",Mantenópolis,Espírito Santo,ES,"32"
"4895","4313425",Novo Machado,Rio Grande do Sul,RS,"43"
"1732","2707602",Quebrangulo,Alagoas,AL,"27"
"4037","4108502",General Carneiro,Paraná,PR,"41"
"1672","2702108",Colônia Leopoldina,Alagoas,AL,"27"
"2774","3145406",Olaria,Minas Gerais,MG,"31"
"4307","4128609",Verê,Paraná,PR,"41"
"1556","2608057",Jatobá,Pernambuco,PE,"26"
"4220","4122107",Rio Bom,Paraná,PR,"41"
"2114","2923357",Ourolândia,Bahia,BA,"29"
"4790","4309159",Gramado Xavier,Rio Grande do Sul,RS,"43"
"744","2203503",Elesbão Veloso,Piauí,PI,"22"
"2478","3121001",Datas,Minas Gerais,MG,"31"
"4637","4301636",Balneário Pinhal,Rio Grande do Sul,RS,"43"
"80","1300201",Atalaia do Norte,Amazonas,,"13"
"988","2307205",Jati,Ceará,CE,"23"
"3425","3514106",Dois Córregos,São Paulo,SP,"35"
"5351","5202601",Aurilândia,Goiás,GO,"52"
"2007","2915106",Itagi,Bahia,BA,"29"
"3474","3518008",Guarani d'Oeste,São Paulo,SP,"35"
"1466","2600054",Abreu e Lima,Pernambuco,PE,"26"
"3575","3527108",Lins,São Paulo,SP,"35"
"957","2304905",Groaíras,Ceará,CE,"23"
"2737","3142700",Montalvânia,Minas Gerais,MG,"31"
"4999","4318481",São José do Hortêncio,Rio Grande do Sul,RS,"43"
"1588","2610707",Paulista,Pernambuco,PE,"26"
"1815","2806503",Santa Rosa de Lima,Sergipe,SE,"28"
"438","1720499",São Valério,Tocantins,TO,"17"
"1767","2801603",Cedro de São João,Sergipe,SE,"28"
"3588","3528304",Magda,São Paulo,SP,"35"
"5347","5201801",Aragoiânia,Goiás,GO,"52"
"610","2109700",Sambaíba,Maranhão,MA,"21"
"2582","3129806",Ibirité,Minas Gerais,MG,"31"
"4991","4318200",São Francisco de Paula,Rio Grande do Sul,RS,"43"
"366","1708254",Fortaleza do Tabocão,Tocantins,TO,"17"
"2678","3138005",Laranjal,Minas Gerais,MG,"31"
"4974","4317202",Santa Rosa,Rio Grande do Sul,RS,"43"
"2009","2915304",Itagimirim,Bahia,BA,"29"
"4012","4107207",Dois Vizinhos,Paraná,PR,"41"
"5294","5107750",Salto do Céu,Mato Grosso,MT,"51"
"2543","3126802",Frei Gaspar,Minas Gerais,MG,"31"
"5115","5001904",Bataguassu,Mato Grosso do Sul,MS,"50"
"129","1304005",Silves,Amazonas,,"13"
"2855","3152170",Ponto dos Volantes,Minas Gerais,MG,"31"
"4547","4215695",Santiago do Sul,Santa Catarina,SC,"42"
"1177","2409506",Pedra Grande,Rio Grande do Norte,RN,"24"
"3454","3516101",Florínea,São Paulo,SP,"35"
"4755","4307054",Ernestina,Rio Grande do Sul,RS,"43"
"119","1303304",Novo Aripuanã,Amazonas,,"13"
"3983","4104907",Castro,Paraná,PR,"41"
"4962","4316436",Saldanha Marinho,Rio Grande do Sul,RS,"43"
"1986","2913200",Ibotirama,Bahia,BA,"29"
"2997","3164001",São Pedro dos Ferros,Minas Gerais,MG,"31"
"4770","4308052",Faxinalzinho,Rio Grande do Sul,RS,"43"
"1414","2513802",Santa Teresinha,Paraíba,PB,"25"
"4007","4106902",Curitiba,Paraná,PR,"41"
"1377","2510808",Patos,Paraíba,PB,"25"
"3396","3511300",Cedral,São Paulo,SP,"35"
"435","1720200",São Miguel do Tocantins,Tocantins,TO,"17"
"2727","3141801",Minas Novas,Minas Gerais,MG,"31"
"3926","4101101",Andirá,Paraná,PR,"41"
"1691","2703759",Jequiá da Praia,Alagoas,AL,"27"
"4033","4108304",Foz do Iguaçu,Paraná,PR,"41"
"41","1100288",Rolim de Moura,Rondônia,RO,"11"
"2002","2914653",Itabela,Bahia,BA,"29"
"1476","2601003",Angelim,Pernambuco,PE,"26"
"3402","3511904",Clementina,São Paulo,SP,"35"
"5242","5105176",Juruena,Mato Grosso,MT,"51"
"844","2209203",Santa Filomena,Piauí,PI,"22"
"2991","3163508",São José do Jacuri,Minas Gerais,MG,"31"
"4820","4310603",Itaqui,Rio Grande do Sul,RS,"43"
"467","2100956",Arame,Maranhão,MA,"21"
"2259","3101508",Além Paraíba,Minas Gerais,MG,"31"
"3260","3305752",Tanguá,Rio de Janeiro,RJ,"33"
"4736","4306353",Dezesseis de Novembro,Rio Grande do Sul,RS,"43"
"5386","5205455",Cezarina,Goiás,GO,"52"
"923","2302602",Camocim,Ceará,CE,"23"
"2323","3107406",Bom Despacho,Minas Gerais,MG,"31"
"4678","4303905",Campo Bom,Rio Grande do Sul,RS,"43"
"542","2105401",Itapecuru Mirim,Maranhão,MA,"21"
"2732","3142254",Miravânia,Minas Gerais,MG,"31"
"5006","4318804",São Lourenço do Sul,Rio Grande do Sul,RS,"43"
"862","2210003",São João do Piauí,Piauí,PI,"22"
"3107","3200706",Atílio Vivacqua,Espírito Santo,ES,"32"
"732","2202901",Corrente,Piauí,PI,"22"
"2479","3121100",Delfim Moreira,Minas Gerais,MG,"31"
"3560","3525706",José Bonifácio,São Paulo,SP,"35"
"4870","4312500",Mostardas,Rio Grande do Sul,RS,"43"
"780","2205573",Lagoa de São Francisco,Piauí,PI,"22"
"2699","3139508",Manhumirim,Minas Gerais,MG,"31"
"4875","4312674",Nicolau Vergueiro,Rio Grande do Sul,RS,"43"
"1745","2708907",Satuba,Alagoas,AL,"27"
"3525","3522307",Itapetininga,São Paulo,SP,"35"
"4958","4316204",Rondinha,Rio Grande do Sul,RS,"43"
"1699","2704906",Mar Vermelho,Alagoas,AL,"27"
"3403","3512001",Colina,São Paulo,SP,"35"
"4786","4309001",Giruá,Rio Grande do Sul,RS,"43"
"355","1706258",Crixás do Tocantins,Tocantins,TO,"17"
"2666","3136959",Juvenília,Minas Gerais,MG,"31"
"4423","4207106",Ilhota,Santa Catarina,SC,"42"
"26","1101203",Ministro Andreazza,Rondônia,RO,"11"
"2272","3102506",Amparo do Serra,Minas Gerais,MG,"31"
"5090","4322905",Viadutos,Rio Grande do Sul,RS,"43"
"918","2302107",Baturité,Ceará,CE,"23"
"5077","4322343",Ubiretama,Rio Grande do Sul,RS,"43"
"2142","2925709",Presidente Jânio Quadros,Bahia,BA,"29"
"3620","3531308",Monte Alto,São Paulo,SP,"35"
"476","2101608",Barra do Corda,Maranhão,MA,"21"
"1515","2604502",Chã Grande,Pernambuco,PE,"26"
"3957","4103305",Borrazópolis,Paraná,PR,"41"
"5134","5003504",Douradina,Mato Grosso do Sul,MS,"50"
"658","2112407",Turiaçu,Maranhão,MA,"21"
"2552","3127339",Gameleiras,Minas Gerais,MG,"31"
"5086","4322608",Venâncio Aires,Rio Grande do Sul,RS,"43"
"1505","2603702",Canhotinho,Pernambuco,PE,"26"
"3333","3505807",Bastos,São Paulo,SP,"35"
"4689","4304630",Capão da Canoa,Rio Grande do Sul,RS,"43"
"1470","2600401",Água Preta,Pernambuco,PE,"26"
"2728","3141900",Minduri,Minas Gerais,MG,"31"
"4624","4300851",Arambaré,Rio Grande do Sul,RS,"43"
"851","2209559",São Braz do Piauí,Piauí,PI,"22"
"2551","3127305",Galiléia,Minas Gerais,MG,"31"
"3886","3555000",Tupã,São Paulo,SP,"35"
"560","2106326",Maracaçumé,Maranhão,MA,"21"
"2614","3132602",Itamarati de Minas,Minas Gerais,MG,"31"
"4385","4204459",Coronel Martins,Santa Catarina,SC,"42"
"48","1101609",Theobroma,Rondônia,RO,"11"
"2215","2931350",Teixeira de Freitas,Bahia,BA,"29"
"4608","4300059",Água Santa,Rio Grande do Sul,RS,"43"
"1954","2910701",Euclides da Cunha,Bahia,BA,"29"
"3624","3531803",Monte Mor,São Paulo,SP,"35"
"5330","5200258",Águas Lindas de Goiás,Goiás,GO,"52"
"1329","2506806",Ingá,Paraíba,PB,"25"
"2753","3144102",Muzambinho,Minas Gerais,MG,"31"
"4380","4204202",Chapecó,Santa Catarina,SC,"42"
"346","1704105",Centenário,Tocantins,TO,"17"
"2480","3121209",Delfinópolis,Minas Gerais,MG,"31"
"4654","4302253",Boa Vista do Sul,Rio Grande do Sul,RS,"43"
"734","2203107",Cristino Castro,Piauí,PI,"22"
"2141","2925600",Presidente Dutra,Bahia,BA,"29"
"5054","4321451",Teutônia,Rio Grande do Sul,RS,"43"
"42","1100296",Santa Luzia D'Oeste,Rondônia,RO,"11"
"2953","3160900",São Brás do Suaçuí,Minas Gerais,MG,"31"
"5011","4319158",São Miguel das Missões,Rio Grande do Sul,RS,"43"
"991","2307403",Jucás,Ceará,CE,"23"
"3359","3508009",Buri,São Paulo,SP,"35"
"354","1706100",Cristalândia,Tocantins,TO,"17"
"1907","2906709",Cândido Sales,Bahia,BA,"29"
"4514","4213351",Ponte Alta do Norte,Santa Catarina,SC,"42"
"1444","2515708",Serra Grande,Paraíba,PB,"25"
"2723","3141405",Medina,Minas Gerais,MG,"31"
"5091","4323002",Viamão,Rio Grande do Sul,RS,"43"
"2","1100379",Alto Alegre dos Parecis,Rondônia,RO,"11"
"2147","2925956",Rafael Jambeiro,Bahia,BA,"29"
"3412","3512902",Cosmorama,São Paulo,SP,"35"
"319","1701101",Aparecida do Rio Negro,Tocantins,TO,"17"
"3251","3305133",São José de Ubá,Rio de Janeiro,RJ,"33"
"4775","4308300",Fontoura Xavier,Rio Grande do Sul,RS,"43"
"287","1508050",Trairão,Pará,PA,"15"
"2585","3130051",Icaraí de Minas,Minas Gerais,MG,"31"
"4725","4305934",Coronel Pilar,Rio Grande do Sul,RS,"43"
"512","2103554",Conceição do Lago-Açu,Maranhão,MA,"21"
"2429","3116803",Coluna,Minas Gerais,MG,"31"
"4539","4215406",Salto Veloso,Santa Catarina,SC,"42"
"1695","2704104",Lagoa da Canoa,Alagoas,AL,"27"
"3417","3513405",Cruzeiro,São Paulo,SP,"35"
"5226","5103809",Figueirópolis D'Oeste,Mato Grosso,MT,"51"
"259","1506401",Santa Cruz do Arari,Pará,PA,"15"
"2234","2933059",Várzea da Roça,Bahia,BA,"29"
"3653","3534005",Onda Verde,São Paulo,SP,"35"
"2667","3137007",Ladainha,Minas Gerais,MG,"31"
"4879","4312906",Nova Bassano,Rio Grande do Sul,RS,"43"
"1756","2800407",Arauá,Sergipe,SE,"28"
"4456","4209458",Lajeado Grande,Santa Catarina,SC,"42"
"1846","2901700",Antônio Cardoso,Bahia,BA,"29"
"3679","3536406",Paulicéia,São Paulo,SP,"35"
"5155","5005681",Mundo Novo,Mato Grosso do Sul,MS,"50"
"745","2203602",Eliseu Martins,Piauí,PI,"22"
"2861","3152709",Prados,Minas Gerais,MG,"31"
"4559","4216404",São João do Sul,Santa Catarina,SC,"42"
"705","2202026",Buriti dos Montes,Piauí,PI,"22"
"2503","3123106",Dores de Guanhães,Minas Gerais,MG,"31"
"5026","4320008",Sapucaia do Sul,Rio Grande do Sul,RS,"43"
"1583","2610202",Panelas,Pernambuco,PE,"26"
"4322","4200804",Anchieta,Santa Catarina,SC,"42"
"1191","2410900",Riachuelo,Rio Grande do Norte,RN,"24"
"3502","3520426",Ilha Comprida,São Paulo,SP,"35"
"1908","2906808",Cansanção,Bahia,BA,"29"
"4819","4310579",Itapuca,Rio Grande do Sul,RS,"43"
"606","2109452",Raposa,Maranhão,MA,"21"
"597","2108900",Poção de Pedras,Maranhão,MA,"21"
"2218","2931608",Teolândia,Bahia,BA,"29"
"3455","3516200",Franca,São Paulo,SP,"35"
"5366","5204102",Cachoeira Alta,Goiás,GO,"52"
"835","2208650",Queimada Nova,Piauí,PI,"22"
"3606","3530003",Mira Estrela,São Paulo,SP,"35"
"1078","2400307",Afonso Bezerra,Rio Grande do Norte,RN,"24"
"3259","3305703",Sumidouro,Rio de Janeiro,RJ,"33"
"4625","4300877",Araricá,Rio Grande do Sul,RS,"43"
"2004","2914802",Itabuna,Bahia,BA,"29"
"4537","4215307",Salete,Santa Catarina,SC,"42"
"480","2101806",Benedito Leite,Maranhão,MA,"21"
"2580","3129657",Ibiracatu,Minas Gerais,MG,"31"
"4134","4115853",Mercedes,Paraná,PR,"41"
"1001","2308203",Meruoca,Ceará,CE,"23"
"3728","3540903",Pradópolis,São Paulo,SP,"35"
"845","2209302",Santa Luz,Piauí,PI,"22"
"2461","3119708",Coronel Xavier Chaves,Minas Gerais,MG,"31"
"4027","4107850",Flor da Serra do Sul,Paraná,PR,"41"
"1378","2510907",Paulista,Paraíba,PB,"25"
"2940","3159001",Santana do Riacho,Minas Gerais,MG,"31"
"4732","4306130",Cruzaltense,Rio Grande do Sul,RS,"43"
"563","2106409",Mata Roma,Maranhão,MA,"21"
"2431","3117009",Comercinho,Minas Gerais,MG,"31"
"5482","5214705",Nova América,Goiás,GO,"52"
"910","2301604",Assaré,Ceará,CE,"23"
"2933","3158409",Santana de Cataguases,Minas Gerais,MG,"31"
"4564","4216909",São Lourenço do Oeste,Santa Catarina,SC,"42"
"212","1503804",Jacundá,Pará,PA,"15"
"2153","2926509",Ribeira do Amparo,Bahia,BA,"29"
"3955","4103206",Bom Sucesso,Paraná,PR,"41"
"718","2202455",Capitão Gervásio Oliveira,Piauí,PI,"22"
"2359","3110509",Camanducaia,Minas Gerais,MG,"31"
"4421","4206900",Ibirama,Santa Catarina,SC,"42"
"5037","4320552",Sertão Santana,Rio Grande do Sul,RS,"43"
"648","2111789",Serrano do Maranhão,Maranhão,MA,"21"
"3305","3503307",Araras,São Paulo,SP,"35"
"778","2205532",Jurema,Piauí,PI,"22"
"3050","3168606",Teófilo Otoni,Minas Gerais,MG,"31"
"4483","4211405",Nova Erechim,Santa Catarina,SC,"42"
"2349","3109600",Cachoeira da Prata,Minas Gerais,MG,"31"
"4275","4126272",Saudade do Iguaçu,Paraná,PR,"41"
"1490","2602308",Bonito,Pernambuco,PE,"26"
"3691","3537404",Pereira Barreto,São Paulo,SP,"35"
"5163","5006358",Paranhos,Mato Grosso do Sul,MS,"50"
"1670","2701902",Chã Preta,Alagoas,AL,"27"
"2634","3134509",Itutinga,Minas Gerais,MG,"31"
"4282","4126678",Tamarana,Paraná,PR,"41"
"1366","2509800",Mulungu,Paraíba,PB,"25"
"2588","3130309",Iguatama,Minas Gerais,MG,"31"
"4365","4203204",Camboriú,Santa Catarina,SC,"42"
"1012","2309102",Mulungu,Ceará,CE,"23"
"2473","3120706",Cruzeiro da Fortaleza,Minas Gerais,MG,"31"
"4905","4314001",Paraí,Rio Grande do Sul,RS,"43"
"3755","3543253",Ribeirão Grande,São Paulo,SP,"35"
"389","1713601",Monte do Carmo,Tocantins,TO,"17"
"1955","2910727",Eunápolis,Bahia,BA,"29"
"4695","4304713",Caraá,Rio Grande do Sul,RS,"43"
"2197","2930105",Senhor do Bonfim,Bahia,BA,"29"
"3500","3520202",Igaratá,São Paulo,SP,"35"
"94","1301209",Coari,Amazonas,,"13"
"2063","2919603",Macajuba,Bahia,BA,"29"
"2050","2918704",Lafaiete Coutinho,Bahia,BA,"29"
"2645","3135357",Japonvar,Minas Gerais,MG,"31"
"1971","2911808",Guaratinga,Bahia,BA,"29"
"4994","4318424",São João da Urtiga,Rio Grande do Sul,RS,"43"
"494","2102408",Cajapió,Maranhão,MA,"21"
"2321","3107208",Bocaina de Minas,Minas Gerais,MG,"31"
"5280","5106778",Porto Alegre do Norte,Mato Grosso,MT,"51"
"858","2209872",São João da Fronteira,Piauí,PI,"22"
"3296","3502606",Aparecida d'Oeste,São Paulo,SP,"35"
"5564","5221858",Valparaíso de Goiás,Goiás,GO,"52"
"1811","2806008",Ribeirópolis,Sergipe,SE,"28"
"3989","4105508",Cianorte,Paraná,PR,"41"
"1208","2412401",São José do Seridó,Rio Grande do Norte,RN,"24"
"3120","3201902",Domingos Martins,Espírito Santo,ES,"32"
"4865","4312401",Montenegro,Rio Grande do Sul,RS,"43"
"2026","2916856",Itatim,Bahia,BA,"29"
"4810","4310330",Imbé,Rio Grande do Sul,RS,"43"
"93","1301159",Careiro da Várzea,Amazonas,,"13"
"1511","2604155",Casinhas,Pernambuco,PE,"26"
"3615","3530805",Mogi Mirim,São Paulo,SP,"35"
"71","1200500",Sena Madureira,Acre,AC,"12"
"1786","2803609",Laranjeiras,Sergipe,SE,"28"
"3369","3509007",Caieiras,São Paulo,SP,"35"
"5283","5106851",Porto Estrela,Mato Grosso,MT,"51"
"448","1721307",Tupiratins,Tocantins,TO,"17"
"3108","3200805",Baixo Guandu,Espírito Santo,ES,"32"
"4909","4314068",Passa Sete,Rio Grande do Sul,RS,"43"
"1779","2802908",Itabaiana,Sergipe,SE,"28"
"3910","3557006",Votorantim,São Paulo,SP,"35"
"2258","3101409",Albertina,Minas Gerais,MG,"31"
"4123","4115200",Maringá,Paraná,PR,"41"
"5561","5221601",Uruaçu,Goiás,GO,"52"
"1244","2500205",Aguiar,Paraíba,PB,"25"
"3098","3200102",Afonso Cláudio,Espírito Santo,ES,"32"
"5004","4318622",São José dos Ausentes,Rio Grande do Sul,RS,"43"
"397","1715150",Novo Alegre,Tocantins,TO,"17"
"2648","3135506",Jequeri,Minas Gerais,MG,"31"
"5557","5221452",Trombas,Goiás,GO,"52"
"298","1600212",Cutias,Amapá,AP,"16"
"2424","3116308",Cipotânea,Minas Gerais,MG,"31"
"4635","4301552",Áurea,Rio Grande do Sul,RS,"43"
"824","2207850",Pavussu,Piauí,PI,"22"
"4405","4205555",Frei Rogério,Santa Catarina,SC,"42"
"1819","2806800",São Domingos,Sergipe,SE,"28"
"5014","4319356",São Pedro da Serra,Rio Grande do Sul,RS,"43"
"568","2106706",Mirador,Maranhão,MA,"21"
"2939","3158953",Santana do Paraíso,Minas Gerais,MG,"31"
"1009","2308807",Moraújo,Ceará,CE,"23"
"3317","3504305",Avaí,São Paulo,SP,"35"
"5128","5003157",Coronel Sapucaia,Mato Grosso do Sul,MS,"50"
"2113","2923308",Ouriçangas,Bahia,BA,"29"
"4242","4123857",Santa Maria do Oeste,Paraná,PR,"41"
"478","2101772",Bela Vista do Maranhão,Maranhão,MA,"21"
"2205","2930758",Sítio do Mato,Bahia,BA,"29"
"4054","4109757",Ibema,Paraná,PR,"41"
"5554","5221197",Terezópolis de Goiás,Goiás,GO,"52"
"203","1503101",Gurupá,Pará,PA,"15"
"2173","2928000",Santaluz,Bahia,BA,"29"
"4310","4128500",Wenceslau Braz,Paraná,PR,"41"
"140","1400159",Bonfim,Roraima,RR,"14"
"1911","2906873",Capim Grosso,Bahia,BA,"29"
"264","1506708",Santana do Araguaia,Pará,PA,"15"
"3482","3518800",Guarulhos,São Paulo,SP,"35"
"5000","4318499",São José do Inhacorá,Rio Grande do Sul,RS,"43"
"477","2101707",Barreirinhas,Maranhão,MA,"21"
"2370","3111507",Campos Altos,Minas Gerais,MG,"31"
"4712","4305405",Chiapetta,Rio Grande do Sul,RS,"43"
"1303","2504702",Congo,Paraíba,PB,"25"
"3269","3500204",Adolfo,São Paulo,SP,"35"
"1899","2905909",Campo Alegre de Lourdes,Bahia,BA,"29"
"3759","3543709",Rincão,São Paulo,SP,"35"
"2123","2924108",Pedrão,Bahia,BA,"29"
"3104","3200409",Anchieta,Espírito Santo,ES,"32"
"589","2108256",Pedro do Rosário,Maranhão,MA,"21"
"2904","3156809",Sabinópolis,Minas Gerais,MG,"31"
"4202","4120705",Quatiguá,Paraná,PR,"41"
"104","1301951",Itamarati,Amazonas,,"13"
"1288","2503704",Cajazeiras,Paraíba,PB,"25"
"3146","3203502",Montanha,Espírito Santo,ES,"32"
"5301","5107800",Santo Antônio do Leverger,Mato Grosso,MT,"51"
"113","1302702",Manicoré,Amazonas,,"13"
"1679","2702603",Feira Grande,Alagoas,AL,"27"
"4907","4314035",Pareci Novo,Rio Grande do Sul,RS,"43"
"943","2304236",Croatá,Ceará,CE,"23"
"3020","3165909",Senador Modestino Gonçalves,Minas Gerais,MG,"31"
"4378","4204178",Cerro Negro,Santa Catarina,SC,"42"
"11","1100809",Candeias do Jamari,Rondônia,RO,"11"
"2909","3157252",Santa Bárbara do Leste,Minas Gerais,MG,"31"
"4384","4204400",Coronel Freitas,Santa Catarina,SC,"42"
"1453","2516300",Sumé,Paraíba,PB,"25"
"3232","3304003",Piraí,Rio de Janeiro,RJ,"33"
"5225","5103700",Feliz Natal,Mato Grosso,MT,"51"
"966","2305357",Icapuí,Ceará,CE,"23"
"2438","3117603",Conceição do Pará,Minas Gerais,MG,"31"
"4381","4204251",Cocal do Sul,Santa Catarina,SC,"42"
"1310","2505204",Cuitegi,Paraíba,PB,"25"
"4171","4118501",Pato Branco,Paraná,PR,"41"
"5499","5215900",Palminópolis,Goiás,GO,"52"
"989","2307254",Jijoca de Jericoacoara,Ceará,CE,"23"
"4066","4110656",Iracema do Oeste,Paraná,PR,"41"
"1328","2506707",Imaculada,Paraíba,PB,"25"
"3647","3533254",Novais,São Paulo,SP,"35"
"2061","2919504",Livramento de Nossa Senhora,Bahia,BA,"29"
"4788","4309100",Gramado,Rio Grande do Sul,RS,"43"
"1186","2410405",Pureza,Rio Grande do Norte,RN,"24"
"3499","3520103",Igarapava,São Paulo,SP,"35"
"4821","4310652",Itati,Rio Grande do Sul,RS,"43"
"4487","4211652",Novo Horizonte,Santa Catarina,SC,"42"
"619","2110278",Santo Amaro do Maranhão,Maranhão,MA,"21"
"4161","4117602",Palmas,Paraná,PR,"41"
"497","2102606",Cândido Mendes,Maranhão,MA,"21"
"4343","4202081",Bandeirante,Santa Catarina,SC,"42"
"2895","3156007",Rio Vermelho,Minas Gerais,MG,"31"
"275","1507474",São João de Pirabas,Pará,PA,"15"
"2434","3117306",Conceição das Alagoas,Minas Gerais,MG,"31"
"3667","3535309",Palmital,São Paulo,SP,"35"
"659","2112456",Turilândia,Maranhão,MA,"21"
"2315","3106606",Bertópolis,Minas Gerais,MG,"31"
"3792","3546702",Santa Gertrudes,São Paulo,SP,"35"
"694","2201705",Bertolínia,Piauí,PI,"22"
"1889","2905008",Caculé,Bahia,BA,"29"
"2800","3147600",Passa Quatro,Minas Gerais,MG,"31"
"3464","3517000",Getulina,São Paulo,SP,"35"
"629","2111003",São João Batista,Maranhão,MA,"21"
"2235","2933109",Várzea do Poço,Bahia,BA,"29"
"3569","3526506",Lavínia,São Paulo,SP,"35"
"5563","5221809",Urutaí,Goiás,GO,"52"
"429","1718899",Santa Rita do Tocantins,Tocantins,TO,"17"
"1630","2614600",Tabira,Pernambuco,PE,"26"
"2841","3150901",Piranguçu,Minas Gerais,MG,"31"
"4336","4201901",Aurora,Santa Catarina,SC,"42"
"1373","2510501",Olivedos,Paraíba,PB,"25"
"3113","3201209",Cachoeiro de Itapemirim,Espírito Santo,ES,"32"
"4747","4306767",Eldorado do Sul,Rio Grande do Sul,RS,"43"
"701","2201945",Boqueirão do Piauí,Piauí,PI,"22"
"3100","3200136",Águia Branca,Espírito Santo,ES,"32"
"5462","5212907",Marzagão,Goiás,GO,"52"
"236","1505403",Ourém,Pará,PA,"15"
"1987","2913309",Ichu,Bahia,BA,"29"
"3771","3544707",Sagres,São Paulo,SP,"35"
"679","2200806",Antônio Almeida,Piauí,PI,"22"
"3188","3300803",Cachoeiras de Macacu,Rio de Janeiro,RJ,"33"
"5170","5007406",Rio Verde de Mato Grosso,Mato Grosso do Sul,MS,"50"
"21","1100106",Guajará-Mirim,Rondônia,RO,"11"
"1671","2702009",Coité do Nóia,Alagoas,AL,"27"
"4969","4316758",Santa Clara do Sul,Rio Grande do Sul,RS,"43"
"297","1600204",Calçoene,Amapá,AP,"16"
"2098","2922409",Mutuípe,Bahia,BA,"29"
"251","1506112",Quatipuru,Pará,PA,"15"
"2693","3139003",Machado,Minas Gerais,MG,"31"
"4914","4314175",Pedras Altas,Rio Grande do Sul,RS,"43"
"1060","2313104",Tabuleiro do Norte,Ceará,CE,"23"
"3264","3306107",Valença,Rio de Janeiro,RJ,"33"
"4892","4313490",Novo Barreiro,Rio Grande do Sul,RS,"43"
"245","1505650",Placas,Pará,PA,"15"
"1875","2903953",Bom Jesus da Serra,Bahia,BA,"29"
"3444","3515202",Estrela d'Oeste,São Paulo,SP,"35"
"321","1701903",Araguacema,Tocantins,TO,"17"
"2216","2931400",Teodoro Sampaio,Bahia,BA,"29"
"4252","4124509",Santo Inácio,Paraná,PR,"41"
"1124","2404507",Guamaré,Rio Grande do Norte,RN,"24"
"2653","3136009",Joaíma,Minas Gerais,MG,"31"
"3840","3551108",Sarapuí,São Paulo,SP,"35"
"4906","4314027",Paraíso do Sul,Rio Grande do Sul,RS,"43"
"248","1505908",Porto de Moz,Pará,PA,"15"
"2341","3109006",Brumadinho,Minas Gerais,MG,"31"
"4337","4201950",Balneário Arroio do Silva,Santa Catarina,SC,"42"
"1680","2702702",Feliz Deserto,Alagoas,AL,"27"
"4298","4127957",Tupãssi,Paraná,PR,"41"
"517","2103901",Duque Bacelar,Maranhão,MA,"21"
"2521","3124708",Estrela do Indaiá,Minas Gerais,MG,"31"
"4206","4121000",Querência do Norte,Paraná,PR,"41"
"2057","2919157",Lapão,Bahia,BA,"29"
"3708","3539202",Pirapozinho,São Paulo,SP,"35"
"985","2306900",Jaguaribe,Ceará,CE,"23"
"3039","3167608",Simonésia,Minas Gerais,MG,"31"
"2045","2918407",Juazeiro,Bahia,BA,"29"
"4417","4206652",Guatambú,Santa Catarina,SC,"42"
"777","2205524",Júlio Borges,Piauí,PI,"22"
"3057","3169208",Tombos,Minas Gerais,MG,"31"
"4668","4303103",Cachoeirinha,Rio Grande do Sul,RS,"43"
"969","2305605",Independência,Ceará,CE,"23"
"2574","3129103",Gurinhatã,Minas Gerais,MG,"31"
"3486","3519055",Holambra,São Paulo,SP,"35"
"4749","4306908",Encruzilhada do Sul,Rio Grande do Sul,RS,"43"
"1094","2401701",Bom Jesus,Rio Grande do Norte,RN,"24"
"3689","3537206",Pedro de Toledo,São Paulo,SP,"35"
"917","2302057",Barroquinha,Ceará,CE,"23"
"3034","3167202",Sete Lagoas,Minas Gerais,MG,"31"
"5051","4321352",Tavares,Rio Grande do Sul,RS,"43"
"652","2112001",Tasso Fragoso,Maranhão,MA,"21"
"3075","3170529",Urucuia,Minas Gerais,MG,"31"
"5069","4322004",Triunfo,Rio Grande do Sul,RS,"43"
"2039","2917904",Jandaíra,Bahia,BA,"29"
"4167","4118204",Paranaguá,Paraná,PR,"41"
"5362","5203906",Buriti Alegre,Goiás,GO,"52"
"369","1709302",Guaraí,Tocantins,TO,"17"
"1990","2913507",Iguaí,Bahia,BA,"29"
"3909","3556958",Vitória Brasil,São Paulo,SP,"35"
"645","2111722",Satubinha,Maranhão,MA,"21"
"2437","3117504",Conceição do Mato Dentro,Minas Gerais,MG,"31"
"4664","4302709",Butiá,Rio Grande do Sul,RS,"43"
"2569","3128600",Guarda-Mor,Minas Gerais,MG,"31"
"5124","5002803",Caracol,Mato Grosso do Sul,MS,"50"
"2006","2915007",Itaeté,Bahia,BA,"29"
"4653","4302238",Boa Vista do Incra,Rio Grande do Sul,RS,"43"
"750","2203909",Floriano,Piauí,PI,"22"
"2926","3159308",Santa Rita de Jacutinga,Minas Gerais,MG,"31"
"5191","5100805",Apiacás,Mato Grosso,MT,"51"
"398","1715259",Novo Jardim,Tocantins,TO,"17"
"1988","2913408",Igaporã,Bahia,BA,"29"
"4332","4201604",Arroio Trinta,Santa Catarina,SC,"42"
"1251","2500734",Amparo,Paraíba,PB,"25"
"3282","3501202",Álvares Florence,São Paulo,SP,"35"
"5107","5000708",Anastácio,Mato Grosso do Sul,MS,"50"
"1831","2900355",Adustina,Bahia,BA,"29"
"3901","3556354",Vargem,São Paulo,SP,"35"
"902","2300903",Apuiarés,Ceará,CE,"23"
"2924","3159209",Santa Rita de Caldas,Minas Gerais,MG,"31"
"4724","4305900",Coronel Bicaco,Rio Grande do Sul,RS,"43"
"177","1501758",Brejo Grande do Araguaia,Pará,PA,"15"
"2300","3105103",Bambuí,Minas Gerais,MG,"31"
"5196","5101407",Aripuanã,Mato Grosso,MT,"51"
"762","2204709",Inhuma,Piauí,PI,"22"
"3043","3168002",Taiobeiras,Minas Gerais,MG,"31"
"746","2203701",Esperantina,Piauí,PI,"22"
"2275","3102852",Angelândia,Minas Gerais,MG,"31"
"3777","3545209",Salto,São Paulo,SP,"35"
"5533","5219704",Santa Terezinha de Goiás,Goiás,GO,"52"
"736","2203230",Currais,Piauí,PI,"22"
"3958","4103354",Braganey,Paraná,PR,"41"
"5250","5105903",Nobres,Mato Grosso,MT,"51"
"827","2208007",Picos,Piauí,PI,"22"
"2795","3147105",Pará de Minas,Minas Gerais,MG,"31"
"5520","5218789",Rio Quente,Goiás,GO,"52"
"1479","2601201",Arcoverde,Pernambuco,PE,"26"
"5114","5001508",Bandeirantes,Mato Grosso do Sul,MS,"50"
"1927","2908200",Conceição da Feira,Bahia,BA,"29"
"3742","3542107",Rafard,São Paulo,SP,"35"
"4387","4204509",Corupá,Santa Catarina,SC,"42"
"1370","2510204",Nova Olinda,Paraíba,PB,"25"
"3738","3541703",Quatá,São Paulo,SP,"35"
"1826","2807501",Tomar do Geru,Sergipe,SE,"28"
"3794","3546900",Santa Lúcia,São Paulo,SP,"35"
"774","2205458",Joca Marques,Piauí,PI,"22"
"2571","3128808",Guidoval,Minas Gerais,MG,"31"
"5080","4322400",Uruguaiana,Rio Grande do Sul,RS,"43"
"2223","2932101",Ubaíra,Bahia,BA,"29"
"3887","3555109",Tupi Paulista,São Paulo,SP,"35"
"4888","4313300",Nova Prata,Rio Grande do Sul,RS,"43"
"302","1600303",Macapá,Amapá,AP,"16"
"2279","3103207",Araçaí,Minas Gerais,MG,"31"
"4186","4119657",Pitangueiras,Paraná,PR,"41"
"703","2201988",Brejo do Piauí,Piauí,PI,"22"
"3010","3165107",São Tomás de Aquino,Minas Gerais,MG,"31"
"5281","5106802",Porto dos Gaúchos,Mato Grosso,MT,"51"
"947","2304285",Eusébio,Ceará,CE,"23"
"2864","3153004",Pratinha,Minas Gerais,MG,"31"
"4452","4209177",Jupiá,Santa Catarina,SC,"42"
"799","2206605",Monte Alegre do Piauí,Piauí,PI,"22"
"2502","3123007",Dores de Campos,Minas Gerais,MG,"31"
"4184","4119509",Piraquara,Paraná,PR,"41"
"5537","5219803",São Domingos,Goiás,GO,"52"
"390","1713700",Monte Santo do Tocantins,Tocantins,TO,"17"
"2298","3104908",Baependi,Minas Gerais,MG,"31"
"4655","4302303",Bom Jesus,Rio Grande do Sul,RS,"43"
"2049","2918605",Jussiape,Bahia,BA,"29"
"4610","4300208",Ajuricaba,Rio Grande do Sul,RS,"43"
"432","1720002",Santa Terezinha do Tocantins,Tocantins,TO,"17"
"1484","2601706",Belo Jardim,Pernambuco,PE,"26"
"4555","4216206",São Francisco do Sul,Santa Catarina,SC,"42"
"1581","2610004",Palmares,Pernambuco,PE,"26"
"4357","4202701",Botuverá,Santa Catarina,SC,"42"
"642","2111631",São Raimundo do Doca Bezerra,Maranhão,MA,"21"
"2388","3113107",Caranaíba,Minas Gerais,MG,"31"
"4992","4318309",São Gabriel,Rio Grande do Sul,RS,"43"
"1016","2309458",Ocara,Ceará,CE,"23"
"3604","3529708",Miguelópolis,São Paulo,SP,"35"
"1044","2311603",Redenção,Ceará,CE,"23"
"2779","3145802",Onça de Pitangui,Minas Gerais,MG,"31"
"3967","4103909",Campina da Lagoa,Paraná,PR,"41"
"1770","2802007",Divina Pastora,Sergipe,SE,"28"
"3196","3300951",Comendador Levy Gasparian,Rio de Janeiro,RJ,"33"
"5508","5217302",Pirenópolis,Goiás,GO,"52"
"977","2306256",Itaitinga,Ceará,CE,"23"
"2665","3136900",Juruaia,Minas Gerais,MG,"31"
"4794","4309407",Guaporé,Rio Grande do Sul,RS,"43"
"43","1101484",São Felipe D'Oeste,Rondônia,RO,"11"
"1743","2708709",São Miguel dos Milagres,Alagoas,AL,"27"
"3431","3514700",Echaporã,São Paulo,SP,"35"
"1170","2408805",Parazinho,Rio Grande do Norte,RN,"24"
"2858","3152402",Poté,Minas Gerais,MG,"31"
"4801","4309704",Humaitá,Rio Grande do Sul,RS,"43"
"396","1715101",Novo Acordo,Tocantins,TO,"17"
"2367","3111200",Campo Belo,Minas Gerais,MG,"31"
"3710","3539400",Piratininga,São Paulo,SP,"35"
"5435","5210158",Ipiranga de Goiás,Goiás,GO,"52"
"1332","2507101",Itapororoca,Paraíba,PB,"25"
"2816","3148905",Pedra do Indaiá,Minas Gerais,MG,"31"
"4382","4204301",Concórdia,Santa Catarina,SC,"42"
"2214","2931301",Tapiramutá,Bahia,BA,"29"
"4506","4212650",Pescaria Brava,Santa Catarina,SC,"42"
"5506","5217104",Piracanjuba,Goiás,GO,"52"
"1106","2402808",Coronel Ezequiel,Rio Grande do Norte,RN,"24"
"2982","3162906",São João Nepomuceno,Minas Gerais,MG,"31"
"1527","2605509",Ferreiros,Pernambuco,PE,"26"
"3138","3203130",João Neiva,Espírito Santo,ES,"32"
"5148","5005004",Jardim,Mato Grosso do Sul,MS,"50"
"1187","2410504",Rafael Fernandes,Rio Grande do Norte,RN,"24"
"2946","3160306",Santo Antônio do Jacinto,Minas Gerais,MG,"31"
"69","1200427",Rodrigues Alves,Acre,AC,"12"
"2500","3122801",Dom Viçoso,Minas Gerais,MG,"31"
"4923","4314506",Pinheiro Machado,Rio Grande do Sul,RS,"43"
"4658","4302402",Bom Retiro do Sul,Rio Grande do Sul,RS,"43"
"872","2210508",São Pedro do Piauí,Piauí,PI,"22"
"3524","3522208",Itapecerica da Serra,São Paulo,SP,"35"
"4803","4309803",Ibiaçá,Rio Grande do Sul,RS,"43"
"3265","3306156",Varre-Sai,Rio de Janeiro,RJ,"33"
"311","1600808",Vitória do Jari,Amapá,AP,"16"
"2065","2919801",Macaúbas,Bahia,BA,"29"
"4588","4218608",Trombudo Central,Santa Catarina,SC,"42"
"2562","3128006",Guanhães,Minas Gerais,MG,"31"
"3829","3550001",São Luiz do Paraitinga,São Paulo,SP,"35"
"45","1100320",São Miguel do Guaporé,Rondônia,RO,"11"
"1123","2404408",Grossos,Rio Grande do Norte,RN,"24"
"2635","3134608",Jaboticatubas,Minas Gerais,MG,"31"
"4163","4117800",Palmital,Paraná,PR,"41"
"70","1200435",Santa Rosa do Purus,Acre,AC,"12"
"2664","3136801",Juramento,Minas Gerais,MG,"31"
"4265","4125555",São Manoel do Paraná,Paraná,PR,"41"
ID,CODIGO_IBGE,NOME,NOME_UF,,UF
"2685","3138609",Lima Duarte,Minas Gerais,MG,"31"
"4132","4115754",Mauá da Serra,Paraná,PR,"41"
"5396","5206404",Crixás,Goiás,GO,"52"
"181","1502004",Cachoeira do Arari,Pará,PA,"15"
"3303","3503158",Arapeí,São Paulo,SP,"35"
"4960","4316402",Rosário do Sul,Rio Grande do Sul,RS,"43"
"228","1504950",Nova Esperança do Piriá,Pará,PA,"15"
"2086","2921450",Mirante,Bahia,BA,"29"
"3135","3203007",Iúna,Espírito Santo,ES,"32"
"5066","4321857",Três Palmeiras,Rio Grande do Sul,RS,"43"
"959","2305001",Guaraciaba do Norte,Ceará,CE,"23"
"3157","3204351",Rio Bananal,Espírito Santo,ES,"32"
"5111","5001003",Aparecida do Taboado,Mato Grosso do Sul,MS,"50"
"484","2102002",Bom Jardim,Maranhão,MA,"21"
"2209","2930907",Tabocas do Brejo Velho,Bahia,BA,"29"
"4195","4120309",Porto Vitória,Paraná,PR,"41"
"615","2110039",Santa Luzia do Paruá,Maranhão,MA,"21"
"2945","3160207",Santo Antônio do Itambé,Minas Gerais,MG,"31"
"2532","3125903",Ferros,Minas Gerais,MG,"31"
"4498","4212205",Papanduva,Santa Catarina,SC,"42"
"434","1720150",São Félix do Tocantins,Tocantins,TO,"17"
"2090","2921807",Mortugaba,Bahia,BA,"29"
"4127","4115457",Marquinho,Paraná,PR,"41"
"1334","2507309",Jacaraú,Paraíba,PB,"25"
"3626","3531902",Morro Agudo,São Paulo,SP,"35"
"5137","5003801",Fátima do Sul,Mato Grosso do Sul,MS,"50"
"1047","2311900",Saboeiro,Ceará,CE,"23"
"3055","3169059",Tocos do Moji,Minas Gerais,MG,"31"
"5073","4322202",Tupanciretã,Rio Grande do Sul,RS,"43"
"1504","2603603",Camutanga,Pernambuco,PE,"26"
"3475","3518107",Guarantã,São Paulo,SP,"35"
"499","2102754",Capinzal do Norte,Maranhão,MA,"21"
"2295","3104601",Astolfo Dutra,Minas Gerais,MG,"31"
"4713","4305439",Chuí,Rio Grande do Sul,RS,"43"
"971","2305704",Ipaumirim,Ceará,CE,"23"
"2636","3134707",Jacinto,Minas Gerais,MG,"31"
"4777","4308433",Forquetinha,Rio Grande do Sul,RS,"43"
"1853","2902203",Aramari,Bahia,BA,"29"
"3971","4104105",Campo do Tenente,Paraná,PR,"41"
"765","2205003",Itainópolis,Piauí,PI,"22"
"2361","3110707",Cambuquira,Minas Gerais,MG,"31"
"4652","4302220",Boa Vista do Cadeado,Rio Grande do Sul,RS,"43"
"908","2301406",Aratuba,Ceará,CE,"23"
"2115","2923407",Palmas de Monte Alto,Bahia,BA,"29"
"1214","2412906",São Tomé,Rio Grande do Norte,RN,"24"
"3007","3164902",São Sebastião do Rio Verde,Minas Gerais,MG,"31"
"4731","4306106",Cruz Alta,Rio Grande do Sul,RS,"43"
"935","2303709",Caucaia,Ceará,CE,"23"
"2380","3112406",Capetinga,Minas Gerais,MG,"31"
"3724","3540705",Porto Ferreira,São Paulo,SP,"35"
"5232","5104500",Indiavaí,Mato Grosso,MT,"51"
"2139","2925402",Potiraguá,Bahia,BA,"29"
"3553","3525003",Jandira,São Paulo,SP,"35"
"5263","5106232",Nova Olímpia,Mato Grosso,MT,"51"
"978","2306306",Itapajé,Ceará,CE,"23"
"2825","3149705",Perdigão,Minas Gerais,MG,"31"
"4591","4218806",Turvo,Santa Catarina,SC,"42"
"1390","2512002",Pocinhos,Paraíba,PB,"25"
"3340","3506409",Bilac,São Paulo,SP,"35"
"453","2100154",Água Doce do Maranhão,Maranhão,MA,"21"
"2192","2929701",Sátiro Dias,Bahia,BA,"29"
"4348","4202206",Benedito Novo,Santa Catarina,SC,"42"
"1473","2600708",Aliança,Pernambuco,PE,"26"
"3779","3545407",Salto Grande,São Paulo,SP,"35"
"668","2200053",Acauã,Piauí,PI,"22"
"2517","3124302",Espinosa,Minas Gerais,MG,"31"
"3719","3540259",Pontalinda,São Paulo,SP,"35"
"4972","4316907",Santa Maria,Rio Grande do Sul,RS,"43"
"1933","2908804",Contendas do Sincorá,Bahia,BA,"29"
"3353","3507506",Botucatu,São Paulo,SP,"35"
"5522","5218904",Rubiataba,Goiás,GO,"52"
"430","1718907",Santa Rosa do Tocantins,Tocantins,TO,"17"
"2494","3122405",Divisa Nova,Minas Gerais,MG,"31"
"3797","3547502",Santa Rita do Passa Quatro,São Paulo,SP,"35"
"939","2303956",Chorozinho,Ceará,CE,"23"
"1859","2902658",Banzaê,Bahia,BA,"29"
"4366","4203303",Campo Alegre,Santa Catarina,SC,"42"
"897","2300507",Alcântaras,Ceará,CE,"23"
"4538","4215356",Saltinho,Santa Catarina,SC,"42"
"1100","2402204",Canguaretama,Rio Grande do Norte,RN,"24"
"3645","3533304",Nova Luzitânia,São Paulo,SP,"35"
"89","1300839",Caapiranga,Amazonas,,"13"
"1913","2906907",Caravelas,Bahia,BA,"29"
"3690","3537305",Penápolis,São Paulo,SP,"35"
"875","2210631",Sebastião Leal,Piauí,PI,"22"
"2522","3124807",Estrela do Sul,Minas Gerais,MG,"31"
"4508","4212908",Pinhalzinho,Santa Catarina,SC,"42"
"1903","2906303",Canavieiras,Bahia,BA,"29"
"5270","5106281",Novo São Joaquim,Mato Grosso,MT,"51"
"128","1303957",São Sebastião do Uatumã,Amazonas,,"13"
"1923","2907806",Cícero Dantas,Bahia,BA,"29"
"3290","3502002",Analândia,São Paulo,SP,"35"
"5210","5102850",Castanheira,Mato Grosso,MT,"51"
"651","2111953",Sucupira do Riachão,Maranhão,MA,"21"
"2593","3130655",Indaiabira,Minas Gerais,MG,"31"
"5001","4318507",São José do Norte,Rio Grande do Sul,RS,"43"
"447","1721257",Tupirama,Tocantins,TO,"17"
"2227","2932457",Umburanas,Bahia,BA,"29"
"2615","3132701",Itambacuri,Minas Gerais,MG,"31"
"4963","4316451",Salto do Jacuí,Rio Grande do Sul,RS,"43"
"710","2202109",Campinas do Piauí,Piauí,PI,"22"
"3350","3507308",Boracéia,São Paulo,SP,"35"
"5383","5205208",Caturaí,Goiás,GO,"52"
"650","2111904",Sucupira do Norte,Maranhão,MA,"21"
"2746","3143450",Montezuma,Minas Gerais,MG,"31"
"5472","5213772",Montividiu do Norte,Goiás,GO,"52"
"445","1721109",Tocantínia,Tocantins,TO,"17"
"2444","3118007",Congonhas,Minas Gerais,MG,"31"
"3981","4104709",Carlópolis,Paraná,PR,"41"
"5538","5219902",São Francisco de Goiás,Goiás,GO,"52"
"1585","2610400",Parnamirim,Pernambuco,PE,"26"
"3688","3537156",Pedrinhas Paulista,São Paulo,SP,"35"
"5566","5222005",Vianópolis,Goiás,GO,"52"
"962","2305233",Horizonte,Ceará,CE,"23"
"623","2110609",São Bernardo,Maranhão,MA,"21"
"2992","3163607",São José do Mantimento,Minas Gerais,MG,"31"
"5140","5004106",Guia Lopes da Laguna,Mato Grosso do Sul,MS,"50"
"384","1712504",Marianópolis do Tocantins,Tocantins,TO,"17"
"2526","3125200",Fama,Minas Gerais,MG,"31"
"4752","4306932",Entre-Ijuís,Rio Grande do Sul,RS,"43"
"724","2202703",Cocal,Piauí,PI,"22"
"2290","3104205",Arcos,Minas Gerais,MG,"31"
"3893","3555604",Uchoa,São Paulo,SP,"35"
"5375","5204706",Campinorte,Goiás,GO,"52"
"141","1400175",Cantá,Roraima,RR,"14"
"2163","2927408",Salvador,Bahia,BA,"29"
"3576","3527207",Lorena,São Paulo,SP,"35"
"1384","2511400",Picuí,Paraíba,PB,"25"
"3995","4106100",Conselheiro Mairinck,Paraná,PR,"41"
"5161","5006275",Paraíso das Águas,Mato Grosso do Sul,MS,"50"
"1835","2900801",Alcobaça,Bahia,BA,"29"
"3630","3532157",Nantes,São Paulo,SP,"35"
"1317","2505808",Duas Estradas,Paraíba,PB,"25"
"3221","3303104",Natividade,Rio de Janeiro,RJ,"33"
"867","2210359",São Lourenço do Piauí,Piauí,PI,"22"
"1906","2906600",Candiba,Bahia,BA,"29"
"3962","4103479",Cafezal do Sul,Paraná,PR,"41"
"1343","2508109",Lagoa,Paraíba,PB,"25"
"1495","2602803",Buíque,Pernambuco,PE,"26"
"4496","4212056",Palmeira,Santa Catarina,SC,"42"
"1146","2406502",Lagoa Nova,Rio Grande do Norte,RN,"24"
"2923","3158201",Santa Maria do Suaçuí,Minas Gerais,MG,"31"
"4232","4123006",Salto do Lontra,Paraná,PR,"41"
"1833","2900603",Aiquara,Bahia,BA,"29"
"4045","4109005",Guapirama,Paraná,PR,"41"
"1451","2516151",Sossêgo,Paraíba,PB,"25"
"3134","3202900",Itarana,Espírito Santo,ES,"32"
"4908","4314050",Parobé,Rio Grande do Sul,RS,"43"
"451","2100055",Açailândia,Maranhão,MA,"21"
"2812","3148608",Peçanha,Minas Gerais,MG,"31"
"5353","5203104",Baliza,Goiás,GO,"52"
"2107","2922904",Nova Soure,Bahia,BA,"29"
"3550","3524709",Jaguariúna,São Paulo,SP,"35"
"5453","5212055",Jesúpolis,Goiás,GO,"52"
"725","2202711",Cocal de Telha,Piauí,PI,"22"
"2465","3120003",Córrego Novo,Minas Gerais,MG,"31"
"4024","4107702",Fênix,Paraná,PR,"41"
"194","1502806",Curralinho,Pará,PA,"15"
"2226","2932408",Uibaí,Bahia,BA,"29"
"4517","4213609",Porto União,Santa Catarina,SC,"42"
"455","2100303",Aldeias Altas,Maranhão,MA,"21"
"2889","3155405",Rio Novo,Minas Gerais,MG,"31"
"5560","5221577",Uirapuru,Goiás,GO,"52"
"905","2301208",Aracoiaba,Ceará,CE,"23"
"2943","3160009",Santo Antônio do Aventureiro,Minas Gerais,MG,"31"
"4401","4205407",Florianópolis,Santa Catarina,SC,"42"
"5401","5206909",Davinópolis,Goiás,GO,"52"
"1207","2412302",São José do Campestre,Rio Grande do Norte,RN,"24"
"2956","3161056",São Félix de Minas,Minas Gerais,MG,"31"
"5092","4323101",Vicente Dutra,Rio Grande do Sul,RS,"43"
"626","2110807",São Félix de Balsas,Maranhão,MA,"21"
"2912","3157336",Santa Cruz de Minas,Minas Gerais,MG,"31"
"4211","4121356",Rancho Alegre D'Oeste,Paraná,PR,"41"
"286","1508035",Tracuateua,Pará,PA,"15"
"2524","3125002",Ewbank da Câmara,Minas Gerais,MG,"31"
"4851","4311908",Marcelino Ramos,Rio Grande do Sul,RS,"43"
"2398","3114105",Carmo de Minas,Minas Gerais,MG,"31"
"3787","3546256",Santa Cruz da Esperança,São Paulo,SP,"35"
"1943","2909802",Cruz das Almas,Bahia,BA,"29"
"3977","4104451",Cantagalo,Paraná,PR,"41"
"1382","2512721",Pedro Régis,Paraíba,PB,"25"
"2608","3132008",Itacambira,Minas Gerais,MG,"31"
"5336","5200829",Amaralina,Goiás,GO,"52"
"459","2100501",Alto Parnaíba,Maranhão,MA,"21"
"1892","2905206",Caetité,Bahia,BA,"29"
"5108","5000807",Anaurilândia,Mato Grosso do Sul,MS,"50"
"1243","2500106",Água Branca,Paraíba,PB,"25"
"2960","3161403",São Francisco do Glória,Minas Gerais,MG,"31"
"1457","2516706",Teixeira,Paraíba,PB,"25"
"2829","3150000",Pescador,Minas Gerais,MG,"31"
"4975","4317251",Santa Tereza,Rio Grande do Sul,RS,"43"
"99","1301654",Guajará,Amazonas,,"13"
"1156","2407401",Martins,Rio Grande do Norte,RN,"24"
"2740","3143005",Monte Belo,Minas Gerais,MG,"31"
"5377","5204854",Campo Limpo de Goiás,Goiás,GO,"52"
"440","1720804",Sítio Novo do Tocantins,Tocantins,TO,"17"
"2906","3157005",Salinas,Minas Gerais,MG,"31"
"1448","2515971",Sobrado,Paraíba,PB,"25"
"3161","3204609",Santa Teresa,Espírito Santo,ES,"32"
"5121","5002407",Caarapó,Mato Grosso do Sul,MS,"50"
"2174","2928208",Santana,Bahia,BA,"29"
"4144","4116703",Nova Aurora,Paraná,PR,"41"
"1917","2907301",Castro Alves,Bahia,BA,"29"
"5096","4323408",Vila Maria,Rio Grande do Sul,RS,"43"
"856","2209807",São Gonçalo do Piauí,Piauí,PI,"22"
"2577","3129400",Ibertioga,Minas Gerais,MG,"31"
"4185","4119608",Pitanga,Paraná,PR,"41"
"834","2208601",Prata do Piauí,Piauí,PI,"22"
"2994","3163805",São Miguel do Anta,Minas Gerais,MG,"31"
"5028","4320206",Seberi,Rio Grande do Sul,RS,"43"
"2837","3150570",Pintópolis,Minas Gerais,MG,"31"
"4386","4204558",Correia Pinto,Santa Catarina,SC,"42"
"2188","2929370",São José do Jacuípe,Bahia,BA,"29"
"4484","4211454",Nova Itaberaba,Santa Catarina,SC,"42"
"1813","2806206",Salgado,Sergipe,SE,"28"
"3696","3537909",Pilar do Sul,São Paulo,SP,"35"
"816","2207504",Palmeirais,Piauí,PI,"22"
"3152","3204054",Pedro Canário,Espírito Santo,ES,"32"
"3722","3540507",Porangaba,São Paulo,SP,"35"
"4936","4315107",Porto Xavier,Rio Grande do Sul,RS,"43"
"105","1302009",Itapiranga,Amazonas,,"13"
"1516","2604601",Condado,Pernambuco,PE,"26"
"4200","4120606",Prudentópolis,Paraná,PR,"41"
"729","2202778",Colônia do Piauí,Piauí,PI,"22"
"4617","4300570",Alto Feliz,Rio Grande do Sul,RS,"43"
"1279","2502904",Brejo dos Santos,Paraíba,PB,"25"
"2853","3152105",Ponte Nova,Minas Gerais,MG,"31"
"4859","4312203",Maximiliano de Almeida,Rio Grande do Sul,RS,"43"
"1041","2311355",Quixelô,Ceará,CE,"23"
"3885","3554953",Tuiuti,São Paulo,SP,"35"
"5402","5207105",Diorama,Goiás,GO,"52"
"2661","3136579",Josenópolis,Minas Gerais,MG,"31"
"4611","4300307",Alecrim,Rio Grande do Sul,RS,"43"
"1454","2516409",Tacima,Paraíba,PB,"25"
"3406","3512308",Conchas,São Paulo,SP,"35"
"1788","2803807",Malhada dos Bois,Sergipe,SE,"28"
"4571","4217402",Schroeder,Santa Catarina,SC,"42"
"290","1508126",Ulianópolis,Pará,PA,"15"
"3029","3166709",Serra dos Aimorés,Minas Gerais,MG,"31"
"4679","4304002",Campo Novo,Rio Grande do Sul,RS,"43"
"1406","2513000",Salgadinho,Paraíba,PB,"25"
"3327","3505302",Barra Bonita,São Paulo,SP,"35"
"4934","4315057",Porto Mauá,Rio Grande do Sul,RS,"43"
"616","2110104",Santa Quitéria do Maranhão,Maranhão,MA,"21"
"1684","2703106",Igaci,Alagoas,AL,"27"
"1995","2914000",Ipirá,Bahia,BA,"29"
"3806","3548005",Santo Antônio de Posse,São Paulo,SP,"35"
"5243","5105200",Juscimeira,Mato Grosso,MT,"51"
"474","2101400",Balsas,Maranhão,MA,"21"
"2106","2922854",Nova Redenção,Bahia,BA,"29"
"4413","4206306",Guabiruba,Santa Catarina,SC,"42"
"334","1703107",Barrolândia,Tocantins,TO,"17"
"2965","3161809",São Gonçalo do Pará,Minas Gerais,MG,"31"
"5448","5211602",Ivolândia,Goiás,GO,"52"
"1354","2509057",Marcação,Paraíba,PB,"25"
"2506","3123403",Doresópolis,Minas Gerais,MG,"31"
"5024","4319802",São Vicente do Sul,Rio Grande do Sul,RS,"43"
"4","1100346",Alvorada D'Oeste,Rondônia,RO,"11"
"1867","2903300",Barro Preto,Bahia,BA,"29"
"3390","3510708",Cardoso,São Paulo,SP,"35"
"161","1500800",Ananindeua,Pará,PA,"15"
"1087","2401206",Arês,Rio Grande do Norte,RN,"24"
"2847","3151503",Piumhi,Minas Gerais,MG,"31"
"4141","4116406",Nossa Senhora das Graças,Paraná,PR,"41"
"829","2208205",Pio IX,Piauí,PI,"22"
"4058","4110052",Iguatu,Paraná,PR,"41"
"169","1501303",Barcarena,Pará,PA,"15"
"1968","2911600",Governador Mangabeira,Bahia,BA,"29"
"3867","3553658",Taquaral,São Paulo,SP,"35"
"3718","3540200",Pontal,São Paulo,SP,"35"
"5034","4320404",Serafina Corrêa,Rio Grande do Sul,RS,"43"
"1195","2411205",Santa Cruz,Rio Grande do Norte,RN,"24"
"3684","3536802",Pedra Bela,São Paulo,SP,"35"
"2309","3106101",Belmiro Braga,Minas Gerais,MG,"31"
"3641","3532900",Nova Europa,São Paulo,SP,"35"
"5269","5106315",Novo Santo Antônio,Mato Grosso,MT,"51"
"1180","2409803",Pedro Velho,Rio Grande do Norte,RN,"24"
"2565","3128253",Guaraciama,Minas Gerais,MG,"31"
"3960","4103404",Cafeara,Paraná,PR,"41"
"1947","2910107",Dom Basílio,Bahia,BA,"29"
"4533","4215059",Rio Rufino,Santa Catarina,SC,"42"
"20","1101005",Governador Jorge Teixeira,Rondônia,RO,"11"
"2059","2919306",Lençóis,Bahia,BA,"29"
"4444","4208609",Jaborá,Santa Catarina,SC,"42"
"51","1101807",Vale do Paraíso,Rondônia,RO,"11"
"2589","3130408",Ijaci,Minas Gerais,MG,"31"
"4309","4128708",Vitorino,Paraná,PR,"41"
"399","1715507",Oliveira de Fátima,Tocantins,TO,"17"
"2918","3157708",Santa Juliana,Minas Gerais,MG,"31"
"5292","5107602",Rondonópolis,Mato Grosso,MT,"51"
"805","2206753",Nossa Senhora de Nazaré,Piauí,PI,"22"
"2243","2933505",Wenceslau Guimarães,Bahia,BA,"29"
"3895","3555802",Urânia,São Paulo,SP,"35"
"1595","2611408",Primavera,Pernambuco,PE,"26"
"2984","3162948",São José da Barra,Minas Gerais,MG,"31"
"360","1707306",Dueré,Tocantins,TO,"17"
"2104","2922755",Nova Ibiá,Bahia,BA,"29"
"4362","4203006",Caçador,Santa Catarina,SC,"42"
"1616","2613107",São Caitano,Pernambuco,PE,"26"
"4418","4206702",Herval d'Oeste,Santa Catarina,SC,"42"
"691","2201556",Bela Vista do Piauí,Piauí,PI,"22"
"2789","3146404",Paineiras,Minas Gerais,MG,"31"
"4548","4215703",Santo Amaro da Imperatriz,Santa Catarina,SC,"42"
"500","2102804",Carolina,Maranhão,MA,"21"
"2351","3102704",Cachoeira de Pajeú,Minas Gerais,MG,"31"
"4665","4302808",Caçapava do Sul,Rio Grande do Sul,RS,"43"
"992","2307502",Lavras da Mangabeira,Ceará,CE,"23"
"3058","3169307",Três Corações,Minas Gerais,MG,"31"
"4574","4217600",Siderópolis,Santa Catarina,SC,"42"
"1058","2312908",Sobral,Ceará,CE,"23"
"5085","4322558",Vanini,Rio Grande do Sul,RS,"43"
"1795","2804458",Nossa Senhora Aparecida,Sergipe,SE,"28"
"3190","3301009",Campos dos Goytacazes,Rio de Janeiro,RJ,"33"
"4227","4122602",Rondon,Paraná,PR,"41"
"535","2104909",Guimarães,Maranhão,MA,"21"
"1654","2700409",Atalaia,Alagoas,AL,"27"
"5211","5103007",Chapada dos Guimarães,Mato Grosso,MT,"51"
"3287","3501707",Américo Brasiliense,São Paulo,SP,"35"
"5492","5215306",Orizona,Goiás,GO,"52"
"2166","2927705",Santa Cruz Cabrália,Bahia,BA,"29"
"3472","3517802",Guaraçaí,São Paulo,SP,"35"
"146","1400407",Normandia,Roraima,RR,"14"
"2609","3132107",Itacarambi,Minas Gerais,MG,"31"
"4541","4215505",Santa Cecília,Santa Catarina,SC,"42"
"2149","2926103",Retirolândia,Bahia,BA,"29"
"3788","3546306",Santa Cruz das Palmeiras,São Paulo,SP,"35"
"5457","5212303",Leopoldo de Bulhões,Goiás,GO,"52"
"627","2110856",São Francisco do Brejão,Maranhão,MA,"21"
"2941","3159100",Santana dos Montes,Minas Gerais,MG,"31"
"5388","5205497",Cidade Ocidental,Goiás,GO,"52"
"752","2204105",Francisco Ayres,Piauí,PI,"22"
"2485","3121605",Diamantina,Minas Gerais,MG,"31"
"4174","4118808",Peabiru,Paraná,PR,"41"
"6","1100452",Buritis,Rondônia,RO,"11"
"1173","2409100",Passa e Fica,Rio Grande do Norte,RN,"24"
"2691","3138807",Luz,Minas Gerais,MG,"31"
"4057","4110003",Iguaraçu,Paraná,PR,"41"
"1189","2410702",Riacho da Cruz,Rio Grande do Norte,RN,"24"
"4070","4110953",Itaipulândia,Paraná,PR,"41"
"1904","2906402",Candeal,Bahia,BA,"29"
"3849","3552007",Silveiras,São Paulo,SP,"35"
"133","1304237",Tonantins,Amazonas,,"13"
"2181","2929107",São Felipe,Bahia,BA,"29"
"4551","4215901",São Bonifácio,Santa Catarina,SC,"42"
"528","2104552",Governador Edison Lobão,Maranhão,MA,"21"
"2265","3102001",Alterosa,Minas Gerais,MG,"31"
"4276","4126306",Sengés,Paraná,PR,"41"
"620","2110302",Santo Antônio dos Lopes,Maranhão,MA,"21"
"3080","3170750",Varjão de Minas,Minas Gerais,MG,"31"
"230","1505007",Nova Timboteua,Pará,PA,"15"
"1993","2913804",Ipecaetá,Bahia,BA,"29"
"4510","4213104",Piratuba,Santa Catarina,SC,"42"
"1194","2411106",Ruy Barbosa,Rio Grande do Norte,RN,"24"
"3586","3528106",Macaubal,São Paulo,SP,"35"
"1413","2513703",Santa Rita,Paraíba,PB,"25"
"2638","3134905",Jacutinga,Minas Gerais,MG,"31"
"4439","4208203",Itajaí,Santa Catarina,SC,"42"
"284","1507979",Terra Santa,Pará,PA,"15"
"2324","3107505",Bom Jardim de Minas,Minas Gerais,MG,"31"
"3693","3537602",Peruíbe,São Paulo,SP,"35"
"2200","2930303",Serra Dourada,Bahia,BA,"29"
"672","2200277",Alegrete do Piauí,Piauí,PI,"22"
"2584","3130002",Ibituruna,Minas Gerais,MG,"31"
"5446","5211404",Itauçu,Goiás,GO,"52"
"737","2203271",Curral Novo do Piauí,Piauí,PI,"22"
"3371","3509205",Cajamar,São Paulo,SP,"35"
"2168","2927903",Santa Inês,Bahia,BA,"29"
"3841","3551207",Sarutaiá,São Paulo,SP,"35"
"3635","3532603",Nhandeara,São Paulo,SP,"35"
"5534","5219712",Santo Antônio da Barra,Goiás,GO,"52"
"488","2102150",Brejo de Areia,Maranhão,MA,"21"
"2354","3110004",Caeté,Minas Gerais,MG,"31"
"4916","4314308",Pejuçara,Rio Grande do Sul,RS,"43"
"1260","2501351",Assunção,Paraíba,PB,"25"
"2996","3164100",São Pedro do Suaçuí,Minas Gerais,MG,"31"
"5088","4322806",Veranópolis,Rio Grande do Sul,RS,"43"
"359","1707207",Dois Irmãos do Tocantins,Tocantins,TO,"17"
"2750","3143807",Munhoz,Minas Gerais,MG,"31"
"3932","4101606",Arapoti,Paraná,PR,"41"
"347","1705102",Chapada da Natividade,Tocantins,TO,"17"
"3636","3532702",Nipoã,São Paulo,SP,"35"
"5164","5006408",Pedro Gomes,Mato Grosso do Sul,MS,"50"
"2487","3121803",Dionísio,Minas Gerais,MG,"31"
"4149","4117057",Nova Laranjeiras,Paraná,PR,"41"
"2233","2933000",Valente,Bahia,BA,"29"
"3272","3500501",Águas de Lindóia,São Paulo,SP,"35"
"29","1100148",Nova Brasilândia D'Oeste,Rondônia,RO,"11"
"1547","2607406",Itacuruba,Pernambuco,PE,"26"
"3210","3302270",Japeri,Rio de Janeiro,RJ,"33"
"1138","2405801",João Câmara,Rio Grande do Norte,RN,"24"
"2384","3112703",Capitão Enéas,Minas Gerais,MG,"31"
"5479","5214408",Nazário,Goiás,GO,"52"
"1262","2501500",Bananeiras,Paraíba,PB,"25"
"4718","4305603",Colorado,Rio Grande do Sul,RS,"43"
"218","1504307",Maracanã,Pará,PA,"15"
"2762","3144672",Nova Belém,Minas Gerais,MG,"31"
"5087","4322707",Vera Cruz,Rio Grande do Sul,RS,"43"
"1909","2906824",Canudos,Bahia,BA,"29"
"3535","3523206",Itararé,São Paulo,SP,"35"
"5018","4319505",São Sebastião do Caí,Rio Grande do Sul,RS,"43"
"1428","2514404",São José de Espinharas,Paraíba,PB,"25"
"3392","3510906",Cássia dos Coqueiros,São Paulo,SP,"35"
"4965","4316501",Salvador do Sul,Rio Grande do Sul,RS,"43"
"1149","2406809",Lajes Pintadas,Rio Grande do Norte,RN,"24"
"2232","2932903",Valença,Bahia,BA,"29"
"3648","3533502",Novo Horizonte,São Paulo,SP,"35"
"5180","5008008",Terenos,Mato Grosso do Sul,MS,"50"
"116","1303007",Nhamundá,Amazonas,,"13"
"1635","2615102",Terezinha,Pernambuco,PE,"26"
"4682","4304309",Cândido Godói,Rio Grande do Sul,RS,"43"
"176","1501725",Brasil Novo,Pará,PA,"15"
"1641","2615706",Triunfo,Pernambuco,PE,"26"
"3589","3528403",Mairinque,São Paulo,SP,"35"
"5208","5102702",Canarana,Mato Grosso,MT,"51"
"1541","2606903",Iguaracy,Pernambuco,PE,"26"
"3558","3525508",Joanópolis,São Paulo,SP,"35"
"5094","4323309",Vila Flores,Rio Grande do Sul,RS,"43"
"17","1100080",Costa Marques,Rondônia,RO,"11"
"2103","2922730",Nova Fátima,Bahia,BA,"29"
"5403","5208301",Divinópolis de Goiás,Goiás,GO,"52"
"1234","2414407",Touros,Rio Grande do Norte,RN,"24"
"3869","3553807",Taquarituba,São Paulo,SP,"35"
"5552","5221007",Taquaral de Goiás,Goiás,GO,"52"
"254","1506187",Rondon do Pará,Pará,PA,"15"
"2631","3134202",Ituiutaba,Minas Gerais,MG,"31"
"4988","4318002",São Borja,Rio Grande do Sul,RS,"43"
"22","1101104",Itapuã do Oeste,Rondônia,RO,"11"
"1553","2607901",Jaboatão dos Guararapes,Pernambuco,PE,"26"
"3121","3202009",Dores do Rio Preto,Espírito Santo,ES,"32"
"4860","4312252",Minas do Leão,Rio Grande do Sul,RS,"43"
"336","1703305",Bom Jesus do Tocantins,Tocantins,TO,"17"
"2421","3116100",Chapada do Norte,Minas Gerais,MG,"31"
"4284","4126801",Tapejara,Paraná,PR,"41"
"806","2206803",Nossa Senhora dos Remédios,Piauí,PI,"22"
"2865","3153103",Presidente Bernardes,Minas Gerais,MG,"31"
"4473","4210704",Matos Costa,Santa Catarina,SC,"42"
"1523","2605202",Escada,Pernambuco,PE,"26"
"1239","2414753",Venha-Ver,Rio Grande do Norte,RN,"24"
"3158","3204401",Rio Novo do Sul,Espírito Santo,ES,"32"
"4684","4304408",Canela,Rio Grande do Sul,RS,"43"
"1172","2403251",Parnamirim,Rio Grande do Norte,RN,"24"
"4368","4203501",Campo Erê,Santa Catarina,SC,"42"
"118","1303205",Novo Airão,Amazonas,,"13"
"1704","2705002",Mata Grande,Alagoas,AL,"27"
"4340","4202073",Balneário Gaivota,Santa Catarina,SC,"42"
"486","2102077",Bom Lugar,Maranhão,MA,"21"
"2797","3147204",Paraguaçu,Minas Gerais,MG,"31"
"102","1301852",Iranduba,Amazonas,,"13"
"1353","2509008",Manaíra,Paraíba,PB,"25"
"3808","3548104",Santo Antônio do Jardim,São Paulo,SP,"35"
"4921","4314472",Pinhal Grande,Rio Grande do Sul,RS,"43"
"849","2209450",Santo Antônio dos Milagres,Piauí,PI,"22"
"2764","3144805",Nova Lima,Minas Gerais,MG,"31"
"4568","4217204",São Miguel do Oeste,Santa Catarina,SC,"42"
"125","1303700",Santo Antônio do Içá,Amazonas,,"13"
"2809","3148301",Paula Cândido,Minas Gerais,MG,"31"
"4287","4127106",Telêmaco Borba,Paraná,PR,"41"
"1174","2409209",Passagem,Rio Grande do Norte,RN,"24"
"2952","3160801",São Bento Abade,Minas Gerais,MG,"31"
"4867","4312443",Morrinhos do Sul,Rio Grande do Sul,RS,"43"
"720","2202539",Caraúbas do Piauí,Piauí,PI,"22"
"3921","4100509",Altônia,Paraná,PR,"41"
"5186","5100300",Alto Araguaia,Mato Grosso,MT,"51"
"2782","3145901",Ouro Branco,Minas Gerais,MG,"31"
"4990","4318101",São Francisco de Assis,Rio Grande do Sul,RS,"43"
"772","2205359",João Costa,Piauí,PI,"22"
"3449","3515657",Fernão,São Paulo,SP,"35"
"5463","5212956",Matrinchã,Goiás,GO,"52"
"1007","2308609",Monsenhor Tabosa,Ceará,CE,"23"
"3853","3552403",Sumaré,São Paulo,SP,"35"
"4981","4317608",Santo Antônio da Patrulha,Rio Grande do Sul,RS,"43"
"2675","3137700",Lajinha,Minas Gerais,MG,"31"
"4435","4207858",Irati,Santa Catarina,SC,"42"
"1386","2511608",Pilões,Paraíba,PB,"25"
"2626","3133758",Itaú de Minas,Minas Gerais,MG,"31"
"5259","5108907",Nova Maringá,Mato Grosso,MT,"51"
"1362","2509404",Mogeiro,Paraíba,PB,"25"
"2542","3126752",Franciscópolis,Minas Gerais,MG,"31"
"4152","4117255",Nova Prata do Iguaçu,Paraná,PR,"41"
"1967","2911501",Gongogi,Bahia,BA,"29"
"4573","4217550",Serra Alta,Santa Catarina,SC,"42"
"1972","2911857",Heliópolis,Bahia,BA,"29"
"2974","3162450",São João das Missões,Minas Gerais,MG,"31"
"1809","2805802",Riachão do Dantas,Sergipe,SE,"28"
"3810","3548302",Santo Expedito,São Paulo,SP,"35"
"5412","5208004",Formosa,Goiás,GO,"52"
"1729","2707305",Porto Calvo,Alagoas,AL,"27"
"3951","4103040",Boa Ventura de São Roque,Paraná,PR,"41"
"728","2202752",Colônia do Gurguéia,Piauí,PI,"22"
"3280","3501103",Alto Alegre,São Paulo,SP,"35"
"5512","5218003",Porangatu,Goiás,GO,"52"
"666","2113009",Vitorino Freire,Maranhão,MA,"21"
"2568","3128501",Guarará,Minas Gerais,MG,"31"
"4715","4305454",Cidreira,Rio Grande do Sul,RS,"43"
"392","1714203",Natividade,Tocantins,TO,"17"
"2150","2926202",Riachão das Neves,Bahia,BA,"29"
"4266","4125605",São Mateus do Sul,Paraná,PR,"41"
"1782","2803203",Itaporanga d'Ajuda,Sergipe,SE,"28"
"3775","3545100",Salmourão,São Paulo,SP,"35"
"5369","5204300",Caçu,Goiás,GO,"52"
"1182","2410009",Pilões,Rio Grande do Norte,RN,"24"
"3101","3200201",Alegre,Espírito Santo,ES,"32"
"4939","4315156",Progresso,Rio Grande do Sul,RS,"43"
"1637","2615300",Timbaúba,Pernambuco,PE,"26"
"3379","3509809",Campos Novos Paulista,São Paulo,SP,"35"
"4952","4315750",Riozinho,Rio Grande do Sul,RS,"43"
"1300","2504405",Conceição,Paraíba,PB,"25"
"4175","4118857",Perobal,Paraná,PR,"41"
"575","2107258",Nova Colinas,Maranhão,MA,"21"
"2419","3115904",Chácara,Minas Gerais,MG,"31"
"4396","4205175",Entre Rios,Santa Catarina,SC,"42"
"1427","2514305",São José de Caiana,Paraíba,PB,"25"
"3903","3556453",Vargem Grande Paulista,São Paulo,SP,"35"
"601","2109205",Presidente Juscelino,Maranhão,MA,"21"
"3070","3170305",Umburatiba,Minas Gerais,MG,"31"
"4987","4317954",Santo Expedito do Sul,Rio Grande do Sul,RS,"43"
"1866","2903235",Barro Alto,Bahia,BA,"29"
"4281","4126652",Sulina,Paraná,PR,"41"
"1783","2803302",Japaratuba,Sergipe,SE,"28"
"2516","3124203",Espera Feliz,Minas Gerais,MG,"31"
"3442","3557303",Estiva Gerbi,São Paulo,SP,"35"
"4912","4314134",Paulo Bento,Rio Grande do Sul,RS,"43"
"1266","2501708",Barra de São Miguel,Paraíba,PB,"25"
"3373","3509304",Cajobi,São Paulo,SP,"35"
"4698","4304853",Carlos Gomes,Rio Grande do Sul,RS,"43"
"1051","2312106",Santana do Cariri,Ceará,CE,"23"
"3112","3201159",Brejetuba,Espírito Santo,ES,"32"
"4505","4212601",Peritiba,Santa Catarina,SC,"42"
"1417","2513851",Santo André,Paraíba,PB,"25"
"4085","4112207",Janiópolis,Paraná,PR,"41"
"942","2304202",Crato,Ceará,CE,"23"
"2440","3117801",Conceição dos Ouros,Minas Gerais,MG,"31"
"5282","5106828",Porto Esperidião,Mato Grosso,MT,"51"
"52","1100304",Vilhena,Rondônia,RO,"11"
"2189","2929404",São Miguel das Matas,Bahia,BA,"29"
"4078","4111555",Ivaté,Paraná,PR,"41"
"5530","5219456",Santa Rita do Novo Destino,Goiás,GO,"52"
"1469","2600302",Agrestina,Pernambuco,PE,"26"
"4140","4116307",Munhoz de Melo,Paraná,PR,"41"
"974","2306009",Iracema,Ceará,CE,"23"
"2537","3126307",Fortaleza de Minas,Minas Gerais,MG,"31"
"3685","3536901",Pedranópolis,São Paulo,SP,"35"
"1139","2405900",João Dias,Rio Grande do Norte,RN,"24"
"3129","3202553",Ibitirama,Espírito Santo,ES,"32"
"4784","4308854",Gentil,Rio Grande do Sul,RS,"43"
"493","2102374",Cachoeira Grande,Maranhão,MA,"21"
"2528","3125408",Felício dos Santos,Minas Gerais,MG,"31"
"4291","4127502",Tibagi,Paraná,PR,"41"
"841","2209005",Rio Grande do Piauí,Piauí,PI,"22"
"2284","3103702",Araponga,Minas Gerais,MG,"31"
"4522","4214102",Presidente Nereu,Santa Catarina,SC,"42"
"1293","2504033",Capim,Paraíba,PB,"25"
"3801","3547205",Santana da Ponte Pensa,São Paulo,SP,"35"
"5493","5215405",Ouro Verde de Goiás,Goiás,GO,"52"
"1255","2501005",Araruna,Paraíba,PB,"25"
"1163","2408102",Natal,Rio Grande do Norte,RN,"24"
"3743","3542206",Rancharia,São Paulo,SP,"35"
"590","2108306",Penalva,Maranhão,MA,"21"
"2893","3155801",Rio Pomba,Minas Gerais,MG,"31"
"5033","4320354",Sentinela do Sul,Rio Grande do Sul,RS,"43"
"870","2210391",São Miguel do Fidalgo,Piauí,PI,"22"
"2712","3140555",Mata Verde,Minas Gerais,MG,"31"
"4390","4204756",Cunhataí,Santa Catarina,SC,"42"
"5521","5218805",Rio Verde,Goiás,GO,"52"
"895","2300309",Acopiara,Ceará,CE,"23"
"2358","3110400",Camacho,Minas Gerais,MG,"31"
"3890","3555356",Ubarana,São Paulo,SP,"35"
"1869","2903409",Belmonte,Bahia,BA,"29"
"4209","4121257",Ramilândia,Paraná,PR,"41"
"1219","2413300",Serra de São Bento,Rio Grande do Norte,RN,"24"
"3380","3509908",Cananéia,São Paulo,SP,"35"
"3591","3528601",Manduri,São Paulo,SP,"35"
"4750","4306924",Engenho Velho,Rio Grande do Sul,RS,"43"
"1290","2503803",Caldas Brandão,Paraíba,PB,"25"
"3385","3510203",Capão Bonito,São Paulo,SP,"35"
"5541","5220108",São Luís de Montes Belos,Goiás,GO,"52"
"887","2211357",Várzea Branca,Piauí,PI,"22"
"3563","3525904",Jundiaí,São Paulo,SP,"35"
"268","1507102",São Caetano de Odivelas,Pará,PA,"15"
"2706","3140159",Mário Campos,Minas Gerais,MG,"31"
"4957","4316105",Ronda Alta,Rio Grande do Sul,RS,"43"
"1620","2613503",São José do Belmonte,Pernambuco,PE,"26"
"3397","3511409",Cerqueira César,São Paulo,SP,"35"
"4953","4315800",Roca Sales,Rio Grande do Sul,RS,"43"
"1002","2308302",Milagres,Ceará,CE,"23"
"1775","2802502",General Maynard,Sergipe,SE,"28"
"3651","3533809",Óleo,São Paulo,SP,"35"
"5075","4322301",Tuparendi,Rio Grande do Sul,RS,"43"
"1110","2403202",Doutor Severiano,Rio Grande do Norte,RN,"24"
"2775","3145455",Olhos-d'Água,Minas Gerais,MG,"31"
"3911","3557105",Votuporanga,São Paulo,SP,"35"
"1841","2901304",Andaraí,Bahia,BA,"29"
"4395","4205159",Doutor Pedrinho,Santa Catarina,SC,"42"
"1274","2502300",Bom Sucesso,Paraíba,PB,"25"
"3203","3301876",Iguaba Grande,Rio de Janeiro,RJ,"33"
"1761","2801009",Campo do Brito,Sergipe,SE,"28"
"4691","4304663",Capão do Leão,Rio Grande do Sul,RS,"43"
"1095","2401800",Brejinho,Rio Grande do Norte,RN,"24"
"3170","3205069",Venda Nova do Imigrante,Espírito Santo,ES,"32"
"5167","5007109",Ribas do Rio Pardo,Mato Grosso do Sul,MS,"50"
"1399","2512705",Remígio,Paraíba,PB,"25"
"3335","3506003",Bauru,São Paulo,SP,"35"
"4748","4306809",Encantado,Rio Grande do Sul,RS,"43"
"1648","2616308",Vicência,Pernambuco,PE,"26"
"4170","4118451",Pato Bragado,Paraná,PR,"41"
"301","1600279",Laranjal do Jari,Amapá,AP,"16"
"2245","3100104",Abadia dos Dourados,Minas Gerais,MG,"31"
"4649","4302105",Bento Gonçalves,Rio Grande do Sul,RS,"43"
"537","2105104",Icatu,Maranhão,MA,"21"
"2486","3121704",Diogo de Vasconcelos,Minas Gerais,MG,"31"
"4743","4306551",Dom Pedro de Alcântara,Rio Grande do Sul,RS,"43"
"1267","2501807",Bayeux,Paraíba,PB,"25"
"4671","4303400",Caiçara,Rio Grande do Sul,RS,"43"
"222","1504505",Melgaço,Pará,PA,"15"
"1902","2906204",Canarana,Bahia,BA,"29"
"3776","3545159",Saltinho,São Paulo,SP,"35"
"5407","5207501",Estrela do Norte,Goiás,GO,"52"
"409","1716653",Pequizeiro,Tocantins,TO,"17"
"1941","2909604",Crisópolis,Bahia,BA,"29"
"3809","3548203",Santo Antônio do Pinhal,São Paulo,SP,"35"
"4632","4301305",Arroio Grande,Rio Grande do Sul,RS,"43"
"1281","2503100",Cabaceiras,Paraíba,PB,"25"
"3163","3204708",São Gabriel da Palha,Espírito Santo,ES,"32"
"4824","4310801",Ivoti,Rio Grande do Sul,RS,"43"
"708","2202083",Cajueiro da Praia,Piauí,PI,"22"
"3160","3204559",Santa Maria de Jetibá,Espírito Santo,ES,"32"
"262","1506583",Santa Maria das Barreiras,Pará,PA,"15"
"2525","3125101",Extrema,Minas Gerais,MG,"31"
"4288","4127205",Terra Boa,Paraná,PR,"41"
"1542","2607604",Ilha de Itamaracá,Pernambuco,PE,"26"
"3504","3520400",Ilhabela,São Paulo,SP,"35"
"612","2109809",Santa Helena,Maranhão,MA,"21"
"2474","3120805",Cruzília,Minas Gerais,MG,"31"
"4861","4312302",Miraguaí,Rio Grande do Sul,RS,"43"
"553","2105922",Lagoa do Mato,Maranhão,MA,"21"
"2217","2931509",Teofilândia,Bahia,BA,"29"
"3766","3544251",Rosana,São Paulo,SP,"35"
"1611","2612604",Santa Maria da Boa Vista,Pernambuco,PE,"26"
"2968","3162005",São Gonçalo do Sapucaí,Minas Gerais,MG,"31"
"4837","4311254",Lagoão,Rio Grande do Sul,RS,"43"
"217","1504208",Marabá,Pará,PA,"15"
"2117","2923605",Paramirim,Bahia,BA,"29"
"3544","3524105",Ituverava,São Paulo,SP,"35"
"4817","4310538",Itaara,Rio Grande do Sul,RS,"43"
"1730","2707404",Porto de Pedras,Alagoas,AL,"27"
"4527","4214508",Rio do Campo,Santa Catarina,SC,"42"
"2490","3122108",Divino das Laranjeiras,Minas Gerais,MG,"31"
"4897","4313466",Novo Xingu,Rio Grande do Sul,RS,"43"
"1114","2403608",Extremoz,Rio Grande do Norte,RN,"24"
"2212","2931103",Tanquinho,Bahia,BA,"29"
"4016","4107405",Enéas Marques,Paraná,PR,"41"
"1235","2414456",Triunfo Potiguar,Rio Grande do Norte,RN,"24"
"3077","3170602",Vargem Bonita,Minas Gerais,MG,"31"
"5017","4319406",São Pedro do Sul,Rio Grande do Sul,RS,"43"
"1639","2615508",Tracunhaém,Pernambuco,PE,"26"
"3372","3509254",Cajati,São Paulo,SP,"35"
"1939","2909406",Cotegipe,Bahia,BA,"29"
"3422","3513850",Dirce Reis,São Paulo,SP,"35"
"4976","4317301",Santa Vitória do Palmar,Rio Grande do Sul,RS,"43"
"318","1701051",Angico,Tocantins,TO,"17"
"1929","2908408",Conceição do Coité,Bahia,BA,"29"
"4465","4210050",Macieira,Santa Catarina,SC,"42"
"215","1504059",Mãe do Rio,Pará,PA,"15"
"2097","2922300",Muritiba,Bahia,BA,"29"
"4247","4124004",Santana do Itararé,Paraná,PR,"41"
"195","1502855",Curuá,Pará,PA,"15"
"1432","2514651",São José do Brejo do Cruz,Paraíba,PB,"25"
"4190","4119954",Pontal do Paraná,Paraná,PR,"41"
"134","1304260",Uarini,Amazonas,,"13"
"2116","2923506",Palmeiras,Bahia,BA,"29"
"3790","3546504",Santa Ernestina,São Paulo,SP,"35"
"107","1302207",Juruá,Amazonas,,"13"
"3627","3532009",Morungaba,São Paulo,SP,"35"
"5010","4319125",São Martinho da Serra,Rio Grande do Sul,RS,"43"
"1137","2405702",Jardim do Seridó,Rio Grande do Norte,RN,"24"
"2733","3142304",Moeda,Minas Gerais,MG,"31"
"4313","4200101",Abelardo Luz,Santa Catarina,SC,"42"
"527","2104503",Governador Archer,Maranhão,MA,"21"
"2595","3130804",Ingaí,Minas Gerais,MG,"31"
"3996","4106209",Contenda,Paraná,PR,"41"
"861","2209971",São João do Arraial,Piauí,PI,"22"
"2828","3149952",Periquito,Minas Gerais,MG,"31"
"1254","2500908",Arara,Paraíba,PB,"25"
"3616","3530904",Mombuca,São Paulo,SP,"35"
"255","1506195",Rurópolis,Pará,PA,"15"
"1843","2901403",Angical,Bahia,BA,"29"
"4063","4110409",Indianópolis,Paraná,PR,"41"
"1433","2514701",São José do Sabugi,Paraíba,PB,"25"
"4306","4128559",Vera Cruz do Oeste,Paraná,PR,"41"
"1549","2607653",Itambé,Pernambuco,PE,"26"
"3752","3543105",Ribeirão Corrente,São Paulo,SP,"35"
"1468","2600203",Afrânio,Pernambuco,PE,"26"
"2496","3122470",Dom Bosco,Minas Gerais,MG,"31"
"2102","2922706",Nova Canaã,Bahia,BA,"29"
"3381","3509957",Canas,São Paulo,SP,"35"
"1429","2514503",São José de Piranhas,Paraíba,PB,"25"
"2671","3137403",Lagoa Dourada,Minas Gerais,MG,"31"
"4544","4215653",Santa Rosa do Sul,Santa Catarina,SC,"42"
"433","1720101",São Bento do Tocantins,Tocantins,TO,"17"
"2250","3100609",Água Boa,Minas Gerais,MG,"31"
"4038","4108551",Godoy Moreira,Paraná,PR,"41"
"5553","5221080",Teresina de Goiás,Goiás,GO,"52"
"813","2207306",Paes Landim,Piauí,PI,"22"
"2884","3154903",Rio Casca,Minas Gerais,MG,"31"
"4836","4311304",Lagoa Vermelha,Rio Grande do Sul,RS,"43"
"773","2205409",Joaquim Pires,Piauí,PI,"22"
"3198","3301504",Cordeiro,Rio de Janeiro,RJ,"33"
"1295","2504108",Carrapateira,Paraíba,PB,"25"
"4159","4117453",Ouro Verde do Oeste,Paraná,PR,"41"
"5239","5105002",Jauru,Mato Grosso,MT,"51"
"513","2103604",Coroatá,Maranhão,MA,"21"
"2426","3116506",Claro dos Poções,Minas Gerais,MG,"31"
"4119","4114807",Marialva,Paraná,PR,"41"
"920","2302305",Bela Cruz,Ceará,CE,"23"
"4723","4305871",Coronel Barros,Rio Grande do Sul,RS,"43"
"663","2112803",Viana,Maranhão,MA,"21"
"2425","3116407",Claraval,Minas Gerais,MG,"31"
"3800","3547650",Santa Salete,São Paulo,SP,"35"
"2976","3162559",São João do Manhuaçu,Minas Gerais,MG,"31"
"639","2111532",São Pedro da Água Branca,Maranhão,MA,"21"
"2454","3119005",Cordislândia,Minas Gerais,MG,"31"
"4812","4310405",Independência,Rio Grande do Sul,RS,"43"
"1455","2516508",Taperoá,Paraíba,PB,"25"
"3429","3514502",Duartina,São Paulo,SP,"35"
"4797","4307104",Herval,Rio Grande do Sul,RS,"43"
"570","2106805",Mirinzal,Maranhão,MA,"21"
"2823","3149507",Pequeri,Minas Gerais,MG,"31"
"967","2305407",Icó,Ceará,CE,"23"
"3515","3521408",Iracemápolis,São Paulo,SP,"35"
"2629","3134004",Itinga,Minas Gerais,MG,"31"
"4046","4109104",Guaporema,Paraná,PR,"41"
"1926","2908101",Cocos,Bahia,BA,"29"
"3842","3551306",Sebastianópolis do Sul,São Paulo,SP,"35"
"5514","5218102",Portelândia,Goiás,GO,"52"
"1488","2602100",Bom Conselho,Pernambuco,PE,"26"
"2925","3159407",Santa Rita de Ibitipoca,Minas Gerais,MG,"31"
"4299","4127965",Turvo,Paraná,PR,"41"
"4980","4317509",Santo Ângelo,Rio Grande do Sul,RS,"43"
"1705","2705101",Matriz de Camaragibe,Alagoas,AL,"27"
"3416","3513306",Cruzália,São Paulo,SP,"35"
"1577","2609600",Olinda,Pernambuco,PE,"26"
"3253","3305208",São Pedro da Aldeia,Rio de Janeiro,RJ,"33"
"1765","2801405",Carira,Sergipe,SE,"28"
"3751","3543006",Ribeirão Branco,São Paulo,SP,"35"
"160","1500701",Anajás,Pará,PA,"15"
"1464","2505501",Vista Serrana,Paraíba,PB,"25"
"3189","3300902",Cambuci,Rio de Janeiro,RJ,"33"
"4164","4117909",Palotina,Paraná,PR,"41"
"644","2111706",São Vicente Ferrer,Maranhão,MA,"21"
"3015","3165560",Sem-Peixe,Minas Gerais,MG,"31"
"3913","4100103",Abatiá,Paraná,PR,"41"
"75","1300029",Alvarães,Amazonas,,"13"
"1598","2611606",Recife,Pernambuco,PE,"26"
"3850","3552106",Socorro,São Paulo,SP,"35"
"550","2105807",Lago do Junco,Maranhão,MA,"21"
"2417","3115706",Central de Minas,Minas Gerais,MG,"31"
"4518","4213708",Pouso Redondo,Santa Catarina,SC,"42"
"1803","2805208",Pinhão,Sergipe,SE,"28"
"3462","3516853",Gavião Peixoto,São Paulo,SP,"35"
"5348","5202155",Araguapaz,Goiás,GO,"52"
"1352","2508901",Mamanguape,Paraíba,PB,"25"
"3068","3170107",Uberaba,Minas Gerais,MG,"31"
"3855","3552502",Suzano,São Paulo,SP,"35"
"368","1709005",Goiatins,Tocantins,TO,"17"
"2885","3155108",Rio do Prado,Minas Gerais,MG,"31"
"4604","4219606",Xavantina,Santa Catarina,SC,"42"
"1179","2409704",Pedro Avelino,Rio Grande do Norte,RN,"24"
"3467","3517307",Guaimbê,São Paulo,SP,"35"
"4502","4212304",Paulo Lopes,Santa Catarina,SC,"42"
"1331","2507002",Itaporanga,Paraíba,PB,"25"
"4034","4108452",Foz do Jordão,Paraná,PR,"41"
"874","2210623",Sebastião Barros,Piauí,PI,"22"
"2747","3143500",Morada Nova de Minas,Minas Gerais,MG,"31"
"3963","4103503",Califórnia,Paraná,PR,"41"
"34","1101450",Parecis,Rondônia,RO,"11"
"2084","2921302",Milagres,Bahia,BA,"29"
"3497","3519907",Iepê,São Paulo,SP,"35"
"39","1101476",Primavera de Rondônia,Rondônia,RO,"11"
"1716","2706208",Palestina,Alagoas,AL,"27"
"3383","3510104",Cândido Rodrigues,São Paulo,SP,"35"
"5055","4321469",Tio Hugo,Rio Grande do Sul,RS,"43"
"1","1100015",Alta Floresta D'Oeste,Rondônia,RO,"11"
"1664","2701357",Campestre,Alagoas,AL,"27"
"3201","3301801",Engenheiro Paulo de Frontin,Rio de Janeiro,RJ,"33"
"1246","2500403",Alagoa Nova,Paraíba,PB,"25"
"3658","3534500",Oscar Bressane,São Paulo,SP,"35"
"5109","5000856",Angélica,Mato Grosso do Sul,MS,"50"
"1126","2404705",Ipanguaçu,Rio Grande do Norte,RN,"24"
"2966","3161908",São Gonçalo do Rio Abaixo,Minas Gerais,MG,"31"
"4676","4303707",Campina das Missões,Rio Grande do Sul,RS,"43"
"258","1506351",Santa Bárbara do Pará,Pará,PA,"15"
"2389","3113206",Carandaí,Minas Gerais,MG,"31"
"3485","3519006",Herculândia,São Paulo,SP,"35"
"5556","5221403",Trindade,Goiás,GO,"52"
"1108","2403004",Cruzeta,Rio Grande do Norte,RN,"24"
"3599","3529302",Matão,São Paulo,SP,"35"
"1324","2506400",Gurinhém,Paraíba,PB,"25"
"3286","3501608",Americana,São Paulo,SP,"35"
"5419","5208806",Goianira,Goiás,GO,"52"
"1580","2609907",Ouricuri,Pernambuco,PE,"26"
"4342","4220000",Balneário Rincão,Santa Catarina,SC,"42"
"2632","3134301",Itumirim,Minas Gerais,MG,"31"
"4913","4314159",Paverama,Rio Grande do Sul,RS,"43"
"1206","2412203",São José de Mipibu,Rio Grande do Norte,RN,"24"
"2754","3144201",Nacip Raydan,Minas Gerais,MG,"31"
"5425","5209408",Guarani de Goiás,Goiás,GO,"52"
"789","2205904",Manoel Emídio,Piauí,PI,"22"
"1974","2912004",Ibiassucê,Bahia,BA,"29"
"3543","3524006",Itupeva,São Paulo,SP,"35"
"1345","2508307",Lagoa Seca,Paraíba,PB,"25"
"2815","3148806",Pedra do Anta,Minas Gerais,MG,"31"
"4868","4312450",Morro Redondo,Rio Grande do Sul,RS,"43"
"1304","2504801",Coremas,Paraíba,PB,"25"
"3680","3536505",Paulínia,São Paulo,SP,"35"
"1270","2502052",Bernardino Batista,Paraíba,PB,"25"
"4010","4107124",Diamante do Sul,Paraná,PR,"41"
"114","1302801",Maraã,Amazonas,,"13"
"2482","3121308",Descoberto,Minas Gerais,MG,"31"
"4760","4307500",Espumoso,Rio Grande do Sul,RS,"43"
"415","1718006",Porto Alegre do Tocantins,Tocantins,TO,"17"
"2313","3106507",Berilo,Minas Gerais,MG,"31"
"3521","3522000",Itaju,São Paulo,SP,"35"
"421","1718550",Riachinho,Tocantins,TO,"17"
"2567","3128402",Guarani,Minas Gerais,MG,"31"
"4733","4306205",Cruzeiro do Sul,Rio Grande do Sul,RS,"43"
"986","2307007",Jaguaruana,Ceará,CE,"23"
"3177","3300159",Aperibé,Rio de Janeiro,RJ,"33"
"473","2101350",Bacurituba,Maranhão,MA,"21"
"1957","2910776",Feira da Mata,Bahia,BA,"29"
"3420","3513702",Descalvado,São Paulo,SP,"35"
"5428","5209705",Hidrolândia,Goiás,GO,"52"
"1054","2312502",São João do Jaguaribe,Ceará,CE,"23"
"1877","2904050",Bonito,Bahia,BA,"29"
"221","1504455",Medicilândia,Pará,PA,"15"
"2799","3147402",Paraopeba,Minas Gerais,MG,"31"
"3896","3555901",Uru,São Paulo,SP,"35"
"787","2205805",Luzilândia,Piauí,PI,"22"
"2646","3135407",Jeceaba,Minas Gerais,MG,"31"
"4830","4311122",Jaquirana,Rio Grande do Sul,RS,"43"
"1222","2413508",Serrinha,Rio Grande do Norte,RN,"24"
"3384","3510153",Canitar,São Paulo,SP,"35"
"10","1100700",Campo Novo de Rondônia,Rondônia,RO,"11"
"1667","2701605",Canapi,Alagoas,AL,"27"
"3440","3515186",Espírito Santo do Pinhal,São Paulo,SP,"35"
"5559","5221551",Turvelândia,Goiás,GO,"52"
"462","2100709",Anajatuba,Maranhão,MA,"21"
"2397","3114006",Carmo da Mata,Minas Gerais,MG,"31"
"3927","4101150",Ângulo,Paraná,PR,"41"
"461","2100600",Amarante do Maranhão,Maranhão,MA,"21"
"1278","2502805",Brejo do Cruz,Paraíba,PB,"25"
"3097","3172202",Wenceslau Braz,Minas Gerais,MG,"31"
"4721","4305835",Coqueiro Baixo,Rio Grande do Sul,RS,"43"
"524","2104206",Fortuna,Maranhão,MA,"21"
"2767","3145059",Nova Porteirinha,Minas Gerais,MG,"31"
"4427","4207502",Indaial,Santa Catarina,SC,"42"
"831","2208403",Piripiri,Piauí,PI,"22"
"4785","4308904",Getúlio Vargas,Rio Grande do Sul,RS,"43"
"1522","2605152",Dormentes,Pernambuco,PE,"26"
"4321","4200754",Alto Bela Vista,Santa Catarina,SC,"42"
"1048","2311959",Salitre,Ceará,CE,"23"
"2353","3109907",Caetanópolis,Minas Gerais,MG,"31"
"3917","4100459",Altamira do Paraná,Paraná,PR,"41"
"5460","5212709",Mambaí,Goiás,GO,"52"
"1868","2903276",Barrocas,Bahia,BA,"29"
"3815","3548807",São Caetano do Sul,São Paulo,SP,"35"
"1576","2609501",Nazaré da Mata,Pernambuco,PE,"26"
"2852","3152006",Pompéu,Minas Gerais,MG,"31"
"5141","5004304",Iguatemi,Mato Grosso do Sul,MS,"50"
"1421","2513943",São Domingos do Cariri,Paraíba,PB,"25"
"3487","3519071",Hortolândia,São Paulo,SP,"35"
"1420","2513968",São Domingos,Paraíba,PB,"25"
"4059","4110078",Imbaú,Paraná,PR,"41"
"77","1300086",Anamã,Amazonas,,"13"
"2036","2917607",Jaguaquara,Bahia,BA,"29"
"3469","3517505",Guapiaçu,São Paulo,SP,"35"
"1607","2612455",Santa Cruz,Pernambuco,PE,"26"
"4355","4202602",Bom Retiro,Santa Catarina,SC,"42"
"5142","5004403",Inocência,Mato Grosso do Sul,MS,"50"
"1662","2701209",Cacimbinhas,Alagoas,AL,"27"
"4060","4110102",Imbituva,Paraná,PR,"41"
"1837","2901007",Amargosa,Bahia,BA,"29"
"4043","4108908",Guairaçá,Paraná,PR,"41"
"211","1503754",Jacareacanga,Pará,PA,"15"
"2531","3125804",Fernandes Tourinho,Minas Gerais,MG,"31"
"4660","4302501",Bossoroca,Rio Grande do Sul,RS,"43"
"1033","2310902",Piquet Carneiro,Ceará,CE,"23"
"2785","3146206",Ouro Verde de Minas,Minas Gerais,MG,"31"
"4270","4125902",São Pedro do Paraná,Paraná,PR,"41"
"2121","2924009",Paulo Afonso,Bahia,BA,"29"
"3519","3521804",Itaí,São Paulo,SP,"35"
"3031","3166956",Serranópolis de Minas,Minas Gerais,MG,"31"
"454","2100204",Alcântara,Maranhão,MA,"21"
"2076","2920601",Maragogipe,Bahia,BA,"29"
"3354","3507605",Bragança Paulista,São Paulo,SP,"35"
"5165","5006606",Ponta Porã,Mato Grosso do Sul,MS,"50"
"1026","2310308",Parambu,Ceará,CE,"23"
"3434","3514924",Elisiário,São Paulo,SP,"35"
"1132","2405207",Janduís,Rio Grande do Norte,RN,"24"
"3292","3502200",Angatuba,São Paulo,SP,"35"
"4615","4300505",Alpestre,Rio Grande do Sul,RS,"43"
"450","1722107",Xambioá,Tocantins,TO,"17"
"1651","2700102",Água Branca,Alagoas,AL,"27"
"3484","3518909",Guzolândia,São Paulo,SP,"35"
"5297","5107768",Santa Rita do Trivelato,Mato Grosso,MT,"51"
"35","1100189",Pimenta Bueno,Rondônia,RO,"11"
"1742","2708600",São Miguel dos Campos,Alagoas,AL,"27"
"5452","5212006",Jaupaci,Goiás,GO,"52"
"771","2205300",Jerumenha,Piauí,PI,"22"
"2415","3115508",Caxambu,Minas Gerais,MG,"31"
"5157","5005806",Nioaque,Mato Grosso do Sul,MS,"50"
"1203","2411908",São Francisco do Oeste,Rio Grande do Norte,RN,"24"
"3458","3516507",Gabriel Monteiro,São Paulo,SP,"35"
"282","1507953",Tailândia,Pará,PA,"15"
"2827","3149903",Perdões,Minas Gerais,MG,"31"
"4099","4113304",Laranjeiras do Sul,Paraná,PR,"41"
"5418","5208707",Goiânia,Goiás,GO,"52"
"965","2305332",Ibicuitinga,Ceará,CE,"23"
"3095","3172004",Visconde do Rio Branco,Minas Gerais,MG,"31"
"5214","5103205",Colíder,Mato Grosso,MT,"51"
"1198","2411429",Santana do Seridó,Rio Grande do Norte,RN,"24"
"3356","3507753",Brejo Alegre,São Paulo,SP,"35"
"4873","4312625",Muliterno,Rio Grande do Sul,RS,"43"
"1603","2612109",Salgadinho,Pernambuco,PE,"26"
"3382","3510005",Cândido Mota,São Paulo,SP,"35"
"5360","5203609",Brazabrantes,Goiás,GO,"52"
"1802","2805109",Pedrinhas,Sergipe,SE,"28"
"4147","4116950",Nova Esperança do Sudoeste,Paraná,PR,"41"
"5445","5211305",Itarumã,Goiás,GO,"52"
"712","2202133",Campo Grande do Piauí,Piauí,PI,"22"
"3082","3170909",Varzelândia,Minas Gerais,MG,"31"
"5260","5108956",Nova Monte Verde,Mato Grosso,MT,"51"
"83","1300508",Barreirinha,Amazonas,,"13"
"2559","3127701",Governador Valadares,Minas Gerais,MG,"31"
"3949","4103008",Boa Esperança,Paraná,PR,"41"
"5371","5204508",Caldas Novas,Goiás,GO,"52"
"1276","2502508",Boqueirão,Paraíba,PB,"25"
"4239","4123709",Santa Isabel do Ivaí,Paraná,PR,"41"
"846","2209377",Santa Rosa do Piauí,Piauí,PI,"22"
"3306","3503356",Arco-Íris,São Paulo,SP,"35"
"1608","2612471",Santa Cruz da Baixa Verde,Pernambuco,PE,"26"
"3315","3504107",Atibaia,São Paulo,SP,"35"
"1714","2706000",Olivença,Alagoas,AL,"27"
"3087","3171154",Vermelho Novo,Minas Gerais,MG,"31"
"4818","4310553",Itacurubi,Rio Grande do Sul,RS,"43"
"380","1712009",Lajeado,Tocantins,TO,"17"
"2866","3153202",Presidente Juscelino,Minas Gerais,MG,"31"
"4766","4307831",Eugênio de Castro,Rio Grande do Sul,RS,"43"
"289","1508100",Tucuruí,Pará,PA,"15"
"2111","2923100",Olindina,Bahia,BA,"29"
"3207","3302106",Itaocara,Rio de Janeiro,RJ,"33"
"5175","5007703",Sete Quedas,Mato Grosso do Sul,MS,"50"
"82","1300409",Barcelos,Amazonas,,"13"
"1614","2612901",São Benedito do Sul,Pernambuco,PE,"26"
"4052","4109658",Honório Serpa,Paraná,PR,"41"
"5524","5219100",Santa Bárbara de Goiás,Goiás,GO,"52"
"574","2107209",Nina Rodrigues,Maranhão,MA,"21"
"3904","3556503",Várzea Paulista,São Paulo,SP,"35"
"4772","4308102",Feliz,Rio Grande do Sul,RS,"43"
"747","2203750",Fartura do Piauí,Piauí,PI,"22"
"1757","2800506",Areia Branca,Sergipe,SE,"28"
"3814","3548708",São Bernardo do Campo,São Paulo,SP,"35"
"1218","2410306",Serra Caiada,Rio Grande do Norte,RN,"24"
"3093","3171808",Virginópolis,Minas Gerais,MG,"31"
"4726","4305959",Cotiporã,Rio Grande do Sul,RS,"43"
"2013","2915601",Itamaraju,Bahia,BA,"29"
"4017","4107504",Engenheiro Beltrão,Paraná,PR,"41"
"5437","5210307",Israelândia,Goiás,GO,"52"
"2700","3139607",Mantena,Minas Gerais,MG,"31"
"5236","5104609",Itiquira,Mato Grosso,MT,"51"
"2183","2929057",São Félix do Coribe,Bahia,BA,"29"
"3619","3531209",Monte Alegre do Sul,São Paulo,SP,"35"
"5426","5209457",Guarinos,Goiás,GO,"52"
"573","2107100",Morros,Maranhão,MA,"21"
"2979","3162658",São João do Pacuí,Minas Gerais,MG,"31"
"5154","5005608",Miranda,Mato Grosso do Sul,MS,"50"
"1056","2312700",Senador Pompeu,Ceará,CE,"23"
"3452","3515905",Floreal,São Paulo,SP,"35"
"179","1501808",Breves,Pará,PA,"15"
"1970","2911709",Guanambi,Bahia,BA,"29"
"3744","3542305",Redenção da Serra,São Paulo,SP,"35"
"63","1200344",Manoel Urbano,Acre,AC,"12"
"4412","4206207",Gravatal,Santa Catarina,SC,"42"
"1307","2505006",Cubati,Paraíba,PB,"25"
"2900","3156452",Rosário da Limeira,Minas Gerais,MG,"31"
"4328","4201273",Arabutã,Santa Catarina,SC,"42"
"2343","3109204",Buenópolis,Minas Gerais,MG,"31"
"3032","3167004",Serranos,Minas Gerais,MG,"31"
"5035","4320453",Sério,Rio Grande do Sul,RS,"43"
"848","2209401",Santo Antônio de Lisboa,Piauí,PI,"22"
"2657","3136405",Joaquim Felício,Minas Gerais,MG,"31"
"4638","4301651",Barão,Rio Grande do Sul,RS,"43"
"136","1304401",Urucurituba,Amazonas,,"13"
"2422","3116159",Chapada Gaúcha,Minas Gerais,MG,"31"
"3762","3544004",Rio das Pedras,São Paulo,SP,"35"
"604","2109304",Presidente Vargas,Maranhão,MA,"21"
"2862","3152808",Prata,Minas Gerais,MG,"31"
"4642","4301875",Barra do Quaraí,Rio Grande do Sul,RS,"43"
"1269","2502003",Belém do Brejo do Cruz,Paraíba,PB,"25"
"3035","3165552",Setubinha,Minas Gerais,MG,"31"
"4843","4311643",Linha Nova,Rio Grande do Sul,RS,"43"
"197","1502939",Dom Eliseu,Pará,PA,"15"
"2305","3105608",Barbacena,Minas Gerais,MG,"31"
"4068","4110805",Iretama,Paraná,PR,"41"
"1793","2804300",Muribeca,Sergipe,SE,"28"
"3494","3519600",Ibitinga,São Paulo,SP,"35"
"1422","2513984",São Francisco,Paraíba,PB,"25"
"4089","4112603",Jardim Olinda,Paraná,PR,"41"
"279","1507755",Sapucaia,Pará,PA,"15"
"2692","3138906",Machacalis,Minas Gerais,MG,"31"
"707","2202075",Cajazeiras do Piauí,Piauí,PI,"22"
"3001","3164431",São Sebastião da Vargem Alegre,Minas Gerais,MG,"31"
"5474","5213855",Morro Agudo de Goiás,Goiás,GO,"52"
"1915","2907103",Carinhanha,Bahia,BA,"29"
"3969","4104006",Campina Grande do Sul,Paraná,PR,"41"
"2364","3111002",Campestre,Minas Gerais,MG,"31"
"4015","4128633",Doutor Ulysses,Paraná,PR,"41"
"955","2304707",Granja,Ceará,CE,"23"
"3226","3303609",Paracambi,Rio de Janeiro,RJ,"33"
"4940","4315172",Protásio Alves,Rio Grande do Sul,RS,"43"
"1003","2308351",Milhã,Ceará,CE,"23"
"2761","3144656",Ninheira,Minas Gerais,MG,"31"
"4877","4312757",Nova Alvorada,Rio Grande do Sul,RS,"43"
"367","1708304",Goianorte,Tocantins,TO,"17"
"2990","3163409",São José do Goiabal,Minas Gerais,MG,"31"
"5302","5107859",São Félix do Araguaia,Mato Grosso,MT,"51"
"688","2201309",Barreiras do Piauí,Piauí,PI,"22"
"2871","3153806",Queluzito,Minas Gerais,MG,"31"
"2101","2922656",Nordestina,Bahia,BA,"29"
"4317","4200507",Águas de Chapecó,Santa Catarina,SC,"42"
"1298","2504306",Catolé do Rocha,Paraíba,PB,"25"
"3924","4101002",Ampére,Paraná,PR,"41"
"424","1718758",Rio Sono,Tocantins,TO,"17"
"2237","2933174",Varzedo,Bahia,BA,"29"
"4838","4311403",Lajeado,Rio Grande do Sul,RS,"43"
"864","2210102",São José do Peixe,Piauí,PI,"22"
"2443","3117900",Congonhal,Minas Gerais,MG,"31"
"5008","4319000",São Marcos,Rio Grande do Sul,RS,"43"
"1383","2511301",Piancó,Paraíba,PB,"25"
"3674","3536000",Parapuã,São Paulo,SP,"35"
"4918","4314423",Picada Café,Rio Grande do Sul,RS,"43"
"427","1718865",Santa Fé do Araguaia,Tocantins,TO,"17"
"2453","3118908",Cordisburgo,Minas Gerais,MG,"31"
"4690","4304655",Capão do Cipó,Rio Grande do Sul,RS,"43"
"1049","2312205",Santa Quitéria,Ceará,CE,"23"
"2283","3103603",Arantina,Minas Gerais,MG,"31"
"4864","4312385",Monte Belo do Sul,Rio Grande do Sul,RS,"43"
"689","2201408",Barro Duro,Piauí,PI,"22"
"3300","3502903",Araçoiaba da Serra,São Paulo,SP,"35"
"74","1200708",Xapuri,Acre,AC,"12"
"1385","2511509",Pilar,Paraíba,PB,"25"
"3291","3502101",Andradina,São Paulo,SP,"35"
"998","2307908",Martinópole,Ceará,CE,"23"
"4118","4114708",Maria Helena,Paraná,PR,"41"
"913","2301851",Banabuiú,Ceará,CE,"23"
"2282","3103504",Araguari,Minas Gerais,MG,"31"
"4120","4114906",Marilândia do Sul,Paraná,PR,"41"
"442","1720903",Taguatinga,Tocantins,TO,"17"
"1665","2701407",Campo Alegre,Alagoas,AL,"27"
"3823","3549508",São José da Bela Vista,São Paulo,SP,"35"
"5098","4323507",Vista Alegre,Rio Grande do Sul,RS,"43"
"184","1502152",Canaã dos Carajás,Pará,PA,"15"
"3322","3504800",Bálsamo,São Paulo,SP,"35"
"4884","4313060",Nova Hartz,Rio Grande do Sul,RS,"43"
"162","1500859",Anapu,Pará,PA,"15"
"2339","3108800",Braúnas,Minas Gerais,MG,"31"
"4744","4306700",Dona Francisca,Rio Grande do Sul,RS,"43"
"412","1717503",Pium,Tocantins,TO,"17"
"1884","2904704",Buerarema,Bahia,BA,"29"
"4922","4314498",Pinheirinho do Vale,Rio Grande do Sul,RS,"43"
"566","2106631",Matões do Norte,Maranhão,MA,"21"
"3277","3500808",Alfredo Marcondes,São Paulo,SP,"35"
"64","1200351",Marechal Thaumaturgo,Acre,AC,"12"
"2122","2924058",Pé de Serra,Bahia,BA,"29"
"3968","4103958",Campina do Simão,Paraná,PR,"41"
"4623","4300802",Antônio Prado,Rio Grande do Sul,RS,"43"
"307","1600550",Pracuúba,Amapá,AP,"16"
"2044","2918357",João Dourado,Bahia,BA,"29"
"4512","4213203",Pomerode,Santa Catarina,SC,"42"
"1258","2501203",Areial,Paraíba,PB,"25"
"3079","3170701",Varginha,Minas Gerais,MG,"31"
"5496","5215652",Palestina de Goiás,Goiás,GO,"52"
"166","1501105",Bagre,Pará,PA,"15"
"2291","3104304",Areado,Minas Gerais,MG,"31"
"584","2107902",Passagem Franca,Maranhão,MA,"21"
"1475","2600906",Amaraji,Pernambuco,PE,"26"
"3765","3543501",Riversul,São Paulo,SP,"35"
"4805","4309951",Ibirapuitã,Rio Grande do Sul,RS,"43"
"758","2204501",Guadalupe,Piauí,PI,"22"
"2378","3112208",Capela Nova,Minas Gerais,MG,"31"
"5002","4318606",São José do Ouro,Rio Grande do Sul,RS,"43"
"1847","2901809",Antônio Gonçalves,Bahia,BA,"29"
"3044","3168051",Taparuba,Minas Gerais,MG,"31"
"2066","2919900",Macururé,Bahia,BA,"29"
"3833","3550407",São Pedro,São Paulo,SP,"35"
"5312","5107941",Tabaporã,Mato Grosso,MT,"51"
"865","2210201",São José do Piauí,Piauí,PI,"22"
"3270","3500303",Aguaí,São Paulo,SP,"35"
"924","2302701",Campos Sales,Ceará,CE,"23"
"3767","3544301",Roseira,São Paulo,SP,"35"
"5305","5107354",São José do Xingu,Mato Grosso,MT,"51"
"370","1709500",Gurupi,Tocantins,TO,"17"
"2587","3130200",Igaratinga,Minas Gerais,MG,"31"
"5469","5213509",Monte Alegre de Goiás,Goiás,GO,"52"
"997","2307809",Marco,Ceará,CE,"23"
"1958","2910800",Feira de Santana,Bahia,BA,"29"
"4115","4114401",Mangueirinha,Paraná,PR,"41"
"288","1508084",Tucumã,Pará,PA,"15"
"2286","3103801",Arapuá,Minas Gerais,MG,"31"
"4560","4216503",São Joaquim,Santa Catarina,SC,"42"
"76","1300060",Amaturá,Amazonas,,"13"
"2970","3162203",São João Batista do Glória,Minas Gerais,MG,"31"
"4883","4313037",Nova Esperança do Sul,Rio Grande do Sul,RS,"43"
"801","2206670",Morro do Chapéu do Piauí,Piauí,PI,"22"
"2598","3131109",Inimutaba,Minas Gerais,MG,"31"
"4229","4122701",Sabáudia,Paraná,PR,"41"
"276","1507508",São João do Araguaia,Pará,PA,"15"
"2707","3140209",Maripá de Minas,Minas Gerais,MG,"31"
"5257","5106182",Nova Lacerda,Mato Grosso,MT,"51"
"655","2112233",Trizidela do Vale,Maranhão,MA,"21"
"2513","3123908",Entre Rios de Minas,Minas Gerais,MG,"31"
"4445","4208708",Jacinto Machado,Santa Catarina,SC,"42"
"526","2104404",Gonçalves Dias,Maranhão,MA,"21"
"2627","3133808",Itaúna,Minas Gerais,MG,"31"
"4602","4219408",Witmarsum,Santa Catarina,SC,"42"
"1098","2402006",Caicó,Rio Grande do Norte,RN,"24"
"2813","3148707",Pedra Azul,Minas Gerais,MG,"31"
"4162","4117701",Palmeira,Paraná,PR,"41"
"1697","2704302",Maceió,Alagoas,AL,"27"
"3423","3513900",Divinolândia,São Paulo,SP,"35"
"5487","5214903",Nova Roma,Goiás,GO,"52"
"340","1703826",Cachoeirinha,Tocantins,TO,"17"
"2561","3127909",Grupiara,Minas Gerais,MG,"31"
"4582","4218202",Timbó,Santa Catarina,SC,"42"
"757","2204402",Gilbués,Piauí,PI,"22"
"3142","3203320",Marataízes,Espírito Santo,ES,"32"
"5427","5209606",Heitoraí,Goiás,GO,"52"
"561","2106359",Marajá do Sena,Maranhão,MA,"21"
"2276","3102902",Antônio Carlos,Minas Gerais,MG,"31"
"4333","4201653",Arvoredo,Santa Catarina,SC,"42"
"358","1707108",Divinópolis do Tocantins,Tocantins,TO,"17"
"2064","2919702",Macarani,Bahia,BA,"29"
"4053","4109708",Ibaiti,Paraná,PR,"41"
"5423","5209200",Guapó,Goiás,GO,"52"
"1855","2902302",Aratuípe,Bahia,BA,"29"
"3042","3167905",Tabuleiro,Minas Gerais,MG,"31"
"5261","5106224",Nova Mutum,Mato Grosso,MT,"51"
"2483","3121407",Desterro de Entre Rios,Minas Gerais,MG,"31"
"4351","4202438",Bocaina do Sul,Santa Catarina,SC,"42"
"335","1703206",Bernardo Sayão,Tocantins,TO,"17"
"2745","3143302",Montes Claros,Minas Gerais,MG,"31"
"4403","4205456",Forquilhinha,Santa Catarina,SC,"42"
"400","1721000",Palmas,Tocantins,TO,"17"
"2875","3154150",Reduto,Minas Gerais,MG,"31"
"388","1713304",Miranorte,Tocantins,TO,"17"
"2158","2926905",Rio do Pires,Bahia,BA,"29"
"5147","5004908",Jaraguari,Mato Grosso do Sul,MS,"50"
"91","1301001",Carauari,Amazonas,,"13"
"2374","3111804",Canápolis,Minas Gerais,MG,"31"
"869","2210383",São Miguel da Baixa Grande,Piauí,PI,"22"
"3964","4103602",Cambará,Paraná,PR,"41"
"820","2207751",Passagem Franca do Piauí,Piauí,PI,"22"
"3165","3204906",São Mateus,Espírito Santo,ES,"32"
"3986","4105201",Cerro Azul,Paraná,PR,"41"
"5187","5100359",Alto Boa Vista,Mato Grosso,MT,"51"
"1321","2506202",Frei Martinho,Paraíba,PB,"25"
"3451","3515806",Flora Rica,São Paulo,SP,"35"
"1388","2511806",Pirpirituba,Paraíba,PB,"25"
"3217","3302809",Mendes,Rio de Janeiro,RJ,"33"
"5064","4321808",Três de Maio,Rio Grande do Sul,RS,"43"
"37","1100205",Porto Velho,Rondônia,RO,"11"
"2078","2920809",Marcionílio Souza,Bahia,BA,"29"
"4670","4303301",Caibaté,Rio Grande do Sul,RS,"43"
"1571","2609154",Manari,Pernambuco,PE,"26"
"3304","3503208",Araraquara,São Paulo,SP,"35"
"1593","2611200",Poção,Pernambuco,PE,"26"
"4370","4203709",Canelinha,Santa Catarina,SC,"42"
"555","2105989",Lajeado Novo,Maranhão,MA,"21"
"3247","3304755",São Francisco de Itabapoana,Rio de Janeiro,RJ,"33"
"4400","4205357",Flor do Sertão,Santa Catarina,SC,"42"
"1615","2613008",São Bento do Una,Pernambuco,PE,"26"
"3906","3556701",Vinhedo,São Paulo,SP,"35"
"541","2105351",Itaipava do Grajaú,Maranhão,MA,"21"
"3172","3205150",Vila Pavão,Espírito Santo,ES,"32"
"2185","2929255",São Gabriel,Bahia,BA,"29"
"3998","4106407",Cornélio Procópio,Paraná,PR,"41"
"5414","5208152",Gameleira de Goiás,Goiás,GO,"52"
"163","1500909",Augusto Corrêa,Pará,PA,"15"
"1302","2504603",Conde,Paraíba,PB,"25"
"2046","2918456",Jucuruçu,Bahia,BA,"29"
"3704","3538808",Piraju,São Paulo,SP,"35"
"5440","5210604",Itaguaru,Goiás,GO,"52"
"1642","2615805",Tupanatinga,Pernambuco,PE,"26"
"3155","3204252",Ponto Belo,Espírito Santo,ES,"32"
"4646","4301800",Barracão,Rio Grande do Sul,RS,"43"
"446","1721208",Tocantinópolis,Tocantins,TO,"17"
"2160","2927101",Rodelas,Bahia,BA,"29"
"4657","4302378",Bom Progresso,Rio Grande do Sul,RS,"43"
"1978","2912400",Ibipeba,Bahia,BA,"29"
"3314","3504008",Assis,São Paulo,SP,"35"
"90","1300904",Canutama,Amazonas,,"13"
"2310","3106200",Belo Horizonte,Minas Gerais,MG,"31"
"5220","5103403",Cuiabá,Mato Grosso,MT,"51"
"1590","2610905",Pesqueira,Pernambuco,PE,"26"
"3748","3542701",Restinga,São Paulo,SP,"35"
"2176","2928604",Santo Amaro,Bahia,BA,"29"
"3595","3528908",Mariápolis,São Paulo,SP,"35"
"5304","5107305",São José do Rio Claro,Mato Grosso,MT,"51"
"654","2112209",Timon,Maranhão,MA,"21"
"1865","2903201",Barreiras,Bahia,BA,"29"
"4447","4208906",Jaraguá do Sul,Santa Catarina,SC,"42"
"692","2201572",Belém do Piauí,Piauí,PI,"22"
"2980","3162708",São João do Paraíso,Minas Gerais,MG,"31"
"4904","4313953",Pantano Grande,Rio Grande do Sul,RS,"43"
"996","2307700",Maranguape,Ceará,CE,"23"
"3061","3169505",Tumiritinga,Minas Gerais,MG,"31"
"5204","5102637",Campo Novo do Parecis,Mato Grosso,MT,"51"
"1387","2511707",Pilõezinhos,Paraíba,PB,"25"
"767","2205151",Jacobina do Piauí,Piauí,PI,"22"
"2240","2933307",Vitória da Conquista,Bahia,BA,"29"
"4350","4202404",Blumenau,Santa Catarina,SC,"42"
"1086","2401107",Areia Branca,Rio Grande do Norte,RN,"24"
"1949","2910305",Elísio Medrado,Bahia,BA,"29"
"3984","4105003",Catanduvas,Paraná,PR,"41"
"4947","4315453",Relvado,Rio Grande do Sul,RS,"43"
"2011","2915403",Itaju do Colônia,Bahia,BA,"29"
"4126","4115408",Marmeleiro,Paraná,PR,"41"
"5166","5006903",Porto Murtinho,Mato Grosso do Sul,MS,"50"
"1296","2504157",Casserengue,Paraíba,PB,"25"
"4096","4113106",Kaloré,Paraná,PR,"41"
"669","2200103",Agricolândia,Piauí,PI,"22"
"2832","3150208",Piedade de Ponte Nova,Minas Gerais,MG,"31"
"4620","4300646",Ametista do Sul,Rio Grande do Sul,RS,"43"
"2252","3100807",Aguanil,Minas Gerais,MG,"31"
"4116","4114500",Manoel Ribas,Paraná,PR,"41"
"882","2210979",Tanque do Piauí,Piauí,PI,"22"
"2961","3161502",São Geraldo,Minas Gerais,MG,"31"
"1158","2407609",Messias Targino,Rio Grande do Norte,RN,"24"
"2705","3140100",Marilac,Minas Gerais,MG,"31"
"4426","4207403",Imbuia,Santa Catarina,SC,"42"
"171","1501451",Belterra,Pará,PA,"15"
"2184","2929206",São Francisco do Conde,Bahia,BA,"29"
"3633","3532405",Nazaré Paulista,São Paulo,SP,"35"
"5182","5008404",Vicentina,Mato Grosso do Sul,MS,"50"
"809","2206951",Novo Santo Antônio,Piauí,PI,"22"
"2630","3134103",Itueta,Minas Gerais,MG,"31"
"3847","3551801",Sete Barras,São Paulo,SP,"35"
"5381","5205059",Castelândia,Goiás,GO,"52"
"1081","2400604",Almino Afonso,Rio Grande do Norte,RN,"24"
"3410","3512704",Corumbataí,São Paulo,SP,"35"
"5252","5106109",Nossa Senhora do Livramento,Mato Grosso,MT,"51"
"304","1600501",Oiapoque,Amapá,AP,"16"
"3298","3502754",Araçariguama,São Paulo,SP,"35"
"5306","5107107",São José dos Quatro Marcos,Mato Grosso,MT,"51"
"1232","2414209",Tibau do Sul,Rio Grande do Norte,RN,"24"
"2459","3119500",Coronel Murta,Minas Gerais,MG,"31"
"5027","4320107",Sarandi,Rio Grande do Sul,RS,"43"
"2320","3107109",Boa Esperança,Minas Gerais,MG,"31"
"3781","3545605",Santa Adélia,São Paulo,SP,"35"
"2238","2933208",Vera Cruz,Bahia,BA,"29"
"3572","3526803",Lençóis Paulista,São Paulo,SP,"35"
"2035","2917508",Jacobina,Bahia,BA,"29"
"4069","4110904",Itaguajé,Paraná,PR,"41"
"624","2110658",São Domingos do Azeitão,Maranhão,MA,"21"
"2481","3121258",Delta,Minas Gerais,MG,"31"
"4862","4312351",Montauri,Rio Grande do Sul,RS,"43"
"815","2207405",Palmeira do Piauí,Piauí,PI,"22"
"2399","3114204",Carmo do Cajuru,Minas Gerais,MG,"31"
"4998","4318465",São José do Herval,Rio Grande do Sul,RS,"43"
"425","1718808",Sampaio,Tocantins,TO,"17"
"1758","2800605",Barra dos Coqueiros,Sergipe,SE,"28"
"5021","4319711",São Valentim do Sul,Rio Grande do Sul,RS,"43"
"520","2104073",Feira Nova do Maranhão,Maranhão,MA,"21"
"2468","3120201",Cristais,Minas Gerais,MG,"31"
"4283","4126702",Tamboara,Paraná,PR,"41"
"1652","2700201",Anadia,Alagoas,AL,"27"
"4277","4126355",Serranópolis do Iguaçu,Paraná,PR,"41"
"5222","5103452",Denise,Mato Grosso,MT,"51"
"1438","2515104",São Sebastião de Lagoa de Roça,Paraíba,PB,"25"
"3211","3302304",Laje do Muriaé,Rio de Janeiro,RJ,"33"
"4441","4208401",Itapiranga,Santa Catarina,SC,"42"
"1076","2400109",Acari,Rio Grande do Norte,RN,"24"
"2879","3154457",Riachinho,Minas Gerais,MG,"31"
"4358","4202800",Braço do Norte,Santa Catarina,SC,"42"
"1197","2411403",Santana do Matos,Rio Grande do Norte,RN,"24"
"3125","3202306",Guaçuí,Espírito Santo,ES,"32"
"1342","2508000",Juru,Paraíba,PB,"25"
"4082","4111902",Jaguapitã,Paraná,PR,"41"
"529","2104602",Governador Eugênio Barros,Maranhão,MA,"21"
"2242","2933455",Wanderley,Bahia,BA,"29"
"4832","4311155",Jóia,Rio Grande do Sul,RS,"43"
"331","1703008",Babaçulândia,Tocantins,TO,"17"
"1839","2901155",América Dourada,Bahia,BA,"29"
"3753","3543204",Ribeirão do Sul,São Paulo,SP,"35"
"2330","3108107",Bonfim,Minas Gerais,MG,"31"
"4594","4218954",Urupema,Santa Catarina,SC,"42"
"2545","3126950",Frei Lagonegro,Minas Gerais,MG,"31"
"4809","4310306",Ilópolis,Rio Grande do Sul,RS,"43"
"1037","2311207",Potengi,Ceará,CE,"23"
"2548","3127073",Fruta de Leite,Minas Gerais,MG,"31"
"3987","4105300",Céu Azul,Paraná,PR,"41"
"1575","2609402",Moreno,Pernambuco,PE,"26"
"3205","3302007",Itaguaí,Rio de Janeiro,RJ,"33"
"906","2301257",Ararendá,Ceará,CE,"23"
"3395","3511201",Catiguá,São Paulo,SP,"35"
"600","2109106",Presidente Dutra,Maranhão,MA,"21"
"2597","3131000",Inhaúma,Minas Gerais,MG,"31"
"4754","4307005",Erechim,Rio Grande do Sul,RS,"43"
"4674","4303608",Cambará do Sul,Rio Grande do Sul,RS,"43"
"341","1703842",Campos Lindos,Tocantins,TO,"17"
"2498","3122603",Dom Joaquim,Minas Gerais,MG,"31"
"4205","4120903",Quedas do Iguaçu,Paraná,PR,"41"
"635","2111250",São José dos Basílios,Maranhão,MA,"21"
"3014","3165537",Sarzedo,Minas Gerais,MG,"31"
"5424","5209291",Guaraíta,Goiás,GO,"52"
"1700","2704500",Maragogi,Alagoas,AL,"27"
"3430","3514601",Dumont,São Paulo,SP,"35"
"4932","4314902",Porto Alegre,Rio Grande do Sul,RS,"43"
"174","1501600",Bonito,Pará,PA,"15"
"2108","2923001",Nova Viçosa,Bahia,BA,"29"
"1604","2612208",Salgueiro,Pernambuco,PE,"26"
"3330","3505500",Barretos,São Paulo,SP,"35"
"4769","4308003",Faxinal do Soturno,Rio Grande do Sul,RS,"43"
"88","1300805",Borba,Amazonas,,"13"
"2311","3106309",Belo Oriente,Minas Gerais,MG,"31"
"4315","4200309",Agronômica,Santa Catarina,SC,"42"
"78","1300102",Anori,Amazonas,,"13"
"1900","2906006",Campo Formoso,Bahia,BA,"29"
"4764","4307807",Estrela,Rio Grande do Sul,RS,"43"
"1241","2414902",Viçosa,Rio Grande do Norte,RN,"24"
"3106","3200607",Aracruz,Espírito Santo,ES,"32"
"4996","4318440",São Jorge,Rio Grande do Sul,RS,"43"
"2220","2931806",Tremedal,Bahia,BA,"29"
"4902","4313805",Palmitinho,Rio Grande do Sul,RS,"43"
"402","1713809",Palmeiras do Tocantins,Tocantins,TO,"17"
"2386","3112901",Caputira,Minas Gerais,MG,"31"
"3534","3523107",Itaquaquecetuba,São Paulo,SP,"35"
"1777","2802700",Ilha das Flores,Sergipe,SE,"28"
"3966","4103800",Cambira,Paraná,PR,"41"
"1952","2900504",Érico Cardoso,Bahia,BA,"29"
"3150","3203908",Nova Venécia,Espírito Santo,ES,"32"
"4738","4306403",Dois Irmãos,Rio Grande do Sul,RS,"43"
"1055","2312601",São Luís do Curu,Ceará,CE,"23"
"3437","3515103",Embu-Guaçu,São Paulo,SP,"35"
"2625","3133709",Itatiaiuçu,Minas Gerais,MG,"31"
"4244","4123956",Santa Mônica,Paraná,PR,"41"
"2371","3111606",Campos Gerais,Minas Gerais,MG,"31"
"3366","3508702",Caconde,São Paulo,SP,"35"
"4841","4311601",Liberato Salzano,Rio Grande do Sul,RS,"43"
"504","2103125",Central do Maranhão,Maranhão,MA,"21"
"2127","2924504",Pindaí,Bahia,BA,"29"
"3243","3304557",Rio de Janeiro,Rio de Janeiro,RJ,"33"
"1830","2900306",Acajutiba,Bahia,BA,"29"
"3512","3521150",Ipiguá,São Paulo,SP,"35"
"5319","5108352",Vale de São Domingos,Mato Grosso,MT,"51"
"1392","2512077",Poço de José de Moura,Paraíba,PB,"25"
"3930","4101408",Apucarana,Paraná,PR,"41"
"5483","5214804",Nova Aurora,Goiás,GO,"52"
"631","2111052",São João do Paraíso,Maranhão,MA,"21"
"2863","3152907",Pratápolis,Minas Gerais,MG,"31"
"4589","4218707",Tubarão,Santa Catarina,SC,"42"
"1224","2413607",Severiano Melo,Rio Grande do Norte,RN,"24"
"3090","3171402",Vieiras,Minas Gerais,MG,"31"
"5298","5107776",Santa Terezinha,Mato Grosso,MT,"51"
"2476","3120870",Curral de Dentro,Minas Gerais,MG,"31"
"3736","3541604",Promissão,São Paulo,SP,"35"
"5558","5221502",Turvânia,Goiás,GO,"52"
"227","1504901",Muaná,Pará,PA,"15"
"1821","2807006",São Miguel do Aleixo,Sergipe,SE,"28"
"3171","3205101",Viana,Espírito Santo,ES,"32"
"4320","4200705",Alfredo Wagner,Santa Catarina,SC,"42"
"5184","5100201",Água Boa,Mato Grosso,MT,"51"
"117","1303106",Nova Olinda do Norte,Amazonas,,"13"
"1517","2604700",Correntes,Pernambuco,PE,"26"
"3585","3528007",Macatuba,São Paulo,SP,"35"
"339","1703800",Buriti do Tocantins,Tocantins,TO,"17"
"2604","3131604",Iraí de Minas,Minas Gerais,MG,"31"
"1068","2313609",Ubajara,Ceará,CE,"23"
"1999","2914406",Iraquara,Bahia,BA,"29"
"4267","4125704",São Miguel do Iguaçu,Paraná,PR,"41"
"4880","4312955",Nova Boa Vista,Rio Grande do Sul,RS,"43"
"95","1301308",Codajás,Amazonas,,"13"
"2244","2933604",Xique-Xique,Bahia,BA,"29"
"3516","3521507",Irapuã,São Paulo,SP,"35"
"1426","2514206",São José da Lagoa Tapada,Paraíba,PB,"25"
"2851","3151909",Pocrane,Minas Gerais,MG,"31"
"5277","5106653",Pontal do Araguaia,Mato Grosso,MT,"51"
"518","2104008",Esperantinópolis,Maranhão,MA,"21"
"2897","3156205",Rochedo de Minas,Minas Gerais,MG,"31"
"4094","4112959",Juranda,Paraná,PR,"41"
"1752","2709400",Viçosa,Alagoas,AL,"27"
"3511","3521101",Ipeúna,São Paulo,SP,"35"
"1131","2405108",Jandaíra,Rio Grande do Norte,RN,"24"
"3985","4105102",Centenário do Sul,Paraná,PR,"41"
"5411","5207907",Flores de Goiás,Goiás,GO,"52"
"617","2110203",Santa Rita,Maranhão,MA,"21"
"3258","3305604",Silva Jardim,Rio de Janeiro,RJ,"33"
"1152","2407104",Macaíba,Rio Grande do Norte,RN,"24"
"2644","3135308",Japaraíba,Minas Gerais,MG,"31"
"4956","4316006",Rolante,Rio Grande do Sul,RS,"43"
"716","2202307",Canto do Buriti,Piauí,PI,"22"
"2668","3137106",Lagamar,Minas Gerais,MG,"31"
"5491","5215256",Novo Planalto,Goiás,GO,"52"
"2043","2918308",Jitaúna,Bahia,BA,"29"
"3307","3503406",Arealva,São Paulo,SP,"35"
"5290","5107206",Rio Branco,Mato Grosso,MT,"51"
"1112","2403400",Equador,Rio Grande do Norte,RN,"24"
"2846","3151404",Pitangui,Minas Gerais,MG,"31"
"4814","4310439",Ipê,Rio Grande do Sul,RS,"43"
"838","2208858",Riacho Frio,Piauí,PI,"22"
"2942","3159902",Santo Antônio do Amparo,Minas Gerais,MG,"31"
"1155","2407302",Marcelino Vieira,Rio Grande do Norte,RN,"24"
"2944","3160108",Santo Antônio do Grama,Minas Gerais,MG,"31"
"4741","4306502",Dom Feliciano,Rio Grande do Sul,RS,"43"
"1129","2404903",Itaú,Rio Grande do Norte,RN,"24"
"2981","3162807",São João Evangelista,Minas Gerais,MG,"31"
"5158","5006002",Nova Alvorada do Sul,Mato Grosso do Sul,MS,"50"
"1211","2412609",São Paulo do Potengi,Rio Grande do Norte,RN,"24"
"2993","3163706",São Lourenço,Minas Gerais,MG,"31"
"4469","4210407",Maracajá,Santa Catarina,SC,"42"
"186","1502301",Capitão Poço,Pará,PA,"15"
"2171","2928406",Santa Rita de Cássia,Bahia,BA,"29"
"3495","3519709",Ibiúna,São Paulo,SP,"35"
"609","2109601",Rosário,Maranhão,MA,"21"
"3222","3303203",Nilópolis,Rio de Janeiro,RJ,"33"
"5135","5003702",Dourados,Mato Grosso do Sul,MS,"50"
"1602","2612000",Sairé,Pernambuco,PE,"26"
"3700","3538303",Piquerobi,São Paulo,SP,"35"
"1006","2308500",Mombaça,Ceará,CE,"23"
"2973","3162401",São João da Ponte,Minas Gerais,MG,"31"
"5045","4320909",Tapejara,Rio Grande do Sul,RS,"43"
"592","2108454",Peritoró,Maranhão,MA,"21"
"2432","3117108",Conceição da Aparecida,Minas Gerais,MG,"31"
"4135","4115903",Mirador,Paraná,PR,"41"
"2663","3136702",Juiz de Fora,Minas Gerais,MG,"31"
"3990","4105607",Cidade Gaúcha,Paraná,PR,"41"
"5509","5217401",Pires do Rio,Goiás,GO,"52"
"329","1702703",Aurora do Tocantins,Tocantins,TO,"17"
"3145","3203403",Mimoso do Sul,Espírito Santo,ES,"32"
"4878","4312807",Nova Araçá,Rio Grande do Sul,RS,"43"
"826","2207934",Pedro Laurentino,Piauí,PI,"22"
"3215","3302601",Mangaratiba,Rio de Janeiro,RJ,"33"
"4605","4219705",Xaxim,Santa Catarina,SC,"42"
"931","2303402",Carnaubal,Ceará,CE,"23"
"3556","3525300",Jaú,São Paulo,SP,"35"
"706","2202059",Cabeceiras do Piauí,Piauí,PI,"22"
"2718","3140902",Matipó,Minas Gerais,MG,"31"
"5456","5212253",Lagoa Santa,Goiás,GO,"52"
"534","2104800",Grajaú,Maranhão,MA,"21"
"3324","3505005",Barão de Antonina,São Paulo,SP,"35"
"1401","2512754",Riachão do Bacamarte,Paraíba,PB,"25"
"4829","4311106",Jaguari,Rio Grande do Sul,RS,"43"
"1097","2401909",Caiçara do Rio do Vento,Rio Grande do Norte,RN,"24"
"3415","3513207",Cristais Paulista,São Paulo,SP,"35"
"4360","4202875",Brunópolis,Santa Catarina,SC,"42"
"1435","2514453",São José dos Ramos,Paraíba,PB,"25"
"4025","4107736",Fernandes Pinheiro,Paraná,PR,"41"
"490","2102309",Buriti Bravo,Maranhão,MA,"21"
"1789","2803906",Malhador,Sergipe,SE,"28"
"3622","3531506",Monte Azul Paulista,São Paulo,SP,"35"
"5478","5214101",Mutunópolis,Goiás,GO,"52"
"898","2300606",Altaneira,Ceará,CE,"23"
"2628","3133907",Itaverava,Minas Gerais,MG,"31"
"5044","4320859",Tabaí,Rio Grande do Sul,RS,"43"
"1676","2702405",Delmiro Gouveia,Alagoas,AL,"27"
"3997","4106308",Corbélia,Paraná,PR,"41"
"92","1301100",Careiro,Amazonas,,"13"
"2051","2918753",Lagoa Real,Bahia,BA,"29"
"4693","4304697",Capitão,Rio Grande do Sul,RS,"43"
"1185","2410256",Porto do Mangue,Rio Grande do Norte,RN,"24"
"3471","3517703",Guará,São Paulo,SP,"35"
"4710","4305355",Charqueadas,Rio Grande do Sul,RS,"43"
"1931","2908606",Conde,Bahia,BA,"29"
"5049","4321303",Taquari,Rio Grande do Sul,RS,"43"
"1938","2909307",Correntina,Bahia,BA,"29"
"4107","4113759",Lunardelli,Paraná,PR,"41"
"5286","5107065",Querência,Mato Grosso,MT,"51"
"1842","2901353",Andorinha,Bahia,BA,"29"
"4278","4126405",Sertaneja,Paraná,PR,"41"
"595","2108702",Pio XII,Maranhão,MA,"21"
"3048","3168408",Tarumirim,Minas Gerais,MG,"31"
"4569","4217253",São Pedro de Alcântara,Santa Catarina,SC,"42"
"1355","2509107",Mari,Paraíba,PB,"25"
"2907","3157104",Salto da Divisa,Minas Gerais,MG,"31"
"4986","4317905",Santo Cristo,Rio Grande do Sul,RS,"43"
"1499","2603207",Caetés,Pernambuco,PE,"26"
"3088","3171204",Vespasiano,Minas Gerais,MG,"31"
"855","2209757",São Gonçalo do Gurguéia,Piauí,PI,"22"
"3881","3554706",Torrinha,São Paulo,SP,"35"
"1069","2313708",Umari,Ceará,CE,"23"
"3671","3535705",Paraíso,São Paulo,SP,"35"
"5384","5205307",Cavalcante,Goiás,GO,"52"
"1881","2904407",Brejolândia,Bahia,BA,"29"
"4026","4107751",Figueira,Paraná,PR,"41"
"1075","2314102",Viçosa do Ceará,Ceará,CE,"23"
"3389","3510609",Carapicuíba,São Paulo,SP,"35"
"5244","5105234",Lambari D'Oeste,Mato Grosso,MT,"51"
"1776","2802601",Gracho Cardoso,Sergipe,SE,"28"
"4410","4206009",Governador Celso Ramos,Santa Catarina,SC,"42"
"5565","5221908",Varjão,Goiás,GO,"52"
"1061","2313203",Tamboril,Ceará,CE,"23"
"3279","3501004",Altinópolis,São Paulo,SP,"35"
"2350","3109709",Cachoeira de Minas,Minas Gerais,MG,"31"
"3873","3554003",Tatuí,São Paulo,SP,"35"
"899","2300705",Alto Santo,Ceará,CE,"23"
"4092","4112801",Joaquim Távora,Paraná,PR,"41"
"1948","2910206",Dom Macedo Costa,Bahia,BA,"29"
"4543","4215604",Santa Rosa de Lima,Santa Catarina,SC,"42"
"50","1101757",Vale do Anari,Rondônia,RO,"11"
"1838","2901106",Amélia Rodrigues,Bahia,BA,"29"
"3091","3171600",Virgem da Lapa,Minas Gerais,MG,"31"
"5193","5101209",Araguainha,Mato Grosso,MT,"51"
"1950","2910404",Encruzilhada,Bahia,BA,"29"
"4606","4219853",Zortéa,Santa Catarina,SC,"42"
"1538","2606606",Ibimirim,Pernambuco,PE,"26"
"4079","4111605",Ivatuba,Paraná,PR,"41"
"267","1507003",Santo Antônio do Tauá,Pará,PA,"15"
"4523","4214151",Princesa,Santa Catarina,SC,"42"
"784","2205540",Lagoinha do Piauí,Piauí,PI,"22"
"2162","2927309",Salinas da Margarida,Bahia,BA,"29"
"4088","4112504",Jardim Alegre,Paraná,PR,"41"
"1959","2910859",Filadélfia,Bahia,BA,"29"
"4815","4310462",Ipiranga do Sul,Rio Grande do Sul,RS,"43"
"608","2109551",Ribamar Fiquene,Maranhão,MA,"21"
"3130","3202603",Iconha,Espírito Santo,ES,"32"
"4938","4315149",Presidente Lucena,Rio Grande do Sul,RS,"43"
"1514","2604403",Chã de Alegria,Pernambuco,PE,"26"
"3769","3544509",Rubinéia,São Paulo,SP,"35"
"1368","2510006",Nazarezinho,Paraíba,PB,"25"
"3018","3165701",Senador Firmino,Minas Gerais,MG,"31"
"4260","4125357",São Jorge do Patrocínio,Paraná,PR,"41"
"5398","5206602",Cumari,Goiás,GO,"52"
"832","2208502",Porto,Piauí,PI,"22"
"3267","3306305",Volta Redonda,Rio de Janeiro,RJ,"33"
"5502","5216403",Paraúna,Goiás,GO,"52"
"1953","2910602",Esplanada,Bahia,BA,"29"
"3975","4104402",Cândido de Abreu,Paraná,PR,"41"
"2130","2924678",Piraí do Norte,Bahia,BA,"29"
"3463","3516903",General Salgado,São Paulo,SP,"35"
"1601","2611903",Rio Formoso,Pernambuco,PE,"26"
"2934","3158508",Santana de Pirapama,Minas Gerais,MG,"31"
"5067","4321907",Três Passos,Rio Grande do Sul,RS,"43"
"1217","2413201",Senador Georgino Avelino,Rio Grande do Norte,RN,"24"
"3236","3304144",Queimados,Rio de Janeiro,RJ,"33"
"309","1600055",Serra do Navio,Amapá,AP,"16"
"4182","4119301",Pinhão,Paraná,PR,"41"
"1089","2401404",Baía Formosa,Rio Grande do Norte,RN,"24"
"2376","3112059",Cantagalo,Minas Gerais,MG,"31"
"5436","5210208",Iporá,Goiás,GO,"52"
"272","1507409",São Francisco do Pará,Pará,PA,"15"
"3094","3171907",Virgolândia,Minas Gerais,MG,"31"
"5015","4319364",São Pedro das Missões,Rio Grande do Sul,RS,"43"
"1644","2616001",Venturosa,Pernambuco,PE,"26"
"3681","3536570",Paulistânia,São Paulo,SP,"35"
"2659","3136520",José Gonçalves de Minas,Minas Gerais,MG,"31"
"4924","4314548",Pinto Bandeira,Rio Grande do Sul,RS,"43"
"47","1101559",Teixeirópolis,Rondônia,RO,"11"
"1861","2902807",Barra da Estiva,Bahia,BA,"29"
"3374","3509403",Cajuru,São Paulo,SP,"35"
"4765","4307815",Estrela Velha,Rio Grande do Sul,RS,"43"
"919","2302206",Beberibe,Ceará,CE,"23"
"2348","3109501",Cabo Verde,Minas Gerais,MG,"31"
"4124","4115309",Mariópolis,Paraná,PR,"41"
"1753","2800100",Amparo de São Francisco,Sergipe,SE,"28"
"3675","3536109",Pardinho,São Paulo,SP,"35"
"567","2106672",Milagres do Maranhão,Maranhão,MA,"21"
"2616","3132800",Itambé do Mato Dentro,Minas Gerais,MG,"31"
"4893","4313391",Novo Cabrais,Rio Grande do Sul,RS,"43"
"242","1505551",Pau D'Arco,Pará,PA,"15"
"2408","3115003",Cascalho Rico,Minas Gerais,MG,"31"
"3740","3541901",Queluz,São Paulo,SP,"35"
"1216","2413102",Senador Elói de Souza,Rio Grande do Norte,RN,"24"
"3002","3164472",São Sebastião do Anta,Minas Gerais,MG,"31"
"4740","4306452",Dois Lajeados,Rio Grande do Sul,RS,"43"
"265","1506807",Santarém,Pará,PA,"15"
"2457","3119302",Coromandel,Minas Gerais,MG,"31"
"3492","3519402",Ibirá,São Paulo,SP,"35"
"1102","2402402",Carnaúba dos Dantas,Rio Grande do Norte,RN,"24"
"3601","3529500",Mendonça,São Paulo,SP,"35"
"4964","4316477",Salvador das Missões,Rio Grande do Sul,RS,"43"
"1984","2913002",Ibitiara,Bahia,BA,"29"
"5151","5005202",Ladário,Mato Grosso do Sul,MS,"50"
"533","2104701",Graça Aranha,Maranhão,MA,"21"
"3255","3305406",Sapucaia,Rio de Janeiro,RJ,"33"
"5273","5106372",Pedra Preta,Mato Grosso,MT,"51"
"503","2103109",Cedral,Maranhão,MA,"21"
"1597","2611533",Quixaba,Pernambuco,PE,"26"
"3368","3508900",Caiabu,São Paulo,SP,"35"
"632","2111078",São João do Soter,Maranhão,MA,"21"
"2908","3157203",Santa Bárbara,Minas Gerais,MG,"31"
"5070","4322103",Tucunduva,Rio Grande do Sul,RS,"43"
"2336","3108701",Brás Pires,Minas Gerais,MG,"31"
"4304","4128401",Uraí,Paraná,PR,"41"
"1478","2601102",Araripina,Pernambuco,PE,"26"
"4688","4304622",Capão Bonito do Sul,Rio Grande do Sul,RS,"43"
"514","2103703",Cururupu,Maranhão,MA,"21"
"2936","3158706",Santana do Garambéu,Minas Gerais,MG,"31"
"4831","4311130",Jari,Rio Grande do Sul,RS,"43"
"1125","2404606",Ielmo Marinho,Rio Grande do Norte,RN,"24"
"3164","3204807",São José do Calçado,Espírito Santo,ES,"32"
"4933","4315008",Porto Lucena,Rio Grande do Sul,RS,"43"
"1117","2403806",Florânia,Rio Grande do Norte,RN,"24"
"2929","3159605",Santa Rita do Sapucaí,Minas Gerais,MG,"31"
"5546","5220405",São Simão,Goiás,GO,"52"
"1509","2604007",Carpina,Pernambuco,PE,"26"
"4198","4120408",Presidente Castelo Branco,Paraná,PR,"41"
"155","1500305",Afuá,Pará,PA,"15"
"1919","2907509",Catu,Bahia,BA,"29"
"3655","3534203",Orindiúva,São Paulo,SP,"35"
"4553","4216057",São Cristóvão do Sul,Santa Catarina,SC,"42"
"350","1716703",Colméia,Tocantins,TO,"17"
"2069","2920007",Maiquinique,Bahia,BA,"29"
"4415","4206504",Guaramirim,Santa Catarina,SC,"42"
"1888","2904902",Cachoeira,Bahia,BA,"29"
"3715","3539905",Poloni,São Paulo,SP,"35"
"5038","4320578",Sete de Setembro,Rio Grande do Sul,RS,"43"
"1273","2502201",Bom Jesus,Paraíba,PB,"25"
"3332","3505708",Barueri,São Paulo,SP,"35"
"1617","2613206",São João,Pernambuco,PE,"26"
"2903","3156700",Sabará,Minas Gerais,MG,"31"
"1127","2404804",Ipueira,Rio Grande do Norte,RN,"24"
"2449","3118502",Consolação,Minas Gerais,MG,"31"
"5030","4320263",Segredo,Rio Grande do Sul,RS,"43"
"281","1507904",Soure,Pará,PA,"15"
"2346","3109402",Buritizeiro,Minas Gerais,MG,"31"
"3547","3524402",Jacareí,São Paulo,SP,"35"
"755","2204303",Fronteiras,Piauí,PI,"22"
"3481","3518701",Guarujá,São Paulo,SP,"35"
"933","2303600",Catarina,Ceará,CE,"23"
"1901","2906105",Canápolis,Bahia,BA,"29"
"4035","4108320",Francisco Alves,Paraná,PR,"41"
"192","1502764",Cumaru do Norte,Pará,PA,"15"
"2254","3101003",Águas Vermelhas,Minas Gerais,MG,"31"
"3613","3530607",Mogi das Cruzes,São Paulo,SP,"35"
"452","2100105",Afonso Cunha,Maranhão,MA,"21"
"1829","2900207",Abaré,Bahia,BA,"29"
"4334","4201703",Ascurra,Santa Catarina,SC,"42"
"889","2211506",Vera Mendes,Piauí,PI,"22"
"4612","4300406",Alegrete,Rio Grande do Sul,RS,"43"
"709","2202091",Caldeirão Grande do Piauí,Piauí,PI,"22"
"3124","3202256",Governador Lindenberg,Espírito Santo,ES,"32"
"797","2206407",Monsenhor Gil,Piauí,PI,"22"
"2053","2918902",Lajedão,Bahia,BA,"29"
"3545","3524204",Jaborandi,São Paulo,SP,"35"
"738","2203255",Curralinhos,Piauí,PI,"22"
"3204","3301900",Itaboraí,Rio de Janeiro,RJ,"33"
"5548","5220504",Serranópolis,Goiás,GO,"52"
"2684","3138500",Liberdade,Minas Gerais,MG,"31"
"4018","4107538",Entre Rios do Oeste,Paraná,PR,"41"
"147","1400456",Pacaraima,Roraima,RR,"14"
"1663","2701308",Cajueiro,Alagoas,AL,"27"
"4000","4106506",Coronel Vivida,Paraná,PR,"41"
"5394","5206206",Cristalina,Goiás,GO,"52"
"1812","2806107",Rosário do Catete,Sergipe,SE,"28"
"3786","3546207",Santa Cruz da Conceição,São Paulo,SP,"35"
"5268","5106265",Novo Mundo,Mato Grosso,MT,"51"
"1184","2410207",Portalegre,Rio Grande do Norte,RN,"24"
"3570","3526605",Lavrinhas,São Paulo,SP,"35"
"667","2114007",Zé Doca,Maranhão,MA,"21"
"3013","3165503",Sardoá,Minas Gerais,MG,"31"
"4515","4213401",Ponte Serrada,Santa Catarina,SC,"42"
"2471","3120508",Cristina,Minas Gerais,MG,"31"
"3448","3515509",Fernandópolis,São Paulo,SP,"35"
"4179","4119152",Pinhais,Paraná,PR,"41"
"1168","2408607",Paraná,Rio Grande do Norte,RN,"24"
"2805","3147956",Patis,Minas Gerais,MG,"31"
"240","1505502",Paragominas,Pará,PA,"15"
"2592","3130606",Inconfidentes,Minas Gerais,MG,"31"
"5103","4323804",Xangri-lá,Rio Grande do Sul,RS,"43"
"665","2112902",Vitória do Mearim,Maranhão,MA,"21"
"2077","2920700",Maraú,Bahia,BA,"29"
"3701","3538501",Piquete,São Paulo,SP,"35"
"58","1200203",Cruzeiro do Sul,Acre,AC,"12"
"2791","3146602",Paiva,Minas Gerais,MG,"31"
"4550","4215752",São Bernardino,Santa Catarina,SC,"42"
"4049","4109401",Guarapuava,Paraná,PR,"41"
"306","1600535",Porto Grande,Amapá,AP,"16"
"2688","3138674",Luisburgo,Minas Gerais,MG,"31"
"4431","4207684",Ipuaçu,Santa Catarina,SC,"42"
"637","2111409",São Luís Gonzaga do Maranhão,Maranhão,MA,"21"
"3822","3549409",São Joaquim da Barra,São Paulo,SP,"35"
"5459","5212600",Mairipotaba,Goiás,GO,"52"
"1154","2407252",Major Sales,Rio Grande do Norte,RN,"24"
"2594","3130705",Indianópolis,Minas Gerais,MG,"31"
"4399","4205308",Faxinal dos Guedes,Santa Catarina,SC,"42"
"5116","5002001",Batayporã,Mato Grosso do Sul,MS,"50"
"375","1711100",Itaporã do Tocantins,Tocantins,TO,"17"
"2393","3113602",Careaçu,Minas Gerais,MG,"31"
"4129","4115606",Matelândia,Paraná,PR,"41"
"1895","2905503",Caldeirão Grande,Bahia,BA,"29"
"3461","3516804",Gastão Vidigal,São Paulo,SP,"35"
"823","2207801",Paulistana,Piauí,PI,"22"
"3200","3301702",Duque de Caxias,Rio de Janeiro,RJ,"33"
"4300","4128005",Ubiratã,Paraná,PR,"41"
"2129","2924652",Pintadas,Bahia,BA,"29"
"4208","4121208",Quitandinha,Paraná,PR,"41"
"2255","3101102",Aimorés,Minas Gerais,MG,"31"
"4394","4205100",Dona Emma,Santa Catarina,SC,"42"
"1381","2511202",Pedras de Fogo,Paraíba,PB,"25"
"4081","4111803",Jacarezinho,Paraná,PR,"41"
"62","1200336",Mâncio Lima,Acre,AC,"12"
"1271","2502102",Boa Ventura,Paraíba,PB,"25"
"3136","3203056",Jaguaré,Espírito Santo,ES,"32"
"1719","2706422",Pariconha,Alagoas,AL,"27"
"3387","3510401",Capivari,São Paulo,SP,"35"
"2269","3102209",Alvarenga,Minas Gerais,MG,"31"
"3723","3540606",Porto Feliz,São Paulo,SP,"35"
"46","1101500",Seringueiras,Rondônia,RO,"11"
"1781","2803104",Itabi,Sergipe,SE,"28"
"3313","3503950",Aspásia,São Paulo,SP,"35"
"5178","5007950",Tacuru,Mato Grosso do Sul,MS,"50"
"1171","2408904",Parelhas,Rio Grande do Norte,RN,"24"
"3721","3540408",Populina,São Paulo,SP,"35"
"1721","2706505",Passo de Camaragibe,Alagoas,AL,"27"
"3473","3517901",Guaraci,São Paulo,SP,"35"
"5258","5108857",Nova Marilândia,Mato Grosso,MT,"51"
"1763","2801207",Canindé de São Francisco,Sergipe,SE,"28"
"3768","3544400",Rubiácea,São Paulo,SP,"35"
"1460","2516904",Uiraúna,Paraíba,PB,"25"
"3309","3503604",Areiópolis,São Paulo,SP,"35"
"5567","5222054",Vicentinópolis,Goiás,GO,"52"
"891","2211704",Wall Ferraz,Piauí,PI,"22"
"2763","3144706",Nova Era,Minas Gerais,MG,"31"
"4077","4111506",Ivaiporã,Paraná,PR,"41"
"1800","2804904",Pacatuba,Sergipe,SE,"28"
"3947","4102802",Bela Vista do Paraíso,Paraná,PR,"41"
"2414","3115474",Catuti,Minas Gerais,MG,"31"
"4739","4306429",Dois Irmãos das Missões,Rio Grande do Sul,RS,"43"
"1415","2513505",Santana de Mangueira,Paraíba,PB,"25"
"3347","3507100",Bom Jesus dos Perdões,São Paulo,SP,"35"
"5231","5104203",Guiratinga,Mato Grosso,MT,"51"
"890","2211605",Vila Nova do Piauí,Piauí,PI,"22"
"2607","3131901",Itabirito,Minas Gerais,MG,"31"
"4771","4308078",Fazenda Vilanova,Rio Grande do Sul,RS,"43"
"84","1300607",Benjamin Constant,Amazonas,,"13"
"2766","3145000",Nova Ponte,Minas Gerais,MG,"31"
"4214","4121604",Renascença,Paraná,PR,"41"
"1677","2702504",Dois Riachos,Alagoas,AL,"27"
"3632","3532306",Natividade da Serra,São Paulo,SP,"35"
"5097","4323457",Vila Nova do Sul,Rio Grande do Sul,RS,"43"
"1692","2703809",Joaquim Gomes,Alagoas,AL,"27"
"3527","3522505",Itapevi,São Paulo,SP,"35"
"1817","2806602",Santo Amaro das Brotas,Sergipe,SE,"28"
"3884","3554904",Três Fronteiras,São Paulo,SP,"35"
"1322","2506251",Gado Bravo,Paraíba,PB,"25"
"3937","4101903",Assaí,Paraná,PR,"41"
"766","2205102",Itaueira,Piauí,PI,"22"
"4039","4108601",Goioerê,Paraná,PR,"41"
"426","1718840",Sandolândia,Tocantins,TO,"17"
"2210","2931004",Tanhaçu,Bahia,BA,"29"
"5455","5212204",Jussara,Goiás,GO,"52"
"2642","3135100",Janaúba,Minas Gerais,MG,"31"
"3597","3529104",Marinópolis,São Paulo,SP,"35"
"4529","4214805",Rio do Sul,Santa Catarina,SC,"42"
"327","1702406",Arraias,Tocantins,TO,"17"
"1740","2708402",São José da Tapera,Alagoas,AL,"27"
"4802","4309753",Ibarama,Rio Grande do Sul,RS,"43"
"763","2204808",Ipiranga do Piauí,Piauí,PI,"22"
"2159","2927002",Rio Real,Bahia,BA,"29"
"3838","3550902",São Simão,São Paulo,SP,"35"
"1365","2509701",Monteiro,Paraíba,PB,"25"
"2877","3154309",Resplendor,Minas Gerais,MG,"31"
"5340","5201207",Anhanguera,Goiás,GO,"52"
"509","2103307",Codó,Maranhão,MA,"21"
"2023","2916609",Itapitanga,Bahia,BA,"29"
"4142","4116505",Nova Aliança do Ivaí,Paraná,PR,"41"
"313","1700301",Aguiarnópolis,Tocantins,TO,"17"
"2985","3162955",São José da Lapa,Minas Gerais,MG,"31"
"5122","5002605",Camapuã,Mato Grosso do Sul,MS,"50"
"2032","2917334",Iuiu,Bahia,BA,"29"
"3943","4102505",Barbosa Ferraz,Paraná,PR,"41"
"2152","2926400",Riacho de Santana,Bahia,BA,"29"
"3197","3301405",Conceição de Macabu,Rio de Janeiro,RJ,"33"
"2605","3131703",Itabira,Minas Gerais,MG,"31"
"5105","5000252",Alcinópolis,Mato Grosso do Sul,MS,"50"
"2887","3155207",Rio Espera,Minas Gerais,MG,"31"
"4022","4107603",Faxinal,Paraná,PR,"41"
"2332","3108255",Bonito de Minas,Minas Gerais,MG,"31"
"4641","4301859",Barra do Guarita,Rio Grande do Sul,RS,"43"
"1755","2800308",Aracaju,Sergipe,SE,"28"
"4139","4116208",Morretes,Paraná,PR,"41"
"73","1200609",Tarauacá,Acre,AC,"12"
"2161","2927200",Ruy Barbosa,Bahia,BA,"29"
"4253","4124608",São Carlos do Ivaí,Paraná,PR,"41"
"936","2303808",Cedro,Ceará,CE,"23"
"2602","3131406",Ipiaçu,Minas Gerais,MG,"31"
"4254","4124707",São Jerônimo da Serra,Paraná,PR,"41"
"1561","2608404",Jurema,Pernambuco,PE,"26"
"3899","3556206",Valinhos,São Paulo,SP,"35"
"3019","3165800",Senador José Bento,Minas Gerais,MG,"31"
"4329","4201307",Araquari,Santa Catarina,SC,"42"
"1190","2410801",Riacho de Santana,Rio Grande do Norte,RN,"24"
"3056","3169109",Toledo,Minas Gerais,MG,"31"
"4286","4127007",Teixeira Soares,Paraná,PR,"41"
"2550","3127206",Funilândia,Minas Gerais,MG,"31"
"4730","4306072",Cristal do Sul,Rio Grande do Sul,RS,"43"
"700","2201929",Bonfim do Piauí,Piauí,PI,"22"
"2670","3137304",Lagoa dos Patos,Minas Gerais,MG,"31"
"4757","4307302",Erval Seco,Rio Grande do Sul,RS,"43"
"598","2109007",Porto Franco,Maranhão,MA,"21"
"3038","3167509",Simão Pereira,Minas Gerais,MG,"31"
"5013","4319307",São Paulo das Missões,Rio Grande do Sul,RS,"43"
"1032","2310852",Pindoretama,Ceará,CE,"23"
"3612","3530508",Mococa,São Paulo,SP,"35"
"5470","5213707",Montes Claros de Goiás,Goiás,GO,"52"
"1578","2609709",Orobó,Pernambuco,PE,"26"
"2697","3139300",Manga,Minas Gerais,MG,"31"
"4250","4124301",Santo Antônio do Paraíso,Paraná,PR,"41"
"661","2112605",Urbano Santos,Maranhão,MA,"21"
"1710","2705606",Novo Lino,Alagoas,AL,"27"
"3076","3170578",Vargem Alegre,Minas Gerais,MG,"31"
"756","2204352",Geminiano,Piauí,PI,"22"
"2277","3103009",Antônio Dias,Minas Gerais,MG,"31"
"4704","4305124",Cerrito,Rio Grande do Sul,RS,"43"
"2126","2924405",Pilão Arcado,Bahia,BA,"29"
"5331","5200308",Alexânia,Goiás,GO,"52"
"811","2207108",Olho D'Água do Piauí,Piauí,PI,"22"
"3103","3200359",Alto Rio Novo,Espírito Santo,ES,"32"
"4590","4218756",Tunápolis,Santa Catarina,SC,"42"
"1160","2407807",Monte Alegre,Rio Grande do Norte,RN,"24"
"3025","3166402",Seritinga,Minas Gerais,MG,"31"
"5295","5107248",Santa Carmem,Mato Grosso,MT,"51"
"1512","2604205",Catende,Pernambuco,PE,"26"
"3246","3304805",São Fidélis,Rio de Janeiro,RJ,"33"
"4811","4310363",Imigrante,Rio Grande do Sul,RS,"43"
"1532","2606002",Garanhuns,Pernambuco,PE,"26"
"5429","5209804",Hidrolina,Goiás,GO,"52"
"2303","3105400",Barão de Cocais,Minas Gerais,MG,"31"
"3378","3509700",Campos do Jordão,São Paulo,SP,"35"
"4887","4313201",Nova Petrópolis,Rio Grande do Sul,RS,"43"
"793","2206100",Matias Olímpio,Piauí,PI,"22"
"1747","2709004",Tanque d'Arca,Alagoas,AL,"27"
"5518","5218607",Rialma,Goiás,GO,"52"
"873","2210607",São Raimundo Nonato,Piauí,PI,"22"
"2867","3153301",Presidente Kubitschek,Minas Gerais,MG,"31"
"5355","5203302",Bela Vista de Goiás,Goiás,GO,"52"
"680","2200905",Aroazes,Piauí,PI,"22"
"2843","3151107",Pirapetinga,Minas Gerais,MG,"31"
"4436","4207908",Irineópolis,Santa Catarina,SC,"42"
"2556","3127404",Gonçalves,Minas Gerais,MG,"31"
"4103","4113502",Loanda,Paraná,PR,"41"
"1816","2806404",Santana do São Francisco,Sergipe,SE,"28"
"3530","3522703",Itápolis,São Paulo,SP,"35"
"5498","5215801",Palmelo,Goiás,GO,"52"
"1945","2910008",Dário Meira,Bahia,BA,"29"
"4563","4216800",São José do Cerrito,Santa Catarina,SC,"42"
"2052","2918803",Laje,Bahia,BA,"29"
"3480","3518602",Guariba,São Paulo,SP,"35"
"5503","5216452",Perolândia,Goiás,GO,"52"
"1101","2402303",Caraúbas,Rio Grande do Norte,RN,"24"
"2927","3159357",Santa Rita de Minas,Minas Gerais,MG,"31"
"2029","2917102",Itororó,Bahia,BA,"29"
"4681","4304200",Candelária,Rio Grande do Sul,RS,"43"
"949","2304350",Forquilha,Ceará,CE,"23"
"4036","4108403",Francisco Beltrão,Paraná,PR,"41"
"5218","5103361",Conquista D'Oeste,Mato Grosso,MT,"51"
"87","1300706",Boca do Acre,Amazonas,,"13"
"2504","3123205",Dores do Indaiá,Minas Gerais,MG,"31"
"4621","4300661",André da Rocha,Rio Grande do Sul,RS,"43"
"552","2105906",Lago Verde,Maranhão,MA,"21"
"2012","2915502",Itajuípe,Bahia,BA,"29"
"2894","3155900",Rio Preto,Minas Gerais,MG,"31"
"3529","3522653",Itapirapuã Paulista,São Paulo,SP,"35"
"2394","3113701",Carlos Chagas,Minas Gerais,MG,"31"
"3507","3520707",Indiaporã,São Paulo,SP,"35"
"5527","5219308",Santa Helena de Goiás,Goiás,GO,"52"
"1510","2604106",Caruaru,Pernambuco,PE,"26"
"3179","3300225",Areal,Rio de Janeiro,RJ,"33"
"4759","4307450",Esperança do Sul,Rio Grande do Sul,RS,"43"
"1880","2904308",Brejões,Bahia,BA,"29"
"4656","4302352",Bom Princípio,Rio Grande do Sul,RS,"43"
"1326","2506608",Ibiara,Paraíba,PB,"25"
"3860","3553005",Taguaí,São Paulo,SP,"35"
"5465","5213053",Mimoso de Goiás,Goiás,GO,"52"
"343","1703883",Carmolândia,Tocantins,TO,"17"
"2566","3128303",Guaranésia,Minas Gerais,MG,"31"
"4583","4218251",Timbó Grande,Santa Catarina,SC,"42"
"1879","2904209",Botuporã,Bahia,BA,"29"
"4993","4318408",São Jerônimo,Rio Grande do Sul,RS,"43"
"1034","2310951",Pires Ferreira,Ceará,CE,"23"
"2842","3151008",Piranguinho,Minas Gerais,MG,"31"
"4084","4112108",Jandaia do Sul,Paraná,PR,"41"
"1456","2516607",Tavares,Paraíba,PB,"25"
"3782","3545704",Santa Albertina,São Paulo,SP,"35"
"5322","5105507",Vila Bela da Santíssima Trindade,Mato Grosso,MT,"51"
"715","2202251",Canavieira,Piauí,PI,"22"
"2874","3154101",Recreio,Minas Gerais,MG,"31"
"4796","4309555",Harmonia,Rio Grande do Sul,RS,"43"
"1121","2404200",Goianinha,Rio Grande do Norte,RN,"24"
"2883","3154804",Rio Acima,Minas Gerais,MG,"31"
"4845","4311700",Machadinho,Rio Grande do Sul,RS,"43"
"1924","2907905",Cipó,Bahia,BA,"29"
"4292","4127601",Tijucas do Sul,Paraná,PR,"41"
"1605","2612307",Saloá,Pernambuco,PE,"26"
"4409","4205902",Gaspar,Santa Catarina,SC,"42"
"1706","2705200",Messias,Alagoas,AL,"27"
"3407","3512407",Cordeirópolis,São Paulo,SP,"35"
"5076","4322327",Turuçu,Rio Grande do Sul,RS,"43"
"1533","2606101",Glória do Goitá,Pernambuco,PE,"26"
"4516","4213500",Porto Belo,Santa Catarina,SC,"42"
"2463","3119906",Córrego do Bom Jesus,Minas Gerais,MG,"31"
"4363","4203105",Caibi,Santa Catarina,SC,"42"
"1073","2313955",Varjota,Ceará,CE,"23"
"2833","3150307",Piedade do Rio Grande,Minas Gerais,MG,"31"
"4408","4205803",Garuva,Santa Catarina,SC,"42"
"1759","2800670",Boquim,Sergipe,SE,"28"
"4823","4310751",Ivorá,Rio Grande do Sul,RS,"43"
"1176","2409407",Pau dos Ferros,Rio Grande do Norte,RN,"24"
"2520","3124609",Estrela Dalva,Minas Gerais,MG,"31"
"4194","4120200",Porto Rico,Paraná,PR,"41"
"881","2210953",Tamboril do Piauí,Piauí,PI,"22"
"3433","3514908",Elias Fausto,São Paulo,SP,"35"
"930","2303303",Cariús,Ceará,CE,"23"
"2824","3149606",Pequi,Minas Gerais,MG,"31"
"5367","5204201",Cachoeira de Goiás,Goiás,GO,"52"
"2402","3114501",Carmópolis de Minas,Minas Gerais,MG,"31"
"3709","3539301",Pirassununga,São Paulo,SP,"35"
"5516","5218391",Professor Jamil,Goiás,GO,"52"
"1035","2311009",Poranga,Ceará,CE,"23"
"3702","3538600",Piracaia,São Paulo,SP,"35"
"1341","2507903",Juripiranga,Paraíba,PB,"25"
"4372","4203253",Capão Alto,Santa Catarina,SC,"42"
"391","1713957",Muricilândia,Tocantins,TO,"17"
"3127","3202454",Ibatiba,Espírito Santo,ES,"32"
"4882","4313011",Nova Candelária,Rio Grande do Sul,RS,"43"
"420","1718501",Recursolândia,Tocantins,TO,"17"
"2572","3128907",Guimarânia,Minas Gerais,MG,"31"
"4374","4203956",Capivari de Baixo,Santa Catarina,SC,"42"
"1983","2912905",Ibirataia,Bahia,BA,"29"
"3072","3170438",União de Minas,Minas Gerais,MG,"31"
"4500","4212254",Passo de Torres,Santa Catarina,SC,"42"
"5047","4321105",Tapes,Rio Grande do Sul,RS,"43"
"28","1101401",Monte Negro,Rondônia,RO,"11"
"1998","2914307",Iramaia,Bahia,BA,"29"
"4189","4119905",Ponta Grossa,Paraná,PR,"41"
"2411","3115359",Catas Altas,Minas Gerais,MG,"31"
"3657","3534401",Osasco,São Paulo,SP,"35"
"2624","3133600",Itapeva,Minas Gerais,MG,"31"
"4561","4216602",São José,Santa Catarina,SC,"42"
"338","1703701",Brejinho de Nazaré,Tocantins,TO,"17"
"2164","2927507",Santa Bárbara,Bahia,BA,"29"
"3376","3509502",Campinas,São Paulo,SP,"35"
"4474","4210803",Meleiro,Santa Catarina,SC,"42"
"357","1707009",Dianópolis,Tocantins,TO,"17"
"2187","2929354",São José da Vitória,Bahia,BA,"29"
"4524","4214201",Quilombo,Santa Catarina,SC,"42"
"1014","2309300",Nova Russas,Ceará,CE,"23"
"3301","3503000",Aramina,São Paulo,SP,"35"
"4221","4122156",Rio Bonito do Iguaçu,Paraná,PR,"41"
"628","2110906",São Francisco do Maranhão,Maranhão,MA,"21"
"2539","3126505",Francisco Badaró,Minas Gerais,MG,"31"
"4696","4304705",Carazinho,Rio Grande do Sul,RS,"43"
"2327","3107802",Bom Jesus do Galho,Minas Gerais,MG,"31"
"3805","3547908",Santo Antônio da Alegria,São Paulo,SP,"35"
"2060","2919405",Licínio de Almeida,Bahia,BA,"29"
"4256","4124905",São João do Caiuá,Paraná,PR,"41"
"4353","4202537",Bom Jesus,Santa Catarina,SC,"42"
"1323","2506301",Guarabira,Paraíba,PB,"25"
"3348","3507159",Bom Sucesso de Itararé,São Paulo,SP,"35"
"5192","5101001",Araguaiana,Mato Grosso,MT,"51"
"1398","2512606",Quixaba,Paraíba,PB,"25"
"3756","3543303",Ribeirão Pires,São Paulo,SP,"35"
"4645","4301958",Barra Funda,Rio Grande do Sul,RS,"43"
"150","1400605",São Luiz,Roraima,RR,"14"
"1824","2807303",Telha,Sergipe,SE,"28"
"4285","4126900",Tapira,Paraná,PR,"41"
"1330","2506905",Itabaiana,Paraíba,PB,"25"
"3213","3302452",Macuco,Rio de Janeiro,RJ,"33"
"4259","4125308",São Jorge do Ivaí,Paraná,PR,"41"
"657","2112308",Tuntum,Maranhão,MA,"21"
"2345","3109303",Buritis,Minas Gerais,MG,"31"
"3870","3553856",Taquarivaí,São Paulo,SP,"35"
"235","1505304",Oriximiná,Pará,PA,"15"
"2261","3101631",Alfredo Vasconcelos,Minas Gerais,MG,"31"
"3687","3537107",Pedreira,São Paulo,SP,"35"
"144","1400282",Iracema,Roraima,RR,"14"
"2322","3107307",Bocaiúva,Minas Gerais,MG,"31"
"3854","3552551",Suzanápolis,São Paulo,SP,"35"
"1828","2900108",Abaíra,Bahia,BA,"29"
"4429","4207601",Ipira,Santa Catarina,SC,"42"
"5373","5204607",Campestre de Goiás,Goiás,GO,"52"
"1410","2513307",Santa Helena,Paraíba,PB,"25"
"3438","3515129",Emilianópolis,São Paulo,SP,"35"
"4876","4312708",Nonoai,Rio Grande do Sul,RS,"43"
"683","2201051",Assunção do Piauí,Piauí,PI,"22"
"2683","3138401",Leopoldina,Minas Gerais,MG,"31"
"3902","3556404",Vargem Grande do Sul,São Paulo,SP,"35"
"1964","2911253",Gavião,Bahia,BA,"29"
"4218","4121901",Ribeirão do Pinhal,Paraná,PR,"41"
"386","1712801",Maurilândia do Tocantins,Tocantins,TO,"17"
"1480","2601300",Barra de Guabiraba,Pernambuco,PE,"26"
"3999","4106456",Coronel Domingos Soares,Paraná,PR,"41"
"2489","3122009",Divino,Minas Gerais,MG,"31"
"4694","4304671",Capivari do Sul,Rio Grande do Sul,RS,"43"
"232","1505064",Novo Repartimento,Pará,PA,"15"
"2958","3161205",São Francisco de Paula,Minas Gerais,MG,"31"
"5235","5104559",Itaúba,Mato Grosso,MT,"51"
"1572","2609204",Maraial,Pernambuco,PE,"26"
"3256","3305505",Saquarema,Rio de Janeiro,RJ,"33"
"1196","2409332",Santa Maria,Rio Grande do Norte,RN,"24"
"2578","3129509",Ibiá,Minas Gerais,MG,"31"
"3940","4102208",Atalaia,Paraná,PR,"41"
"1873","2903805",Boa Vista do Tupim,Bahia,BA,"29"
"3339","3506359",Bertioga,São Paulo,SP,"35"
"5540","5220009",São João d'Aliança,Goiás,GO,"52"
"1430","2514552",São José de Princesa,Paraíba,PB,"25"
"4356","4202453",Bombinhas,Santa Catarina,SC,"42"
"1864","2903102",Barra do Rocha,Bahia,BA,"29"
"4599","4219200",Vidal Ramos,Santa Catarina,SC,"42"
"681","2200954",Aroeiras do Itaim,Piauí,PI,"22"
"3003","3164506",São Sebastião do Maranhão,Minas Gerais,MG,"31"
"5224","5103601",Dom Aquino,Mato Grosso,MT,"51"
"764","2204907",Isaías Coelho,Piauí,PI,"22"
"3224","3303401",Nova Friburgo,Rio de Janeiro,RJ,"33"
"5194","5101258",Araputanga,Mato Grosso,MT,"51"
"937","2303907",Chaval,Ceará,CE,"23"
"2780","3145851",Oratórios,Minas Gerais,MG,"31"
"4311","4128807",Xambrê,Paraná,PR,"41"
"1282","2503209",Cabedelo,Paraíba,PB,"25"
"4005","4106704",Cruzeiro do Sul,Paraná,PR,"41"
"1284","2503407",Cacimba de Areia,Paraíba,PB,"25"
"3341","3506508",Birigui,São Paulo,SP,"35"
"1119","2404002",Frutuoso Gomes,Rio Grande do Norte,RN,"24"
"2913","3157377",Santa Cruz de Salinas,Minas Gerais,MG,"31"
"4917","4314407",Pelotas,Rio Grande do Sul,RS,"43"
"353","1706001",Couto Magalhães,Tocantins,TO,"17"
"2822","3149408",Pedro Teixeira,Minas Gerais,MG,"31"
"4776","4308409",Formigueiro,Rio Grande do Sul,RS,"43"
"1183","2410108",Poço Branco,Rio Grande do Norte,RN,"24"
"3131","3202652",Irupi,Espírito Santo,ES,"32"
"5390","5205521",Colinas do Sul,Goiás,GO,"52"
"1799","2804805",Nossa Senhora do Socorro,Sergipe,SE,"28"
"3716","3540002",Pompéia,São Paulo,SP,"35"
"5288","5107180",Ribeirão Cascalheira,Mato Grosso,MT,"51"
"571","2106904",Monção,Maranhão,MA,"21"
"2689","3138682",Luislândia,Minas Gerais,MG,"31"
"4793","4309308",Guaíba,Rio Grande do Sul,RS,"43"
"201","1503077",Garrafão do Norte,Pará,PA,"15"
"2204","2930709",Simões Filho,Bahia,BA,"29"
"4728","4306007",Crissiumal,Rio Grande do Sul,RS,"43"
"110","1302504",Manacapuru,Amazonas,,"13"
"2008","2915205",Itagibá,Bahia,BA,"29"
"4312","4200051",Abdon Batista,Santa Catarina,SC,"42"
"564","2106508",Matinha,Maranhão,MA,"21"
"3659","3534609",Osvaldo Cruz,São Paulo,SP,"35"
"1579","2609808",Orocó,Pernambuco,PE,"26"
"4076","4111407",Ivaí,Paraná,PR,"41"
"55","1200104",Brasiléia,Acre,AC,"12"
"2470","3120409",Cristiano Otoni,Minas Gerais,MG,"31"
"4915","4314209",Pedro Osório,Rio Grande do Sul,RS,"43"
"487","2102101",Brejo,Maranhão,MA,"21"
"2787","3146305",Padre Paraíso,Minas Gerais,MG,"31"
"4509","4213005",Pinheiro Preto,Santa Catarina,SC,"42"
"1678","2702553",Estrela de Alagoas,Alagoas,AL,"27"
"3707","3539103",Pirapora do Bom Jesus,São Paulo,SP,"35"
"5267","5106273",Novo Horizonte do Norte,Mato Grosso,MT,"51"
"143","1400233",Caroebe,Roraima,RR,"14"
"1661","2701100",Branquinha,Alagoas,AL,"27"
"3798","3547403",Santa Rita d'Oeste,São Paulo,SP,"35"
"5358","5203559",Bonfinópolis,Goiás,GO,"52"
"1502","2603454",Camaragibe,Pernambuco,PE,"26"
"4014","4107306",Doutor Camargo,Paraná,PR,"41"
"1462","2517100",Várzea,Paraíba,PB,"25"
"4540","4215455",Sangão,Santa Catarina,SC,"42"
"2643","3135209",Januária,Minas Gerais,MG,"31"
"4507","4212700",Petrolândia,Santa Catarina,SC,"42"
"1750","2709202",Traipu,Alagoas,AL,"27"
"4230","4122800",Salgado Filho,Paraná,PR,"41"
"1010","2308906",Morrinhos,Ceará,CE,"23"
"2639","3135001",Jaguaraçu,Minas Gerais,MG,"31"
"5251","5106000",Nortelândia,Mato Grosso,MT,"51"
"1564","2608602",Lagoa do Ouro,Pernambuco,PE,"26"
"2901","3156502",Rubelita,Minas Gerais,MG,"31"
"5307","5107404",São Pedro da Cipa,Mato Grosso,MT,"51"
"1144","2406304",Lagoa de Pedras,Rio Grande do Norte,RN,"24"
"2535","3126109",Formiga,Minas Gerais,MG,"31"
"5216","5103304",Comodoro,Mato Grosso,MT,"51"
"2095","2922201",Muniz Ferreira,Bahia,BA,"29"
"3837","3550803",São Sebastião da Grama,São Paulo,SP,"35"
"5439","5210562",Itaguari,Goiás,GO,"52"
"1209","2412500",São Miguel,Rio Grande do Norte,RN,"24"
"2814","3148756",Pedra Bonita,Minas Gerais,MG,"31"
"4898","4313508",Osório,Rio Grande do Sul,RS,"43"
"980","2306504",Itapiúna,Ceará,CE,"23"
"4339","4202008",Balneário Camboriú,Santa Catarina,SC,"42"
"614","2110005",Santa Luzia,Maranhão,MA,"21"
"2154","2926608",Ribeira do Pombal,Bahia,BA,"29"
"3578","3527306",Louveira,São Paulo,SP,"35"
"1734","2707800",Roteiro,Alagoas,AL,"27"
"4274","4126256",Sarandi,Paraná,PR,"41"
"1231","2411056",Tibau,Rio Grande do Norte,RN,"24"
"2724","3141504",Mendes Pimentel,Minas Gerais,MG,"31"
"5127","5003108",Corguinho,Mato Grosso do Sul,MS,"50"
"911","2301703",Aurora,Ceará,CE,"23"
"2155","2926657",Ribeirão do Largo,Bahia,BA,"29"
"3961","4103453",Cafelândia,Paraná,PR,"41"
"941","2304103",Crateús,Ceará,CE,"23"
"3795","3547007",Santa Maria da Serra,São Paulo,SP,"35"
"5337","5200852",Americano do Brasil,Goiás,GO,"52"
"437","1720309",São Sebastião do Tocantins,Tocantins,TO,"17"
"3089","3171303",Viçosa,Minas Gerais,MG,"31"
"5126","5002951",Chapadão do Sul,Mato Grosso do Sul,MS,"50"
"1148","2406700",Lajes,Rio Grande do Norte,RN,"24"
"2720","3141108",Matozinhos,Minas Gerais,MG,"31"
"5539","5220058",São João da Paraúna,Goiás,GO,"52"
"1237","2414605",Upanema,Rio Grande do Norte,RN,"24"
"4251","4124400",Santo Antônio do Sudoeste,Paraná,PR,"41"
"538","2105153",Igarapé do Meio,Maranhão,MA,"21"
"2962","3161601",São Geraldo da Piedade,Minas Gerais,MG,"31"
"4145","4116802",Nova Cantu,Paraná,PR,"41"
